Product_ID,City,Category,Product_Name,Brand,Seller_Name,Price_INR,Stock_Available,Units_Sold,Customer_Rating
1000,Mumbai,Electronics,Smartphone,Godrej,Choudhury and Sons,114526,405,401,3.9
1001,Mumbai,Electronics,Smartphone,Prestige,"Chaudhary, Loke and Johal",46123,498,91,4.0
1002,Mumbai,Electronics,Smartphone,Bajaj,Rama PLC,140154,429,309,4.4
1003,Mumbai,Electronics,Smartphone,Puma,Bail and Sons,88749,102,85,5.0
1004,Mumbai,Electronics,Smartphone,Puma,Baral Inc,65194,352,113,4.2
1005,Mumbai,Electronics,Laptop,Tata,"Sane, Sahni and Bobal",2310,359,247,3.6
1006,Mumbai,Electronics,Laptop,Philips,Tank-Rajagopalan,85610,248,137,3.6
1007,Mumbai,Electronics,Laptop,Mi,"Kota, Banerjee and Atwal",135198,64,43,4.4
1008,Mumbai,Electronics,Laptop,Samsung,Dhar Ltd,129915,254,199,3.6
1009,Mumbai,Electronics,Laptop,Bajaj,"Gokhale, Banik and Dugal",26725,494,339,4.7
1010,Mumbai,Electronics,Smart TV,LG,"Chahal, Guha and Sarraf",44189,160,149,4.1
1011,Mumbai,Electronics,Smart TV,Nike,Brar-Garg,148802,500,353,3.7
1012,Mumbai,Electronics,Smart TV,Tata,"Dhar, Zachariah and Mannan",30734,75,26,4.5
1013,Mumbai,Electronics,Smart TV,Puma,Bali-Sane,29070,93,83,3.7
1014,Mumbai,Electronics,Smart TV,Puma,Dara Ltd,100219,146,31,4.7
1015,Mumbai,Electronics,Bluetooth Speaker,Ikea,Sampath PLC,5033,335,120,3.8
1016,Mumbai,Electronics,Bluetooth Speaker,Boat,Lanka Group,26169,68,34,4.2
1017,Mumbai,Electronics,Bluetooth Speaker,Philips,Loke-Karan,64129,96,9,4.3
1018,Mumbai,Electronics,Bluetooth Speaker,Philips,"Wali, Sahni and Walia",36679,26,2,3.7
1019,Mumbai,Electronics,Bluetooth Speaker,Nike,"Tara, Bora and Upadhyay",65790,464,208,3.6
1020,Mumbai,Electronics,Tablet,Godrej,Ganesh-Mangat,53308,393,74,3.6
1021,Mumbai,Electronics,Tablet,Reliance,"Dar, Barman and Borah",2310,39,22,4.4
1022,Mumbai,Electronics,Tablet,Bajaj,Desai Ltd,126734,31,29,3.5
1023,Mumbai,Electronics,Tablet,Mi,Magar-Balasubramanian,137138,499,388,4.4
1024,Mumbai,Electronics,Tablet,Dell,Tak-Cherian,88512,462,98,4.4
1025,Mumbai,Electronics,Gaming Console,Philips,"Lalla, Wadhwa and Bath",44398,253,13,5.0
1026,Mumbai,Electronics,Gaming Console,Prestige,"Guha, Rastogi and Swamy",68452,230,53,4.1
1027,Mumbai,Electronics,Gaming Console,Puma,Sarraf-Kapur,39090,212,69,4.3
1028,Mumbai,Electronics,Gaming Console,Prestige,Kibe Ltd,25577,446,80,4.7
1029,Mumbai,Electronics,Gaming Console,Godrej,Bumb-Shere,112274,362,313,4.0
1030,Mumbai,Electronics,Smart Watch,HP,"Kothari, Rege and Rattan",3689,83,75,4.6
1031,Mumbai,Electronics,Smart Watch,Prestige,"Baral, Bhandari and Hayre",149388,204,16,4.5
1032,Mumbai,Electronics,Smart Watch,LG,Wable Ltd,141108,325,195,4.0
1033,Mumbai,Electronics,Smart Watch,Dell,Kala Inc,112790,395,53,5.0
1034,Mumbai,Electronics,Smart Watch,Lenovo,"Mangal, Sarkar and Gokhale",24958,490,205,3.6
1035,Mumbai,Electronics,Headphones,Ikea,Shroff-Gole,55737,139,75,4.4
1036,Mumbai,Electronics,Headphones,Sony,Desai PLC,46974,384,75,4.4
1037,Mumbai,Electronics,Headphones,Ikea,"Sarma, Gill and Swaminathan",87627,273,156,4.4
1038,Mumbai,Electronics,Headphones,Dell,Anne-Babu,54940,258,187,4.5
1039,Mumbai,Electronics,Headphones,Boat,"Chaudhry, Soni and Bhasin",35918,448,163,4.5
1040,Mumbai,Furniture,Sofa,Apple,Kaur Inc,130063,223,158,5.0
1041,Mumbai,Furniture,Sofa,Reliance,"Rau, Randhawa and Bumb",82352,131,9,3.6
1042,Mumbai,Furniture,Sofa,Nike,"Chaudhuri, Divan and Khanna",98140,306,288,4.1
1043,Mumbai,Furniture,Sofa,Philips,Ratta-Deol,138999,485,277,3.9
1044,Mumbai,Furniture,Sofa,Bajaj,"Date, Borah and Bhagat",41439,217,96,4.1
1045,Mumbai,Furniture,Dining Table,Puma,"Korpal, Hegde and Batta",111944,45,37,3.6
1046,Mumbai,Furniture,Dining Table,Samsung,Savant-Borah,133404,428,315,4.3
1047,Mumbai,Furniture,Dining Table,Prestige,Apte-Sunder,6106,388,80,4.9
1048,Mumbai,Furniture,Dining Table,Reliance,Chaudhry Inc,116807,318,187,4.0
1049,Mumbai,Furniture,Dining Table,Samsung,"Kunda, Chokshi and Char",31633,333,88,5.0
1050,Mumbai,Furniture,Office Chair,Dell,"Dass, Kaul and Rao",56140,139,99,3.9
1051,Mumbai,Furniture,Office Chair,Adidas,"Suresh, Tandon and Divan",146212,279,33,4.2
1052,Mumbai,Furniture,Office Chair,Dell,Sabharwal-Tank,1359,270,4,4.0
1053,Mumbai,Furniture,Office Chair,Reliance,Bassi PLC,9792,290,185,3.7
1054,Mumbai,Furniture,Office Chair,Philips,Gole-Chandran,36621,304,65,3.7
1055,Mumbai,Furniture,Bed,Tata,"Hegde, Bajaj and Bakshi",125919,140,5,3.6
1056,Mumbai,Furniture,Bed,Adidas,Kar-Raj,117978,397,10,4.8
1057,Mumbai,Furniture,Bed,Lenovo,Mannan PLC,85637,338,294,3.7
1058,Mumbai,Furniture,Bed,Puma,Bath and Sons,96097,81,31,4.6
1059,Mumbai,Furniture,Bed,LG,Tata-Magar,58379,21,6,4.2
1060,Mumbai,Furniture,Wardrobe,Ikea,Subramanian Inc,39551,296,168,3.5
1061,Mumbai,Furniture,Wardrobe,Tata,Choudhry PLC,6923,10,10,4.7
1062,Mumbai,Furniture,Wardrobe,Nike,"Bhasin, Manda and Guha",138107,391,302,3.9
1063,Mumbai,Furniture,Wardrobe,HP,Rau Inc,33442,155,121,4.6
1064,Mumbai,Furniture,Wardrobe,LG,Dewan-Batra,93436,102,62,3.9
1065,Mumbai,Furniture,Bookshelf,Samsung,Chauhan-Kapur,76950,345,128,3.7
1066,Mumbai,Furniture,Bookshelf,HP,"Rege, Vyas and Samra",68568,48,46,4.1
1067,Mumbai,Furniture,Bookshelf,Apple,"Kurian, Karan and Bansal",117849,118,9,4.1
1068,Mumbai,Furniture,Bookshelf,Lenovo,"Walia, Lad and Dutta",43861,482,442,4.0
1069,Mumbai,Furniture,Bookshelf,Prestige,"Johal, Suresh and Sarraf",121793,147,146,3.6
1070,Mumbai,Furniture,Coffee Table,Prestige,"Anand, Date and Gole",14359,390,93,4.2
1071,Mumbai,Furniture,Coffee Table,Boat,Sani Ltd,62115,194,136,4.5
1072,Mumbai,Furniture,Coffee Table,Samsung,Gole Inc,56370,90,9,4.8
1073,Mumbai,Furniture,Coffee Table,Nike,"Chowdhury, Ratti and Bala",47132,349,305,3.6
1074,Mumbai,Furniture,Coffee Table,Prestige,Deshmukh-Sami,108177,84,2,4.1
1075,Mumbai,Furniture,TV Unit,Tata,"Batra, Rout and Chand",22450,31,5,4.0
1076,Mumbai,Furniture,TV Unit,Apple,Dalal LLC,137548,181,84,3.8
1077,Mumbai,Furniture,TV Unit,Reliance,Choudhary and Sons,51396,118,47,4.3
1078,Mumbai,Furniture,TV Unit,Adidas,"Vaidya, Master and Sharma",1513,332,288,3.8
1079,Mumbai,Furniture,TV Unit,Ikea,Gola-Jaggi,78173,485,445,3.6
1080,Mumbai,Fashion,T-Shirt,Sony,Bhakta-Agate,28639,359,63,3.5
1081,Mumbai,Fashion,T-Shirt,LG,Shankar-Hans,76446,186,179,3.6
1082,Mumbai,Fashion,T-Shirt,Reliance,"Kala, Sabharwal and Dash",9431,131,60,5.0
1083,Mumbai,Fashion,T-Shirt,Prestige,Hayer LLC,32412,279,88,4.3
1084,Mumbai,Fashion,T-Shirt,HP,"Cherian, Gour and Khosla",52142,183,143,4.8
1085,Mumbai,Fashion,Jeans,Sony,Chawla PLC,107615,437,122,4.7
1086,Mumbai,Fashion,Jeans,Prestige,Saran-Thakur,24474,319,301,4.8
1087,Mumbai,Fashion,Jeans,LG,"Konda, Kala and Atwal",16322,171,160,3.5
1088,Mumbai,Fashion,Jeans,Adidas,"Aggarwal, Dixit and Mane",26554,25,21,3.5
1089,Mumbai,Fashion,Jeans,Boat,"Rau, Badal and Din",4992,327,148,4.0
1090,Mumbai,Fashion,Kurti,Tata,Kala-Raju,129467,353,30,4.1
1091,Mumbai,Fashion,Kurti,Philips,"Dhillon, Yohannan and Ramaswamy",109981,328,145,3.7
1092,Mumbai,Fashion,Kurti,Philips,Agarwal-Walla,85706,130,104,4.9
1093,Mumbai,Fashion,Kurti,Lenovo,Banik-Dhawan,26824,234,124,3.6
1094,Mumbai,Fashion,Kurti,Ikea,Raju and Sons,5182,312,166,4.3
1095,Mumbai,Fashion,Sneakers,Lenovo,Sidhu-Bedi,80159,299,69,4.0
1096,Mumbai,Fashion,Sneakers,Bajaj,Chandran PLC,76755,417,394,4.4
1097,Mumbai,Fashion,Sneakers,Samsung,Dugar-Bali,51699,10,5,4.0
1098,Mumbai,Fashion,Sneakers,Samsung,Ramanathan-Mahajan,101270,268,69,4.3
1099,Mumbai,Fashion,Sneakers,Samsung,Saha-Banik,130605,413,48,3.8
1100,Mumbai,Fashion,Jacket,Boat,Gill-Sami,148156,439,105,3.6
1101,Mumbai,Fashion,Jacket,Apple,"Kade, Buch and Walia",83861,447,410,4.4
1102,Mumbai,Fashion,Jacket,Puma,"Dhingra, Vala and Johal",133036,35,19,3.9
1103,Mumbai,Fashion,Jacket,Samsung,"Deshpande, Bansal and Vora",116609,217,151,4.7
1104,Mumbai,Fashion,Jacket,Boat,Divan PLC,55879,95,34,3.7
1105,Mumbai,Fashion,Watch,Philips,"Sundaram, Mane and Wali",80661,487,168,3.9
1106,Mumbai,Fashion,Watch,Lenovo,Ghose Inc,144085,420,38,3.6
1107,Mumbai,Fashion,Watch,LG,"Karnik, Sidhu and Doctor",6221,84,33,4.2
1108,Mumbai,Fashion,Watch,Bajaj,Datta-Sridhar,96633,50,39,4.3
1109,Mumbai,Fashion,Watch,Tata,Grover-Bajaj,104847,300,1,4.0
1110,Mumbai,Fashion,Handbag,Nike,Kumer-Yadav,100666,379,156,4.3
1111,Mumbai,Fashion,Handbag,Lenovo,"Shanker, Agrawal and Sankar",85549,363,230,5.0
1112,Mumbai,Fashion,Handbag,Godrej,"Brahmbhatt, Sengupta and Kunda",65704,367,110,4.9
1113,Mumbai,Fashion,Handbag,Philips,Mallick Ltd,44930,135,43,4.0
1114,Mumbai,Fashion,Handbag,Nike,Trivedi and Sons,74139,33,4,5.0
1115,Mumbai,Fashion,Sunglasses,Nike,"Reddy, Sura and Khatri",135870,205,117,4.2
1116,Mumbai,Fashion,Sunglasses,LG,Dora-Majumdar,131833,171,142,3.9
1117,Mumbai,Fashion,Sunglasses,Puma,"Seth, Singhal and Bedi",12839,221,4,3.8
1118,Mumbai,Fashion,Sunglasses,Reliance,Mahajan-Sundaram,42491,16,7,4.6
1119,Mumbai,Fashion,Sunglasses,Samsung,"Loyal, Majumdar and Singhal",29570,362,161,4.7
1120,Mumbai,Home Appliances,Refrigerator,HP,"Sibal, Handa and Garg",37443,209,126,3.9
1121,Mumbai,Home Appliances,Refrigerator,Prestige,Jani Ltd,33477,228,79,3.8
1122,Mumbai,Home Appliances,Refrigerator,Sony,Barad-Bali,63925,184,23,3.9
1123,Mumbai,Home Appliances,Refrigerator,Sony,"Dara, Sidhu and Som",41130,309,124,3.9
1124,Mumbai,Home Appliances,Refrigerator,Puma,"Sami, Chawla and Sahota",61411,382,16,4.9
1125,Mumbai,Home Appliances,Washing Machine,Bajaj,Bhattacharyya Ltd,106295,210,112,4.1
1126,Mumbai,Home Appliances,Washing Machine,Apple,Dugar-Subramaniam,30513,18,18,4.4
1127,Mumbai,Home Appliances,Washing Machine,Puma,"Mammen, Magar and Kade",44870,462,265,4.6
1128,Mumbai,Home Appliances,Washing Machine,Prestige,Sankar-Ranganathan,109838,55,44,3.7
1129,Mumbai,Home Appliances,Washing Machine,Bajaj,"Konda, Ramanathan and Sandal",31356,173,118,3.9
1130,Mumbai,Home Appliances,Microwave,Mi,Joshi-Gour,137766,372,175,4.9
1131,Mumbai,Home Appliances,Microwave,Boat,Zacharia-Malhotra,84225,253,79,4.7
1132,Mumbai,Home Appliances,Microwave,Ikea,Chaudry Inc,122324,59,25,4.5
1133,Mumbai,Home Appliances,Microwave,Bajaj,"Salvi, Solanki and Dar",62596,347,65,4.6
1134,Mumbai,Home Appliances,Microwave,Apple,Bhatt-Behl,59354,230,82,4.1
1135,Mumbai,Home Appliances,Air Conditioner,Mi,Agarwal PLC,14017,149,4,3.5
1136,Mumbai,Home Appliances,Air Conditioner,Nike,Bhat and Sons,141409,447,95,4.4
1137,Mumbai,Home Appliances,Air Conditioner,Lenovo,"Kalla, Roy and Date",45278,199,82,4.4
1138,Mumbai,Home Appliances,Air Conditioner,Boat,Comar-Kala,12929,336,89,4.1
1139,Mumbai,Home Appliances,Air Conditioner,Dell,Gara Inc,89908,241,147,3.8
1140,Mumbai,Home Appliances,Mixer Grinder,Godrej,Sem-Saraf,89127,336,123,4.5
1141,Mumbai,Home Appliances,Mixer Grinder,Philips,Sandal Ltd,92575,200,133,4.0
1142,Mumbai,Home Appliances,Mixer Grinder,Prestige,Suresh Group,7368,384,4,3.9
1143,Mumbai,Home Appliances,Mixer Grinder,Mi,Bera Ltd,68841,92,77,4.6
1144,Mumbai,Home Appliances,Mixer Grinder,Reliance,"Gola, Gade and Deshpande",129238,350,249,4.2
1145,Mumbai,Home Appliances,Vacuum Cleaner,Apple,"Balay, Ahluwalia and Ramesh",92300,366,125,4.9
1146,Mumbai,Home Appliances,Vacuum Cleaner,Puma,"Saini, Dayal and Suresh",75892,382,251,4.9
1147,Mumbai,Home Appliances,Vacuum Cleaner,Puma,Balakrishnan-Mani,19818,105,77,4.1
1148,Mumbai,Home Appliances,Vacuum Cleaner,Adidas,"Vyas, Upadhyay and Gour",11988,82,27,4.0
1149,Mumbai,Home Appliances,Vacuum Cleaner,Tata,Ray-Banik,121213,384,233,4.3
1150,Mumbai,Home Appliances,Water Purifier,Lenovo,Thakur-Agate,75931,431,108,4.9
1151,Mumbai,Home Appliances,Water Purifier,HP,Gokhale PLC,89135,22,4,3.8
1152,Mumbai,Home Appliances,Water Purifier,Samsung,"Loyal, Kanda and Krishna",54050,139,34,3.8
1153,Mumbai,Home Appliances,Water Purifier,Lenovo,Virk-Bhardwaj,69979,433,314,4.7
1154,Mumbai,Home Appliances,Water Purifier,Sony,Borah-Gaba,14322,204,176,4.8
1155,Mumbai,Groceries,Rice,Apple,Thakkar Inc,71136,446,150,4.8
1156,Mumbai,Groceries,Rice,Samsung,Grover PLC,45331,39,24,4.6
1157,Mumbai,Groceries,Rice,Prestige,Mahajan-Khatri,71742,377,135,3.9
1158,Mumbai,Groceries,Rice,Boat,Seth-Sandhu,13946,221,41,3.6
1159,Mumbai,Groceries,Rice,Godrej,"Madan, Deshpande and Sood",85981,229,29,4.3
1160,Mumbai,Groceries,Wheat Flour,HP,Verma-Bora,132446,437,140,4.7
1161,Mumbai,Groceries,Wheat Flour,Ikea,"Grewal, Dasgupta and Buch",4615,312,9,4.1
1162,Mumbai,Groceries,Wheat Flour,Samsung,Dass Ltd,137998,465,35,4.0
1163,Mumbai,Groceries,Wheat Flour,LG,Lall LLC,47654,137,68,4.3
1164,Mumbai,Groceries,Wheat Flour,Apple,"Rastogi, Balan and Tripathi",55791,155,43,3.6
1165,Mumbai,Groceries,Cooking Oil,Philips,"Aurora, Babu and Subramanian",31157,214,127,4.2
1166,Mumbai,Groceries,Cooking Oil,Tata,Kata Ltd,123235,65,20,3.9
1167,Mumbai,Groceries,Cooking Oil,Bajaj,"Khanna, Sur and Kalla",53396,74,72,4.6
1168,Mumbai,Groceries,Cooking Oil,HP,Sama Inc,10602,153,108,4.7
1169,Mumbai,Groceries,Cooking Oil,Godrej,"Shah, Vyas and Grewal",86049,262,57,4.5
1170,Mumbai,Groceries,Sugar,Apple,Dhingra-Sangha,79448,85,50,4.0
1171,Mumbai,Groceries,Sugar,Prestige,Chopra Ltd,131989,155,130,4.5
1172,Mumbai,Groceries,Sugar,Prestige,Bassi and Sons,144394,107,17,4.3
1173,Mumbai,Groceries,Sugar,Sony,Kamdar-Mander,65994,102,43,4.1
1174,Mumbai,Groceries,Sugar,Boat,Sant-Chander,25427,236,77,3.7
1175,Mumbai,Groceries,Tea Powder,Tata,Bedi-Sehgal,44697,324,262,4.6
1176,Mumbai,Groceries,Tea Powder,Samsung,Banerjee-Tank,30215,307,119,4.2
1177,Mumbai,Groceries,Tea Powder,Samsung,"Sant, Gopal and Bora",110494,441,74,4.3
1178,Mumbai,Groceries,Tea Powder,Dell,"Dhingra, Sant and Wali",148034,399,356,4.1
1179,Mumbai,Groceries,Tea Powder,Reliance,Gera Group,100873,73,43,5.0
1180,Mumbai,Groceries,Milk,Mi,"Borde, Ahuja and Samra",96066,33,32,4.2
1181,Mumbai,Groceries,Milk,Bajaj,"Rajagopal, Salvi and Bassi",147088,276,173,4.6
1182,Mumbai,Groceries,Milk,Samsung,Chanda PLC,128225,368,201,4.3
1183,Mumbai,Groceries,Milk,Boat,Sane Ltd,43465,129,110,4.5
1184,Mumbai,Groceries,Milk,Bajaj,Buch LLC,100803,232,81,4.0
1185,Mumbai,Groceries,Biscuits,LG,Dube-Mander,105759,319,151,4.6
1186,Mumbai,Groceries,Biscuits,Tata,Rastogi LLC,85865,28,6,4.3
1187,Mumbai,Groceries,Biscuits,Nike,Gala-Walia,57208,468,151,4.6
1188,Mumbai,Groceries,Biscuits,Bajaj,Sathe-Sampath,5012,371,345,3.6
1189,Mumbai,Groceries,Biscuits,Boat,"Vasa, Bhattacharyya and Kothari",140250,52,29,3.7
1190,Mumbai,Sports,Cricket Bat,Puma,Kapadia Inc,71357,74,30,4.6
1191,Mumbai,Sports,Cricket Bat,Adidas,Sabharwal Group,27448,360,146,3.8
1192,Mumbai,Sports,Cricket Bat,Dell,Varty-Gade,37494,20,9,4.2
1193,Mumbai,Sports,Cricket Bat,Mi,Raja and Sons,16260,120,108,4.0
1194,Mumbai,Sports,Cricket Bat,Mi,"Das, Walia and Chandran",89728,408,249,4.3
1195,Mumbai,Sports,Football,Sony,Ramachandran-Kari,80089,331,163,4.6
1196,Mumbai,Sports,Football,Nike,Shah-Sharma,14170,133,98,4.5
1197,Mumbai,Sports,Football,Apple,Borah-Dara,124299,218,88,4.8
1198,Mumbai,Sports,Football,Samsung,Tailor Group,89073,216,41,3.7
1199,Mumbai,Sports,Football,Boat,Batra-Kumer,51997,146,133,4.5
1200,Mumbai,Sports,Badminton Racket,Bajaj,Agate-Desai,27942,388,74,4.6
1201,Mumbai,Sports,Badminton Racket,Godrej,"Acharya, Anand and Vora",35105,372,344,4.0
1202,Mumbai,Sports,Badminton Racket,Tata,Batra LLC,58912,377,224,4.2
1203,Mumbai,Sports,Badminton Racket,Samsung,"Ahluwalia, Sood and Lata",80358,448,329,4.9
1204,Mumbai,Sports,Badminton Racket,Puma,"Hari, Gupta and Kari",37691,202,184,4.0
1205,Mumbai,Sports,Gym Gloves,HP,Badami-Subramaniam,80423,488,287,3.6
1206,Mumbai,Sports,Gym Gloves,Philips,Gopal-Brahmbhatt,33616,33,14,4.0
1207,Mumbai,Sports,Gym Gloves,Apple,"Krishna, Sidhu and Chad",1170,33,15,3.5
1208,Mumbai,Sports,Gym Gloves,Reliance,Keer-Dutta,130791,159,33,4.2
1209,Mumbai,Sports,Gym Gloves,Sony,"Bal, Mangal and Mangat",12932,315,81,3.5
1210,Mumbai,Sports,Yoga Mat,Prestige,Ramesh-Thakur,108155,78,41,4.0
1211,Mumbai,Sports,Yoga Mat,Tata,"Sawhney, Setty and Rana",42252,39,2,4.4
1212,Mumbai,Sports,Yoga Mat,HP,Khalsa Inc,45176,95,20,4.6
1213,Mumbai,Sports,Yoga Mat,Prestige,"Ahuja, Lad and Thaman",368,293,126,4.6
1214,Mumbai,Sports,Yoga Mat,Samsung,"Golla, Sani and Goda",147756,421,197,4.1
1215,Mumbai,Sports,Cycling Helmet,Bajaj,Soni-Saraf,27402,242,110,4.0
1216,Mumbai,Sports,Cycling Helmet,Godrej,Raman-Gour,127246,292,263,4.4
1217,Mumbai,Sports,Cycling Helmet,Apple,"Maharaj, Sane and Yohannan",125918,22,14,3.7
1218,Mumbai,Sports,Cycling Helmet,Adidas,Bains Inc,47386,183,37,4.6
1219,Mumbai,Sports,Cycling Helmet,Tata,Khanna Inc,118263,355,34,3.6
1220,Mumbai,Beauty,Face Wash,Bajaj,Dhawan and Sons,1190,490,358,4.5
1221,Mumbai,Beauty,Face Wash,Dell,"Saran, Baria and Viswanathan",124106,482,208,4.9
1222,Mumbai,Beauty,Face Wash,Reliance,"Batra, Rajan and Hayer",12142,150,137,4.0
1223,Mumbai,Beauty,Face Wash,Godrej,"Baria, Kashyap and Kakar",112891,453,77,4.7
1224,Mumbai,Beauty,Face Wash,Sony,"Dugal, Batra and Zacharia",12281,119,101,4.4
1225,Mumbai,Beauty,Lipstick,Nike,Sama LLC,117626,229,225,4.9
1226,Mumbai,Beauty,Lipstick,Boat,Toor Group,74716,156,38,4.5
1227,Mumbai,Beauty,Lipstick,Apple,Sankar Group,40124,399,56,4.4
1228,Mumbai,Beauty,Lipstick,Reliance,"Kala, Bala and Chand",30048,201,194,4.2
1229,Mumbai,Beauty,Lipstick,Apple,"Lanka, Vig and Keer",77622,168,59,4.4
1230,Mumbai,Beauty,Perfume,Puma,Johal-Dalal,134851,110,71,3.7
1231,Mumbai,Beauty,Perfume,Adidas,Chhabra-Sridhar,137979,216,19,4.0
1232,Mumbai,Beauty,Perfume,Philips,Kala and Sons,115134,237,39,4.5
1233,Mumbai,Beauty,Perfume,Reliance,Devan-Kaur,76663,292,165,4.1
1234,Mumbai,Beauty,Perfume,Adidas,Madan-Ramaswamy,91316,141,98,4.5
1235,Mumbai,Beauty,Shampoo,Reliance,Aurora Group,87363,59,25,4.6
1236,Mumbai,Beauty,Shampoo,Godrej,Krishna-Hayre,75874,149,85,4.2
1237,Mumbai,Beauty,Shampoo,Tata,Ramachandran-Loke,29379,236,113,4.4
1238,Mumbai,Beauty,Shampoo,LG,Rastogi Inc,134295,165,29,4.5
1239,Mumbai,Beauty,Shampoo,Reliance,"Thaman, Saran and Raman",91640,39,9,4.1
1240,Mumbai,Beauty,Body Lotion,Apple,"Kala, Jayaraman and Mane",127195,33,4,3.7
1241,Mumbai,Beauty,Body Lotion,Apple,"Iyer, Deol and Kumar",55433,91,57,4.4
1242,Mumbai,Beauty,Body Lotion,Apple,Tailor-Sethi,98931,25,24,3.6
1243,Mumbai,Beauty,Body Lotion,HP,Butala-Bhandari,77460,496,462,4.3
1244,Mumbai,Beauty,Body Lotion,Boat,Kari-Ganesh,141485,184,115,4.4
1245,Mumbai,Beauty,Hair Dryer,Sony,Buch LLC,136400,364,157,3.5
1246,Mumbai,Beauty,Hair Dryer,Dell,Borah Inc,30398,137,64,3.6
1247,Mumbai,Beauty,Hair Dryer,Apple,Vasa and Sons,68151,333,139,4.9
1248,Mumbai,Beauty,Hair Dryer,HP,Buch Ltd,89139,60,27,3.9
1249,Mumbai,Beauty,Hair Dryer,Bajaj,"Savant, Hora and Raj",91746,155,154,4.2
1250,Delhi,Electronics,Smartphone,Ikea,Golla-Choudhary,5161,376,250,4.9
1251,Delhi,Electronics,Smartphone,Ikea,Din-Andra,125477,294,106,4.9
1252,Delhi,Electronics,Smartphone,Mi,Bawa-Lata,91896,133,46,3.6
1253,Delhi,Electronics,Smartphone,Prestige,"Ratti, Deep and Shanker",108635,495,31,4.8
1254,Delhi,Electronics,Smartphone,Adidas,"Krish, Sem and Devan",40263,261,256,3.5
1255,Delhi,Electronics,Laptop,Mi,Ramachandran-Ravel,111060,247,39,4.2
1256,Delhi,Electronics,Laptop,Godrej,Jayaraman PLC,123792,195,150,5.0
1257,Delhi,Electronics,Laptop,Bajaj,Dash LLC,69156,181,134,4.8
1258,Delhi,Electronics,Laptop,Puma,Sengupta-Divan,91225,294,85,4.8
1259,Delhi,Electronics,Laptop,Godrej,"Dyal, Hari and Banerjee",1179,157,101,4.7
1260,Delhi,Electronics,Smart TV,Tata,"Kaul, Jaggi and Salvi",10779,406,162,3.6
1261,Delhi,Electronics,Smart TV,Philips,Grewal-Tella,71255,81,54,4.6
1262,Delhi,Electronics,Smart TV,HP,Sura Ltd,62316,442,66,4.4
1263,Delhi,Electronics,Smart TV,Bajaj,Sibal-Bera,130182,176,72,4.0
1264,Delhi,Electronics,Smart TV,Prestige,"Chokshi, Sharma and Mani",6754,300,181,3.9
1265,Delhi,Electronics,Bluetooth Speaker,LG,Kaur-Ahuja,58008,380,223,4.1
1266,Delhi,Electronics,Bluetooth Speaker,Mi,Wason Inc,93416,226,30,4.9
1267,Delhi,Electronics,Bluetooth Speaker,Apple,"Chakrabarti, Dixit and Shan",63000,327,4,3.7
1268,Delhi,Electronics,Bluetooth Speaker,Tata,Wagle LLC,133734,71,64,3.6
1269,Delhi,Electronics,Bluetooth Speaker,Ikea,"Bahl, Raj and Biswas",47761,123,57,4.8
1270,Delhi,Electronics,Tablet,Godrej,Sami LLC,8721,461,443,4.9
1271,Delhi,Electronics,Tablet,Philips,"Bhagat, Khosla and Kapadia",50453,250,118,3.6
1272,Delhi,Electronics,Tablet,Tata,Manda Ltd,40403,482,79,4.3
1273,Delhi,Electronics,Tablet,Philips,Vig Group,10490,443,59,3.6
1274,Delhi,Electronics,Tablet,Bajaj,"Gole, Hayer and Chakrabarti",70541,484,358,4.7
1275,Delhi,Electronics,Gaming Console,Puma,"Shankar, Sahni and Ramaswamy",139741,220,114,4.2
1276,Delhi,Electronics,Gaming Console,Godrej,"Deshmukh, Master and Sarin",126181,450,147,3.6
1277,Delhi,Electronics,Gaming Console,Samsung,Mander-Rastogi,19848,454,102,4.9
1278,Delhi,Electronics,Gaming Console,Boat,"Magar, Lad and Ghose",9304,145,8,3.8
1279,Delhi,Electronics,Gaming Console,Adidas,"Venkataraman, Vora and Wadhwa",136857,92,72,4.5
1280,Delhi,Electronics,Smart Watch,Godrej,Hari Group,78896,109,2,4.8
1281,Delhi,Electronics,Smart Watch,Adidas,D’Alia-Ghose,117216,382,52,4.8
1282,Delhi,Electronics,Smart Watch,Puma,"Batra, Rajagopalan and Bhandari",149614,290,266,3.9
1283,Delhi,Electronics,Smart Watch,HP,Toor-Anne,138796,398,36,4.9
1284,Delhi,Electronics,Smart Watch,Godrej,"Basak, Deol and Warrior",74505,323,177,4.1
1285,Delhi,Electronics,Headphones,Boat,"Deo, Bandi and Bava",111584,35,16,4.9
1286,Delhi,Electronics,Headphones,LG,Varghese-Sood,32274,92,25,4.1
1287,Delhi,Electronics,Headphones,Godrej,Choudhury Inc,57338,45,23,3.6
1288,Delhi,Electronics,Headphones,Nike,Jha Inc,79665,382,300,4.1
1289,Delhi,Electronics,Headphones,Boat,Sarma Ltd,117312,473,260,4.0
1290,Delhi,Furniture,Sofa,LG,"Agate, Sandhu and Edwin",8254,418,52,5.0
1291,Delhi,Furniture,Sofa,Prestige,"Mannan, Rout and Ganesan",109719,258,138,4.7
1292,Delhi,Furniture,Sofa,Dell,Garde Ltd,39451,345,52,3.8
1293,Delhi,Furniture,Sofa,Sony,Chokshi-Chaudhari,109480,132,22,3.6
1294,Delhi,Furniture,Sofa,Tata,Kadakia-Guha,128911,366,100,4.2
1295,Delhi,Furniture,Dining Table,Tata,Bera-Master,105484,142,58,3.7
1296,Delhi,Furniture,Dining Table,Mi,Bandi-Sarin,110014,357,182,3.9
1297,Delhi,Furniture,Dining Table,Philips,"Lad, Dhar and Bhasin",18981,284,83,4.5
1298,Delhi,Furniture,Dining Table,Lenovo,Cheema Inc,142757,384,107,3.6
1299,Delhi,Furniture,Dining Table,LG,Biswas PLC,69605,135,16,4.0
1300,Delhi,Furniture,Office Chair,Apple,"Bedi, Tripathi and Dasgupta",141970,219,130,4.0
1301,Delhi,Furniture,Office Chair,Prestige,Goswami-Sem,1153,344,143,4.6
1302,Delhi,Furniture,Office Chair,Adidas,Comar-Babu,136004,96,94,3.5
1303,Delhi,Furniture,Office Chair,HP,Soman and Sons,29829,485,7,4.7
1304,Delhi,Furniture,Office Chair,Reliance,Singh-Shetty,126976,495,368,4.1
1305,Delhi,Furniture,Bed,Philips,"Gera, Baral and Walla",22233,51,31,4.1
1306,Delhi,Furniture,Bed,Ikea,Yogi-Hayer,132271,101,101,4.8
1307,Delhi,Furniture,Bed,Apple,"Manda, Sandal and Mani",77252,239,177,3.8
1308,Delhi,Furniture,Bed,Puma,Chatterjee-Cherian,90285,412,276,3.6
1309,Delhi,Furniture,Bed,Godrej,Koshy Ltd,83164,269,51,4.1
1310,Delhi,Furniture,Wardrobe,Apple,"Shere, Saxena and Sastry",116121,175,4,4.8
1311,Delhi,Furniture,Wardrobe,Godrej,Grewal-Ganguly,34909,172,29,4.8
1312,Delhi,Furniture,Wardrobe,Puma,Vyas-Ben,10927,215,183,4.2
1313,Delhi,Furniture,Wardrobe,LG,"Singhal, Bhargava and Ganesh",53748,103,54,3.8
1314,Delhi,Furniture,Wardrobe,Tata,Bains-Agrawal,15442,223,164,3.5
1315,Delhi,Furniture,Bookshelf,Nike,"Srivastava, Kulkarni and Gulati",22246,303,231,4.9
1316,Delhi,Furniture,Bookshelf,Nike,Madan PLC,18095,134,68,4.6
1317,Delhi,Furniture,Bookshelf,Lenovo,Loyal-Lalla,26841,500,140,3.5
1318,Delhi,Furniture,Bookshelf,Bajaj,Dave and Sons,41051,201,187,4.2
1319,Delhi,Furniture,Bookshelf,Sony,"Dhingra, Bajwa and Sethi",105551,82,53,3.6
1320,Delhi,Furniture,Coffee Table,LG,Bhatti and Sons,9284,444,42,5.0
1321,Delhi,Furniture,Coffee Table,Boat,Grover Inc,111214,307,141,3.9
1322,Delhi,Furniture,Coffee Table,Apple,Yohannan-Saxena,13986,103,41,4.6
1323,Delhi,Furniture,Coffee Table,Godrej,Gola Group,54730,187,46,4.7
1324,Delhi,Furniture,Coffee Table,HP,"Sabharwal, Shere and Roy",17013,119,25,4.1
1325,Delhi,Furniture,TV Unit,Samsung,Saha-Shah,118539,135,58,3.5
1326,Delhi,Furniture,TV Unit,Mi,"Grewal, Rastogi and Batra",8746,187,127,4.1
1327,Delhi,Furniture,TV Unit,Dell,Ganesan PLC,27898,177,42,4.6
1328,Delhi,Furniture,TV Unit,Samsung,"Divan, Sachar and Chada",100935,18,4,4.2
1329,Delhi,Furniture,TV Unit,Samsung,Sanghvi Group,97608,250,72,3.9
1330,Delhi,Fashion,T-Shirt,Nike,Gola-Jain,81954,396,94,4.3
1331,Delhi,Fashion,T-Shirt,HP,"Subramaniam, Thaker and Sane",35233,160,56,4.7
1332,Delhi,Fashion,T-Shirt,Prestige,Sharaf-Borra,67065,34,28,4.4
1333,Delhi,Fashion,T-Shirt,Godrej,Devan-Bhatnagar,68684,156,119,4.7
1334,Delhi,Fashion,T-Shirt,Apple,"Chauhan, Suresh and Kara",106392,51,29,3.9
1335,Delhi,Fashion,Jeans,Philips,Sharaf-Gara,29998,291,195,4.1
1336,Delhi,Fashion,Jeans,Adidas,Warrior-Bobal,44963,159,150,3.5
1337,Delhi,Fashion,Jeans,Puma,Kar-Dasgupta,93699,126,66,3.8
1338,Delhi,Fashion,Jeans,Lenovo,"Ramaswamy, Sarna and Amble",149499,106,16,5.0
1339,Delhi,Fashion,Jeans,Godrej,Goda-Sha,31926,157,12,3.8
1340,Delhi,Fashion,Kurti,Samsung,Sengupta Inc,90551,100,67,4.4
1341,Delhi,Fashion,Kurti,Dell,Sahota-Sankaran,120661,154,14,3.6
1342,Delhi,Fashion,Kurti,Bajaj,Kothari-Chahal,62888,351,92,4.1
1343,Delhi,Fashion,Kurti,HP,"Dayal, Kade and Chowdhury",13335,63,59,3.5
1344,Delhi,Fashion,Kurti,Reliance,"Thakkar, Anne and Bhavsar",99556,325,14,4.0
1345,Delhi,Fashion,Sneakers,Puma,Raja Inc,94970,431,235,4.9
1346,Delhi,Fashion,Sneakers,Sony,"Bali, Basak and Khatri",29005,33,18,3.6
1347,Delhi,Fashion,Sneakers,Sony,Kaur PLC,87189,415,382,4.1
1348,Delhi,Fashion,Sneakers,Lenovo,Dar-Boase,125203,211,83,4.7
1349,Delhi,Fashion,Sneakers,Mi,Swamy PLC,12140,351,36,3.9
1350,Delhi,Fashion,Jacket,Apple,Krishna PLC,142936,275,171,4.5
1351,Delhi,Fashion,Jacket,Nike,Sehgal-Banerjee,91407,39,39,5.0
1352,Delhi,Fashion,Jacket,Boat,Loke-Behl,6536,179,106,3.7
1353,Delhi,Fashion,Jacket,Apple,Deo LLC,120322,201,175,4.7
1354,Delhi,Fashion,Jacket,Bajaj,Chand-Dutta,43905,395,2,4.5
1355,Delhi,Fashion,Watch,Boat,Amble-Sodhi,12832,181,62,3.6
1356,Delhi,Fashion,Watch,HP,"Khatri, Suresh and Sarin",55859,305,67,4.6
1357,Delhi,Fashion,Watch,Tata,"Agarwal, Sami and D’Alia",19584,18,2,4.6
1358,Delhi,Fashion,Watch,Boat,Mand-Zacharia,59400,482,219,4.1
1359,Delhi,Fashion,Watch,Samsung,Tripathi LLC,6511,462,344,4.2
1360,Delhi,Fashion,Handbag,LG,Zacharia-Varughese,88352,292,5,3.7
1361,Delhi,Fashion,Handbag,Godrej,Buch and Sons,41597,64,42,4.8
1362,Delhi,Fashion,Handbag,Godrej,"Balan, De and Kara",30233,195,112,4.4
1363,Delhi,Fashion,Handbag,Lenovo,Randhawa-Sachdeva,131654,227,3,3.6
1364,Delhi,Fashion,Handbag,Philips,Rattan PLC,77437,210,161,3.8
1365,Delhi,Fashion,Sunglasses,Tata,Arora Inc,91580,53,1,3.7
1366,Delhi,Fashion,Sunglasses,Ikea,Krishnamurthy-Goyal,46245,453,260,4.2
1367,Delhi,Fashion,Sunglasses,Reliance,Kibe Group,87699,304,237,5.0
1368,Delhi,Fashion,Sunglasses,Dell,"Dave, Issac and Bhasin",36154,388,56,4.6
1369,Delhi,Fashion,Sunglasses,Apple,Rajan-Dara,87034,134,9,4.8
1370,Delhi,Home Appliances,Refrigerator,Reliance,Sharma-Kari,96219,43,37,4.9
1371,Delhi,Home Appliances,Refrigerator,Ikea,Tripathi-Dhingra,72329,490,120,4.5
1372,Delhi,Home Appliances,Refrigerator,Boat,"Sarma, Dhar and Deshpande",93701,162,93,4.3
1373,Delhi,Home Appliances,Refrigerator,Ikea,"Chawla, Tailor and Dass",147133,243,166,3.6
1374,Delhi,Home Appliances,Refrigerator,Lenovo,Sahota-Tara,72954,406,345,4.0
1375,Delhi,Home Appliances,Washing Machine,Philips,Deol-Jayaraman,14022,437,94,4.1
1376,Delhi,Home Appliances,Washing Machine,Mi,Grover-Chhabra,14510,426,343,3.8
1377,Delhi,Home Appliances,Washing Machine,Mi,Apte-Dutt,80334,47,31,4.2
1378,Delhi,Home Appliances,Washing Machine,Puma,"Hora, Sandal and Sachdev",58049,77,20,3.7
1379,Delhi,Home Appliances,Washing Machine,Dell,Devi-Bhasin,1802,417,351,4.4
1380,Delhi,Home Appliances,Microwave,Mi,Ghose-Bajaj,84079,249,249,3.6
1381,Delhi,Home Appliances,Microwave,Apple,Thaker Inc,135123,147,118,4.7
1382,Delhi,Home Appliances,Microwave,Boat,"Yadav, Mangat and Bains",46948,331,196,4.8
1383,Delhi,Home Appliances,Microwave,Puma,Sant-Khanna,24789,291,165,4.7
1384,Delhi,Home Appliances,Microwave,Tata,Setty LLC,144518,282,33,3.8
1385,Delhi,Home Appliances,Air Conditioner,Philips,Sheth Inc,10803,40,9,3.8
1386,Delhi,Home Appliances,Air Conditioner,Boat,Walia Ltd,51740,194,51,5.0
1387,Delhi,Home Appliances,Air Conditioner,Tata,Tak Ltd,121282,398,221,3.5
1388,Delhi,Home Appliances,Air Conditioner,Mi,Sodhi PLC,61928,414,7,4.1
1389,Delhi,Home Appliances,Air Conditioner,Nike,"Sankaran, Viswanathan and Johal",44074,117,39,4.5
1390,Delhi,Home Appliances,Mixer Grinder,Samsung,Chopra-Kala,33448,284,148,3.7
1391,Delhi,Home Appliances,Mixer Grinder,Samsung,Lal Group,27784,266,16,4.4
1392,Delhi,Home Appliances,Mixer Grinder,Reliance,Seshadri-Bath,99672,192,166,3.8
1393,Delhi,Home Appliances,Mixer Grinder,Sony,Balasubramanian LLC,47767,423,422,4.4
1394,Delhi,Home Appliances,Mixer Grinder,Prestige,"Saini, Lal and Khalsa",130697,336,241,4.9
1395,Delhi,Home Appliances,Vacuum Cleaner,Reliance,"Dar, Sharma and Grover",34337,36,8,3.6
1396,Delhi,Home Appliances,Vacuum Cleaner,Sony,Yohannan Group,46854,201,145,3.9
1397,Delhi,Home Appliances,Vacuum Cleaner,Dell,Anand-Devi,123690,163,16,4.8
1398,Delhi,Home Appliances,Vacuum Cleaner,Tata,Bir Inc,132672,200,167,4.0
1399,Delhi,Home Appliances,Vacuum Cleaner,Prestige,Raval Inc,38180,134,79,4.3
1400,Delhi,Home Appliances,Water Purifier,Adidas,Verma-Hari,131840,118,35,4.0
1401,Delhi,Home Appliances,Water Purifier,Apple,Magar-Wadhwa,139337,270,81,4.5
1402,Delhi,Home Appliances,Water Purifier,Lenovo,Seshadri-Cheema,3531,477,115,4.2
1403,Delhi,Home Appliances,Water Purifier,Bajaj,"Trivedi, Lata and Sachdev",17039,125,6,4.4
1404,Delhi,Home Appliances,Water Purifier,Samsung,Khatri-Gupta,61002,272,188,4.4
1405,Delhi,Groceries,Rice,Philips,Tailor-Raman,111399,317,57,4.4
1406,Delhi,Groceries,Rice,LG,Johal Inc,16079,214,177,4.6
1407,Delhi,Groceries,Rice,Puma,Jayaraman PLC,26072,17,7,4.0
1408,Delhi,Groceries,Rice,Sony,Shenoy PLC,138930,122,114,3.8
1409,Delhi,Groceries,Rice,Reliance,Ratti-Sandhu,58431,417,317,4.9
1410,Delhi,Groceries,Wheat Flour,Ikea,"Rao, Sharaf and Sule",63085,355,335,3.9
1411,Delhi,Groceries,Wheat Flour,Puma,Sibal LLC,65748,75,46,3.7
1412,Delhi,Groceries,Wheat Flour,Dell,"Rajagopal, Walla and Iyer",67404,37,28,3.8
1413,Delhi,Groceries,Wheat Flour,LG,Solanki Group,96681,110,107,4.2
1414,Delhi,Groceries,Wheat Flour,LG,"Keer, Shetty and Baral",137466,385,129,4.4
1415,Delhi,Groceries,Cooking Oil,Reliance,"Golla, Bala and Kota",126599,261,90,4.0
1416,Delhi,Groceries,Cooking Oil,Lenovo,Sankar-Ratta,115064,466,180,4.4
1417,Delhi,Groceries,Cooking Oil,Bajaj,Goyal-Mane,51825,103,80,4.1
1418,Delhi,Groceries,Cooking Oil,Nike,Chatterjee-Dave,38777,36,28,4.7
1419,Delhi,Groceries,Cooking Oil,Reliance,"Sani, Char and Chada",110268,209,79,3.6
1420,Delhi,Groceries,Sugar,Samsung,Rau and Sons,19893,415,387,4.8
1421,Delhi,Groceries,Sugar,Ikea,"Koshy, Balasubramanian and Manne",40350,365,310,4.0
1422,Delhi,Groceries,Sugar,Ikea,Kari Ltd,143145,313,282,4.3
1423,Delhi,Groceries,Sugar,Ikea,Andra PLC,40679,205,192,4.0
1424,Delhi,Groceries,Sugar,Reliance,Barad Ltd,101559,469,17,3.6
1425,Delhi,Groceries,Tea Powder,Philips,Keer-Chandra,146205,148,25,4.5
1426,Delhi,Groceries,Tea Powder,Dell,"Wable, Bhattacharyya and Batra",12732,101,75,3.8
1427,Delhi,Groceries,Tea Powder,Puma,"Subramaniam, Sahota and Rajagopalan",17707,229,112,4.0
1428,Delhi,Groceries,Tea Powder,Mi,Reddy Group,133179,363,158,3.8
1429,Delhi,Groceries,Tea Powder,Tata,Kothari and Sons,34312,233,219,3.7
1430,Delhi,Groceries,Milk,Samsung,"Rajan, Balasubramanian and Kapur",119395,359,67,4.6
1431,Delhi,Groceries,Milk,Apple,"Kumar, Konda and Dube",21254,38,32,4.8
1432,Delhi,Groceries,Milk,Puma,Sibal LLC,91509,263,258,4.8
1433,Delhi,Groceries,Milk,Boat,Tailor Ltd,89925,364,262,4.2
1434,Delhi,Groceries,Milk,Sony,Devan PLC,149583,239,178,3.8
1435,Delhi,Groceries,Biscuits,Mi,Walia-Ramakrishnan,54640,481,28,3.5
1436,Delhi,Groceries,Biscuits,Godrej,Ratti-Baria,8345,462,283,4.7
1437,Delhi,Groceries,Biscuits,Prestige,Wagle Ltd,115251,80,25,4.9
1438,Delhi,Groceries,Biscuits,LG,Dixit-Babu,78154,437,63,4.3
1439,Delhi,Groceries,Biscuits,Puma,"Lad, Saraf and Krishnamurthy",50246,386,161,4.0
1440,Delhi,Sports,Cricket Bat,Prestige,"Badal, Sachdev and Ganesh",46903,443,7,3.7
1441,Delhi,Sports,Cricket Bat,Adidas,Khurana Group,140059,299,62,4.9
1442,Delhi,Sports,Cricket Bat,HP,Bakshi PLC,107895,31,20,4.7
1443,Delhi,Sports,Cricket Bat,Puma,Bal Ltd,109507,175,59,4.9
1444,Delhi,Sports,Cricket Bat,Adidas,"Bahl, Rau and Wali",113538,215,147,4.2
1445,Delhi,Sports,Football,Samsung,"Dass, Batta and Sinha",39883,420,1,4.3
1446,Delhi,Sports,Football,Philips,Savant-Sethi,59453,338,209,3.5
1447,Delhi,Sports,Football,LG,Arya PLC,20348,86,14,4.9
1448,Delhi,Sports,Football,HP,Soman-Mandal,35384,132,52,5.0
1449,Delhi,Sports,Football,Nike,Deol-Vig,57529,221,134,4.8
1450,Delhi,Sports,Badminton Racket,Prestige,Dar-Jaggi,70876,21,11,4.1
1451,Delhi,Sports,Badminton Racket,Bajaj,Sachdeva-Swamy,10985,40,23,4.6
1452,Delhi,Sports,Badminton Racket,Sony,Kibe LLC,83441,27,7,4.8
1453,Delhi,Sports,Badminton Racket,HP,"Gade, Choudhary and Karnik",50286,256,152,4.2
1454,Delhi,Sports,Badminton Racket,Nike,Kalla and Sons,10802,114,86,4.8
1455,Delhi,Sports,Gym Gloves,Bajaj,Raja PLC,29107,148,112,4.2
1456,Delhi,Sports,Gym Gloves,Samsung,Sood-Sule,27748,464,54,4.3
1457,Delhi,Sports,Gym Gloves,Bajaj,Setty-Sarma,99550,29,25,3.7
1458,Delhi,Sports,Gym Gloves,Prestige,"Chadha, Kar and Sarma",132437,417,194,4.4
1459,Delhi,Sports,Gym Gloves,Puma,Rajan Inc,66326,489,162,3.9
1460,Delhi,Sports,Yoga Mat,Boat,Gade-Kala,39639,35,14,5.0
1461,Delhi,Sports,Yoga Mat,HP,Jani Ltd,77152,92,65,4.8
1462,Delhi,Sports,Yoga Mat,Sony,Varkey-Agate,10845,72,1,4.8
1463,Delhi,Sports,Yoga Mat,Prestige,Shere PLC,11470,296,79,3.7
1464,Delhi,Sports,Yoga Mat,Prestige,Sunder-Talwar,103432,421,302,4.7
1465,Delhi,Sports,Cycling Helmet,Philips,Bali Inc,110616,386,100,4.2
1466,Delhi,Sports,Cycling Helmet,LG,"Shere, Golla and Dani",98265,51,26,4.8
1467,Delhi,Sports,Cycling Helmet,HP,Sankaran-Chaudhuri,134771,130,41,5.0
1468,Delhi,Sports,Cycling Helmet,Lenovo,Bhatia and Sons,42015,137,108,3.7
1469,Delhi,Sports,Cycling Helmet,Bajaj,Kale-Vaidya,76781,336,266,4.7
1470,Delhi,Beauty,Face Wash,HP,Sen-Chatterjee,38320,248,194,4.9
1471,Delhi,Beauty,Face Wash,Reliance,"Raman, Khare and Agrawal",2194,269,224,4.0
1472,Delhi,Beauty,Face Wash,Tata,Dhawan Inc,139541,115,5,3.6
1473,Delhi,Beauty,Face Wash,Prestige,Arya-Bahl,143170,335,171,4.9
1474,Delhi,Beauty,Face Wash,Boat,Bali-Rout,111876,475,464,4.6
1475,Delhi,Beauty,Lipstick,Reliance,Bala-Chanda,37782,317,5,4.7
1476,Delhi,Beauty,Lipstick,Adidas,Dhar-Sampath,29828,54,14,4.6
1477,Delhi,Beauty,Lipstick,Apple,"Toor, Mane and Som",130954,271,93,4.3
1478,Delhi,Beauty,Lipstick,Mi,Ram Inc,26879,484,157,4.9
1479,Delhi,Beauty,Lipstick,HP,Kannan PLC,9526,231,92,4.4
1480,Delhi,Beauty,Perfume,Bajaj,Kumer-Bhatnagar,136174,229,40,3.9
1481,Delhi,Beauty,Perfume,Reliance,"Johal, Lal and Malhotra",140806,493,441,4.9
1482,Delhi,Beauty,Perfume,Tata,Date PLC,6725,290,287,4.2
1483,Delhi,Beauty,Perfume,Ikea,Sura and Sons,144480,113,109,4.4
1484,Delhi,Beauty,Perfume,Prestige,Chand-Bhakta,7008,236,149,3.6
1485,Delhi,Beauty,Shampoo,Ikea,Joshi LLC,129625,200,184,3.9
1486,Delhi,Beauty,Shampoo,LG,Agate-Dhar,64803,300,105,4.4
1487,Delhi,Beauty,Shampoo,HP,"Ramaswamy, Shukla and Aggarwal",140634,60,11,4.0
1488,Delhi,Beauty,Shampoo,Lenovo,Yogi-Sura,73281,479,12,4.3
1489,Delhi,Beauty,Shampoo,HP,"Tailor, Raju and Bakshi",116409,258,234,4.0
1490,Delhi,Beauty,Body Lotion,Sony,Goda-Srinivasan,26219,136,9,3.7
1491,Delhi,Beauty,Body Lotion,Adidas,Dara Inc,105228,451,74,4.5
1492,Delhi,Beauty,Body Lotion,Apple,Karnik-Buch,133395,357,283,4.2
1493,Delhi,Beauty,Body Lotion,Puma,Bora-Sarraf,40384,125,121,4.1
1494,Delhi,Beauty,Body Lotion,LG,"Chaudhary, Sahota and Karan",79478,82,7,4.9
1495,Delhi,Beauty,Hair Dryer,Tata,"Madan, Bal and Seshadri",88076,35,34,3.9
1496,Delhi,Beauty,Hair Dryer,Lenovo,"Hegde, Gole and Varma",70564,158,157,4.1
1497,Delhi,Beauty,Hair Dryer,Reliance,Mander-Sampath,55146,350,201,4.3
1498,Delhi,Beauty,Hair Dryer,Dell,"Borah, Zacharia and Bhatia",73042,387,49,4.3
1499,Delhi,Beauty,Hair Dryer,Boat,"Tata, Goel and Dubey",112136,298,176,4.2
1500,Bengaluru,Electronics,Smartphone,Prestige,Gandhi-Deshmukh,70477,150,124,4.2
1501,Bengaluru,Electronics,Smartphone,Nike,Sathe-Sule,27398,270,231,3.9
1502,Bengaluru,Electronics,Smartphone,Philips,"Mani, Sani and Choudhury",101055,176,124,4.2
1503,Bengaluru,Electronics,Smartphone,Reliance,Shenoy-Jayaraman,99923,358,326,4.4
1504,Bengaluru,Electronics,Smartphone,Prestige,Khalsa LLC,12524,486,384,4.0
1505,Bengaluru,Electronics,Laptop,Dell,Rajagopal-Sama,124911,124,48,4.5
1506,Bengaluru,Electronics,Laptop,Philips,Sami Group,69264,40,30,3.6
1507,Bengaluru,Electronics,Laptop,Godrej,"Lanka, Mane and Mand",38893,261,38,4.8
1508,Bengaluru,Electronics,Laptop,Prestige,Golla PLC,146508,171,77,4.9
1509,Bengaluru,Electronics,Laptop,Tata,Ganesan-Chacko,74183,475,143,3.5
1510,Bengaluru,Electronics,Smart TV,Tata,Dani Ltd,19453,235,209,4.9
1511,Bengaluru,Electronics,Smart TV,Tata,"Aurora, Dube and Kunda",44161,200,168,3.7
1512,Bengaluru,Electronics,Smart TV,Prestige,Kata and Sons,333,169,57,3.8
1513,Bengaluru,Electronics,Smart TV,LG,Kalita PLC,95040,258,235,4.3
1514,Bengaluru,Electronics,Smart TV,Bajaj,Borra and Sons,146745,349,17,4.0
1515,Bengaluru,Electronics,Bluetooth Speaker,Dell,Kale-Shenoy,37107,217,210,4.2
1516,Bengaluru,Electronics,Bluetooth Speaker,Ikea,Arya PLC,67623,21,20,4.9
1517,Bengaluru,Electronics,Bluetooth Speaker,Apple,Khanna-Brar,136313,435,251,4.7
1518,Bengaluru,Electronics,Bluetooth Speaker,Adidas,"Sodhi, Cherian and Batta",58601,196,110,4.0
1519,Bengaluru,Electronics,Bluetooth Speaker,LG,Kulkarni PLC,67576,62,49,4.7
1520,Bengaluru,Electronics,Tablet,Bajaj,Tandon-Sarraf,7149,57,36,4.0
1521,Bengaluru,Electronics,Tablet,Adidas,"Mahajan, Bedi and Soni",122222,49,43,4.4
1522,Bengaluru,Electronics,Tablet,Tata,"Thakkar, Bhandari and Chatterjee",97347,291,125,4.6
1523,Bengaluru,Electronics,Tablet,Prestige,Brahmbhatt-Datta,148371,365,209,4.2
1524,Bengaluru,Electronics,Tablet,Prestige,Swaminathan-Chaudhuri,59158,222,30,3.8
1525,Bengaluru,Electronics,Gaming Console,Apple,Apte Group,31815,64,46,4.6
1526,Bengaluru,Electronics,Gaming Console,HP,"Datta, Bora and Amble",100095,98,4,4.6
1527,Bengaluru,Electronics,Gaming Console,Apple,Suresh-Zachariah,43102,204,111,4.7
1528,Bengaluru,Electronics,Gaming Console,Prestige,"Mani, Kota and Bhatia",81036,399,9,3.7
1529,Bengaluru,Electronics,Gaming Console,Adidas,Srinivasan-Kadakia,124131,26,22,4.9
1530,Bengaluru,Electronics,Smart Watch,Nike,Dalal Ltd,128606,264,4,3.8
1531,Bengaluru,Electronics,Smart Watch,Samsung,Bal Ltd,66553,118,99,3.9
1532,Bengaluru,Electronics,Smart Watch,Dell,Kalla LLC,146927,111,2,4.9
1533,Bengaluru,Electronics,Smart Watch,Adidas,Sengupta Group,74250,286,85,3.8
1534,Bengaluru,Electronics,Smart Watch,Reliance,"Brahmbhatt, Sridhar and Chopra",93674,449,431,3.8
1535,Bengaluru,Electronics,Headphones,Philips,"Sen, Sharaf and Chawla",125367,16,10,4.1
1536,Bengaluru,Electronics,Headphones,Mi,"Grewal, Kadakia and Ganesan",104950,245,68,4.9
1537,Bengaluru,Electronics,Headphones,Boat,Sarraf-Jaggi,13682,461,461,4.9
1538,Bengaluru,Electronics,Headphones,Reliance,Trivedi-Goswami,148069,356,351,4.5
1539,Bengaluru,Electronics,Headphones,LG,Dada and Sons,93971,57,13,4.3
1540,Bengaluru,Furniture,Sofa,Adidas,Bhagat LLC,14573,168,45,4.0
1541,Bengaluru,Furniture,Sofa,Ikea,"Dyal, Uppal and Varma",25464,270,122,4.1
1542,Bengaluru,Furniture,Sofa,Tata,Lalla-Barman,87152,45,11,3.8
1543,Bengaluru,Furniture,Sofa,Philips,Sood-Mandal,37597,445,199,4.1
1544,Bengaluru,Furniture,Sofa,Nike,Date-Goyal,21228,260,13,4.6
1545,Bengaluru,Furniture,Dining Table,Tata,Malhotra Inc,96636,324,191,4.0
1546,Bengaluru,Furniture,Dining Table,Ikea,"Lalla, Dyal and Bali",12134,319,13,4.4
1547,Bengaluru,Furniture,Dining Table,HP,Rajan-Majumdar,57094,211,7,3.8
1548,Bengaluru,Furniture,Dining Table,Ikea,Chadha-Lanka,117773,122,102,4.5
1549,Bengaluru,Furniture,Dining Table,Godrej,Rattan Inc,108081,122,73,4.4
1550,Bengaluru,Furniture,Office Chair,Reliance,Ahuja-Chopra,49459,414,375,3.7
1551,Bengaluru,Furniture,Office Chair,Tata,Chowdhury-Khosla,95691,184,181,4.4
1552,Bengaluru,Furniture,Office Chair,Philips,"Goyal, Sodhi and Verma",133934,154,147,4.5
1553,Bengaluru,Furniture,Office Chair,Adidas,"Dey, Ganesan and Dalal",13066,165,41,4.7
1554,Bengaluru,Furniture,Office Chair,Prestige,Hans LLC,109054,197,71,3.6
1555,Bengaluru,Furniture,Bed,Prestige,Kala Ltd,66971,288,126,3.9
1556,Bengaluru,Furniture,Bed,Adidas,"Kurian, Maharaj and Bhavsar",75266,350,347,4.9
1557,Bengaluru,Furniture,Bed,Adidas,"Jani, Bhatt and Hegde",23916,407,168,3.7
1558,Bengaluru,Furniture,Bed,LG,Sahota-Ganesh,65881,39,32,4.3
1559,Bengaluru,Furniture,Bed,Prestige,Ahluwalia-Garg,28841,48,46,4.7
1560,Bengaluru,Furniture,Wardrobe,Godrej,"Dani, Ganesh and Brahmbhatt",42180,205,102,3.8
1561,Bengaluru,Furniture,Wardrobe,Reliance,Barad Ltd,106872,127,68,5.0
1562,Bengaluru,Furniture,Wardrobe,Lenovo,"Saxena, Deshpande and Gokhale",129607,435,230,4.4
1563,Bengaluru,Furniture,Wardrobe,Godrej,Dutt Group,121024,232,57,4.3
1564,Bengaluru,Furniture,Wardrobe,HP,Bath-Johal,118360,342,140,3.8
1565,Bengaluru,Furniture,Bookshelf,Sony,Sehgal-Wason,19563,455,30,4.5
1566,Bengaluru,Furniture,Bookshelf,Philips,"Sunder, Golla and Kar",147800,16,11,4.2
1567,Bengaluru,Furniture,Bookshelf,LG,Kapur-Som,35131,336,65,3.8
1568,Bengaluru,Furniture,Bookshelf,Godrej,"Garg, Bedi and Mahajan",124193,163,159,3.5
1569,Bengaluru,Furniture,Bookshelf,Bajaj,"Badal, Vasa and Bali",98510,229,67,4.2
1570,Bengaluru,Furniture,Coffee Table,Lenovo,"Rajan, Subramanian and Bawa",149317,63,11,4.2
1571,Bengaluru,Furniture,Coffee Table,Lenovo,"Dhar, Som and Dora",13350,187,53,4.8
1572,Bengaluru,Furniture,Coffee Table,Puma,Suri-Sahota,41422,117,48,3.9
1573,Bengaluru,Furniture,Coffee Table,Prestige,Gole-Suri,67626,336,146,5.0
1574,Bengaluru,Furniture,Coffee Table,Boat,"Varghese, Varkey and Chakrabarti",3838,189,104,4.6
1575,Bengaluru,Furniture,TV Unit,Samsung,Comar Inc,69397,491,300,3.7
1576,Bengaluru,Furniture,TV Unit,Ikea,"Deo, Datta and Bahri",31945,277,59,3.9
1577,Bengaluru,Furniture,TV Unit,Ikea,Jaggi PLC,55290,215,122,4.7
1578,Bengaluru,Furniture,TV Unit,Philips,Basak Group,19863,459,397,4.1
1579,Bengaluru,Furniture,TV Unit,Prestige,Bobal Inc,16811,348,263,3.7
1580,Bengaluru,Fashion,T-Shirt,Ikea,Golla Group,57416,284,152,3.8
1581,Bengaluru,Fashion,T-Shirt,Reliance,Dey Group,87987,16,8,3.7
1582,Bengaluru,Fashion,T-Shirt,Tata,"Saran, Sankaran and Sanghvi",31344,250,65,4.9
1583,Bengaluru,Fashion,T-Shirt,Nike,"Lad, Saxena and Jhaveri",43896,196,117,4.1
1584,Bengaluru,Fashion,T-Shirt,LG,Kapur-Jayaraman,30585,457,236,3.7
1585,Bengaluru,Fashion,Jeans,Reliance,Venkataraman and Sons,108567,453,300,4.8
1586,Bengaluru,Fashion,Jeans,Philips,Kade PLC,57114,171,149,4.6
1587,Bengaluru,Fashion,Jeans,Bajaj,Chad-Dalal,92871,318,270,4.5
1588,Bengaluru,Fashion,Jeans,HP,Korpal LLC,133000,231,50,4.0
1589,Bengaluru,Fashion,Jeans,Nike,Doshi LLC,131705,108,58,4.8
1590,Bengaluru,Fashion,Kurti,Nike,"Viswanathan, Lad and Tailor",136981,89,70,4.2
1591,Bengaluru,Fashion,Kurti,Bajaj,Grewal Inc,8128,291,27,4.3
1592,Bengaluru,Fashion,Kurti,Nike,Vasa Inc,33708,11,10,3.9
1593,Bengaluru,Fashion,Kurti,Prestige,"Guha, Karnik and Andra",91170,159,141,5.0
1594,Bengaluru,Fashion,Kurti,Reliance,Johal-Dhillon,139940,168,124,3.7
1595,Bengaluru,Fashion,Sneakers,Philips,"Raman, D’Alia and Varma",43018,30,20,4.3
1596,Bengaluru,Fashion,Sneakers,Mi,"Borra, Goel and Sampath",100759,176,99,3.6
1597,Bengaluru,Fashion,Sneakers,Mi,Ratta-Khurana,139254,115,64,4.8
1598,Bengaluru,Fashion,Sneakers,Lenovo,Keer-Banik,117053,284,180,4.9
1599,Bengaluru,Fashion,Sneakers,Godrej,Singh-Atwal,7298,460,85,3.6
1600,Bengaluru,Fashion,Jacket,Adidas,Bassi-Barad,76201,324,266,4.0
1601,Bengaluru,Fashion,Jacket,Reliance,Arora-Ghosh,132634,392,65,4.7
1602,Bengaluru,Fashion,Jacket,Samsung,De Group,95033,149,91,4.2
1603,Bengaluru,Fashion,Jacket,Nike,"Upadhyay, Rau and Iyengar",51899,41,6,3.9
1604,Bengaluru,Fashion,Jacket,Bajaj,Chauhan Ltd,96094,255,35,3.8
1605,Bengaluru,Fashion,Watch,Boat,Gour-Shukla,32011,104,98,4.8
1606,Bengaluru,Fashion,Watch,Dell,Deol Inc,16002,130,74,3.7
1607,Bengaluru,Fashion,Watch,Boat,"Ben, Bera and Jhaveri",39186,220,80,4.8
1608,Bengaluru,Fashion,Watch,Boat,Kuruvilla Inc,74096,429,155,3.9
1609,Bengaluru,Fashion,Watch,Godrej,"Soni, Dua and Khanna",141885,152,138,3.8
1610,Bengaluru,Fashion,Handbag,Philips,"Ramachandran, Loke and Brahmbhatt",125719,379,62,4.9
1611,Bengaluru,Fashion,Handbag,Ikea,"Chatterjee, Som and Gole",82754,278,5,3.9
1612,Bengaluru,Fashion,Handbag,Mi,Yadav Group,92176,354,329,3.5
1613,Bengaluru,Fashion,Handbag,Adidas,Tailor and Sons,148945,78,14,4.1
1614,Bengaluru,Fashion,Handbag,Sony,Sinha-Salvi,126700,49,46,4.6
1615,Bengaluru,Fashion,Sunglasses,Adidas,"Korpal, Goda and Yogi",86388,292,30,3.8
1616,Bengaluru,Fashion,Sunglasses,LG,Uppal-Varma,130406,196,116,4.9
1617,Bengaluru,Fashion,Sunglasses,Apple,"Rajagopalan, Dara and Sane",146249,44,22,3.8
1618,Bengaluru,Fashion,Sunglasses,Reliance,Sandal-Raman,30409,464,344,5.0
1619,Bengaluru,Fashion,Sunglasses,HP,Chandran and Sons,68751,285,147,4.2
1620,Bengaluru,Home Appliances,Refrigerator,Godrej,"Seth, Mander and Dugal",76769,39,21,3.8
1621,Bengaluru,Home Appliances,Refrigerator,LG,Chauhan Group,72849,293,194,4.8
1622,Bengaluru,Home Appliances,Refrigerator,LG,Roy Ltd,35205,264,165,3.9
1623,Bengaluru,Home Appliances,Refrigerator,Philips,Tank-Madan,57377,288,226,4.2
1624,Bengaluru,Home Appliances,Refrigerator,Ikea,"Dugar, Contractor and Bahri",75084,160,129,4.4
1625,Bengaluru,Home Appliances,Washing Machine,Bajaj,"Setty, Chacko and Verma",109611,409,313,4.5
1626,Bengaluru,Home Appliances,Washing Machine,Nike,Shah-Mandal,55878,380,142,4.3
1627,Bengaluru,Home Appliances,Washing Machine,Godrej,Grewal-Sura,126465,368,222,3.5
1628,Bengaluru,Home Appliances,Washing Machine,Sony,Chakraborty and Sons,31693,451,310,4.0
1629,Bengaluru,Home Appliances,Washing Machine,Tata,"Thaman, Kala and Ratta",75932,145,14,4.0
1630,Bengaluru,Home Appliances,Microwave,Bajaj,"Sama, Ratti and Tiwari",75841,112,78,3.6
1631,Bengaluru,Home Appliances,Microwave,Dell,"Rege, Shan and Warrior",40100,467,84,4.5
1632,Bengaluru,Home Appliances,Microwave,Tata,Mallick Inc,10031,250,10,4.4
1633,Bengaluru,Home Appliances,Microwave,HP,Ram-Kapur,61493,405,403,4.6
1634,Bengaluru,Home Appliances,Microwave,Ikea,Lad Inc,148381,500,111,4.0
1635,Bengaluru,Home Appliances,Air Conditioner,HP,"Dey, Loke and Mahajan",99742,217,212,4.1
1636,Bengaluru,Home Appliances,Air Conditioner,Boat,Chaudhary and Sons,54626,70,25,3.5
1637,Bengaluru,Home Appliances,Air Conditioner,Apple,Sani Group,41701,447,37,4.2
1638,Bengaluru,Home Appliances,Air Conditioner,Prestige,Sunder-Bajwa,129318,263,136,4.6
1639,Bengaluru,Home Appliances,Air Conditioner,Nike,"Cheema, Mane and Dasgupta",34862,450,213,4.2
1640,Bengaluru,Home Appliances,Mixer Grinder,Puma,Ganguly Group,7387,383,381,4.3
1641,Bengaluru,Home Appliances,Mixer Grinder,Prestige,"Sami, Ramachandran and Khanna",136263,63,17,4.6
1642,Bengaluru,Home Appliances,Mixer Grinder,Dell,"Wali, Dewan and Loyal",71180,195,105,3.6
1643,Bengaluru,Home Appliances,Mixer Grinder,Apple,"Dugar, Sodhi and Wali",92135,376,376,4.7
1644,Bengaluru,Home Appliances,Mixer Grinder,Nike,Divan-Dasgupta,142410,164,68,3.9
1645,Bengaluru,Home Appliances,Vacuum Cleaner,Puma,Choudhury Inc,5283,21,7,4.7
1646,Bengaluru,Home Appliances,Vacuum Cleaner,Samsung,Shetty Ltd,91713,89,62,4.0
1647,Bengaluru,Home Appliances,Vacuum Cleaner,Mi,"Saha, Dhaliwal and Jayaraman",149661,226,26,3.5
1648,Bengaluru,Home Appliances,Vacuum Cleaner,Reliance,Rana PLC,94286,445,312,4.9
1649,Bengaluru,Home Appliances,Vacuum Cleaner,Dell,Som PLC,82800,390,198,4.0
1650,Bengaluru,Home Appliances,Water Purifier,Bajaj,Bera Inc,43517,44,40,4.2
1651,Bengaluru,Home Appliances,Water Purifier,Puma,Sur-Jayaraman,68524,179,51,4.6
1652,Bengaluru,Home Appliances,Water Purifier,Philips,Bose Ltd,148205,181,171,4.8
1653,Bengaluru,Home Appliances,Water Purifier,Nike,Baral Ltd,71439,465,325,4.9
1654,Bengaluru,Home Appliances,Water Purifier,LG,"Kunda, Chanda and Som",108705,217,179,4.5
1655,Bengaluru,Groceries,Rice,Prestige,Mani-Sodhi,20336,114,23,3.9
1656,Bengaluru,Groceries,Rice,Boat,Dugal Group,102142,290,17,4.0
1657,Bengaluru,Groceries,Rice,Dell,Dara LLC,12092,81,54,5.0
1658,Bengaluru,Groceries,Rice,Ikea,Krishnamurthy-Thakur,115427,338,286,5.0
1659,Bengaluru,Groceries,Rice,Prestige,"Mangat, Baral and Mahal",103100,290,151,3.6
1660,Bengaluru,Groceries,Wheat Flour,Nike,Jhaveri LLC,7810,46,40,4.0
1661,Bengaluru,Groceries,Wheat Flour,Sony,Lalla-Mall,58129,447,326,4.9
1662,Bengaluru,Groceries,Wheat Flour,Godrej,Karnik Ltd,122844,29,7,4.8
1663,Bengaluru,Groceries,Wheat Flour,Prestige,Raman Ltd,58318,225,156,3.7
1664,Bengaluru,Groceries,Wheat Flour,Lenovo,Kari PLC,108829,392,220,4.7
1665,Bengaluru,Groceries,Cooking Oil,Godrej,Dara-Vasa,87453,405,338,4.3
1666,Bengaluru,Groceries,Cooking Oil,Adidas,"Ganesh, Virk and Kade",113177,256,147,3.6
1667,Bengaluru,Groceries,Cooking Oil,Reliance,Gill LLC,50675,318,295,3.8
1668,Bengaluru,Groceries,Cooking Oil,LG,Bir Inc,90806,223,44,4.3
1669,Bengaluru,Groceries,Cooking Oil,Nike,Mallick and Sons,8515,497,197,4.8
1670,Bengaluru,Groceries,Sugar,Apple,Shere Ltd,55344,444,404,4.2
1671,Bengaluru,Groceries,Sugar,Adidas,"Raju, Dixit and Sastry",83192,315,269,4.7
1672,Bengaluru,Groceries,Sugar,Mi,"Uppal, Chand and Ahluwalia",141068,421,269,4.8
1673,Bengaluru,Groceries,Sugar,Godrej,"Sood, Zachariah and Goswami",133093,439,222,4.3
1674,Bengaluru,Groceries,Sugar,HP,Soni Ltd,48988,353,257,4.7
1675,Bengaluru,Groceries,Tea Powder,Prestige,"Khosla, Kuruvilla and Cheema",1198,83,19,3.6
1676,Bengaluru,Groceries,Tea Powder,Mi,Taneja-Sahota,65125,352,120,4.3
1677,Bengaluru,Groceries,Tea Powder,Boat,Loke-Khatri,74254,97,76,4.8
1678,Bengaluru,Groceries,Tea Powder,Apple,Suri-Bora,40317,264,180,4.6
1679,Bengaluru,Groceries,Tea Powder,Dell,Swaminathan-Kunda,119182,416,128,3.6
1680,Bengaluru,Groceries,Milk,LG,"Ganesh, Dada and Borra",46817,79,69,4.1
1681,Bengaluru,Groceries,Milk,Adidas,"Hegde, Dada and Virk",44459,203,117,3.9
1682,Bengaluru,Groceries,Milk,Sony,Setty and Sons,84971,377,215,4.3
1683,Bengaluru,Groceries,Milk,Sony,"Mahal, Khare and Tiwari",19208,325,134,4.7
1684,Bengaluru,Groceries,Milk,Puma,Cheema-Roy,54758,399,81,3.8
1685,Bengaluru,Groceries,Biscuits,Ikea,Chandra LLC,149596,177,132,5.0
1686,Bengaluru,Groceries,Biscuits,HP,Singhal Ltd,109087,183,39,4.6
1687,Bengaluru,Groceries,Biscuits,HP,Kalla-Chaudhari,11193,419,323,4.7
1688,Bengaluru,Groceries,Biscuits,Philips,"Behl, Gupta and Lanka",7332,34,17,3.9
1689,Bengaluru,Groceries,Biscuits,Samsung,Krishnamurthy-Dua,133170,292,50,4.1
1690,Bengaluru,Sports,Cricket Bat,Nike,"Virk, Seshadri and Shroff",28584,62,6,3.7
1691,Bengaluru,Sports,Cricket Bat,Apple,Karan-Ben,141085,445,358,3.9
1692,Bengaluru,Sports,Cricket Bat,Lenovo,Deshpande LLC,100939,466,209,4.6
1693,Bengaluru,Sports,Cricket Bat,Adidas,Chaudry-Bhatnagar,35276,106,35,5.0
1694,Bengaluru,Sports,Cricket Bat,Reliance,Kumar and Sons,60773,16,1,4.1
1695,Bengaluru,Sports,Football,Philips,"Mani, Bal and Bava",134557,316,205,5.0
1696,Bengaluru,Sports,Football,Philips,Deshpande PLC,41792,83,41,4.1
1697,Bengaluru,Sports,Football,Bajaj,Atwal LLC,126181,260,12,4.5
1698,Bengaluru,Sports,Football,Nike,Sura PLC,71218,400,134,4.3
1699,Bengaluru,Sports,Football,Adidas,"Babu, Thakkar and Virk",46992,70,8,4.3
1700,Bengaluru,Sports,Badminton Racket,Puma,"Lad, Baral and Gera",141310,116,54,3.9
1701,Bengaluru,Sports,Badminton Racket,LG,"Sampath, Arya and Sarkar",104280,400,98,4.5
1702,Bengaluru,Sports,Badminton Racket,Mi,"Buch, Dyal and Sidhu",44057,443,438,4.5
1703,Bengaluru,Sports,Badminton Racket,Philips,"Dugar, Guha and Sibal",123331,490,410,4.4
1704,Bengaluru,Sports,Badminton Racket,LG,"Bahri, Iyengar and Bajwa",114757,295,155,5.0
1705,Bengaluru,Sports,Gym Gloves,HP,Mandal Group,39309,39,25,4.9
1706,Bengaluru,Sports,Gym Gloves,Puma,Sengupta Inc,127652,210,138,3.6
1707,Bengaluru,Sports,Gym Gloves,Bajaj,Bhalla-Gole,99498,424,326,3.7
1708,Bengaluru,Sports,Gym Gloves,Tata,Sidhu-Das,30172,92,64,3.6
1709,Bengaluru,Sports,Gym Gloves,Adidas,Swaminathan-Bal,133555,279,93,4.3
1710,Bengaluru,Sports,Yoga Mat,HP,"Gara, Mann and Sharaf",91324,13,5,4.4
1711,Bengaluru,Sports,Yoga Mat,Samsung,Barman LLC,98990,72,8,4.1
1712,Bengaluru,Sports,Yoga Mat,Lenovo,Rao-Ramakrishnan,8904,307,254,3.7
1713,Bengaluru,Sports,Yoga Mat,Lenovo,Mangal-Rajan,111172,123,12,5.0
1714,Bengaluru,Sports,Yoga Mat,Nike,Atwal Ltd,82539,109,78,4.9
1715,Bengaluru,Sports,Cycling Helmet,Nike,"Dugar, Khurana and Sha",135271,267,88,4.5
1716,Bengaluru,Sports,Cycling Helmet,Sony,Sandal Inc,142090,108,89,4.7
1717,Bengaluru,Sports,Cycling Helmet,Godrej,Gaba-Johal,94401,364,325,4.5
1718,Bengaluru,Sports,Cycling Helmet,Bajaj,Kala-Kari,28738,70,13,4.7
1719,Bengaluru,Sports,Cycling Helmet,Lenovo,"Thakkar, Bali and Khosla",87981,388,62,4.6
1720,Bengaluru,Beauty,Face Wash,Sony,Dora-Kar,37961,129,65,4.0
1721,Bengaluru,Beauty,Face Wash,Samsung,Kala-Sane,39707,222,40,4.0
1722,Bengaluru,Beauty,Face Wash,Boat,"Chakraborty, Dhillon and Ahuja",59257,225,10,4.6
1723,Bengaluru,Beauty,Face Wash,Bajaj,Sethi-Bhandari,86529,49,10,3.7
1724,Bengaluru,Beauty,Face Wash,Puma,Bora-Shukla,79672,486,83,4.2
1725,Bengaluru,Beauty,Lipstick,Prestige,Sama-Badal,56750,95,8,4.7
1726,Bengaluru,Beauty,Lipstick,Tata,"Chander, Cherian and Koshy",102603,136,83,4.7
1727,Bengaluru,Beauty,Lipstick,Boat,Chadha-Subramaniam,75638,29,18,4.5
1728,Bengaluru,Beauty,Lipstick,HP,Dewan-Bhandari,115529,335,202,4.5
1729,Bengaluru,Beauty,Lipstick,Philips,"Sur, Arora and Lall",115978,156,78,3.8
1730,Bengaluru,Beauty,Perfume,Apple,"Kulkarni, Bains and Venkatesh",90030,410,348,4.5
1731,Bengaluru,Beauty,Perfume,Mi,"Rastogi, Sengupta and Dubey",149043,181,133,4.1
1732,Bengaluru,Beauty,Perfume,Sony,"Butala, Bhandari and Shetty",146964,313,226,4.6
1733,Bengaluru,Beauty,Perfume,Puma,Singh-Sunder,124579,241,124,4.2
1734,Bengaluru,Beauty,Perfume,Boat,"Swaminathan, Brar and Arya",2071,73,30,3.8
1735,Bengaluru,Beauty,Shampoo,Prestige,"Mand, Borde and Sharaf",75917,157,5,4.7
1736,Bengaluru,Beauty,Shampoo,Sony,Krish-Handa,81764,410,222,5.0
1737,Bengaluru,Beauty,Shampoo,Ikea,Kapadia-Wali,79391,45,27,4.7
1738,Bengaluru,Beauty,Shampoo,Adidas,Ramachandran-Das,122513,485,342,3.8
1739,Bengaluru,Beauty,Shampoo,LG,Kunda Group,149039,368,282,5.0
1740,Bengaluru,Beauty,Body Lotion,Prestige,Master-Thaman,147905,391,68,4.8
1741,Bengaluru,Beauty,Body Lotion,Philips,Dhingra-Bedi,69046,462,314,4.5
1742,Bengaluru,Beauty,Body Lotion,Tata,Garde-Sani,147722,269,26,4.3
1743,Bengaluru,Beauty,Body Lotion,Philips,Tata-De,62888,160,101,3.8
1744,Bengaluru,Beauty,Body Lotion,Adidas,Krishnan-Tailor,16783,88,50,4.2
1745,Bengaluru,Beauty,Hair Dryer,Sony,Sachdeva-Wason,34234,101,97,5.0
1746,Bengaluru,Beauty,Hair Dryer,Tata,Ahuja Ltd,91709,126,89,3.8
1747,Bengaluru,Beauty,Hair Dryer,Puma,Borah-Sundaram,107752,235,96,4.7
1748,Bengaluru,Beauty,Hair Dryer,Adidas,"Tak, Magar and Koshy",18882,384,206,4.6
1749,Bengaluru,Beauty,Hair Dryer,Godrej,"Khurana, Atwal and Kala",33193,418,27,4.3
1750,Hyderabad,Electronics,Smartphone,Tata,Sheth Inc,119636,272,250,4.2
1751,Hyderabad,Electronics,Smartphone,Dell,Lad Group,55630,171,70,4.3
1752,Hyderabad,Electronics,Smartphone,Dell,"Mall, D’Alia and Hora",41064,468,131,3.7
1753,Hyderabad,Electronics,Smartphone,Adidas,Rattan-Wali,119012,14,11,4.4
1754,Hyderabad,Electronics,Smartphone,Bajaj,"Kanda, Dyal and Cheema",107554,415,319,4.7
1755,Hyderabad,Electronics,Laptop,Samsung,Garg Ltd,53066,185,132,4.2
1756,Hyderabad,Electronics,Laptop,Sony,Goel-Vaidya,99837,23,20,4.5
1757,Hyderabad,Electronics,Laptop,HP,Manne Ltd,149167,127,51,3.6
1758,Hyderabad,Electronics,Laptop,Philips,Desai Ltd,34468,417,364,4.5
1759,Hyderabad,Electronics,Laptop,Philips,Acharya LLC,134740,117,114,4.1
1760,Hyderabad,Electronics,Smart TV,Samsung,Keer-Anand,116920,382,230,4.5
1761,Hyderabad,Electronics,Smart TV,Samsung,Suri-Vasa,30179,314,33,4.7
1762,Hyderabad,Electronics,Smart TV,Philips,Sarraf LLC,25496,50,46,4.5
1763,Hyderabad,Electronics,Smart TV,Mi,Kar-Tak,103771,463,459,3.8
1764,Hyderabad,Electronics,Smart TV,Sony,"Sharaf, Jaggi and Babu",39078,352,12,3.5
1765,Hyderabad,Electronics,Bluetooth Speaker,Boat,"Deshmukh, Ratta and Hora",125188,290,152,4.4
1766,Hyderabad,Electronics,Bluetooth Speaker,Tata,Jha-Bhattacharyya,34143,127,18,4.5
1767,Hyderabad,Electronics,Bluetooth Speaker,LG,"Sharaf, Gour and Bhat",69856,407,233,4.1
1768,Hyderabad,Electronics,Bluetooth Speaker,Godrej,"Gola, Reddy and Yadav",97834,267,38,4.6
1769,Hyderabad,Electronics,Bluetooth Speaker,Nike,Loke Group,3221,369,313,3.5
1770,Hyderabad,Electronics,Tablet,Boat,"Kapoor, Toor and Boase",98956,283,261,4.9
1771,Hyderabad,Electronics,Tablet,Bajaj,Behl-Ben,121977,441,288,4.7
1772,Hyderabad,Electronics,Tablet,Prestige,Loke and Sons,119528,94,63,4.4
1773,Hyderabad,Electronics,Tablet,Apple,Bera LLC,62254,166,5,4.8
1774,Hyderabad,Electronics,Tablet,Puma,Kaul and Sons,60009,135,128,4.2
1775,Hyderabad,Electronics,Gaming Console,Samsung,Yohannan LLC,51177,379,290,4.7
1776,Hyderabad,Electronics,Gaming Console,Bajaj,"Chanda, Mahal and Sinha",144915,152,93,4.3
1777,Hyderabad,Electronics,Gaming Console,Philips,Vora-Bail,91718,200,38,4.6
1778,Hyderabad,Electronics,Gaming Console,Puma,Wason PLC,78575,11,1,4.6
1779,Hyderabad,Electronics,Gaming Console,Boat,Thaman Inc,62140,82,69,4.3
1780,Hyderabad,Electronics,Smart Watch,Boat,"Sanghvi, Sandhu and Chatterjee",113743,365,174,4.3
1781,Hyderabad,Electronics,Smart Watch,Godrej,Sangha-Dhingra,88938,201,176,4.1
1782,Hyderabad,Electronics,Smart Watch,Mi,"Arora, Rao and Mand",98272,318,51,4.7
1783,Hyderabad,Electronics,Smart Watch,Sony,Savant and Sons,47188,495,344,4.1
1784,Hyderabad,Electronics,Smart Watch,Mi,"Walla, Vaidya and Walla",57079,143,20,4.4
1785,Hyderabad,Electronics,Headphones,Puma,Krish-Apte,94853,207,112,4.1
1786,Hyderabad,Electronics,Headphones,Dell,Jain-Sachdev,48947,181,37,4.3
1787,Hyderabad,Electronics,Headphones,HP,Chawla Inc,45683,27,11,4.3
1788,Hyderabad,Electronics,Headphones,Godrej,Sarna Inc,28470,377,92,4.1
1789,Hyderabad,Electronics,Headphones,Puma,"Shere, Zachariah and Hora",11836,191,67,3.7
1790,Hyderabad,Furniture,Sofa,LG,Borde-Mannan,61585,281,275,3.6
1791,Hyderabad,Furniture,Sofa,Nike,"Bhagat, Butala and Sama",50373,73,33,4.7
1792,Hyderabad,Furniture,Sofa,LG,"Varma, Kakar and Chaudry",9896,253,201,5.0
1793,Hyderabad,Furniture,Sofa,Adidas,"Raj, Konda and Tata",26741,197,149,3.8
1794,Hyderabad,Furniture,Sofa,Samsung,Hayre and Sons,48738,389,197,3.7
1795,Hyderabad,Furniture,Dining Table,Puma,Koshy PLC,14133,202,186,3.6
1796,Hyderabad,Furniture,Dining Table,Prestige,Bhavsar Ltd,89235,373,336,4.2
1797,Hyderabad,Furniture,Dining Table,LG,Sathe Group,57096,50,30,4.0
1798,Hyderabad,Furniture,Dining Table,Sony,Jaggi PLC,9378,119,92,4.2
1799,Hyderabad,Furniture,Dining Table,Nike,"Rout, Sura and Mann",143456,157,156,3.5
1800,Hyderabad,Furniture,Office Chair,Apple,Khanna and Sons,112832,215,193,4.0
1801,Hyderabad,Furniture,Office Chair,Adidas,"Sangha, Choudhary and Mallick",134758,27,3,3.9
1802,Hyderabad,Furniture,Office Chair,Lenovo,"Buch, Saraf and Ram",123583,110,18,4.6
1803,Hyderabad,Furniture,Office Chair,Boat,"Yohannan, Goswami and Bala",33697,135,49,4.4
1804,Hyderabad,Furniture,Office Chair,Bajaj,"Mallick, Khanna and Rajagopalan",111570,148,133,4.2
1805,Hyderabad,Furniture,Bed,Godrej,Sane Ltd,108838,69,34,4.3
1806,Hyderabad,Furniture,Bed,Adidas,Doshi Inc,147819,22,14,4.7
1807,Hyderabad,Furniture,Bed,Dell,Talwar-Date,106442,226,80,3.8
1808,Hyderabad,Furniture,Bed,HP,"Desai, Kumer and Sodhi",66628,15,6,3.8
1809,Hyderabad,Furniture,Bed,Mi,Kakar-Zacharia,91187,261,27,4.7
1810,Hyderabad,Furniture,Wardrobe,Lenovo,Grewal Inc,74752,420,262,3.8
1811,Hyderabad,Furniture,Wardrobe,Reliance,Sen-Mani,109729,500,410,3.7
1812,Hyderabad,Furniture,Wardrobe,Reliance,Dar-Sant,97845,299,298,3.8
1813,Hyderabad,Furniture,Wardrobe,Godrej,"Banik, Varghese and Aggarwal",41712,496,135,3.5
1814,Hyderabad,Furniture,Wardrobe,Apple,Bhattacharyya LLC,110051,365,65,4.8
1815,Hyderabad,Furniture,Bookshelf,Prestige,"Walia, Grover and Sekhon",119611,23,3,4.3
1816,Hyderabad,Furniture,Bookshelf,Tata,"Cherian, Luthra and Varty",66616,352,128,4.4
1817,Hyderabad,Furniture,Bookshelf,HP,"Arya, Khalsa and Aggarwal",15611,81,33,4.5
1818,Hyderabad,Furniture,Bookshelf,Samsung,Chanda Ltd,9178,87,31,4.7
1819,Hyderabad,Furniture,Bookshelf,Boat,"Lad, Mangat and Brahmbhatt",147084,495,330,4.3
1820,Hyderabad,Furniture,Coffee Table,Samsung,Samra-Sethi,108839,409,264,4.8
1821,Hyderabad,Furniture,Coffee Table,Prestige,Savant-Choudhry,103859,97,81,3.6
1822,Hyderabad,Furniture,Coffee Table,Bajaj,"Bhat, Devan and Chopra",76961,381,125,4.9
1823,Hyderabad,Furniture,Coffee Table,Prestige,Bhargava Ltd,2556,217,60,4.3
1824,Hyderabad,Furniture,Coffee Table,Apple,Tailor-Bhasin,54558,202,102,4.3
1825,Hyderabad,Furniture,TV Unit,Reliance,"Khare, Wadhwa and Chandra",55310,23,14,3.6
1826,Hyderabad,Furniture,TV Unit,Godrej,"Ray, Dewan and Barman",93069,173,55,4.2
1827,Hyderabad,Furniture,TV Unit,Samsung,Chowdhury PLC,69851,161,45,4.3
1828,Hyderabad,Furniture,TV Unit,Philips,Solanki and Sons,69631,268,39,4.0
1829,Hyderabad,Furniture,TV Unit,Boat,Kibe Ltd,111748,198,86,4.7
1830,Hyderabad,Fashion,T-Shirt,Dell,Sahni Inc,2697,380,29,4.3
1831,Hyderabad,Fashion,T-Shirt,Tata,Bedi Ltd,56858,233,220,5.0
1832,Hyderabad,Fashion,T-Shirt,Adidas,Samra-Choudhury,20515,129,19,4.9
1833,Hyderabad,Fashion,T-Shirt,Samsung,Garg and Sons,27701,79,31,4.2
1834,Hyderabad,Fashion,T-Shirt,Lenovo,"Venkatesh, Saran and Chander",19247,48,31,3.9
1835,Hyderabad,Fashion,Jeans,Reliance,"Keer, Bobal and Deol",42532,122,39,3.6
1836,Hyderabad,Fashion,Jeans,LG,Khosla-Butala,42386,485,54,3.9
1837,Hyderabad,Fashion,Jeans,Puma,Upadhyay-Baria,139893,360,124,4.2
1838,Hyderabad,Fashion,Jeans,Mi,"Bora, Joshi and Tripathi",21499,106,23,4.3
1839,Hyderabad,Fashion,Jeans,Tata,Deol-Agarwal,47909,102,24,4.3
1840,Hyderabad,Fashion,Kurti,Ikea,"Bala, Khare and Ramanathan",102414,452,132,4.7
1841,Hyderabad,Fashion,Kurti,Lenovo,Char-Sharaf,105377,352,44,3.8
1842,Hyderabad,Fashion,Kurti,Adidas,"Thakur, Baria and Deol",66452,358,72,4.1
1843,Hyderabad,Fashion,Kurti,Mi,"Walla, Kanda and Bail",19138,150,130,4.6
1844,Hyderabad,Fashion,Kurti,Mi,Atwal-Srinivasan,14186,395,212,3.7
1845,Hyderabad,Fashion,Sneakers,Boat,Sundaram Inc,41705,107,90,3.8
1846,Hyderabad,Fashion,Sneakers,Apple,Shere-Sarin,28571,118,80,3.5
1847,Hyderabad,Fashion,Sneakers,Prestige,"Deol, Venkatesh and Ramanathan",100611,122,35,3.6
1848,Hyderabad,Fashion,Sneakers,Dell,"Devan, Chander and Dutt",62324,472,440,5.0
1849,Hyderabad,Fashion,Sneakers,Dell,Mander LLC,117341,390,66,4.1
1850,Hyderabad,Fashion,Jacket,Philips,Raju Ltd,20516,299,202,4.2
1851,Hyderabad,Fashion,Jacket,Prestige,Vig PLC,116797,45,45,4.0
1852,Hyderabad,Fashion,Jacket,Sony,Bansal-Sharma,120103,287,270,4.8
1853,Hyderabad,Fashion,Jacket,Adidas,"Bora, Ravi and Gupta",31020,452,185,3.7
1854,Hyderabad,Fashion,Jacket,Prestige,Kalita Inc,13282,20,1,3.8
1855,Hyderabad,Fashion,Watch,Apple,Vala-Jain,6621,102,62,4.5
1856,Hyderabad,Fashion,Watch,Prestige,"Ranganathan, Sodhi and Doctor",47814,244,115,4.0
1857,Hyderabad,Fashion,Watch,HP,Saran LLC,12922,124,75,4.0
1858,Hyderabad,Fashion,Watch,Lenovo,Sathe-Shukla,104758,424,322,3.9
1859,Hyderabad,Fashion,Watch,Boat,Dave Group,125614,287,17,4.2
1860,Hyderabad,Fashion,Handbag,Philips,Agrawal and Sons,4746,291,274,4.4
1861,Hyderabad,Fashion,Handbag,LG,"Raman, Kohli and Dubey",114666,66,21,3.8
1862,Hyderabad,Fashion,Handbag,Nike,"Thaman, Chatterjee and Agate",104257,19,18,4.4
1863,Hyderabad,Fashion,Handbag,Boat,Mall-Kannan,48524,414,68,3.9
1864,Hyderabad,Fashion,Handbag,Samsung,Lalla and Sons,110964,474,252,4.9
1865,Hyderabad,Fashion,Sunglasses,Mi,"Dutt, Char and Bhatnagar",30996,423,404,4.1
1866,Hyderabad,Fashion,Sunglasses,Apple,Bava LLC,90101,249,56,4.4
1867,Hyderabad,Fashion,Sunglasses,HP,Sharaf-Sodhi,135547,323,264,3.8
1868,Hyderabad,Fashion,Sunglasses,Mi,"Bhatia, Kar and Baral",3003,139,75,3.9
1869,Hyderabad,Fashion,Sunglasses,HP,Bail-Ram,80616,244,139,3.8
1870,Hyderabad,Home Appliances,Refrigerator,Apple,"Viswanathan, Tripathi and Vaidya",22837,260,153,3.6
1871,Hyderabad,Home Appliances,Refrigerator,Philips,Chopra Inc,73993,31,28,3.6
1872,Hyderabad,Home Appliances,Refrigerator,Ikea,Chawla Inc,15006,444,19,4.4
1873,Hyderabad,Home Appliances,Refrigerator,Nike,Ghose Inc,86571,130,16,4.3
1874,Hyderabad,Home Appliances,Refrigerator,Ikea,Bali-Loke,20492,106,40,3.9
1875,Hyderabad,Home Appliances,Washing Machine,Apple,"Sha, Balakrishnan and Trivedi",48134,172,4,4.2
1876,Hyderabad,Home Appliances,Washing Machine,Adidas,Ahuja-Date,145385,224,176,4.1
1877,Hyderabad,Home Appliances,Washing Machine,Samsung,Dhaliwal-Kumar,89185,276,213,3.7
1878,Hyderabad,Home Appliances,Washing Machine,Tata,Sur-Bhalla,102518,22,18,3.7
1879,Hyderabad,Home Appliances,Washing Machine,HP,Sule PLC,9946,238,168,4.6
1880,Hyderabad,Home Appliances,Microwave,Tata,"Devan, Wadhwa and Wable",72423,464,447,4.1
1881,Hyderabad,Home Appliances,Microwave,LG,"Soni, Wadhwa and Datta",31127,193,73,3.6
1882,Hyderabad,Home Appliances,Microwave,Prestige,Kuruvilla-Ben,10470,36,31,3.9
1883,Hyderabad,Home Appliances,Microwave,Boat,Jha LLC,3543,464,391,4.0
1884,Hyderabad,Home Appliances,Microwave,Bajaj,"Mangat, Sastry and Wadhwa",149916,53,19,3.9
1885,Hyderabad,Home Appliances,Air Conditioner,LG,Sehgal-Bhavsar,71678,397,329,3.7
1886,Hyderabad,Home Appliances,Air Conditioner,Lenovo,"Swamy, Subramaniam and Lad",149149,422,324,4.6
1887,Hyderabad,Home Appliances,Air Conditioner,Prestige,Shah Ltd,82442,296,126,4.0
1888,Hyderabad,Home Appliances,Air Conditioner,Bajaj,Sharma LLC,120153,481,267,3.9
1889,Hyderabad,Home Appliances,Air Conditioner,Boat,Yogi-Kala,19978,280,29,3.6
1890,Hyderabad,Home Appliances,Mixer Grinder,Philips,"Jha, Sha and Sarma",41876,125,38,4.7
1891,Hyderabad,Home Appliances,Mixer Grinder,Mi,"Korpal, Dugar and Vaidya",96601,268,114,4.9
1892,Hyderabad,Home Appliances,Mixer Grinder,Mi,Dar Ltd,65351,52,1,3.8
1893,Hyderabad,Home Appliances,Mixer Grinder,Adidas,"Kapur, Maharaj and Brar",61236,350,137,3.7
1894,Hyderabad,Home Appliances,Mixer Grinder,Prestige,Luthra Inc,16795,439,76,4.1
1895,Hyderabad,Home Appliances,Vacuum Cleaner,Apple,"Gaba, Krishnamurthy and Bakshi",147916,224,87,4.4
1896,Hyderabad,Home Appliances,Vacuum Cleaner,Samsung,Karnik-Dhingra,8586,204,42,4.5
1897,Hyderabad,Home Appliances,Vacuum Cleaner,Reliance,Sani and Sons,46822,206,75,4.8
1898,Hyderabad,Home Appliances,Vacuum Cleaner,Samsung,Kashyap-Bora,31068,134,17,4.7
1899,Hyderabad,Home Appliances,Vacuum Cleaner,Samsung,Kala Group,82811,258,125,4.6
1900,Hyderabad,Home Appliances,Water Purifier,Adidas,Chadha-Shan,61267,365,18,4.1
1901,Hyderabad,Home Appliances,Water Purifier,Apple,Mangal Group,6265,134,40,4.1
1902,Hyderabad,Home Appliances,Water Purifier,Apple,Bains and Sons,85546,276,66,3.9
1903,Hyderabad,Home Appliances,Water Purifier,Ikea,"Wable, Sabharwal and Chaudhry",64474,164,107,3.9
1904,Hyderabad,Home Appliances,Water Purifier,HP,"Mall, Dua and Gulati",98698,379,343,3.8
1905,Hyderabad,Groceries,Rice,Puma,Wali LLC,125721,127,74,3.7
1906,Hyderabad,Groceries,Rice,Apple,"Aggarwal, Ahluwalia and Bawa",93760,265,217,4.9
1907,Hyderabad,Groceries,Rice,Adidas,Chandran Inc,7323,93,52,4.3
1908,Hyderabad,Groceries,Rice,Prestige,Vig and Sons,115864,90,40,3.7
1909,Hyderabad,Groceries,Rice,Boat,"Choudhury, Bhavsar and Solanki",109474,376,293,3.6
1910,Hyderabad,Groceries,Wheat Flour,Dell,"Dube, Iyer and Sehgal",137292,323,204,3.6
1911,Hyderabad,Groceries,Wheat Flour,Boat,"Raja, Bahri and Kapur",137939,386,214,3.7
1912,Hyderabad,Groceries,Wheat Flour,Samsung,Buch-Saraf,40599,319,209,4.2
1913,Hyderabad,Groceries,Wheat Flour,Sony,Dash-Roy,87236,279,39,4.6
1914,Hyderabad,Groceries,Wheat Flour,Samsung,"Sarin, Butala and Das",51818,397,59,4.4
1915,Hyderabad,Groceries,Cooking Oil,Apple,Anne-Kashyap,45995,182,93,4.4
1916,Hyderabad,Groceries,Cooking Oil,Godrej,Kumer-Gopal,104939,25,12,3.6
1917,Hyderabad,Groceries,Cooking Oil,LG,Kumar LLC,132497,285,79,5.0
1918,Hyderabad,Groceries,Cooking Oil,Bajaj,Khanna-Kapur,144658,127,77,4.4
1919,Hyderabad,Groceries,Cooking Oil,Tata,Kibe Inc,12380,302,107,4.5
1920,Hyderabad,Groceries,Sugar,Ikea,Brar LLC,93693,181,86,4.7
1921,Hyderabad,Groceries,Sugar,Samsung,"Jha, Shah and Kari",138282,162,2,3.8
1922,Hyderabad,Groceries,Sugar,Dell,Edwin-Bhattacharyya,66993,430,355,4.9
1923,Hyderabad,Groceries,Sugar,LG,"Sarna, Saxena and Bansal",127353,233,195,3.7
1924,Hyderabad,Groceries,Sugar,Adidas,Mahal LLC,98935,136,54,3.9
1925,Hyderabad,Groceries,Tea Powder,Boat,"Chaudhari, Kale and Tiwari",36727,179,136,3.7
1926,Hyderabad,Groceries,Tea Powder,Boat,Bhardwaj-Bhatia,105461,381,248,4.2
1927,Hyderabad,Groceries,Tea Powder,Philips,Bajwa and Sons,120427,457,79,3.8
1928,Hyderabad,Groceries,Tea Powder,Sony,"Varghese, Singh and Raman",18741,64,15,3.8
1929,Hyderabad,Groceries,Tea Powder,HP,Chana Ltd,34246,449,374,4.8
1930,Hyderabad,Groceries,Milk,Dell,Bail-Char,22315,168,90,4.1
1931,Hyderabad,Groceries,Milk,Samsung,Dugar-Trivedi,68711,472,170,4.3
1932,Hyderabad,Groceries,Milk,Lenovo,"Salvi, Bumb and Samra",72533,230,67,4.9
1933,Hyderabad,Groceries,Milk,Mi,Ghose-Yogi,63988,308,143,3.5
1934,Hyderabad,Groceries,Milk,HP,Hayer Group,109984,317,234,5.0
1935,Hyderabad,Groceries,Biscuits,Apple,"Vora, Khanna and Gandhi",126463,102,93,4.4
1936,Hyderabad,Groceries,Biscuits,LG,"Kapadia, Din and Dasgupta",91232,256,231,4.5
1937,Hyderabad,Groceries,Biscuits,Nike,"Walla, Bhakta and Bhandari",131124,67,57,4.9
1938,Hyderabad,Groceries,Biscuits,Dell,Verma Inc,25620,347,41,5.0
1939,Hyderabad,Groceries,Biscuits,Apple,Kapoor PLC,14322,392,117,3.7
1940,Hyderabad,Sports,Cricket Bat,Reliance,Mander-Soni,21905,64,5,4.0
1941,Hyderabad,Sports,Cricket Bat,Adidas,"Kumar, Raju and Bala",120757,87,82,4.8
1942,Hyderabad,Sports,Cricket Bat,Apple,Balay-Dara,41600,408,201,4.0
1943,Hyderabad,Sports,Cricket Bat,Ikea,Saraf-Soman,25702,458,392,4.3
1944,Hyderabad,Sports,Cricket Bat,Adidas,"Sinha, Sachdev and Dora",28742,249,242,4.5
1945,Hyderabad,Sports,Football,LG,"Dube, Wason and Chada",137386,87,18,4.4
1946,Hyderabad,Sports,Football,Bajaj,Krishna-Trivedi,41422,66,13,4.0
1947,Hyderabad,Sports,Football,Samsung,Sant-Setty,23552,267,75,4.1
1948,Hyderabad,Sports,Football,Adidas,Kapoor Ltd,112276,302,208,4.3
1949,Hyderabad,Sports,Football,Boat,Dugar-Hora,88730,474,319,3.8
1950,Hyderabad,Sports,Badminton Racket,Mi,"Sinha, Dhingra and Dhar",48487,188,84,3.9
1951,Hyderabad,Sports,Badminton Racket,HP,Swamy LLC,129598,213,122,4.5
1952,Hyderabad,Sports,Badminton Racket,Apple,"Cherian, Hari and Chada",132913,213,129,4.2
1953,Hyderabad,Sports,Badminton Racket,Tata,Bansal-Dass,56756,206,10,4.8
1954,Hyderabad,Sports,Badminton Racket,Lenovo,Gill and Sons,107515,114,100,4.7
1955,Hyderabad,Sports,Gym Gloves,Bajaj,Bhatia-Barad,119241,240,1,3.8
1956,Hyderabad,Sports,Gym Gloves,LG,"Deshmukh, Bansal and Deshmukh",145904,296,10,3.7
1957,Hyderabad,Sports,Gym Gloves,Sony,Krish PLC,87872,255,168,4.9
1958,Hyderabad,Sports,Gym Gloves,Lenovo,"Chacko, Barman and Srinivasan",86535,366,248,4.1
1959,Hyderabad,Sports,Gym Gloves,Reliance,Sanghvi Group,40608,242,58,4.8
1960,Hyderabad,Sports,Yoga Mat,Samsung,"Dugar, Lala and Ratta",9556,118,104,3.9
1961,Hyderabad,Sports,Yoga Mat,Philips,"Swaminathan, Manda and Kaur",144495,37,25,4.4
1962,Hyderabad,Sports,Yoga Mat,Tata,"Kala, Ahluwalia and Biswas",57440,116,28,3.8
1963,Hyderabad,Sports,Yoga Mat,Puma,Raval LLC,16011,351,206,4.4
1964,Hyderabad,Sports,Yoga Mat,Prestige,"Bahri, Shan and Sura",129675,91,13,4.2
1965,Hyderabad,Sports,Cycling Helmet,Puma,Sengupta Ltd,89077,41,34,3.9
1966,Hyderabad,Sports,Cycling Helmet,Lenovo,"Krishna, Rastogi and Bala",108542,289,210,3.8
1967,Hyderabad,Sports,Cycling Helmet,Adidas,Anand Group,30838,389,84,3.8
1968,Hyderabad,Sports,Cycling Helmet,Puma,"Rau, Chand and Bhat",139917,258,197,4.8
1969,Hyderabad,Sports,Cycling Helmet,Prestige,Dua PLC,106072,172,67,4.4
1970,Hyderabad,Beauty,Face Wash,Prestige,Rau Inc,82228,39,13,4.4
1971,Hyderabad,Beauty,Face Wash,Godrej,Raj Ltd,73303,238,49,4.0
1972,Hyderabad,Beauty,Face Wash,Mi,Tailor-Raju,74062,335,148,3.7
1973,Hyderabad,Beauty,Face Wash,Reliance,Wali-Ray,16650,61,18,5.0
1974,Hyderabad,Beauty,Face Wash,Bajaj,Chaudhari-Bhakta,107880,468,334,4.7
1975,Hyderabad,Beauty,Lipstick,Tata,Lall and Sons,85753,104,30,4.7
1976,Hyderabad,Beauty,Lipstick,Apple,Suri and Sons,111474,255,94,4.8
1977,Hyderabad,Beauty,Lipstick,Apple,"Dhingra, Sastry and Sangha",145111,381,260,3.7
1978,Hyderabad,Beauty,Lipstick,Apple,"Rege, Yogi and Badal",77778,307,276,4.3
1979,Hyderabad,Beauty,Lipstick,Apple,Dada Group,21506,457,427,3.6
1980,Hyderabad,Beauty,Perfume,Sony,Thaman-Choudhury,49035,433,205,4.1
1981,Hyderabad,Beauty,Perfume,Nike,Sahni Group,128731,204,178,4.9
1982,Hyderabad,Beauty,Perfume,Tata,Kaul-Shere,18602,304,64,4.3
1983,Hyderabad,Beauty,Perfume,Tata,"Kakar, Karan and Mani",116861,125,32,3.8
1984,Hyderabad,Beauty,Perfume,Dell,"Chander, Saran and Kothari",114071,444,380,4.6
1985,Hyderabad,Beauty,Shampoo,Lenovo,"Kala, Varma and Bhatt",72352,384,120,4.9
1986,Hyderabad,Beauty,Shampoo,Ikea,"Sur, Dugar and Wali",103705,229,33,4.0
1987,Hyderabad,Beauty,Shampoo,Lenovo,"Iyengar, Basu and Swamy",89331,161,34,3.9
1988,Hyderabad,Beauty,Shampoo,Boat,"Varghese, Suresh and Hayer",143043,152,8,4.7
1989,Hyderabad,Beauty,Shampoo,Lenovo,Venkatesh-Vohra,66410,143,49,4.0
1990,Hyderabad,Beauty,Body Lotion,Nike,Sama-Ahluwalia,78487,207,200,4.6
1991,Hyderabad,Beauty,Body Lotion,Bajaj,"Mahal, Borah and Handa",131129,259,99,4.6
1992,Hyderabad,Beauty,Body Lotion,Reliance,Verma-Lanka,120254,104,58,3.8
1993,Hyderabad,Beauty,Body Lotion,LG,"Khosla, Biswas and Ravel",20082,67,20,3.5
1994,Hyderabad,Beauty,Body Lotion,Lenovo,Agrawal-Dyal,103013,329,161,3.5
1995,Hyderabad,Beauty,Hair Dryer,Philips,"Buch, Cheema and Balan",122551,11,3,4.3
1996,Hyderabad,Beauty,Hair Dryer,Boat,"Seth, Ghosh and Bhattacharyya",140400,347,29,4.2
1997,Hyderabad,Beauty,Hair Dryer,Dell,Dugal LLC,15843,84,38,3.8
1998,Hyderabad,Beauty,Hair Dryer,Apple,Subramaniam-Sagar,41264,445,258,4.7
1999,Hyderabad,Beauty,Hair Dryer,Philips,Buch Group,18221,88,75,4.0
2000,Chennai,Electronics,Smartphone,Prestige,"Vohra, Chanda and Jani",74970,19,2,4.6
2001,Chennai,Electronics,Smartphone,Mi,"Solanki, Iyer and Sarraf",73302,453,189,3.7
2002,Chennai,Electronics,Smartphone,Puma,"Bansal, Gala and Chopra",107773,454,99,4.4
2003,Chennai,Electronics,Smartphone,Mi,"Ganguly, Dey and Joshi",109936,451,36,4.3
2004,Chennai,Electronics,Smartphone,Adidas,Divan Group,10116,104,42,4.0
2005,Chennai,Electronics,Laptop,Reliance,"Sura, Kala and Guha",55231,218,20,4.2
2006,Chennai,Electronics,Laptop,Sony,"Sinha, Saha and Devan",28568,201,137,3.7
2007,Chennai,Electronics,Laptop,Reliance,Swamy-Dada,35285,241,113,4.3
2008,Chennai,Electronics,Laptop,Tata,Bal Ltd,11393,373,135,4.3
2009,Chennai,Electronics,Laptop,Lenovo,"Ramakrishnan, Vig and Vaidya",96202,380,213,3.9
2010,Chennai,Electronics,Smart TV,Bajaj,Deol-Kibe,91159,248,21,4.8
2011,Chennai,Electronics,Smart TV,Bajaj,Sethi-Bahri,54385,33,12,3.7
2012,Chennai,Electronics,Smart TV,Reliance,Kadakia-Krishnamurthy,149914,351,321,4.1
2013,Chennai,Electronics,Smart TV,Dell,Goel-Sandal,96053,391,213,3.5
2014,Chennai,Electronics,Smart TV,Reliance,"Toor, Sachdeva and Barman",115622,329,240,4.4
2015,Chennai,Electronics,Bluetooth Speaker,Puma,Bains Group,143901,320,152,3.9
2016,Chennai,Electronics,Bluetooth Speaker,Puma,"Andra, Sabharwal and Handa",76544,334,127,4.9
2017,Chennai,Electronics,Bluetooth Speaker,Mi,"Bail, Comar and Amble",86891,317,109,4.4
2018,Chennai,Electronics,Bluetooth Speaker,Nike,Shan-Barad,82382,499,79,4.1
2019,Chennai,Electronics,Bluetooth Speaker,Nike,Sarraf-Borah,143696,429,309,3.9
2020,Chennai,Electronics,Tablet,LG,Taneja-Goel,21994,319,245,4.0
2021,Chennai,Electronics,Tablet,Samsung,"Joshi, Date and Chawla",47233,130,7,4.1
2022,Chennai,Electronics,Tablet,Boat,Shere-D’Alia,136453,266,78,4.3
2023,Chennai,Electronics,Tablet,Philips,"Borde, Datta and Badami",76095,162,105,4.4
2024,Chennai,Electronics,Tablet,Apple,Andra-Butala,6006,435,144,4.3
2025,Chennai,Electronics,Gaming Console,HP,"Samra, Tandon and Salvi",143695,337,67,4.7
2026,Chennai,Electronics,Gaming Console,Adidas,Brahmbhatt Group,129956,52,44,4.9
2027,Chennai,Electronics,Gaming Console,Philips,"Badal, Bhalla and Gandhi",28946,60,16,4.4
2028,Chennai,Electronics,Gaming Console,Boat,Bajaj-Kumer,6483,128,63,4.9
2029,Chennai,Electronics,Gaming Console,Tata,Sahota LLC,70036,326,125,5.0
2030,Chennai,Electronics,Smart Watch,HP,Chaudhry-Gade,30501,408,244,3.7
2031,Chennai,Electronics,Smart Watch,Tata,Solanki-Gopal,102285,171,168,3.8
2032,Chennai,Electronics,Smart Watch,Lenovo,Ram Ltd,6845,205,100,4.2
2033,Chennai,Electronics,Smart Watch,Adidas,Andra-Sood,126897,256,85,4.6
2034,Chennai,Electronics,Smart Watch,Sony,Ram PLC,64989,393,220,4.6
2035,Chennai,Electronics,Headphones,Mi,Mani-Vasa,109431,101,15,3.7
2036,Chennai,Electronics,Headphones,Sony,"Dhawan, Dey and Dada",114987,331,51,3.9
2037,Chennai,Electronics,Headphones,Samsung,Sidhu-Contractor,96490,241,69,4.0
2038,Chennai,Electronics,Headphones,HP,Goswami LLC,80100,255,21,4.7
2039,Chennai,Electronics,Headphones,Godrej,"Aurora, Rajan and Brahmbhatt",72192,423,228,4.6
2040,Chennai,Furniture,Sofa,Sony,Warrior PLC,97928,270,72,4.7
2041,Chennai,Furniture,Sofa,Nike,Konda LLC,102369,409,98,3.9
2042,Chennai,Furniture,Sofa,Prestige,Tripathi Inc,83722,231,180,3.7
2043,Chennai,Furniture,Sofa,Apple,Jayaraman-Luthra,110122,441,425,3.7
2044,Chennai,Furniture,Sofa,Reliance,Raja Inc,106654,459,294,4.8
2045,Chennai,Furniture,Dining Table,Nike,Barman Inc,6426,320,160,3.8
2046,Chennai,Furniture,Dining Table,HP,Ratta-Sachar,26695,433,30,3.8
2047,Chennai,Furniture,Dining Table,Godrej,Gupta LLC,57550,478,346,4.9
2048,Chennai,Furniture,Dining Table,Apple,"Sane, Lal and Bora",40199,349,143,3.7
2049,Chennai,Furniture,Dining Table,Puma,Loke-Karan,8296,440,390,4.9
2050,Chennai,Furniture,Office Chair,Nike,"Iyer, Batta and Mane",101743,469,102,4.1
2051,Chennai,Furniture,Office Chair,Bajaj,Kala and Sons,30756,351,53,4.1
2052,Chennai,Furniture,Office Chair,Godrej,Agrawal LLC,125125,224,8,4.6
2053,Chennai,Furniture,Office Chair,Puma,Golla-Kunda,49676,54,40,3.8
2054,Chennai,Furniture,Office Chair,Lenovo,Yadav Ltd,137989,318,127,4.7
2055,Chennai,Furniture,Bed,LG,"Soni, Venkataraman and Lad",22029,111,5,4.4
2056,Chennai,Furniture,Bed,HP,Salvi-Maharaj,133702,64,53,3.8
2057,Chennai,Furniture,Bed,Prestige,Gade PLC,98763,296,19,5.0
2058,Chennai,Furniture,Bed,Sony,Sanghvi-Kulkarni,54939,226,1,4.0
2059,Chennai,Furniture,Bed,Lenovo,Karan Group,120040,371,72,4.2
2060,Chennai,Furniture,Wardrobe,Dell,Dhingra and Sons,22134,469,346,3.7
2061,Chennai,Furniture,Wardrobe,Nike,Kaur LLC,10283,373,93,4.8
2062,Chennai,Furniture,Wardrobe,Bajaj,Saraf Group,32688,221,106,4.9
2063,Chennai,Furniture,Wardrobe,Ikea,Deo LLC,28928,39,4,4.6
2064,Chennai,Furniture,Wardrobe,Lenovo,Vaidya-Sandal,59519,197,30,4.1
2065,Chennai,Furniture,Bookshelf,Dell,"Dhingra, Dube and Choudhry",79633,206,91,4.7
2066,Chennai,Furniture,Bookshelf,Bajaj,Sura PLC,131038,63,61,4.5
2067,Chennai,Furniture,Bookshelf,Nike,"Borah, Brar and Kibe",42372,453,341,4.4
2068,Chennai,Furniture,Bookshelf,Dell,Bava-Dey,121374,167,29,4.1
2069,Chennai,Furniture,Bookshelf,Boat,Cheema-Butala,31841,415,146,4.3
2070,Chennai,Furniture,Coffee Table,Ikea,Luthra-Anne,73420,332,321,4.7
2071,Chennai,Furniture,Coffee Table,Dell,Shetty-Zacharia,100923,272,1,4.5
2072,Chennai,Furniture,Coffee Table,Philips,"Kurian, Kaur and Gara",61071,251,219,4.3
2073,Chennai,Furniture,Coffee Table,Samsung,Mane Ltd,23346,468,43,4.3
2074,Chennai,Furniture,Coffee Table,Nike,Dasgupta-Bala,50799,100,46,3.9
2075,Chennai,Furniture,TV Unit,Tata,Bandi-Sem,37549,126,39,3.6
2076,Chennai,Furniture,TV Unit,Prestige,Kohli Ltd,134494,420,88,4.5
2077,Chennai,Furniture,TV Unit,Lenovo,Chacko-Khanna,12638,47,2,3.7
2078,Chennai,Furniture,TV Unit,Sony,Boase-Basak,143993,303,86,4.0
2079,Chennai,Furniture,TV Unit,Sony,Ghose LLC,105505,462,398,4.9
2080,Chennai,Fashion,T-Shirt,Prestige,Shere-Randhawa,106856,52,32,5.0
2081,Chennai,Fashion,T-Shirt,Reliance,Guha Ltd,40318,176,127,3.5
2082,Chennai,Fashion,T-Shirt,Adidas,"Sachar, Kalita and Sane",144626,268,126,4.3
2083,Chennai,Fashion,T-Shirt,Philips,Atwal LLC,24733,344,318,4.2
2084,Chennai,Fashion,T-Shirt,Boat,Sachdev PLC,49259,376,186,3.7
2085,Chennai,Fashion,Jeans,Tata,Rege LLC,70123,290,192,3.9
2086,Chennai,Fashion,Jeans,Reliance,Hans-Vasa,11398,281,45,3.7
2087,Chennai,Fashion,Jeans,Reliance,Agrawal-Kannan,67476,334,34,4.2
2088,Chennai,Fashion,Jeans,Lenovo,"Hari, Sidhu and Master",2743,353,117,4.7
2089,Chennai,Fashion,Jeans,Prestige,Reddy-Lad,130106,422,64,4.6
2090,Chennai,Fashion,Kurti,Nike,Keer-Bali,134636,30,11,4.9
2091,Chennai,Fashion,Kurti,Samsung,Kakar PLC,141006,455,340,4.4
2092,Chennai,Fashion,Kurti,Apple,Kata-Bhatnagar,118494,12,7,4.0
2093,Chennai,Fashion,Kurti,Bajaj,"Rege, Wali and Hayre",116263,388,9,3.5
2094,Chennai,Fashion,Kurti,Adidas,Ahuja-Gopal,25932,135,30,3.6
2095,Chennai,Fashion,Sneakers,Sony,Bakshi-Dora,19529,201,200,4.7
2096,Chennai,Fashion,Sneakers,Nike,Sarna PLC,108040,441,61,5.0
2097,Chennai,Fashion,Sneakers,Lenovo,Srivastava-Golla,8503,140,35,3.9
2098,Chennai,Fashion,Sneakers,HP,"Varghese, Dash and Sodhi",149429,468,338,3.5
2099,Chennai,Fashion,Sneakers,HP,"Sengupta, Sankar and Contractor",142983,285,157,3.8
2100,Chennai,Fashion,Jacket,Reliance,"Verma, Tandon and Som",17626,70,48,4.6
2101,Chennai,Fashion,Jacket,LG,"Mann, Kanda and Sarma",52254,281,250,3.7
2102,Chennai,Fashion,Jacket,Reliance,"Boase, Dubey and Hans",49728,199,11,3.6
2103,Chennai,Fashion,Jacket,Lenovo,"Borra, Rajagopalan and Dhawan",105118,500,35,3.7
2104,Chennai,Fashion,Jacket,Tata,Iyengar-Bandi,31147,196,158,4.5
2105,Chennai,Fashion,Watch,Godrej,Chandra-Gopal,26759,353,97,4.4
2106,Chennai,Fashion,Watch,Bajaj,"Deshpande, Yohannan and Mandal",139792,80,13,3.8
2107,Chennai,Fashion,Watch,HP,"Gandhi, Ganguly and Bassi",128767,112,88,3.9
2108,Chennai,Fashion,Watch,Samsung,Lalla-Manda,100590,402,76,4.4
2109,Chennai,Fashion,Watch,Mi,Sem-Varkey,7096,255,44,4.6
2110,Chennai,Fashion,Handbag,Ikea,"Manne, Bava and Sharaf",145609,342,211,4.3
2111,Chennai,Fashion,Handbag,Tata,"Rege, Wali and Bhandari",43766,414,105,4.3
2112,Chennai,Fashion,Handbag,Sony,Kulkarni and Sons,4220,191,182,4.8
2113,Chennai,Fashion,Handbag,Prestige,Saran-Bhatti,140540,303,67,3.6
2114,Chennai,Fashion,Handbag,Nike,"Rau, Dhar and Sanghvi",88488,405,57,4.8
2115,Chennai,Fashion,Sunglasses,Boat,Lala LLC,2896,453,337,4.0
2116,Chennai,Fashion,Sunglasses,Bajaj,"Gopal, Sant and Sane",96443,184,46,4.6
2117,Chennai,Fashion,Sunglasses,Adidas,"Sen, Balasubramanian and Kara",62837,152,114,4.8
2118,Chennai,Fashion,Sunglasses,Boat,Kuruvilla-Kakar,10959,206,42,4.6
2119,Chennai,Fashion,Sunglasses,Apple,"Saha, Sundaram and Dalal",114352,229,124,4.8
2120,Chennai,Home Appliances,Refrigerator,Prestige,Dey-Chacko,10585,440,303,4.9
2121,Chennai,Home Appliances,Refrigerator,Adidas,"Chakrabarti, Ravel and Srinivas",74983,420,167,3.8
2122,Chennai,Home Appliances,Refrigerator,Adidas,Chana and Sons,50520,480,180,3.9
2123,Chennai,Home Appliances,Refrigerator,Reliance,Chaudhari-Bose,93114,187,102,4.4
2124,Chennai,Home Appliances,Refrigerator,Mi,"Roy, Soman and Anand",31182,356,307,3.5
2125,Chennai,Home Appliances,Washing Machine,Adidas,Khare Ltd,75893,13,2,4.5
2126,Chennai,Home Appliances,Washing Machine,Tata,"Dayal, Balay and Swamy",73773,411,275,3.9
2127,Chennai,Home Appliances,Washing Machine,Tata,Manne LLC,77789,268,143,4.6
2128,Chennai,Home Appliances,Washing Machine,Mi,Kumar-De,115676,42,25,3.5
2129,Chennai,Home Appliances,Washing Machine,Nike,Comar-Bali,56226,492,183,4.4
2130,Chennai,Home Appliances,Microwave,Samsung,"Wadhwa, Chokshi and Bhalla",115240,50,5,4.3
2131,Chennai,Home Appliances,Microwave,Sony,Raju Ltd,3725,99,95,4.4
2132,Chennai,Home Appliances,Microwave,Adidas,Koshy-Sha,146470,428,127,3.5
2133,Chennai,Home Appliances,Microwave,Prestige,Dar-Kala,67613,232,155,4.8
2134,Chennai,Home Appliances,Microwave,LG,Chana Ltd,38623,485,25,4.5
2135,Chennai,Home Appliances,Air Conditioner,Dell,Bora-Bala,68353,312,234,3.5
2136,Chennai,Home Appliances,Air Conditioner,Puma,Gaba Ltd,124527,106,46,4.9
2137,Chennai,Home Appliances,Air Conditioner,Bajaj,Mani LLC,52891,251,131,5.0
2138,Chennai,Home Appliances,Air Conditioner,Prestige,Dalal-Mammen,3671,99,38,4.3
2139,Chennai,Home Appliances,Air Conditioner,Dell,Chacko Group,145943,355,265,4.8
2140,Chennai,Home Appliances,Mixer Grinder,Lenovo,Gala PLC,68959,110,6,3.6
2141,Chennai,Home Appliances,Mixer Grinder,Sony,Bandi-Sodhi,101367,456,314,4.1
2142,Chennai,Home Appliances,Mixer Grinder,LG,Arya-Shere,100005,374,176,4.0
2143,Chennai,Home Appliances,Mixer Grinder,Bajaj,Mand-Kale,19375,74,59,3.8
2144,Chennai,Home Appliances,Mixer Grinder,Apple,Chanda-Dhar,39968,492,465,4.0
2145,Chennai,Home Appliances,Vacuum Cleaner,Godrej,"Toor, Kothari and Borde",134111,362,242,4.2
2146,Chennai,Home Appliances,Vacuum Cleaner,Mi,Bajaj Inc,50193,380,199,4.9
2147,Chennai,Home Appliances,Vacuum Cleaner,Puma,"Bains, Biswas and Bhatti",67859,299,117,4.3
2148,Chennai,Home Appliances,Vacuum Cleaner,Adidas,"Sarin, Sha and Lall",28299,194,185,4.6
2149,Chennai,Home Appliances,Vacuum Cleaner,Apple,Chawla Inc,104644,111,8,3.9
2150,Chennai,Home Appliances,Water Purifier,LG,Sharaf-Deep,87901,326,77,3.7
2151,Chennai,Home Appliances,Water Purifier,Prestige,Ravel Ltd,72160,414,66,3.7
2152,Chennai,Home Appliances,Water Purifier,Bajaj,Sabharwal-Keer,48204,163,2,3.6
2153,Chennai,Home Appliances,Water Purifier,Samsung,"Sunder, Borra and Sanghvi",94926,269,192,4.3
2154,Chennai,Home Appliances,Water Purifier,Nike,Agrawal LLC,73020,439,256,4.5
2155,Chennai,Groceries,Rice,Apple,Bose-Butala,109761,455,227,4.0
2156,Chennai,Groceries,Rice,Bajaj,Manne and Sons,131918,242,122,4.4
2157,Chennai,Groceries,Rice,Boat,Bera-Barad,84313,442,30,4.0
2158,Chennai,Groceries,Rice,Dell,"Ahuja, Maharaj and Sidhu",85114,469,202,3.8
2159,Chennai,Groceries,Rice,Mi,Verma Group,68235,470,218,4.5
2160,Chennai,Groceries,Wheat Flour,HP,"Bahri, Karan and Lad",7791,176,19,3.9
2161,Chennai,Groceries,Wheat Flour,Mi,"Doshi, Atwal and Jain",134187,82,65,4.5
2162,Chennai,Groceries,Wheat Flour,Adidas,Kalita-Sant,132468,28,20,3.8
2163,Chennai,Groceries,Wheat Flour,Reliance,"Anand, Dutt and Goyal",81027,468,354,4.6
2164,Chennai,Groceries,Wheat Flour,Samsung,"Sarna, Kaur and Balan",139535,146,130,4.6
2165,Chennai,Groceries,Cooking Oil,Tata,"Jani, Saran and Varkey",144150,430,69,4.8
2166,Chennai,Groceries,Cooking Oil,HP,Gupta and Sons,115905,147,80,5.0
2167,Chennai,Groceries,Cooking Oil,Ikea,Mannan PLC,103950,284,174,4.6
2168,Chennai,Groceries,Cooking Oil,Dell,Soman Ltd,127088,365,101,3.5
2169,Chennai,Groceries,Cooking Oil,HP,Rana-Mahajan,65196,74,45,4.0
2170,Chennai,Groceries,Sugar,Nike,"Seth, Ravel and Chandra",143109,192,174,4.4
2171,Chennai,Groceries,Sugar,Ikea,Aggarwal-Andra,107503,335,194,4.8
2172,Chennai,Groceries,Sugar,Adidas,Dash PLC,5034,448,128,4.0
2173,Chennai,Groceries,Sugar,Reliance,"Ramaswamy, Zacharia and Borah",19544,397,123,3.9
2174,Chennai,Groceries,Sugar,Mi,Choudhury PLC,30730,343,119,3.8
2175,Chennai,Groceries,Tea Powder,Nike,Johal-Tiwari,15618,495,286,4.0
2176,Chennai,Groceries,Tea Powder,Sony,Arora-Balakrishnan,138625,29,26,4.1
2177,Chennai,Groceries,Tea Powder,Nike,Lal-Ghosh,122290,81,18,4.2
2178,Chennai,Groceries,Tea Powder,Lenovo,"Tripathi, Kaul and Chauhan",63583,171,163,4.2
2179,Chennai,Groceries,Tea Powder,Lenovo,"Rout, Rastogi and Krish",5415,202,189,4.6
2180,Chennai,Groceries,Milk,Philips,Bains Inc,36747,73,42,3.9
2181,Chennai,Groceries,Milk,Mi,Rajagopal LLC,109848,469,165,3.6
2182,Chennai,Groceries,Milk,Lenovo,"Sathe, Mangal and Barad",143428,318,127,4.7
2183,Chennai,Groceries,Milk,Sony,Doctor Ltd,51263,262,146,4.9
2184,Chennai,Groceries,Milk,Tata,Mammen-Varghese,148148,351,295,3.8
2185,Chennai,Groceries,Biscuits,Ikea,Bala-Gole,134298,146,121,4.7
2186,Chennai,Groceries,Biscuits,Dell,Chander-Bassi,18985,271,4,3.9
2187,Chennai,Groceries,Biscuits,HP,"Dalal, Sura and Dube",11389,80,21,3.5
2188,Chennai,Groceries,Biscuits,Apple,Venkataraman-Kanda,15024,446,162,4.5
2189,Chennai,Groceries,Biscuits,Samsung,Sachdev and Sons,131609,133,63,3.6
2190,Chennai,Sports,Cricket Bat,Bajaj,Doshi-Soman,131614,454,391,3.8
2191,Chennai,Sports,Cricket Bat,Mi,"Choudhury, Mandal and Barad",11358,114,53,4.6
2192,Chennai,Sports,Cricket Bat,Godrej,"Gulati, Rau and Vala",53284,76,38,4.0
2193,Chennai,Sports,Cricket Bat,LG,D’Alia-Kibe,145161,343,92,3.9
2194,Chennai,Sports,Cricket Bat,Adidas,Vohra-Iyer,17212,73,33,3.5
2195,Chennai,Sports,Football,Reliance,"Hegde, Gola and Ratta",127264,240,177,4.0
2196,Chennai,Sports,Football,LG,"Hayre, Kapadia and Srinivasan",142545,41,13,4.9
2197,Chennai,Sports,Football,Prestige,"Wali, Kunda and Banik",4499,220,18,4.7
2198,Chennai,Sports,Football,Godrej,Bora-Aggarwal,50393,178,65,4.7
2199,Chennai,Sports,Football,Puma,Kakar and Sons,15636,290,5,3.8
2200,Chennai,Sports,Badminton Racket,Boat,"Goel, Chander and Acharya",104786,492,443,4.2
2201,Chennai,Sports,Badminton Racket,Nike,"Jani, Behl and Kapadia",31980,107,28,4.3
2202,Chennai,Sports,Badminton Racket,Bajaj,"Bedi, Arya and Tailor",4367,229,134,3.6
2203,Chennai,Sports,Badminton Racket,Reliance,"Kapoor, Agarwal and Raman",48016,134,111,4.3
2204,Chennai,Sports,Badminton Racket,Adidas,Krishnamurthy PLC,112908,178,89,4.3
2205,Chennai,Sports,Gym Gloves,Sony,Barman LLC,53949,491,319,5.0
2206,Chennai,Sports,Gym Gloves,Samsung,"Atwal, Bumb and Sura",29016,246,161,4.1
2207,Chennai,Sports,Gym Gloves,Bajaj,Brahmbhatt Group,124049,159,81,5.0
2208,Chennai,Sports,Gym Gloves,HP,"Samra, Loke and Shetty",107926,165,29,4.2
2209,Chennai,Sports,Gym Gloves,Bajaj,Babu-Ben,7590,155,95,3.6
2210,Chennai,Sports,Yoga Mat,LG,Iyer-Jhaveri,2632,271,152,4.8
2211,Chennai,Sports,Yoga Mat,Prestige,Hans-Sangha,72640,458,112,4.3
2212,Chennai,Sports,Yoga Mat,Reliance,Anne-Konda,38121,397,276,4.1
2213,Chennai,Sports,Yoga Mat,HP,"Tripathi, Sarraf and Jani",127801,149,107,4.8
2214,Chennai,Sports,Yoga Mat,Ikea,Chaudry and Sons,88171,447,361,3.8
2215,Chennai,Sports,Cycling Helmet,Prestige,"Chaudry, Sunder and Sekhon",24271,157,122,3.5
2216,Chennai,Sports,Cycling Helmet,Dell,"Thakur, Ramachandran and Doctor",64868,220,22,4.4
2217,Chennai,Sports,Cycling Helmet,Tata,Kapur-Dhar,33660,211,69,3.5
2218,Chennai,Sports,Cycling Helmet,Bajaj,Tella-Sawhney,107540,187,89,4.5
2219,Chennai,Sports,Cycling Helmet,Prestige,"Halder, Tak and Bhasin",114313,160,67,4.6
2220,Chennai,Beauty,Face Wash,Boat,Khurana Ltd,4356,230,120,4.1
2221,Chennai,Beauty,Face Wash,HP,Ganguly Group,60113,365,98,3.9
2222,Chennai,Beauty,Face Wash,Sony,"Mangal, Banerjee and Dhawan",85915,454,44,4.6
2223,Chennai,Beauty,Face Wash,Nike,Chakraborty LLC,37660,354,302,3.8
2224,Chennai,Beauty,Face Wash,HP,Bhavsar PLC,5522,313,288,3.5
2225,Chennai,Beauty,Lipstick,Bajaj,Buch Ltd,45753,19,13,4.2
2226,Chennai,Beauty,Lipstick,Reliance,Bir LLC,15542,20,8,5.0
2227,Chennai,Beauty,Lipstick,LG,Kunda Inc,107988,429,411,4.1
2228,Chennai,Beauty,Lipstick,Sony,Balay-Kade,34572,143,108,3.6
2229,Chennai,Beauty,Lipstick,Lenovo,Gole LLC,27983,210,189,4.1
2230,Chennai,Beauty,Perfume,Boat,Virk-Sani,147358,107,104,4.4
2231,Chennai,Beauty,Perfume,Philips,Karnik-Mani,39106,23,16,4.8
2232,Chennai,Beauty,Perfume,Bajaj,Tailor-Thakkar,138728,436,124,4.2
2233,Chennai,Beauty,Perfume,Ikea,Khanna-Bassi,62596,229,57,4.3
2234,Chennai,Beauty,Perfume,Lenovo,Raval PLC,25298,347,126,4.8
2235,Chennai,Beauty,Shampoo,Philips,"Divan, Lal and Sachdeva",74477,492,465,4.5
2236,Chennai,Beauty,Shampoo,Nike,Lalla LLC,134986,420,95,4.0
2237,Chennai,Beauty,Shampoo,Apple,Madan PLC,81038,287,274,3.5
2238,Chennai,Beauty,Shampoo,Adidas,"Bhatia, Khalsa and Khare",132817,174,151,4.2
2239,Chennai,Beauty,Shampoo,Samsung,Saini-Luthra,9213,167,140,3.5
2240,Chennai,Beauty,Body Lotion,Apple,Banerjee and Sons,108510,44,39,4.6
2241,Chennai,Beauty,Body Lotion,LG,Bansal Inc,119968,458,267,4.1
2242,Chennai,Beauty,Body Lotion,Puma,"Khanna, Dada and Shanker",25910,64,2,3.6
2243,Chennai,Beauty,Body Lotion,Godrej,Kari Inc,121979,379,122,3.5
2244,Chennai,Beauty,Body Lotion,Mi,Kade-Dora,148661,114,89,4.3
2245,Chennai,Beauty,Hair Dryer,Nike,"Agrawal, Agrawal and Shanker",77385,157,47,3.8
2246,Chennai,Beauty,Hair Dryer,Sony,Din LLC,13663,322,91,3.8
2247,Chennai,Beauty,Hair Dryer,Boat,Khatri-Saran,131637,126,45,4.7
2248,Chennai,Beauty,Hair Dryer,Bajaj,Datta and Sons,134356,170,29,3.5
2249,Chennai,Beauty,Hair Dryer,Reliance,Halder Group,38469,103,65,4.2
2250,Kolkata,Electronics,Smartphone,Nike,Wable Ltd,32879,410,165,3.9
2251,Kolkata,Electronics,Smartphone,Reliance,Shah-Buch,125851,463,463,4.4
2252,Kolkata,Electronics,Smartphone,Nike,Sarkar-Edwin,117146,409,258,3.7
2253,Kolkata,Electronics,Smartphone,Mi,Gade Ltd,86779,447,143,4.0
2254,Kolkata,Electronics,Smartphone,Mi,"Shukla, Bansal and Sunder",54627,486,315,4.9
2255,Kolkata,Electronics,Laptop,Godrej,"Salvi, Goyal and Subramanian",51400,19,10,3.8
2256,Kolkata,Electronics,Laptop,HP,Dua-Buch,15147,375,346,4.5
2257,Kolkata,Electronics,Laptop,Philips,"Kapoor, Wagle and Dhingra",31298,455,374,4.8
2258,Kolkata,Electronics,Laptop,Nike,"Bhatt, Dalal and Tailor",135879,23,10,4.3
2259,Kolkata,Electronics,Laptop,Prestige,Ramesh Group,101374,54,11,3.7
2260,Kolkata,Electronics,Smart TV,Samsung,Gola PLC,12876,443,85,4.6
2261,Kolkata,Electronics,Smart TV,Philips,Ganesan Inc,108236,232,39,4.8
2262,Kolkata,Electronics,Smart TV,Reliance,"Bhatnagar, Salvi and Deshmukh",115566,388,303,4.5
2263,Kolkata,Electronics,Smart TV,Boat,Chaudhry LLC,11233,145,63,3.6
2264,Kolkata,Electronics,Smart TV,Lenovo,"Choudhry, Brahmbhatt and Manne",49491,211,61,3.6
2265,Kolkata,Electronics,Bluetooth Speaker,Tata,"Chada, Sheth and Chakraborty",121368,399,59,4.1
2266,Kolkata,Electronics,Bluetooth Speaker,HP,Gola Group,49210,19,16,4.1
2267,Kolkata,Electronics,Bluetooth Speaker,Tata,Rattan-Kale,51028,113,34,4.4
2268,Kolkata,Electronics,Bluetooth Speaker,Puma,"Loyal, Cherian and Tella",103256,219,24,4.1
2269,Kolkata,Electronics,Bluetooth Speaker,Prestige,Chhabra Ltd,7276,492,356,4.6
2270,Kolkata,Electronics,Tablet,Puma,Bawa Ltd,124387,215,93,3.9
2271,Kolkata,Electronics,Tablet,Nike,Dalal-Guha,113821,388,57,4.7
2272,Kolkata,Electronics,Tablet,Sony,Shukla Inc,44980,23,7,3.7
2273,Kolkata,Electronics,Tablet,Philips,Goel-Dhaliwal,88176,476,436,4.0
2274,Kolkata,Electronics,Tablet,LG,"Shankar, Gaba and Shanker",123292,269,247,3.6
2275,Kolkata,Electronics,Gaming Console,Reliance,Khurana-Dada,102895,494,284,4.1
2276,Kolkata,Electronics,Gaming Console,Dell,"Borde, Mangal and Hora",130052,310,149,4.1
2277,Kolkata,Electronics,Gaming Console,Bajaj,"Som, Kala and Gour",13281,15,6,4.0
2278,Kolkata,Electronics,Gaming Console,Tata,"Cherian, Anand and Tailor",18814,233,113,4.1
2279,Kolkata,Electronics,Gaming Console,Reliance,Golla PLC,61173,467,76,4.5
2280,Kolkata,Electronics,Smart Watch,Nike,Balakrishnan-Dave,98453,123,37,4.8
2281,Kolkata,Electronics,Smart Watch,Mi,Das-Varughese,99795,154,59,4.3
2282,Kolkata,Electronics,Smart Watch,Puma,Sarna Group,129355,53,16,4.6
2283,Kolkata,Electronics,Smart Watch,Boat,"Kala, Dhingra and Sankaran",143706,272,10,3.6
2284,Kolkata,Electronics,Smart Watch,Adidas,Swaminathan-Tiwari,101981,44,4,3.8
2285,Kolkata,Electronics,Headphones,Apple,Tandon and Sons,10831,101,41,4.9
2286,Kolkata,Electronics,Headphones,Philips,"Dewan, Madan and Karan",102683,209,171,4.8
2287,Kolkata,Electronics,Headphones,HP,Shanker-Dyal,103325,47,11,4.4
2288,Kolkata,Electronics,Headphones,Nike,Gade-Chokshi,131743,442,246,3.8
2289,Kolkata,Electronics,Headphones,Adidas,Kumar LLC,93321,192,33,4.1
2290,Kolkata,Furniture,Sofa,Lenovo,Sangha-D’Alia,149333,58,7,4.1
2291,Kolkata,Furniture,Sofa,Philips,"Char, Taneja and Saini",57105,313,245,4.9
2292,Kolkata,Furniture,Sofa,Prestige,"Boase, Zachariah and Biswas",79381,364,194,4.0
2293,Kolkata,Furniture,Sofa,Lenovo,Chatterjee Inc,54437,210,15,4.5
2294,Kolkata,Furniture,Sofa,Apple,Kade-Sagar,121435,458,408,4.8
2295,Kolkata,Furniture,Dining Table,Prestige,Baral PLC,87319,388,329,3.8
2296,Kolkata,Furniture,Dining Table,Apple,Ravel-Wable,122682,259,230,4.9
2297,Kolkata,Furniture,Dining Table,HP,"Iyengar, Mane and Deshmukh",123198,405,34,4.2
2298,Kolkata,Furniture,Dining Table,Godrej,"Kala, Borde and Dash",32002,57,17,4.9
2299,Kolkata,Furniture,Dining Table,Prestige,"Barad, Gokhale and Shere",123609,381,332,4.1
2300,Kolkata,Furniture,Office Chair,Tata,Boase-Kakar,145380,491,305,3.7
2301,Kolkata,Furniture,Office Chair,Lenovo,"Saha, D’Alia and Dixit",54779,280,258,4.3
2302,Kolkata,Furniture,Office Chair,Ikea,Mahal Group,13622,325,307,4.2
2303,Kolkata,Furniture,Office Chair,Sony,"Kohli, Buch and Deol",25259,408,17,4.3
2304,Kolkata,Furniture,Office Chair,Philips,"Mani, Badal and Jayaraman",92464,208,50,4.0
2305,Kolkata,Furniture,Bed,Sony,"Raman, Bhatt and Bal",102134,128,53,4.4
2306,Kolkata,Furniture,Bed,Bajaj,"Singhal, Johal and Zacharia",101453,176,51,3.7
2307,Kolkata,Furniture,Bed,Puma,Kata Inc,124946,179,59,4.6
2308,Kolkata,Furniture,Bed,Prestige,"Sheth, Ahluwalia and Rege",110181,310,165,3.6
2309,Kolkata,Furniture,Bed,Dell,Bains-Banik,82799,161,52,3.7
2310,Kolkata,Furniture,Wardrobe,Philips,Mammen-Kibe,31154,247,205,4.7
2311,Kolkata,Furniture,Wardrobe,Adidas,"Wali, Khosla and Dada",129447,146,53,4.2
2312,Kolkata,Furniture,Wardrobe,Philips,Sem-Shanker,3539,435,238,4.2
2313,Kolkata,Furniture,Wardrobe,Apple,"Sharaf, Datta and Date",6779,285,35,5.0
2314,Kolkata,Furniture,Wardrobe,LG,Boase-Comar,13374,182,101,5.0
2315,Kolkata,Furniture,Bookshelf,Sony,Chakrabarti-Kota,105558,454,73,4.2
2316,Kolkata,Furniture,Bookshelf,Dell,Sridhar-Sanghvi,101319,468,174,3.7
2317,Kolkata,Furniture,Bookshelf,HP,Atwal-Lanka,116220,338,159,3.5
2318,Kolkata,Furniture,Bookshelf,Boat,Bhargava Inc,48503,425,108,3.8
2319,Kolkata,Furniture,Bookshelf,Ikea,Sur-Wali,1941,93,50,4.1
2320,Kolkata,Furniture,Coffee Table,Puma,"Bansal, Konda and Bala",20738,189,175,4.6
2321,Kolkata,Furniture,Coffee Table,Philips,Varghese-Sagar,103730,264,173,3.9
2322,Kolkata,Furniture,Coffee Table,Samsung,"Kakar, Behl and Kalita",51805,454,56,4.3
2323,Kolkata,Furniture,Coffee Table,Dell,Sanghvi-Comar,31336,323,70,3.6
2324,Kolkata,Furniture,Coffee Table,Nike,Barad Group,143247,261,44,4.3
2325,Kolkata,Furniture,TV Unit,Apple,Dhar-Dara,17228,405,347,3.6
2326,Kolkata,Furniture,TV Unit,Ikea,"Tripathi, Mann and Kade",78850,31,25,4.8
2327,Kolkata,Furniture,TV Unit,Tata,Sundaram LLC,142403,285,164,4.0
2328,Kolkata,Furniture,TV Unit,Apple,Kaul-Agate,60410,305,302,3.6
2329,Kolkata,Furniture,TV Unit,Philips,Ratti-Mahal,52615,414,392,3.6
2330,Kolkata,Fashion,T-Shirt,Prestige,"Garg, Butala and Dugal",91177,200,188,4.6
2331,Kolkata,Fashion,T-Shirt,Tata,"Mani, Karpe and Bera",12593,61,50,3.8
2332,Kolkata,Fashion,T-Shirt,Reliance,Krishna-Sekhon,105378,488,432,4.7
2333,Kolkata,Fashion,T-Shirt,Samsung,Bhattacharyya-Iyer,122375,419,397,4.0
2334,Kolkata,Fashion,T-Shirt,Adidas,Kant Inc,24919,204,70,4.3
2335,Kolkata,Fashion,Jeans,HP,Deshmukh-Borah,134772,287,228,4.4
2336,Kolkata,Fashion,Jeans,Reliance,Warrior-Buch,99230,179,128,4.0
2337,Kolkata,Fashion,Jeans,Tata,Loyal PLC,68199,399,104,3.6
2338,Kolkata,Fashion,Jeans,Godrej,"Koshy, Banik and Rana",74696,477,122,4.4
2339,Kolkata,Fashion,Jeans,Puma,"Sibal, Sani and Dutt",125469,38,18,3.7
2340,Kolkata,Fashion,Kurti,Tata,"Lala, Sarraf and Goel",34733,82,11,3.6
2341,Kolkata,Fashion,Kurti,Ikea,Gopal-Lad,99389,317,6,4.7
2342,Kolkata,Fashion,Kurti,Samsung,Rastogi-Acharya,139493,311,172,4.3
2343,Kolkata,Fashion,Kurti,Prestige,"Bhargava, Chakrabarti and Sant",107071,23,13,5.0
2344,Kolkata,Fashion,Kurti,Sony,Wason Ltd,128008,246,211,4.3
2345,Kolkata,Fashion,Sneakers,Boat,"Sundaram, Lad and Gulati",103653,470,52,4.8
2346,Kolkata,Fashion,Sneakers,Apple,"Char, Balasubramanian and Karan",129208,494,20,4.9
2347,Kolkata,Fashion,Sneakers,Samsung,"Borra, Varty and Chand",18537,229,62,5.0
2348,Kolkata,Fashion,Sneakers,Tata,Bhakta-Shanker,28485,407,177,4.1
2349,Kolkata,Fashion,Sneakers,Ikea,Ramanathan-Warrior,131991,292,92,4.5
2350,Kolkata,Fashion,Jacket,Bajaj,"Contractor, Sengupta and Dube",119768,67,33,4.4
2351,Kolkata,Fashion,Jacket,Reliance,"Chahal, Babu and Vohra",96904,259,56,4.3
2352,Kolkata,Fashion,Jacket,Dell,Hari Group,129481,346,58,4.5
2353,Kolkata,Fashion,Jacket,Samsung,"Grover, Bhatnagar and Dubey",127204,312,80,4.1
2354,Kolkata,Fashion,Jacket,Prestige,Andra PLC,6003,148,26,4.5
2355,Kolkata,Fashion,Watch,Boat,Garde and Sons,30652,89,11,4.5
2356,Kolkata,Fashion,Watch,Samsung,"Varughese, Buch and Malhotra",94910,356,301,3.7
2357,Kolkata,Fashion,Watch,Dell,"Basak, Cherian and Garde",59630,397,194,4.6
2358,Kolkata,Fashion,Watch,Nike,"Sundaram, Kashyap and Butala",28149,408,140,4.5
2359,Kolkata,Fashion,Watch,Mi,"Chaudhuri, Kapadia and Arya",29568,456,236,3.7
2360,Kolkata,Fashion,Handbag,Ikea,Sampath-Sood,97505,258,112,3.9
2361,Kolkata,Fashion,Handbag,Samsung,Johal-Shetty,3971,120,107,4.7
2362,Kolkata,Fashion,Handbag,Nike,Dhingra-Sarna,104774,170,154,4.1
2363,Kolkata,Fashion,Handbag,Sony,Agrawal-Lad,56692,448,211,4.6
2364,Kolkata,Fashion,Handbag,Apple,"Deol, Goda and Desai",84440,316,294,4.3
2365,Kolkata,Fashion,Sunglasses,Godrej,"Venkataraman, Kalita and Devan",107220,18,8,4.9
2366,Kolkata,Fashion,Sunglasses,Boat,Mani Inc,108000,404,218,4.7
2367,Kolkata,Fashion,Sunglasses,Ikea,Batta-Buch,21899,267,135,4.7
2368,Kolkata,Fashion,Sunglasses,Ikea,Dalal-Brar,101925,443,163,4.9
2369,Kolkata,Fashion,Sunglasses,Boat,"Subramaniam, Bera and Tata",119630,200,133,4.1
2370,Kolkata,Home Appliances,Refrigerator,Ikea,Krish LLC,109203,60,26,4.2
2371,Kolkata,Home Appliances,Refrigerator,Mi,Gupta-Seth,82278,230,188,4.1
2372,Kolkata,Home Appliances,Refrigerator,Dell,Varkey-Rau,40427,193,96,4.0
2373,Kolkata,Home Appliances,Refrigerator,Reliance,Chopra PLC,57075,316,106,4.2
2374,Kolkata,Home Appliances,Refrigerator,Bajaj,Dhingra-Lalla,43798,228,120,5.0
2375,Kolkata,Home Appliances,Washing Machine,Prestige,"Dhingra, Sarraf and Agate",28033,410,227,4.1
2376,Kolkata,Home Appliances,Washing Machine,Adidas,Krish LLC,14096,167,167,4.1
2377,Kolkata,Home Appliances,Washing Machine,Godrej,Biswas Ltd,114419,91,72,4.2
2378,Kolkata,Home Appliances,Washing Machine,Apple,"Sarma, Bedi and Chaudhuri",62294,63,1,4.4
2379,Kolkata,Home Appliances,Washing Machine,Bajaj,Shah LLC,144067,136,85,4.7
2380,Kolkata,Home Appliances,Microwave,Sony,Deshmukh-Khanna,95170,145,101,4.9
2381,Kolkata,Home Appliances,Microwave,Godrej,Devan-Sane,51588,381,73,4.2
2382,Kolkata,Home Appliances,Microwave,Godrej,"Iyer, Halder and Gaba",6793,283,219,3.7
2383,Kolkata,Home Appliances,Microwave,Mi,Sehgal Ltd,111765,386,334,3.7
2384,Kolkata,Home Appliances,Microwave,Dell,Wable Inc,127706,78,48,4.8
2385,Kolkata,Home Appliances,Air Conditioner,Puma,Sampath-Ahuja,52761,473,279,4.9
2386,Kolkata,Home Appliances,Air Conditioner,Prestige,Salvi LLC,131314,275,56,3.7
2387,Kolkata,Home Appliances,Air Conditioner,Boat,"Sathe, Sarna and Bal",121081,85,71,4.2
2388,Kolkata,Home Appliances,Air Conditioner,Mi,Sathe Ltd,28980,23,6,5.0
2389,Kolkata,Home Appliances,Air Conditioner,Lenovo,"Mani, Kashyap and Taneja",137578,80,71,4.7
2390,Kolkata,Home Appliances,Mixer Grinder,Reliance,Kanda-Walia,92721,404,325,5.0
2391,Kolkata,Home Appliances,Mixer Grinder,Reliance,"Choudhry, Raja and D’Alia",39827,43,15,4.5
2392,Kolkata,Home Appliances,Mixer Grinder,Dell,Ramesh Ltd,56424,281,220,4.4
2393,Kolkata,Home Appliances,Mixer Grinder,Prestige,Varty Group,54518,487,466,4.5
2394,Kolkata,Home Appliances,Mixer Grinder,Samsung,"Balay, Kapur and Virk",65775,86,23,4.4
2395,Kolkata,Home Appliances,Vacuum Cleaner,Bajaj,"Joshi, Sama and Rajagopal",80075,461,337,4.4
2396,Kolkata,Home Appliances,Vacuum Cleaner,Godrej,Chaudry-Kashyap,82873,405,47,4.5
2397,Kolkata,Home Appliances,Vacuum Cleaner,Tata,"Goswami, Kunda and Trivedi",72317,398,73,4.0
2398,Kolkata,Home Appliances,Vacuum Cleaner,Dell,Sahota Group,135022,183,125,4.8
2399,Kolkata,Home Appliances,Vacuum Cleaner,Dell,"Bhatti, Karan and Mand",54570,15,10,3.7
2400,Kolkata,Home Appliances,Water Purifier,Dell,"Sridhar, Buch and Khurana",42219,161,129,4.2
2401,Kolkata,Home Appliances,Water Purifier,Philips,"Bhargava, Bera and Rajan",135522,467,2,3.6
2402,Kolkata,Home Appliances,Water Purifier,HP,Khosla and Sons,108322,165,88,3.8
2403,Kolkata,Home Appliances,Water Purifier,Reliance,"Randhawa, Kashyap and Chakraborty",123805,495,112,4.8
2404,Kolkata,Home Appliances,Water Purifier,Godrej,"Dhar, Wali and Buch",17986,382,154,3.9
2405,Kolkata,Groceries,Rice,Lenovo,Salvi Inc,40351,168,33,4.6
2406,Kolkata,Groceries,Rice,Mi,Saran-Sen,135803,449,246,3.8
2407,Kolkata,Groceries,Rice,Philips,Kant-Kapoor,69229,50,50,3.8
2408,Kolkata,Groceries,Rice,HP,Krishnamurthy LLC,135355,212,137,4.9
2409,Kolkata,Groceries,Rice,Boat,"Maharaj, Basu and Hayre",149931,486,395,4.6
2410,Kolkata,Groceries,Wheat Flour,Tata,"Kala, Halder and Sabharwal",106799,437,192,3.7
2411,Kolkata,Groceries,Wheat Flour,Dell,Grover Inc,73998,262,85,4.4
2412,Kolkata,Groceries,Wheat Flour,Dell,Bains Group,107880,62,43,4.6
2413,Kolkata,Groceries,Wheat Flour,Lenovo,Dey-Ganesh,137861,419,255,4.1
2414,Kolkata,Groceries,Wheat Flour,Tata,"Hayre, Bose and Choudhry",124516,278,25,4.9
2415,Kolkata,Groceries,Cooking Oil,HP,Arora and Sons,49344,485,330,4.8
2416,Kolkata,Groceries,Cooking Oil,Mi,"Soman, Batta and Sastry",145799,445,170,3.8
2417,Kolkata,Groceries,Cooking Oil,Nike,Majumdar and Sons,70378,191,177,4.8
2418,Kolkata,Groceries,Cooking Oil,Dell,"Sarna, Vaidya and Saran",52566,499,339,3.8
2419,Kolkata,Groceries,Cooking Oil,HP,Yadav Ltd,68904,296,138,3.7
2420,Kolkata,Groceries,Sugar,LG,Chokshi Ltd,148103,404,321,4.2
2421,Kolkata,Groceries,Sugar,Reliance,"Cheema, Shanker and Kaul",78075,482,359,4.1
2422,Kolkata,Groceries,Sugar,Dell,"Bhargava, Arora and Suri",1328,282,107,4.6
2423,Kolkata,Groceries,Sugar,Bajaj,"Dugar, Saraf and Srivastava",48102,338,239,4.5
2424,Kolkata,Groceries,Sugar,Prestige,"Bandi, Ramanathan and Bali",102595,355,189,3.6
2425,Kolkata,Groceries,Tea Powder,Bajaj,"Mander, Mander and Vala",119410,215,123,3.6
2426,Kolkata,Groceries,Tea Powder,Philips,"Sundaram, Devi and Soman",73809,267,180,4.9
2427,Kolkata,Groceries,Tea Powder,Mi,Kata LLC,11252,363,237,4.3
2428,Kolkata,Groceries,Tea Powder,Philips,Talwar-Madan,66147,266,56,4.8
2429,Kolkata,Groceries,Tea Powder,Samsung,"Sama, Badal and Barad",65390,338,64,4.4
2430,Kolkata,Groceries,Milk,LG,"Vala, Sharma and Kar",117489,493,463,4.3
2431,Kolkata,Groceries,Milk,Reliance,Vasa-Savant,146805,428,148,3.7
2432,Kolkata,Groceries,Milk,Dell,Maharaj and Sons,74746,92,60,4.7
2433,Kolkata,Groceries,Milk,Lenovo,Rout LLC,124844,272,188,4.8
2434,Kolkata,Groceries,Milk,Bajaj,Suresh PLC,70770,282,59,3.6
2435,Kolkata,Groceries,Biscuits,Tata,Sama LLC,85259,360,169,4.6
2436,Kolkata,Groceries,Biscuits,LG,Das Inc,10532,431,181,3.7
2437,Kolkata,Groceries,Biscuits,Ikea,Dey Group,116046,354,319,4.6
2438,Kolkata,Groceries,Biscuits,Adidas,Vora-Deep,97506,459,10,4.5
2439,Kolkata,Groceries,Biscuits,Boat,Vyas and Sons,123761,92,1,4.9
2440,Kolkata,Sports,Cricket Bat,Adidas,"Mangal, Sane and Majumdar",50425,72,70,4.1
2441,Kolkata,Sports,Cricket Bat,Boat,Bhatt Ltd,105235,128,34,4.3
2442,Kolkata,Sports,Cricket Bat,LG,"Sachdev, Ramaswamy and Basu",149059,452,106,4.7
2443,Kolkata,Sports,Cricket Bat,HP,Kara-Dixit,55430,281,206,4.5
2444,Kolkata,Sports,Cricket Bat,Samsung,"Rajagopalan, Chada and Tandon",20354,152,17,3.8
2445,Kolkata,Sports,Football,Ikea,"Kalla, Bhasin and Dara",111070,341,169,4.5
2446,Kolkata,Sports,Football,Tata,De-Singhal,35686,22,13,4.2
2447,Kolkata,Sports,Football,Adidas,"Mani, Kala and Karan",17098,271,110,3.5
2448,Kolkata,Sports,Football,Boat,"Kant, Tiwari and Chacko",127421,259,2,3.6
2449,Kolkata,Sports,Football,Adidas,"Dani, Tata and Bora",119863,351,112,4.9
2450,Kolkata,Sports,Badminton Racket,Samsung,Kata Group,49233,258,49,4.9
2451,Kolkata,Sports,Badminton Racket,Samsung,Bedi and Sons,123409,199,161,4.3
2452,Kolkata,Sports,Badminton Racket,Sony,"Basak, Vaidya and Grover",97356,251,41,3.6
2453,Kolkata,Sports,Badminton Racket,Prestige,"Balan, Agate and Loyal",56239,373,109,4.2
2454,Kolkata,Sports,Badminton Racket,Mi,Khatri Inc,52059,456,285,4.9
2455,Kolkata,Sports,Gym Gloves,Ikea,Bava-Karan,14765,12,5,4.7
2456,Kolkata,Sports,Gym Gloves,Nike,"Hayre, Cherian and De",10811,489,255,4.9
2457,Kolkata,Sports,Gym Gloves,Ikea,"Sen, Dave and Kale",142353,74,29,3.8
2458,Kolkata,Sports,Gym Gloves,Lenovo,Chakraborty PLC,19400,476,370,4.4
2459,Kolkata,Sports,Gym Gloves,Adidas,"Manda, Deshmukh and Kalita",46363,182,132,4.1
2460,Kolkata,Sports,Yoga Mat,Ikea,"Ghose, Date and Kaur",119220,66,19,4.7
2461,Kolkata,Sports,Yoga Mat,Reliance,Hora Ltd,79203,336,233,4.0
2462,Kolkata,Sports,Yoga Mat,Philips,"Rastogi, Bajaj and Sheth",130491,492,398,3.8
2463,Kolkata,Sports,Yoga Mat,Samsung,Desai Ltd,106452,448,60,3.6
2464,Kolkata,Sports,Yoga Mat,Dell,"Wadhwa, Garde and Randhawa",69918,500,184,3.7
2465,Kolkata,Sports,Cycling Helmet,Adidas,Dora LLC,56209,294,278,4.1
2466,Kolkata,Sports,Cycling Helmet,Boat,Singh Inc,8671,281,87,3.8
2467,Kolkata,Sports,Cycling Helmet,Tata,Karpe PLC,27674,447,438,4.9
2468,Kolkata,Sports,Cycling Helmet,Boat,Buch Group,62885,116,87,4.1
2469,Kolkata,Sports,Cycling Helmet,Apple,"Chowdhury, Shere and Trivedi",116103,200,185,4.0
2470,Kolkata,Beauty,Face Wash,Adidas,"Chakrabarti, Hegde and Deo",53873,344,337,4.4
2471,Kolkata,Beauty,Face Wash,Godrej,Sethi-Keer,102114,40,23,4.9
2472,Kolkata,Beauty,Face Wash,Dell,Das-Subramanian,40600,243,93,4.1
2473,Kolkata,Beauty,Face Wash,Prestige,Karnik Ltd,71312,175,85,4.1
2474,Kolkata,Beauty,Face Wash,Samsung,"Dara, Bail and Seshadri",102786,181,109,4.2
2475,Kolkata,Beauty,Lipstick,Sony,Ben Group,86984,251,113,4.6
2476,Kolkata,Beauty,Lipstick,Reliance,Chandran-Shanker,99049,113,59,4.0
2477,Kolkata,Beauty,Lipstick,Reliance,Bansal Ltd,103575,396,280,4.1
2478,Kolkata,Beauty,Lipstick,Lenovo,"Rajan, Dada and Khatri",87347,75,75,3.7
2479,Kolkata,Beauty,Lipstick,Boat,Dhillon-Barad,81788,147,101,4.9
2480,Kolkata,Beauty,Perfume,Apple,"Chhabra, Chhabra and Goel",13908,396,329,3.7
2481,Kolkata,Beauty,Perfume,LG,"Handa, Dave and Behl",123342,432,80,4.0
2482,Kolkata,Beauty,Perfume,Adidas,Taneja Group,71104,206,62,4.8
2483,Kolkata,Beauty,Perfume,HP,Gokhale-Krishnamurthy,51980,306,178,3.7
2484,Kolkata,Beauty,Perfume,HP,Sankaran LLC,73162,163,158,4.3
2485,Kolkata,Beauty,Shampoo,HP,"Devi, Kaur and Mall",22333,202,156,4.8
2486,Kolkata,Beauty,Shampoo,Godrej,Krishnan Ltd,99337,285,214,4.4
2487,Kolkata,Beauty,Shampoo,Ikea,Bumb-Batta,5210,248,69,4.1
2488,Kolkata,Beauty,Shampoo,LG,"Balasubramanian, Swamy and Keer",49096,107,46,3.7
2489,Kolkata,Beauty,Shampoo,LG,"Sachdeva, Konda and Karan",142448,478,253,4.7
2490,Kolkata,Beauty,Body Lotion,Godrej,"Sankar, Varkey and Varty",137847,11,7,5.0
2491,Kolkata,Beauty,Body Lotion,Dell,"Magar, Bajaj and Ben",44621,432,93,3.6
2492,Kolkata,Beauty,Body Lotion,Bajaj,"Sabharwal, Mann and Kurian",91326,385,260,3.7
2493,Kolkata,Beauty,Body Lotion,Samsung,"Chaudry, Dalal and Ben",120603,31,28,4.9
2494,Kolkata,Beauty,Body Lotion,Lenovo,"Solanki, Chakraborty and Garde",93669,265,103,4.3
2495,Kolkata,Beauty,Hair Dryer,Samsung,"Dada, Wable and Kuruvilla",126895,65,37,5.0
2496,Kolkata,Beauty,Hair Dryer,Philips,"Sampath, Ghosh and Lad",33173,498,252,4.5
2497,Kolkata,Beauty,Hair Dryer,Ikea,"Sami, Baral and Verma",2689,390,336,4.5
2498,Kolkata,Beauty,Hair Dryer,Tata,Varghese-Subramaniam,136813,332,198,4.8
2499,Kolkata,Beauty,Hair Dryer,Nike,Dhar LLC,85567,203,112,4.1
2500,Pune,Electronics,Smartphone,Nike,"Vala, Bala and Manne",129830,397,80,4.1
2501,Pune,Electronics,Smartphone,Ikea,Jhaveri-Balay,11260,31,16,4.3
2502,Pune,Electronics,Smartphone,Samsung,Cheema-Wagle,145654,195,36,4.7
2503,Pune,Electronics,Smartphone,Tata,Chad-Dugar,59475,68,64,3.9
2504,Pune,Electronics,Smartphone,Mi,"Kala, Gill and Yadav",867,499,83,3.5
2505,Pune,Electronics,Laptop,Prestige,Dubey-Ahluwalia,137705,83,48,4.0
2506,Pune,Electronics,Laptop,Nike,Taneja-Shroff,137448,200,163,4.7
2507,Pune,Electronics,Laptop,LG,Dhar LLC,127955,213,130,5.0
2508,Pune,Electronics,Laptop,Bajaj,Kant Inc,1939,279,220,4.2
2509,Pune,Electronics,Laptop,Puma,"Sarin, Kashyap and Bala",110871,140,56,4.9
2510,Pune,Electronics,Smart TV,Puma,Kalita-Mahajan,82424,40,24,4.4
2511,Pune,Electronics,Smart TV,Puma,"Mander, Bera and Bhandari",29923,70,39,4.5
2512,Pune,Electronics,Smart TV,Mi,Kalla-Chandran,93125,178,119,4.8
2513,Pune,Electronics,Smart TV,Sony,Sekhon-Saini,18545,232,173,4.0
2514,Pune,Electronics,Smart TV,Reliance,Varma-Yogi,126537,239,57,3.9
2515,Pune,Electronics,Bluetooth Speaker,Sony,"Sahni, Badami and Ganesh",116671,422,141,4.8
2516,Pune,Electronics,Bluetooth Speaker,Tata,"Kuruvilla, Dube and Rajagopalan",77741,331,251,4.6
2517,Pune,Electronics,Bluetooth Speaker,Sony,"Chad, Iyengar and Badami",748,150,139,4.3
2518,Pune,Electronics,Bluetooth Speaker,Samsung,Master-Singhal,104237,476,219,5.0
2519,Pune,Electronics,Bluetooth Speaker,Puma,Sahota-Sangha,34101,71,47,3.5
2520,Pune,Electronics,Tablet,Godrej,"Sachdev, Bail and Sarraf",31314,497,451,5.0
2521,Pune,Electronics,Tablet,Prestige,Din Ltd,25164,463,337,3.6
2522,Pune,Electronics,Tablet,Samsung,Batra PLC,141253,227,164,3.7
2523,Pune,Electronics,Tablet,LG,Verma-Balay,60412,171,82,4.8
2524,Pune,Electronics,Tablet,Ikea,Garg PLC,68576,165,65,3.5
2525,Pune,Electronics,Gaming Console,Boat,Balasubramanian PLC,125596,47,22,4.0
2526,Pune,Electronics,Gaming Console,Bajaj,"Setty, Edwin and Ben",78690,47,19,4.8
2527,Pune,Electronics,Gaming Console,Godrej,Kara-Lata,115395,177,162,3.7
2528,Pune,Electronics,Gaming Console,Samsung,Anand-Comar,124900,400,47,4.7
2529,Pune,Electronics,Gaming Console,Dell,"Srinivas, Chandra and Grewal",56224,362,195,4.8
2530,Pune,Electronics,Smart Watch,HP,Bawa-Bava,85242,71,50,3.8
2531,Pune,Electronics,Smart Watch,Lenovo,Maharaj LLC,122304,72,37,4.6
2532,Pune,Electronics,Smart Watch,Boat,"Dugar, Master and Sachdeva",30949,451,30,3.7
2533,Pune,Electronics,Smart Watch,Samsung,Divan-Batra,122252,186,170,5.0
2534,Pune,Electronics,Smart Watch,Samsung,Mane-Raman,42744,288,220,4.1
2535,Pune,Electronics,Headphones,Boat,Roy-Manne,13862,46,44,4.0
2536,Pune,Electronics,Headphones,HP,Sama Group,122085,480,170,4.5
2537,Pune,Electronics,Headphones,Ikea,Goyal-Dey,9060,451,218,3.6
2538,Pune,Electronics,Headphones,Nike,Loke-Korpal,131595,188,171,3.8
2539,Pune,Electronics,Headphones,Samsung,"Dugar, Dash and Rana",60982,72,66,3.6
2540,Pune,Furniture,Sofa,Reliance,"Kanda, Sawhney and Yogi",70923,433,375,3.7
2541,Pune,Furniture,Sofa,Boat,Jha-Khatri,119464,63,42,4.5
2542,Pune,Furniture,Sofa,Adidas,Balasubramanian-Lal,29624,147,78,4.8
2543,Pune,Furniture,Sofa,Prestige,Choudhary Inc,41828,298,94,4.7
2544,Pune,Furniture,Sofa,Sony,"Balay, Dubey and Bhattacharyya",23783,96,55,4.3
2545,Pune,Furniture,Dining Table,Boat,Sachar and Sons,72110,422,344,3.7
2546,Pune,Furniture,Dining Table,Tata,Contractor-Karnik,5176,269,208,4.4
2547,Pune,Furniture,Dining Table,Ikea,Sarraf-Hari,108759,13,13,3.7
2548,Pune,Furniture,Dining Table,Apple,Dutt Inc,109997,253,182,4.1
2549,Pune,Furniture,Dining Table,LG,"Kalita, Venkatesh and Sengupta",27028,399,205,4.9
2550,Pune,Furniture,Office Chair,Philips,Chandran LLC,48408,11,10,4.3
2551,Pune,Furniture,Office Chair,Ikea,"Mandal, Chowdhury and Chandra",135352,397,178,3.9
2552,Pune,Furniture,Office Chair,Samsung,Dixit-Halder,146991,281,102,4.2
2553,Pune,Furniture,Office Chair,Boat,Garg-Jain,124630,386,258,4.3
2554,Pune,Furniture,Office Chair,Ikea,Bhardwaj-Bail,38923,404,105,5.0
2555,Pune,Furniture,Bed,Boat,Rao-Tripathi,104626,457,140,3.6
2556,Pune,Furniture,Bed,Prestige,"Deol, Balan and Golla",75492,417,369,3.9
2557,Pune,Furniture,Bed,HP,Venkataraman-Warrior,48802,67,34,4.5
2558,Pune,Furniture,Bed,Philips,Bobal LLC,84452,172,119,3.9
2559,Pune,Furniture,Bed,Apple,Shah-Banerjee,47203,395,218,4.3
2560,Pune,Furniture,Wardrobe,Tata,Borah-Cherian,27699,253,105,3.8
2561,Pune,Furniture,Wardrobe,Adidas,"Agate, Chawla and D’Alia",80802,382,15,4.2
2562,Pune,Furniture,Wardrobe,Apple,Upadhyay-Buch,60911,494,59,4.7
2563,Pune,Furniture,Wardrobe,Mi,Chandra-Loyal,55329,106,47,4.7
2564,Pune,Furniture,Wardrobe,Boat,Dass-Shere,86842,228,66,4.4
2565,Pune,Furniture,Bookshelf,Sony,"Bhat, Maharaj and Jhaveri",136093,295,24,4.9
2566,Pune,Furniture,Bookshelf,Dell,Madan-Bhatt,32200,475,392,3.9
2567,Pune,Furniture,Bookshelf,Lenovo,Jhaveri-Upadhyay,76296,183,5,4.5
2568,Pune,Furniture,Bookshelf,Adidas,Lata-Dugar,141494,407,300,4.1
2569,Pune,Furniture,Bookshelf,Philips,"Srinivas, Saraf and Venkataraman",49276,222,207,3.8
2570,Pune,Furniture,Coffee Table,Samsung,Devi Inc,115201,183,171,4.4
2571,Pune,Furniture,Coffee Table,Reliance,Bhasin PLC,20917,261,3,3.6
2572,Pune,Furniture,Coffee Table,Prestige,Shere LLC,42519,271,182,3.5
2573,Pune,Furniture,Coffee Table,Adidas,Kala Group,65981,184,73,3.6
2574,Pune,Furniture,Coffee Table,Puma,"Sundaram, Din and Barman",116073,126,16,3.7
2575,Pune,Furniture,TV Unit,Nike,Krish Ltd,6767,297,112,4.8
2576,Pune,Furniture,TV Unit,Tata,"Bansal, Sheth and Rao",120626,478,228,4.1
2577,Pune,Furniture,TV Unit,Samsung,Swaminathan and Sons,58307,353,244,4.1
2578,Pune,Furniture,TV Unit,Boat,Iyengar Group,7586,72,35,4.0
2579,Pune,Furniture,TV Unit,Ikea,"Kohli, Kuruvilla and Uppal",18877,288,233,4.2
2580,Pune,Fashion,T-Shirt,Philips,Varghese-Sandhu,128206,213,190,4.4
2581,Pune,Fashion,T-Shirt,Nike,Wadhwa-Dhar,92933,89,3,4.6
2582,Pune,Fashion,T-Shirt,Lenovo,Lata Inc,122156,499,468,3.9
2583,Pune,Fashion,T-Shirt,Puma,Ghose-Chauhan,41218,205,76,4.4
2584,Pune,Fashion,T-Shirt,Nike,Johal-Madan,6532,467,408,4.5
2585,Pune,Fashion,Jeans,Dell,"Lall, Kapoor and Vasa",44678,381,265,4.0
2586,Pune,Fashion,Jeans,Sony,Srinivasan and Sons,71655,232,189,3.9
2587,Pune,Fashion,Jeans,Tata,"Hari, Jaggi and Gupta",8995,19,6,4.3
2588,Pune,Fashion,Jeans,Samsung,"Dalal, Talwar and Sachdev",135521,100,32,4.8
2589,Pune,Fashion,Jeans,Lenovo,Shah-Lad,71551,36,9,4.4
2590,Pune,Fashion,Kurti,Bajaj,"Sen, Bajwa and Gokhale",37852,163,37,4.0
2591,Pune,Fashion,Kurti,Mi,Sampath LLC,11296,16,9,4.1
2592,Pune,Fashion,Kurti,Philips,Chhabra Ltd,97856,256,122,5.0
2593,Pune,Fashion,Kurti,Apple,Gola-Gade,13935,488,127,5.0
2594,Pune,Fashion,Kurti,Godrej,"Desai, Agate and Goyal",28956,166,134,4.5
2595,Pune,Fashion,Sneakers,Puma,Barad PLC,83097,360,98,4.8
2596,Pune,Fashion,Sneakers,Tata,Iyengar-Chokshi,27407,72,22,4.4
2597,Pune,Fashion,Sneakers,Samsung,Gopal-Sidhu,91477,246,240,4.2
2598,Pune,Fashion,Sneakers,Puma,Ravel-Char,49309,66,23,4.5
2599,Pune,Fashion,Sneakers,Adidas,"Chadha, Aggarwal and Sanghvi",47229,364,356,4.7
2600,Pune,Fashion,Jacket,Philips,Rastogi-Gala,19303,482,364,4.6
2601,Pune,Fashion,Jacket,Bajaj,Sachdev-Lall,26272,210,192,3.9
2602,Pune,Fashion,Jacket,Tata,Karnik Inc,42026,413,144,4.4
2603,Pune,Fashion,Jacket,Philips,"Grewal, Badami and Shetty",80919,452,370,4.8
2604,Pune,Fashion,Jacket,Puma,"Bandi, Chada and Saraf",29598,110,74,4.8
2605,Pune,Fashion,Watch,Prestige,Chakraborty and Sons,11513,471,300,4.9
2606,Pune,Fashion,Watch,Reliance,Kulkarni-Shere,23524,440,70,3.6
2607,Pune,Fashion,Watch,Godrej,Bajwa-Kara,45069,130,42,3.6
2608,Pune,Fashion,Watch,Ikea,Rana-Kade,128810,422,60,4.1
2609,Pune,Fashion,Watch,LG,Bhargava-Solanki,21466,291,46,4.4
2610,Pune,Fashion,Handbag,Nike,"Kulkarni, Uppal and Bose",46574,88,46,3.7
2611,Pune,Fashion,Handbag,Philips,Shenoy and Sons,30334,167,4,4.6
2612,Pune,Fashion,Handbag,Sony,"Joshi, Varkey and Dutta",121382,217,19,4.9
2613,Pune,Fashion,Handbag,Adidas,Grover-Shan,55425,302,34,4.9
2614,Pune,Fashion,Handbag,Reliance,Wadhwa Inc,29146,398,2,4.7
2615,Pune,Fashion,Sunglasses,LG,"Gill, Bahri and Balakrishnan",43177,24,18,4.7
2616,Pune,Fashion,Sunglasses,Bajaj,Virk-Ratti,79733,338,59,4.1
2617,Pune,Fashion,Sunglasses,Mi,Chaudry-Guha,62734,15,5,4.0
2618,Pune,Fashion,Sunglasses,Lenovo,Tiwari Ltd,96765,169,18,4.8
2619,Pune,Fashion,Sunglasses,Puma,"Hayre, Madan and Singhal",60814,449,38,4.2
2620,Pune,Home Appliances,Refrigerator,Dell,"Sood, Sastry and Ahluwalia",133063,376,319,3.9
2621,Pune,Home Appliances,Refrigerator,Nike,"Bawa, Bir and Sachdeva",94725,339,106,4.1
2622,Pune,Home Appliances,Refrigerator,Adidas,Dewan-Thaman,63435,316,132,4.5
2623,Pune,Home Appliances,Refrigerator,Bajaj,Tiwari Ltd,136451,47,22,4.9
2624,Pune,Home Appliances,Refrigerator,Apple,Chaudhary-Sarkar,105485,29,8,4.9
2625,Pune,Home Appliances,Washing Machine,Adidas,Batta-Kalla,2755,207,164,3.8
2626,Pune,Home Appliances,Washing Machine,Bajaj,Borde-Zachariah,84566,266,126,4.3
2627,Pune,Home Appliances,Washing Machine,Prestige,Sundaram LLC,19721,38,37,4.6
2628,Pune,Home Appliances,Washing Machine,Adidas,Dey-Dewan,46136,54,10,4.6
2629,Pune,Home Appliances,Washing Machine,Puma,Lata-Dugar,93889,202,83,4.4
2630,Pune,Home Appliances,Microwave,Lenovo,"Chawla, Bumb and Mandal",39180,302,223,3.9
2631,Pune,Home Appliances,Microwave,LG,Chaudhary-Walla,34539,241,78,3.9
2632,Pune,Home Appliances,Microwave,Dell,"Chahal, Dixit and Atwal",27356,206,33,4.3
2633,Pune,Home Appliances,Microwave,Ikea,Ramanathan-Khatri,46625,387,230,5.0
2634,Pune,Home Appliances,Microwave,Godrej,Samra and Sons,78870,401,384,4.0
2635,Pune,Home Appliances,Air Conditioner,LG,Sandhu-Atwal,24664,233,74,4.0
2636,Pune,Home Appliances,Air Conditioner,Boat,Khalsa LLC,141565,377,137,4.8
2637,Pune,Home Appliances,Air Conditioner,Adidas,Rao-Brahmbhatt,141829,56,49,4.3
2638,Pune,Home Appliances,Air Conditioner,Mi,Viswanathan-Keer,16804,351,46,4.2
2639,Pune,Home Appliances,Air Conditioner,Philips,Sha-Ganesan,125325,377,45,4.4
2640,Pune,Home Appliances,Mixer Grinder,Prestige,Dayal Ltd,61363,400,323,3.9
2641,Pune,Home Appliances,Mixer Grinder,Philips,Chana and Sons,28468,315,104,4.6
2642,Pune,Home Appliances,Mixer Grinder,Nike,Hora-Buch,96100,385,332,3.5
2643,Pune,Home Appliances,Mixer Grinder,Reliance,Jayaraman Inc,68205,33,2,3.8
2644,Pune,Home Appliances,Mixer Grinder,Philips,Batra-Sharaf,3715,132,115,4.2
2645,Pune,Home Appliances,Vacuum Cleaner,Puma,"Sarna, Sur and Kapur",17037,283,163,4.4
2646,Pune,Home Appliances,Vacuum Cleaner,Dell,Bhargava-Varty,23990,48,27,3.6
2647,Pune,Home Appliances,Vacuum Cleaner,Bajaj,"Mahajan, Bir and Cheema",3550,199,126,4.9
2648,Pune,Home Appliances,Vacuum Cleaner,Tata,Bhavsar Group,132634,214,72,4.0
2649,Pune,Home Appliances,Vacuum Cleaner,Ikea,Talwar Group,130706,267,258,4.5
2650,Pune,Home Appliances,Water Purifier,Boat,"Khalsa, Bhandari and Zacharia",2425,448,228,3.8
2651,Pune,Home Appliances,Water Purifier,Prestige,Datta-Sankaran,120832,147,46,4.3
2652,Pune,Home Appliances,Water Purifier,Ikea,Bansal-Kumar,42080,486,34,4.9
2653,Pune,Home Appliances,Water Purifier,Tata,Varty-Sanghvi,75125,236,137,4.1
2654,Pune,Home Appliances,Water Purifier,Philips,Srivastava-Das,76586,145,106,4.3
2655,Pune,Groceries,Rice,Ikea,Bhatia and Sons,29500,433,154,4.8
2656,Pune,Groceries,Rice,Godrej,Goda-Bajaj,118458,209,126,5.0
2657,Pune,Groceries,Rice,Sony,Kashyap-Saxena,17463,147,8,4.4
2658,Pune,Groceries,Rice,Apple,Jani and Sons,127869,355,116,3.7
2659,Pune,Groceries,Rice,Sony,Walia-Bumb,118805,257,7,4.5
2660,Pune,Groceries,Wheat Flour,Bajaj,Varty-Gade,110060,191,24,4.3
2661,Pune,Groceries,Wheat Flour,Godrej,Sathe-Baral,48640,241,25,4.2
2662,Pune,Groceries,Wheat Flour,Prestige,"Ganguly, Reddy and Mahajan",129031,252,20,4.7
2663,Pune,Groceries,Wheat Flour,Adidas,Mani-Batta,111112,113,14,4.1
2664,Pune,Groceries,Wheat Flour,Ikea,Ram Group,26222,26,24,4.2
2665,Pune,Groceries,Cooking Oil,Bajaj,Jha-Chacko,45108,49,30,4.7
2666,Pune,Groceries,Cooking Oil,Tata,Kadakia-Bobal,100560,15,10,3.6
2667,Pune,Groceries,Cooking Oil,Reliance,"Srivastava, Suri and Bala",125829,320,205,4.4
2668,Pune,Groceries,Cooking Oil,Ikea,Chhabra-Sekhon,56462,360,286,4.3
2669,Pune,Groceries,Cooking Oil,Nike,"Sastry, Vora and Randhawa",117988,493,71,4.2
2670,Pune,Groceries,Sugar,LG,Sarna-Chaudhari,112152,320,89,4.6
2671,Pune,Groceries,Sugar,Mi,Choudhry and Sons,52617,213,78,4.0
2672,Pune,Groceries,Sugar,Dell,"Virk, Krishnamurthy and Bhatt",8120,319,226,4.4
2673,Pune,Groceries,Sugar,Ikea,Buch LLC,56447,244,149,4.3
2674,Pune,Groceries,Sugar,Godrej,"Thakur, Bal and Chatterjee",140720,363,328,3.6
2675,Pune,Groceries,Tea Powder,Prestige,Mallick Inc,44052,400,177,4.8
2676,Pune,Groceries,Tea Powder,Puma,Balasubramanian Ltd,137499,327,178,3.9
2677,Pune,Groceries,Tea Powder,Apple,Bhatti-Shan,101320,370,18,4.7
2678,Pune,Groceries,Tea Powder,LG,Sibal-Karan,92622,354,8,4.0
2679,Pune,Groceries,Tea Powder,Puma,Bala Ltd,64962,352,240,4.6
2680,Pune,Groceries,Milk,Bajaj,Batra-Raja,81468,499,316,3.9
2681,Pune,Groceries,Milk,Bajaj,Devan-Jhaveri,122153,65,29,5.0
2682,Pune,Groceries,Milk,Sony,Biswas-Vig,131466,192,51,4.5
2683,Pune,Groceries,Milk,Ikea,Sundaram-Ram,92883,290,32,4.5
2684,Pune,Groceries,Milk,Boat,Kar PLC,46546,82,74,4.1
2685,Pune,Groceries,Biscuits,Samsung,"Sur, Mani and Brar",64067,173,55,4.3
2686,Pune,Groceries,Biscuits,Sony,Gill Ltd,128942,435,21,3.5
2687,Pune,Groceries,Biscuits,Prestige,Shankar LLC,30686,262,260,4.7
2688,Pune,Groceries,Biscuits,Ikea,Iyer-Madan,91664,441,362,4.1
2689,Pune,Groceries,Biscuits,Sony,"Soman, Trivedi and Balakrishnan",144409,283,113,4.9
2690,Pune,Sports,Cricket Bat,Boat,Badami Inc,138288,337,177,3.7
2691,Pune,Sports,Cricket Bat,Mi,"Sabharwal, Bala and Dutt",14123,433,244,4.0
2692,Pune,Sports,Cricket Bat,Lenovo,Bhat-Bawa,115955,52,10,3.9
2693,Pune,Sports,Cricket Bat,Samsung,"Bawa, Ravel and Sem",7326,429,158,3.9
2694,Pune,Sports,Cricket Bat,Adidas,"Shan, Trivedi and Sura",134812,263,211,4.2
2695,Pune,Sports,Football,HP,Edwin Inc,45214,14,8,4.1
2696,Pune,Sports,Football,Samsung,Raman-Bumb,28474,493,372,3.8
2697,Pune,Sports,Football,Philips,Dhillon Group,107267,316,119,4.0
2698,Pune,Sports,Football,Reliance,Mann-Sinha,110918,367,123,5.0
2699,Pune,Sports,Football,Godrej,Bains and Sons,20465,382,68,3.7
2700,Pune,Sports,Badminton Racket,Dell,Ramanathan-Garg,45628,443,285,4.7
2701,Pune,Sports,Badminton Racket,Bajaj,Mandal-Uppal,68058,293,122,4.1
2702,Pune,Sports,Badminton Racket,LG,"Borde, Tiwari and Bhakta",85979,367,351,4.1
2703,Pune,Sports,Badminton Racket,Prestige,Sundaram Inc,131224,135,7,3.5
2704,Pune,Sports,Badminton Racket,Sony,Amble Ltd,61228,50,7,4.9
2705,Pune,Sports,Gym Gloves,Puma,Hans LLC,77000,278,26,3.6
2706,Pune,Sports,Gym Gloves,LG,Chaudry-Subramaniam,68901,148,128,3.7
2707,Pune,Sports,Gym Gloves,HP,Bera Group,85540,428,245,4.4
2708,Pune,Sports,Gym Gloves,Dell,"Devi, Bassi and Majumdar",90964,25,1,4.5
2709,Pune,Sports,Gym Gloves,Adidas,"Setty, Kumer and Tailor",93991,473,165,4.2
2710,Pune,Sports,Yoga Mat,Prestige,Manne-Gill,73722,344,214,4.5
2711,Pune,Sports,Yoga Mat,Bajaj,Chaudry and Sons,52157,497,88,4.0
2712,Pune,Sports,Yoga Mat,Adidas,"Trivedi, Kumer and Borah",22824,400,399,3.7
2713,Pune,Sports,Yoga Mat,LG,Keer Inc,23372,206,166,4.7
2714,Pune,Sports,Yoga Mat,Lenovo,"Batra, Balan and Bir",25167,42,34,3.9
2715,Pune,Sports,Cycling Helmet,Mi,Khosla-Tripathi,29133,174,82,4.8
2716,Pune,Sports,Cycling Helmet,Godrej,Yohannan Ltd,125140,395,348,4.4
2717,Pune,Sports,Cycling Helmet,Adidas,"Agarwal, Gade and Chanda",99019,292,48,4.1
2718,Pune,Sports,Cycling Helmet,Adidas,Baral LLC,115234,34,11,3.7
2719,Pune,Sports,Cycling Helmet,Godrej,Wagle and Sons,82536,95,78,3.7
2720,Pune,Beauty,Face Wash,Adidas,Vig Inc,144417,381,306,4.5
2721,Pune,Beauty,Face Wash,HP,"Wason, Srinivasan and Kar",29496,248,200,4.0
2722,Pune,Beauty,Face Wash,Lenovo,"Seth, Ghose and Barad",119370,460,392,3.8
2723,Pune,Beauty,Face Wash,Ikea,"Khalsa, Lad and Arora",79089,246,7,4.3
2724,Pune,Beauty,Face Wash,Boat,Thakur Group,129516,234,153,4.8
2725,Pune,Beauty,Lipstick,HP,Walia-Shere,55383,265,222,4.6
2726,Pune,Beauty,Lipstick,Boat,Dara Group,3672,445,29,4.5
2727,Pune,Beauty,Lipstick,Adidas,"Chanda, Chandran and Rajagopalan",119090,460,234,3.8
2728,Pune,Beauty,Lipstick,Philips,Sibal LLC,138804,399,325,4.5
2729,Pune,Beauty,Lipstick,Dell,"Batra, Dada and Basu",17897,312,117,3.8
2730,Pune,Beauty,Perfume,Bajaj,Chaudhry Inc,56562,21,14,3.7
2731,Pune,Beauty,Perfume,Samsung,Goda-Mander,123385,27,7,4.0
2732,Pune,Beauty,Perfume,Sony,Bajaj-Ahluwalia,8555,229,159,3.7
2733,Pune,Beauty,Perfume,Godrej,Sachdev PLC,31240,183,62,5.0
2734,Pune,Beauty,Perfume,Adidas,Mahal PLC,4399,168,58,4.7
2735,Pune,Beauty,Shampoo,HP,Dhingra Inc,37641,418,167,5.0
2736,Pune,Beauty,Shampoo,LG,Bora-Magar,4756,67,21,4.4
2737,Pune,Beauty,Shampoo,HP,"Badal, Dalal and Hayer",50233,31,24,4.5
2738,Pune,Beauty,Shampoo,Puma,"Trivedi, Suresh and Balan",9396,376,287,4.6
2739,Pune,Beauty,Shampoo,Mi,Chawla-Iyer,95122,287,126,4.8
2740,Pune,Beauty,Body Lotion,Tata,Contractor Inc,40639,140,39,4.6
2741,Pune,Beauty,Body Lotion,Dell,Sharaf Ltd,48280,386,288,3.6
2742,Pune,Beauty,Body Lotion,Dell,Solanki Inc,5727,244,76,4.9
2743,Pune,Beauty,Body Lotion,Adidas,"Joshi, Balan and Biswas",72976,216,191,3.7
2744,Pune,Beauty,Body Lotion,Ikea,Bal LLC,66836,240,35,3.8
2745,Pune,Beauty,Hair Dryer,Godrej,Bala-Anne,96009,214,90,3.8
2746,Pune,Beauty,Hair Dryer,Reliance,Gokhale Ltd,126806,465,71,4.2
2747,Pune,Beauty,Hair Dryer,Dell,Vig PLC,100285,234,224,4.5
2748,Pune,Beauty,Hair Dryer,Adidas,"Som, Comar and Bora",29563,129,109,3.7
2749,Pune,Beauty,Hair Dryer,Godrej,"Kakar, Sachdev and Tata",59962,416,290,4.4
2750,Ahmedabad,Electronics,Smartphone,Godrej,Sinha LLC,135776,189,183,3.6
2751,Ahmedabad,Electronics,Smartphone,Boat,Jayaraman-Saha,57925,386,122,4.0
2752,Ahmedabad,Electronics,Smartphone,Nike,"Saraf, Handa and Chad",138982,178,40,4.1
2753,Ahmedabad,Electronics,Smartphone,Reliance,Batra Group,141679,185,95,3.5
2754,Ahmedabad,Electronics,Smartphone,Puma,Bhatia PLC,125435,499,179,3.5
2755,Ahmedabad,Electronics,Laptop,Nike,Bose-Sha,79428,379,211,3.6
2756,Ahmedabad,Electronics,Laptop,Prestige,Kara-Kuruvilla,90538,230,180,4.8
2757,Ahmedabad,Electronics,Laptop,Godrej,"Sandal, Hayer and Amble",13224,395,15,3.9
2758,Ahmedabad,Electronics,Laptop,HP,"Yohannan, Korpal and Devan",128596,410,26,3.6
2759,Ahmedabad,Electronics,Laptop,Tata,"Bora, Bora and Dey",121486,442,69,4.2
2760,Ahmedabad,Electronics,Smart TV,Dell,Rama and Sons,14136,133,85,4.1
2761,Ahmedabad,Electronics,Smart TV,Philips,Tank and Sons,57653,383,16,4.2
2762,Ahmedabad,Electronics,Smart TV,Adidas,Banerjee-Chander,122836,253,215,4.6
2763,Ahmedabad,Electronics,Smart TV,Lenovo,"Bora, Agate and Shukla",136688,188,65,4.5
2764,Ahmedabad,Electronics,Smart TV,Nike,"Vig, Korpal and Choudhury",131449,303,84,5.0
2765,Ahmedabad,Electronics,Bluetooth Speaker,Adidas,Baral PLC,144302,348,45,4.3
2766,Ahmedabad,Electronics,Bluetooth Speaker,Adidas,"Hari, Mane and Cherian",84164,356,16,4.6
2767,Ahmedabad,Electronics,Bluetooth Speaker,Dell,"Kapoor, Choudhury and Chokshi",55826,183,42,4.5
2768,Ahmedabad,Electronics,Bluetooth Speaker,Reliance,"Gour, Date and Aurora",142614,217,163,4.7
2769,Ahmedabad,Electronics,Bluetooth Speaker,Dell,"Bakshi, Kapur and Datta",81802,44,41,3.9
2770,Ahmedabad,Electronics,Tablet,HP,"Banik, Venkataraman and Raj",36932,432,206,4.9
2771,Ahmedabad,Electronics,Tablet,Boat,Karpe Inc,142738,360,43,3.7
2772,Ahmedabad,Electronics,Tablet,Ikea,Sethi Ltd,140346,56,34,4.3
2773,Ahmedabad,Electronics,Tablet,Lenovo,Venkataraman-Bora,14007,22,6,4.7
2774,Ahmedabad,Electronics,Tablet,Boat,Johal Group,124211,22,4,4.2
2775,Ahmedabad,Electronics,Gaming Console,HP,Arya-Babu,6118,210,137,3.7
2776,Ahmedabad,Electronics,Gaming Console,LG,"Date, Chandran and Lanka",64204,469,241,4.7
2777,Ahmedabad,Electronics,Gaming Console,Sony,Kamdar LLC,113908,11,4,3.8
2778,Ahmedabad,Electronics,Gaming Console,Reliance,Ramaswamy and Sons,34702,200,123,4.5
2779,Ahmedabad,Electronics,Gaming Console,Mi,Dalal Inc,107407,366,2,4.7
2780,Ahmedabad,Electronics,Smart Watch,Boat,"Dayal, Dewan and Acharya",128141,218,68,3.9
2781,Ahmedabad,Electronics,Smart Watch,Boat,"Bobal, Kannan and Yadav",120275,349,241,4.4
2782,Ahmedabad,Electronics,Smart Watch,Prestige,Bhavsar Group,60864,398,45,4.2
2783,Ahmedabad,Electronics,Smart Watch,Nike,Kala PLC,135692,257,223,4.5
2784,Ahmedabad,Electronics,Smart Watch,HP,Thakkar LLC,13106,80,62,4.2
2785,Ahmedabad,Electronics,Headphones,Samsung,"Chahal, Kala and Bhattacharyya",132024,203,84,4.2
2786,Ahmedabad,Electronics,Headphones,Reliance,Apte-Gaba,116979,465,121,4.7
2787,Ahmedabad,Electronics,Headphones,Samsung,Chada Ltd,123974,500,150,4.3
2788,Ahmedabad,Electronics,Headphones,Mi,Vig-Lal,7910,269,150,4.8
2789,Ahmedabad,Electronics,Headphones,Tata,"Warrior, Karnik and Chahal",82183,417,99,4.4
2790,Ahmedabad,Furniture,Sofa,Philips,Vyas-Korpal,13585,347,345,4.9
2791,Ahmedabad,Furniture,Sofa,Samsung,"Bal, Sant and Hayer",24327,100,88,4.5
2792,Ahmedabad,Furniture,Sofa,Prestige,Bahl-Yohannan,48701,410,136,4.4
2793,Ahmedabad,Furniture,Sofa,Reliance,Walla-Rao,10866,242,44,4.6
2794,Ahmedabad,Furniture,Sofa,Samsung,Bawa-Lalla,91928,129,80,4.9
2795,Ahmedabad,Furniture,Dining Table,Adidas,Chadha LLC,79207,109,39,4.4
2796,Ahmedabad,Furniture,Dining Table,Nike,"Dar, Taneja and Bhatia",20009,210,89,4.9
2797,Ahmedabad,Furniture,Dining Table,Prestige,"Bawa, Sundaram and Sachdeva",46749,38,18,4.2
2798,Ahmedabad,Furniture,Dining Table,Dell,Dash-Kara,100766,288,60,4.9
2799,Ahmedabad,Furniture,Dining Table,Mi,Walia-Datta,140307,333,259,4.2
2800,Ahmedabad,Furniture,Office Chair,Reliance,Virk Ltd,35598,420,280,4.2
2801,Ahmedabad,Furniture,Office Chair,Reliance,Rana-Kadakia,122953,151,108,3.6
2802,Ahmedabad,Furniture,Office Chair,Philips,Aurora-Wable,33256,399,173,4.2
2803,Ahmedabad,Furniture,Office Chair,Tata,Ahluwalia Inc,5290,24,5,4.5
2804,Ahmedabad,Furniture,Office Chair,Nike,Chander Inc,17718,45,23,4.9
2805,Ahmedabad,Furniture,Bed,Sony,Dass and Sons,47789,209,135,4.6
2806,Ahmedabad,Furniture,Bed,Dell,"Sachdeva, Golla and Rattan",15637,294,263,3.9
2807,Ahmedabad,Furniture,Bed,Samsung,"Thaman, Kaur and Chaudhary",9540,158,92,3.5
2808,Ahmedabad,Furniture,Bed,Puma,Agate-Bhattacharyya,137475,452,67,4.2
2809,Ahmedabad,Furniture,Bed,Mi,Loyal-Banerjee,139829,442,279,4.3
2810,Ahmedabad,Furniture,Wardrobe,Ikea,Karpe and Sons,82430,397,45,4.0
2811,Ahmedabad,Furniture,Wardrobe,Ikea,"Dugal, Sharaf and Bhardwaj",102419,178,95,4.6
2812,Ahmedabad,Furniture,Wardrobe,Boat,"Chandra, Wali and Bhat",40146,428,130,4.6
2813,Ahmedabad,Furniture,Wardrobe,Sony,Batra Inc,50239,433,303,4.3
2814,Ahmedabad,Furniture,Wardrobe,Prestige,Salvi-Kari,91171,438,106,4.4
2815,Ahmedabad,Furniture,Bookshelf,Bajaj,Kari-Bains,102186,299,103,4.1
2816,Ahmedabad,Furniture,Bookshelf,Dell,Chaudhary-Batra,93000,256,73,4.4
2817,Ahmedabad,Furniture,Bookshelf,Reliance,Buch Group,10091,463,413,3.9
2818,Ahmedabad,Furniture,Bookshelf,Boat,Bhasin and Sons,78594,457,330,4.4
2819,Ahmedabad,Furniture,Bookshelf,Mi,Vyas Ltd,105039,363,294,4.3
2820,Ahmedabad,Furniture,Coffee Table,Reliance,Bahl and Sons,110699,309,172,4.1
2821,Ahmedabad,Furniture,Coffee Table,Tata,Rana-Ram,83314,89,19,4.3
2822,Ahmedabad,Furniture,Coffee Table,Mi,Choudhury-Hari,45741,136,22,4.1
2823,Ahmedabad,Furniture,Coffee Table,Prestige,Roy-Goel,74570,472,354,4.8
2824,Ahmedabad,Furniture,Coffee Table,Nike,Tank-Swaminathan,113186,56,6,4.5
2825,Ahmedabad,Furniture,TV Unit,Reliance,Edwin and Sons,13663,406,98,4.8
2826,Ahmedabad,Furniture,TV Unit,Bajaj,Apte Ltd,25455,221,187,3.9
2827,Ahmedabad,Furniture,TV Unit,Adidas,"Bal, Varghese and Rastogi",12216,236,81,5.0
2828,Ahmedabad,Furniture,TV Unit,Philips,Chadha and Sons,72851,362,338,3.7
2829,Ahmedabad,Furniture,TV Unit,Bajaj,Chacko-Taneja,109129,168,135,4.3
2830,Ahmedabad,Fashion,T-Shirt,Bajaj,Bumb PLC,46574,15,6,4.2
2831,Ahmedabad,Fashion,T-Shirt,Adidas,Sane-Saini,87032,236,166,4.5
2832,Ahmedabad,Fashion,T-Shirt,Tata,"Ray, Dube and Bhasin",140983,173,120,4.0
2833,Ahmedabad,Fashion,T-Shirt,Prestige,Kunda-Luthra,14437,63,23,3.7
2834,Ahmedabad,Fashion,T-Shirt,Bajaj,"Baria, Anand and Comar",3051,19,3,4.5
2835,Ahmedabad,Fashion,Jeans,LG,"Saraf, Sampath and Chadha",91240,477,352,3.6
2836,Ahmedabad,Fashion,Jeans,Lenovo,Solanki LLC,47043,272,81,4.0
2837,Ahmedabad,Fashion,Jeans,Bajaj,Madan Ltd,133680,226,173,4.4
2838,Ahmedabad,Fashion,Jeans,Prestige,Khare Group,63893,377,89,3.6
2839,Ahmedabad,Fashion,Jeans,Godrej,"Cheema, Butala and Sunder",32796,243,158,4.8
2840,Ahmedabad,Fashion,Kurti,LG,Krishnan LLC,134177,10,5,4.8
2841,Ahmedabad,Fashion,Kurti,Sony,Viswanathan Group,37447,41,9,4.0
2842,Ahmedabad,Fashion,Kurti,Boat,"Swamy, Taneja and Mahajan",85445,225,212,3.8
2843,Ahmedabad,Fashion,Kurti,Tata,Sankar Inc,3888,117,94,4.8
2844,Ahmedabad,Fashion,Kurti,Dell,"Barman, Bora and Kurian",52319,400,362,4.9
2845,Ahmedabad,Fashion,Sneakers,Mi,Sahota and Sons,15868,311,135,4.0
2846,Ahmedabad,Fashion,Sneakers,Reliance,Deo-Bandi,126730,111,8,4.1
2847,Ahmedabad,Fashion,Sneakers,LG,Kaul Group,93308,305,99,4.8
2848,Ahmedabad,Fashion,Sneakers,Nike,Tandon-Lal,70016,253,133,4.2
2849,Ahmedabad,Fashion,Sneakers,Mi,Apte-Choudhary,22526,297,160,4.3
2850,Ahmedabad,Fashion,Jacket,Mi,"Anand, Salvi and Bobal",108000,454,96,4.0
2851,Ahmedabad,Fashion,Jacket,Apple,"Sengupta, Dhaliwal and Behl",3361,500,433,3.5
2852,Ahmedabad,Fashion,Jacket,Puma,Kant Inc,27791,66,47,4.9
2853,Ahmedabad,Fashion,Jacket,Nike,"Ray, Thaman and Konda",100293,329,159,4.9
2854,Ahmedabad,Fashion,Jacket,LG,Uppal-Kunda,146223,373,168,4.0
2855,Ahmedabad,Fashion,Watch,Prestige,Sunder Group,36756,406,81,3.6
2856,Ahmedabad,Fashion,Watch,Boat,Gala-Sagar,41886,385,130,5.0
2857,Ahmedabad,Fashion,Watch,Puma,Ahuja-Bhatt,44448,360,105,4.6
2858,Ahmedabad,Fashion,Watch,Boat,Sandhu-Kalla,127123,395,311,3.9
2859,Ahmedabad,Fashion,Watch,Boat,Choudhry Inc,56386,280,258,4.3
2860,Ahmedabad,Fashion,Handbag,Ikea,Bhardwaj Inc,125838,25,15,3.6
2861,Ahmedabad,Fashion,Handbag,Reliance,Brar-Doshi,125945,11,8,4.6
2862,Ahmedabad,Fashion,Handbag,Sony,Sama-Shroff,23406,456,406,4.3
2863,Ahmedabad,Fashion,Handbag,Prestige,Dixit PLC,16915,440,392,4.2
2864,Ahmedabad,Fashion,Handbag,Apple,Hegde-Sem,66382,257,52,3.7
2865,Ahmedabad,Fashion,Sunglasses,LG,Wali-Ganesh,149035,68,52,3.6
2866,Ahmedabad,Fashion,Sunglasses,Godrej,"Mammen, Ghosh and Ghosh",3150,111,102,3.7
2867,Ahmedabad,Fashion,Sunglasses,Reliance,"Sule, Bhardwaj and Varkey",5491,248,55,3.9
2868,Ahmedabad,Fashion,Sunglasses,Puma,"Chatterjee, Bobal and Johal",93579,263,106,4.0
2869,Ahmedabad,Fashion,Sunglasses,Godrej,Lad-Bava,52144,189,30,4.7
2870,Ahmedabad,Home Appliances,Refrigerator,Sony,Iyer Inc,45653,108,65,4.3
2871,Ahmedabad,Home Appliances,Refrigerator,Philips,"Chandra, Warrior and Chakraborty",118264,246,202,4.1
2872,Ahmedabad,Home Appliances,Refrigerator,Boat,Zacharia-Bassi,25567,239,200,3.7
2873,Ahmedabad,Home Appliances,Refrigerator,Ikea,Loyal Inc,34718,276,79,4.2
2874,Ahmedabad,Home Appliances,Refrigerator,Reliance,Chacko Group,92805,446,154,3.8
2875,Ahmedabad,Home Appliances,Washing Machine,Nike,Karnik-Chander,99976,323,123,3.8
2876,Ahmedabad,Home Appliances,Washing Machine,Puma,Thakur-Upadhyay,49584,63,53,3.8
2877,Ahmedabad,Home Appliances,Washing Machine,Bajaj,"Gour, Banik and Setty",47074,307,153,3.6
2878,Ahmedabad,Home Appliances,Washing Machine,Adidas,"Basu, Kamdar and Chada",35607,202,112,3.8
2879,Ahmedabad,Home Appliances,Washing Machine,LG,Cherian LLC,62467,228,190,3.5
2880,Ahmedabad,Home Appliances,Microwave,Reliance,"Sastry, Vohra and Hora",129025,122,86,3.6
2881,Ahmedabad,Home Appliances,Microwave,Sony,"Atwal, Guha and Sahni",74769,365,221,3.8
2882,Ahmedabad,Home Appliances,Microwave,Samsung,Kannan PLC,133924,489,158,3.6
2883,Ahmedabad,Home Appliances,Microwave,Ikea,"Butala, Badal and Sibal",137714,39,10,4.9
2884,Ahmedabad,Home Appliances,Microwave,Philips,Cherian and Sons,133603,42,28,4.1
2885,Ahmedabad,Home Appliances,Air Conditioner,Tata,"Khatri, Deshpande and Chatterjee",3467,377,15,3.9
2886,Ahmedabad,Home Appliances,Air Conditioner,Lenovo,"Toor, Saraf and Karnik",129519,345,145,4.5
2887,Ahmedabad,Home Appliances,Air Conditioner,Puma,Ramakrishnan and Sons,111065,189,18,4.1
2888,Ahmedabad,Home Appliances,Air Conditioner,Nike,Lad-Kamdar,79202,123,51,3.9
2889,Ahmedabad,Home Appliances,Air Conditioner,Bajaj,Master-Manne,118900,364,190,4.7
2890,Ahmedabad,Home Appliances,Mixer Grinder,Bajaj,Ramaswamy LLC,133827,488,317,3.9
2891,Ahmedabad,Home Appliances,Mixer Grinder,HP,Bahri Inc,49857,361,14,4.9
2892,Ahmedabad,Home Appliances,Mixer Grinder,Godrej,Wagle-Kar,52610,286,128,3.7
2893,Ahmedabad,Home Appliances,Mixer Grinder,Nike,Saxena-Luthra,4421,344,29,3.6
2894,Ahmedabad,Home Appliances,Mixer Grinder,Lenovo,Kunda Inc,6693,425,425,4.3
2895,Ahmedabad,Home Appliances,Vacuum Cleaner,LG,Dasgupta-Gaba,45187,254,44,4.4
2896,Ahmedabad,Home Appliances,Vacuum Cleaner,Reliance,Bera-Kaul,141557,228,90,4.9
2897,Ahmedabad,Home Appliances,Vacuum Cleaner,Tata,Lala Inc,145436,241,240,5.0
2898,Ahmedabad,Home Appliances,Vacuum Cleaner,Bajaj,"Singhal, Sampath and Deshpande",85850,328,31,4.4
2899,Ahmedabad,Home Appliances,Vacuum Cleaner,Reliance,Shukla-Andra,32732,47,13,4.8
2900,Ahmedabad,Home Appliances,Water Purifier,Dell,"Basu, Sastry and Banik",86696,461,95,4.1
2901,Ahmedabad,Home Appliances,Water Purifier,Adidas,Goel Group,9863,17,7,4.8
2902,Ahmedabad,Home Appliances,Water Purifier,Tata,Buch-Zachariah,17779,281,46,4.3
2903,Ahmedabad,Home Appliances,Water Purifier,HP,"Raja, Chakraborty and Balakrishnan",104743,51,40,4.6
2904,Ahmedabad,Home Appliances,Water Purifier,Mi,Chandra LLC,19389,188,61,3.6
2905,Ahmedabad,Groceries,Rice,Sony,"Raja, Bhatia and Taneja",147841,77,24,4.5
2906,Ahmedabad,Groceries,Rice,Samsung,Shanker Inc,117095,196,115,4.8
2907,Ahmedabad,Groceries,Rice,Sony,Bajwa Group,44762,77,5,4.4
2908,Ahmedabad,Groceries,Rice,Bajaj,Borah-Rastogi,100963,133,127,4.4
2909,Ahmedabad,Groceries,Rice,Reliance,Mall Ltd,8558,44,43,3.6
2910,Ahmedabad,Groceries,Wheat Flour,Nike,Raval Inc,69432,108,83,4.2
2911,Ahmedabad,Groceries,Wheat Flour,Dell,Soni PLC,85650,154,3,4.9
2912,Ahmedabad,Groceries,Wheat Flour,Mi,Kala Group,65012,377,105,3.6
2913,Ahmedabad,Groceries,Wheat Flour,Sony,Kaur-Srinivas,83951,138,107,4.5
2914,Ahmedabad,Groceries,Wheat Flour,Lenovo,Sodhi and Sons,7865,16,5,4.9
2915,Ahmedabad,Groceries,Cooking Oil,HP,"Chaudry, Kalla and Verma",30583,401,88,4.4
2916,Ahmedabad,Groceries,Cooking Oil,Philips,"Ravi, Shan and Manne",65150,181,95,4.0
2917,Ahmedabad,Groceries,Cooking Oil,Ikea,"Mall, Shan and Mani",88200,23,7,4.2
2918,Ahmedabad,Groceries,Cooking Oil,LG,Manda Inc,31085,65,64,4.9
2919,Ahmedabad,Groceries,Cooking Oil,Sony,"Varghese, Devi and Butala",41423,121,113,4.3
2920,Ahmedabad,Groceries,Sugar,Apple,Majumdar Inc,101441,111,66,4.0
2921,Ahmedabad,Groceries,Sugar,Lenovo,Rastogi-Dugar,108079,498,232,4.8
2922,Ahmedabad,Groceries,Sugar,Prestige,Kaul LLC,107235,400,314,4.9
2923,Ahmedabad,Groceries,Sugar,Bajaj,Gupta Ltd,61271,326,291,4.4
2924,Ahmedabad,Groceries,Sugar,Nike,Hari PLC,74842,469,20,3.7
2925,Ahmedabad,Groceries,Tea Powder,Tata,Konda and Sons,47229,387,31,4.3
2926,Ahmedabad,Groceries,Tea Powder,Sony,Mand-Jani,84900,179,130,3.9
2927,Ahmedabad,Groceries,Tea Powder,Dell,Kala PLC,111313,321,182,3.7
2928,Ahmedabad,Groceries,Tea Powder,Godrej,Bhatti Group,12429,479,163,4.9
2929,Ahmedabad,Groceries,Tea Powder,Adidas,Bhatti Group,82566,434,106,4.7
2930,Ahmedabad,Groceries,Milk,Reliance,Lad Ltd,137404,274,233,4.5
2931,Ahmedabad,Groceries,Milk,Adidas,"Bakshi, Golla and Dara",29308,70,36,4.6
2932,Ahmedabad,Groceries,Milk,Boat,Grover Inc,133897,87,20,3.6
2933,Ahmedabad,Groceries,Milk,Reliance,"Iyengar, Dada and Lad",106720,335,206,4.2
2934,Ahmedabad,Groceries,Milk,LG,Bhasin and Sons,2276,429,306,3.9
2935,Ahmedabad,Groceries,Biscuits,Prestige,"Bahl, Chaudhary and Hayer",61874,267,130,4.4
2936,Ahmedabad,Groceries,Biscuits,Bajaj,Gola-Agrawal,717,312,260,4.7
2937,Ahmedabad,Groceries,Biscuits,Dell,Bahl LLC,107594,42,26,4.4
2938,Ahmedabad,Groceries,Biscuits,Samsung,Bains PLC,58348,243,46,4.0
2939,Ahmedabad,Groceries,Biscuits,Nike,"Balasubramanian, Chad and Soman",140994,415,34,4.5
2940,Ahmedabad,Sports,Cricket Bat,Apple,Vora Ltd,77528,200,5,3.6
2941,Ahmedabad,Sports,Cricket Bat,Samsung,Vig-Ramachandran,149151,15,1,4.9
2942,Ahmedabad,Sports,Cricket Bat,HP,Mangat Inc,119700,71,31,3.6
2943,Ahmedabad,Sports,Cricket Bat,LG,Hayer Group,84585,491,203,3.5
2944,Ahmedabad,Sports,Cricket Bat,Tata,Gopal-Chahal,109958,429,429,3.7
2945,Ahmedabad,Sports,Football,Adidas,Gulati Ltd,88799,142,22,4.1
2946,Ahmedabad,Sports,Football,HP,Buch-Rau,39239,413,412,4.8
2947,Ahmedabad,Sports,Football,Sony,"Agate, Thaker and Mander",41689,98,96,4.5
2948,Ahmedabad,Sports,Football,Adidas,"Lall, Agate and Dyal",78547,13,12,4.2
2949,Ahmedabad,Sports,Football,Tata,Dyal-Srinivasan,143522,333,110,3.5
2950,Ahmedabad,Sports,Badminton Racket,Samsung,Thakur Ltd,109975,375,245,4.3
2951,Ahmedabad,Sports,Badminton Racket,Mi,"Sharaf, Cheema and Khare",71090,162,26,4.1
2952,Ahmedabad,Sports,Badminton Racket,Adidas,Lad LLC,39236,389,42,4.8
2953,Ahmedabad,Sports,Badminton Racket,Tata,Kakar LLC,30395,204,74,3.6
2954,Ahmedabad,Sports,Badminton Racket,Puma,"Kata, Jani and Dugal",69349,422,295,4.2
2955,Ahmedabad,Sports,Gym Gloves,Puma,"Sachdeva, Shankar and Mandal",41877,458,443,4.0
2956,Ahmedabad,Sports,Gym Gloves,Prestige,Tiwari-Dutta,103593,333,114,4.1
2957,Ahmedabad,Sports,Gym Gloves,Prestige,Rama-Jani,57793,388,115,3.9
2958,Ahmedabad,Sports,Gym Gloves,LG,Dyal Ltd,126218,361,7,4.9
2959,Ahmedabad,Sports,Gym Gloves,Dell,Bir-Sathe,18783,133,41,4.7
2960,Ahmedabad,Sports,Yoga Mat,Philips,"Thakur, Rege and Agrawal",65424,311,160,4.0
2961,Ahmedabad,Sports,Yoga Mat,Adidas,"Ram, Ray and Sankar",136035,263,119,4.4
2962,Ahmedabad,Sports,Yoga Mat,Ikea,"Seth, Halder and Lad",135152,424,223,4.6
2963,Ahmedabad,Sports,Yoga Mat,Adidas,Mahal LLC,138424,94,12,4.8
2964,Ahmedabad,Sports,Yoga Mat,Dell,"Toor, Gala and Tara",48091,113,80,4.9
2965,Ahmedabad,Sports,Cycling Helmet,Nike,Kade PLC,80243,149,31,4.8
2966,Ahmedabad,Sports,Cycling Helmet,Adidas,Suresh LLC,131755,308,88,4.5
2967,Ahmedabad,Sports,Cycling Helmet,Reliance,Zachariah-Setty,127033,375,356,4.0
2968,Ahmedabad,Sports,Cycling Helmet,Mi,"Talwar, Rau and Aggarwal",91179,100,71,4.4
2969,Ahmedabad,Sports,Cycling Helmet,Prestige,Mammen-Bahl,105775,141,3,4.6
2970,Ahmedabad,Beauty,Face Wash,LG,Buch-Edwin,85855,352,6,3.9
2971,Ahmedabad,Beauty,Face Wash,Godrej,Dube Group,137240,396,321,4.8
2972,Ahmedabad,Beauty,Face Wash,Godrej,Bhakta Group,64310,416,31,4.9
2973,Ahmedabad,Beauty,Face Wash,Apple,Sane Inc,61994,345,217,3.8
2974,Ahmedabad,Beauty,Face Wash,Philips,Raval PLC,129321,226,166,4.4
2975,Ahmedabad,Beauty,Lipstick,Samsung,Gara Inc,131401,235,64,4.0
2976,Ahmedabad,Beauty,Lipstick,Philips,"Dhillon, Raval and Kar",88525,474,15,4.2
2977,Ahmedabad,Beauty,Lipstick,Samsung,Ramaswamy-Bawa,25231,60,50,3.6
2978,Ahmedabad,Beauty,Lipstick,Puma,"Badami, Sathe and Konda",119609,182,23,4.3
2979,Ahmedabad,Beauty,Lipstick,Nike,Barad Inc,1157,457,292,3.8
2980,Ahmedabad,Beauty,Perfume,Philips,Bora Ltd,60170,412,82,3.9
2981,Ahmedabad,Beauty,Perfume,Sony,Sachar-Mandal,33881,482,201,4.0
2982,Ahmedabad,Beauty,Perfume,Prestige,"Mandal, Arya and Rajagopalan",32119,483,470,3.7
2983,Ahmedabad,Beauty,Perfume,HP,"Toor, Shenoy and Trivedi",126316,94,16,3.7
2984,Ahmedabad,Beauty,Perfume,Adidas,Bava Ltd,29298,423,336,4.6
2985,Ahmedabad,Beauty,Shampoo,Samsung,Rattan-Sami,56516,357,312,3.7
2986,Ahmedabad,Beauty,Shampoo,Puma,Chauhan Group,70397,117,20,4.4
2987,Ahmedabad,Beauty,Shampoo,Godrej,Subramaniam and Sons,50826,23,4,3.9
2988,Ahmedabad,Beauty,Shampoo,Tata,"Dara, Bhargava and Anand",96018,421,163,4.3
2989,Ahmedabad,Beauty,Shampoo,Apple,"Bhasin, Srinivas and Kumar",35845,177,52,4.9
2990,Ahmedabad,Beauty,Body Lotion,LG,"Dutt, Uppal and Kara",78457,444,95,4.2
2991,Ahmedabad,Beauty,Body Lotion,Ikea,Kata Group,74228,299,242,4.0
2992,Ahmedabad,Beauty,Body Lotion,Ikea,Dewan-Sant,64628,283,184,3.9
2993,Ahmedabad,Beauty,Body Lotion,Apple,Sunder-Chandra,31188,197,56,3.8
2994,Ahmedabad,Beauty,Body Lotion,Apple,Master-Bajaj,142143,70,31,4.9
2995,Ahmedabad,Beauty,Hair Dryer,Boat,Butala-Dhawan,76336,478,18,4.5
2996,Ahmedabad,Beauty,Hair Dryer,Lenovo,Edwin-Sanghvi,87775,238,12,3.9
2997,Ahmedabad,Beauty,Hair Dryer,Adidas,Chopra-Karnik,2968,433,102,4.0
2998,Ahmedabad,Beauty,Hair Dryer,Ikea,Sunder-Date,51875,398,360,4.8
2999,Ahmedabad,Beauty,Hair Dryer,Bajaj,Singhal-Mall,38924,295,121,3.6
3000,Jaipur,Electronics,Smartphone,Ikea,"Bhargava, Malhotra and Bail",32708,492,294,4.3
3001,Jaipur,Electronics,Smartphone,Tata,"Kibe, Contractor and Khurana",94290,30,30,4.5
3002,Jaipur,Electronics,Smartphone,Nike,"Srinivasan, Sane and Sibal",109998,174,122,4.5
3003,Jaipur,Electronics,Smartphone,HP,"Wagle, Majumdar and Dugar",36276,285,113,4.8
3004,Jaipur,Electronics,Smartphone,Apple,Sood Group,139220,494,16,4.8
3005,Jaipur,Electronics,Laptop,Samsung,Sachdev-Chand,136315,155,121,4.9
3006,Jaipur,Electronics,Laptop,Godrej,Cheema-Kaur,114345,55,42,3.8
3007,Jaipur,Electronics,Laptop,Sony,"Basak, Koshy and Saraf",30668,294,288,4.4
3008,Jaipur,Electronics,Laptop,Godrej,Varkey and Sons,96569,355,73,4.8
3009,Jaipur,Electronics,Laptop,Mi,"Keer, Baral and Loke",93131,172,118,4.5
3010,Jaipur,Electronics,Smart TV,LG,Kamdar-Doctor,104786,308,100,4.4
3011,Jaipur,Electronics,Smart TV,HP,Basu-Kadakia,52090,206,56,3.9
3012,Jaipur,Electronics,Smart TV,Philips,"Das, Jain and Yogi",111224,83,20,4.7
3013,Jaipur,Electronics,Smart TV,Adidas,Lanka PLC,46521,266,87,4.2
3014,Jaipur,Electronics,Smart TV,Apple,"Banerjee, Maharaj and Johal",76156,121,60,3.7
3015,Jaipur,Electronics,Bluetooth Speaker,Prestige,"Sathe, Yadav and Jain",64947,120,66,4.8
3016,Jaipur,Electronics,Bluetooth Speaker,Boat,Thakur-Karpe,32919,33,13,3.9
3017,Jaipur,Electronics,Bluetooth Speaker,Boat,"Sidhu, Brar and Halder",60242,84,63,4.8
3018,Jaipur,Electronics,Bluetooth Speaker,Boat,"Shroff, Bir and Borah",47144,91,71,4.5
3019,Jaipur,Electronics,Bluetooth Speaker,Bajaj,Dave Inc,21759,127,43,4.1
3020,Jaipur,Electronics,Tablet,Bajaj,Korpal-Varkey,141222,212,113,4.7
3021,Jaipur,Electronics,Tablet,Samsung,Johal Inc,6142,183,31,4.5
3022,Jaipur,Electronics,Tablet,Mi,Viswanathan LLC,140003,99,79,4.0
3023,Jaipur,Electronics,Tablet,Adidas,"Zacharia, Bassi and Jhaveri",98931,41,27,4.7
3024,Jaipur,Electronics,Tablet,Apple,Venkatesh-Bahl,4350,117,56,3.9
3025,Jaipur,Electronics,Gaming Console,LG,Iyer PLC,30090,160,118,4.7
3026,Jaipur,Electronics,Gaming Console,Mi,"Chakrabarti, Dora and Bala",79423,59,35,4.8
3027,Jaipur,Electronics,Gaming Console,Dell,Lala-Sangha,118189,47,40,4.4
3028,Jaipur,Electronics,Gaming Console,HP,"Chaudhari, Saran and Contractor",146388,343,203,4.2
3029,Jaipur,Electronics,Gaming Console,LG,Karpe LLC,46679,454,286,4.6
3030,Jaipur,Electronics,Smart Watch,Ikea,"Hora, Sheth and Krishna",86428,495,429,3.9
3031,Jaipur,Electronics,Smart Watch,HP,Sekhon-Rajan,46739,73,14,4.5
3032,Jaipur,Electronics,Smart Watch,LG,Karnik Inc,64267,404,391,4.2
3033,Jaipur,Electronics,Smart Watch,Philips,"Chada, Sibal and Vora",125066,63,1,4.5
3034,Jaipur,Electronics,Smart Watch,Apple,Ghose Inc,11535,272,118,4.0
3035,Jaipur,Electronics,Headphones,Mi,"Deo, Sethi and Date",71076,149,45,4.0
3036,Jaipur,Electronics,Headphones,Prestige,Sangha-Bajaj,50731,406,264,4.0
3037,Jaipur,Electronics,Headphones,Nike,"Walia, Issac and Chahal",44534,314,107,4.7
3038,Jaipur,Electronics,Headphones,Tata,Chaudhary and Sons,107143,119,57,4.0
3039,Jaipur,Electronics,Headphones,Godrej,Ganguly and Sons,18071,180,67,3.9
3040,Jaipur,Furniture,Sofa,Bajaj,Chawla Group,1692,249,122,4.1
3041,Jaipur,Furniture,Sofa,Prestige,"Bhandari, Bhavsar and Kala",46624,175,80,4.9
3042,Jaipur,Furniture,Sofa,Prestige,Tank and Sons,6125,225,52,4.1
3043,Jaipur,Furniture,Sofa,Lenovo,Issac PLC,114883,380,152,4.2
3044,Jaipur,Furniture,Sofa,Reliance,"Sundaram, Bava and Ganguly",41198,42,20,3.7
3045,Jaipur,Furniture,Dining Table,Reliance,Das Group,73686,164,98,3.7
3046,Jaipur,Furniture,Dining Table,Philips,Subramaniam PLC,105264,407,120,4.2
3047,Jaipur,Furniture,Dining Table,HP,Dave Inc,93336,500,272,4.1
3048,Jaipur,Furniture,Dining Table,Boat,Kunda-Lalla,132699,272,123,4.8
3049,Jaipur,Furniture,Dining Table,Dell,"Khalsa, Vohra and Ratti",148893,62,23,4.0
3050,Jaipur,Furniture,Office Chair,Tata,Kala-Luthra,125510,464,191,3.5
3051,Jaipur,Furniture,Office Chair,Dell,"Bansal, Swaminathan and Wali",31366,416,254,3.6
3052,Jaipur,Furniture,Office Chair,Nike,Bhavsar-Datta,142452,97,9,4.4
3053,Jaipur,Furniture,Office Chair,Prestige,Thakkar-Tara,148106,121,53,3.6
3054,Jaipur,Furniture,Office Chair,Samsung,"Shroff, Chandran and Garde",122281,326,6,4.5
3055,Jaipur,Furniture,Bed,Boat,Bakshi LLC,136713,251,232,4.6
3056,Jaipur,Furniture,Bed,Nike,"Bhat, Sandal and Chowdhury",132234,123,67,4.0
3057,Jaipur,Furniture,Bed,Reliance,Madan PLC,23490,389,117,3.7
3058,Jaipur,Furniture,Bed,Adidas,"Jani, Lad and Suresh",111274,276,144,4.9
3059,Jaipur,Furniture,Bed,Lenovo,Rajan-Barad,106429,91,1,4.2
3060,Jaipur,Furniture,Wardrobe,Bajaj,"Kaur, Barad and Tara",133282,132,12,5.0
3061,Jaipur,Furniture,Wardrobe,Nike,Devan Inc,118652,106,93,3.7
3062,Jaipur,Furniture,Wardrobe,Godrej,"Bala, Bera and Ganesh",51334,436,171,3.9
3063,Jaipur,Furniture,Wardrobe,Reliance,"Wason, Sanghvi and Barad",109237,58,58,3.8
3064,Jaipur,Furniture,Wardrobe,HP,"Shan, Keer and Ganguly",71941,207,181,3.8
3065,Jaipur,Furniture,Bookshelf,Ikea,Viswanathan LLC,97526,180,167,3.8
3066,Jaipur,Furniture,Bookshelf,HP,"Subramanian, Amble and Sheth",149607,194,182,3.5
3067,Jaipur,Furniture,Bookshelf,LG,Chana Inc,108158,153,70,3.5
3068,Jaipur,Furniture,Bookshelf,Adidas,"Kannan, Loyal and Jhaveri",65287,306,185,4.7
3069,Jaipur,Furniture,Bookshelf,Ikea,Dhar Group,131704,128,18,4.7
3070,Jaipur,Furniture,Coffee Table,HP,Goyal-Mangat,86195,185,168,4.3
3071,Jaipur,Furniture,Coffee Table,Samsung,Mangat-Bawa,87870,132,46,3.7
3072,Jaipur,Furniture,Coffee Table,Samsung,"Goel, Cheema and Bava",33590,325,95,4.8
3073,Jaipur,Furniture,Coffee Table,Nike,Wagle Inc,66833,450,442,4.8
3074,Jaipur,Furniture,Coffee Table,Tata,"Thaker, Kurian and Mannan",119437,356,260,4.4
3075,Jaipur,Furniture,TV Unit,Mi,Kibe LLC,93665,138,3,5.0
3076,Jaipur,Furniture,TV Unit,Mi,"D’Alia, Char and Loyal",110379,365,59,3.7
3077,Jaipur,Furniture,TV Unit,Godrej,Talwar LLC,138394,361,107,4.4
3078,Jaipur,Furniture,TV Unit,Boat,Dash Group,105106,181,108,5.0
3079,Jaipur,Furniture,TV Unit,Nike,Hora-Lal,49213,409,28,3.5
3080,Jaipur,Fashion,T-Shirt,Samsung,Kaur-Bala,108039,161,82,4.7
3081,Jaipur,Fashion,T-Shirt,Bajaj,"Mani, Bora and Hayre",85972,294,183,4.3
3082,Jaipur,Fashion,T-Shirt,Apple,Ganguly-Tailor,78484,383,367,4.6
3083,Jaipur,Fashion,T-Shirt,Adidas,Vasa-Venkatesh,3909,123,76,4.7
3084,Jaipur,Fashion,T-Shirt,Mi,Dutt and Sons,129129,276,102,4.9
3085,Jaipur,Fashion,Jeans,Tata,Bhavsar-Thaman,82683,204,138,4.1
3086,Jaipur,Fashion,Jeans,Nike,Chatterjee PLC,17181,422,1,4.7
3087,Jaipur,Fashion,Jeans,Mi,Zachariah-Rege,78203,220,118,4.1
3088,Jaipur,Fashion,Jeans,Puma,"Savant, Varughese and Tandon",104940,60,6,3.6
3089,Jaipur,Fashion,Jeans,Prestige,"Kashyap, Gulati and Lall",131157,397,284,4.5
3090,Jaipur,Fashion,Kurti,Adidas,Sidhu-Ravi,37553,210,27,3.6
3091,Jaipur,Fashion,Kurti,Bajaj,"Badami, Sama and Doctor",148121,494,377,3.5
3092,Jaipur,Fashion,Kurti,Godrej,Ranganathan-Mahajan,126790,413,228,3.9
3093,Jaipur,Fashion,Kurti,Philips,Dua-Bhakta,143628,304,180,4.9
3094,Jaipur,Fashion,Kurti,Godrej,Shetty-Rout,95733,452,234,3.7
3095,Jaipur,Fashion,Sneakers,Philips,"Sodhi, Trivedi and Bhatia",45834,380,42,4.3
3096,Jaipur,Fashion,Sneakers,Bajaj,Bal-Deshmukh,121578,116,104,3.7
3097,Jaipur,Fashion,Sneakers,Apple,"Goswami, Deol and Mani",146160,36,19,3.6
3098,Jaipur,Fashion,Sneakers,Bajaj,"Chander, Uppal and Ramachandran",123311,353,24,4.3
3099,Jaipur,Fashion,Sneakers,Philips,Das LLC,45778,321,283,4.6
3100,Jaipur,Fashion,Jacket,Reliance,Thakur and Sons,148040,108,69,4.3
3101,Jaipur,Fashion,Jacket,Dell,Bhasin and Sons,148035,388,385,4.0
3102,Jaipur,Fashion,Jacket,Godrej,Viswanathan-Bhattacharyya,127220,132,31,4.2
3103,Jaipur,Fashion,Jacket,Puma,Ramesh-Chana,61084,365,189,3.6
3104,Jaipur,Fashion,Jacket,Bajaj,Raja Inc,108632,315,284,4.9
3105,Jaipur,Fashion,Watch,Boat,Sarna Group,114657,196,172,4.6
3106,Jaipur,Fashion,Watch,Philips,Vora PLC,61268,190,137,4.7
3107,Jaipur,Fashion,Watch,Philips,Sunder-Karpe,97437,478,351,4.4
3108,Jaipur,Fashion,Watch,Lenovo,"Mahajan, Vasa and Saxena",99810,355,17,4.3
3109,Jaipur,Fashion,Watch,Lenovo,Garde PLC,78630,197,14,4.9
3110,Jaipur,Fashion,Handbag,HP,Sen Inc,28093,80,34,4.6
3111,Jaipur,Fashion,Handbag,Ikea,Dyal-Raman,101043,288,259,4.3
3112,Jaipur,Fashion,Handbag,Nike,Sunder PLC,72396,173,154,4.0
3113,Jaipur,Fashion,Handbag,Mi,"Kaur, Gour and Sandhu",7560,72,50,3.6
3114,Jaipur,Fashion,Handbag,Boat,Halder Inc,39317,258,151,4.6
3115,Jaipur,Fashion,Sunglasses,Adidas,"Bhakta, Barad and Jayaraman",1837,165,125,4.7
3116,Jaipur,Fashion,Sunglasses,Puma,Behl-Rau,136548,17,16,5.0
3117,Jaipur,Fashion,Sunglasses,Prestige,Sani and Sons,103965,479,477,4.7
3118,Jaipur,Fashion,Sunglasses,Samsung,Chadha-Shroff,36662,55,18,4.2
3119,Jaipur,Fashion,Sunglasses,Sony,Sarna Group,45940,16,1,4.3
3120,Jaipur,Home Appliances,Refrigerator,Adidas,"Dhar, Zachariah and Boase",138185,324,286,4.1
3121,Jaipur,Home Appliances,Refrigerator,HP,Behl-Walia,52436,490,438,4.6
3122,Jaipur,Home Appliances,Refrigerator,Philips,Sangha Inc,121985,158,97,5.0
3123,Jaipur,Home Appliances,Refrigerator,Godrej,Sangha-Varughese,99027,40,8,4.9
3124,Jaipur,Home Appliances,Refrigerator,Sony,Choudhury Ltd,38495,269,73,4.2
3125,Jaipur,Home Appliances,Washing Machine,Nike,Yadav PLC,11969,323,307,4.7
3126,Jaipur,Home Appliances,Washing Machine,Apple,Krishnamurthy-Swamy,149844,110,25,4.6
3127,Jaipur,Home Appliances,Washing Machine,HP,Sathe-Jaggi,64404,71,71,4.9
3128,Jaipur,Home Appliances,Washing Machine,Tata,"Chokshi, Rattan and Uppal",3735,497,395,4.7
3129,Jaipur,Home Appliances,Washing Machine,Samsung,"Dash, Chaudhary and Keer",67102,23,21,4.9
3130,Jaipur,Home Appliances,Microwave,Philips,Krishnamurthy-Bala,90065,130,2,5.0
3131,Jaipur,Home Appliances,Microwave,Samsung,"Kota, Konda and Kaul",9201,430,49,5.0
3132,Jaipur,Home Appliances,Microwave,Godrej,De and Sons,128639,187,156,4.8
3133,Jaipur,Home Appliances,Microwave,Samsung,"Behl, Gola and Venkatesh",94834,426,262,4.3
3134,Jaipur,Home Appliances,Microwave,LG,Rajan Ltd,149114,105,30,4.1
3135,Jaipur,Home Appliances,Air Conditioner,Philips,"Bawa, Johal and Chander",29672,193,1,4.8
3136,Jaipur,Home Appliances,Air Conditioner,Tata,Sankar-Bhatti,147260,239,50,3.8
3137,Jaipur,Home Appliances,Air Conditioner,Godrej,"Dugar, Dhillon and Keer",110605,139,77,3.7
3138,Jaipur,Home Appliances,Air Conditioner,LG,Mandal-Ramakrishnan,87539,187,123,4.9
3139,Jaipur,Home Appliances,Air Conditioner,Samsung,Ahluwalia LLC,122276,347,345,3.7
3140,Jaipur,Home Appliances,Mixer Grinder,LG,"Amble, Mane and Gola",41764,415,403,3.6
3141,Jaipur,Home Appliances,Mixer Grinder,Sony,Sheth-Sha,10436,279,125,3.5
3142,Jaipur,Home Appliances,Mixer Grinder,Nike,Upadhyay-Hans,117234,258,153,3.9
3143,Jaipur,Home Appliances,Mixer Grinder,Dell,Guha Ltd,55124,147,113,4.6
3144,Jaipur,Home Appliances,Mixer Grinder,HP,"Yohannan, Dube and Jayaraman",123339,18,6,4.5
3145,Jaipur,Home Appliances,Vacuum Cleaner,Samsung,Gade Ltd,105117,325,14,4.8
3146,Jaipur,Home Appliances,Vacuum Cleaner,Philips,Borra and Sons,149879,111,69,3.7
3147,Jaipur,Home Appliances,Vacuum Cleaner,Boat,Toor-Kadakia,49294,376,19,4.7
3148,Jaipur,Home Appliances,Vacuum Cleaner,Bajaj,Gill Ltd,95378,495,68,4.3
3149,Jaipur,Home Appliances,Vacuum Cleaner,Tata,Sur LLC,103571,307,106,4.3
3150,Jaipur,Home Appliances,Water Purifier,HP,"Mander, Bose and Lad",14407,444,435,4.5
3151,Jaipur,Home Appliances,Water Purifier,Puma,"Char, Sharaf and Datta",104343,440,222,4.3
3152,Jaipur,Home Appliances,Water Purifier,Reliance,Date-Chaudhry,121268,85,29,4.0
3153,Jaipur,Home Appliances,Water Purifier,Puma,Devan LLC,113827,217,12,4.3
3154,Jaipur,Home Appliances,Water Purifier,Reliance,"Tak, Kadakia and Dara",125088,350,157,4.9
3155,Jaipur,Groceries,Rice,Prestige,Devi Group,78325,189,170,4.5
3156,Jaipur,Groceries,Rice,Boat,"Hans, Rege and Kade",21286,432,80,5.0
3157,Jaipur,Groceries,Rice,Reliance,Toor-Kant,41151,26,20,3.9
3158,Jaipur,Groceries,Rice,HP,Konda Inc,129307,378,27,3.9
3159,Jaipur,Groceries,Rice,LG,Sani-Ganesan,86174,344,230,3.5
3160,Jaipur,Groceries,Wheat Flour,Mi,Swaminathan and Sons,45853,350,308,4.9
3161,Jaipur,Groceries,Wheat Flour,Dell,Bala-Dada,42893,461,218,3.9
3162,Jaipur,Groceries,Wheat Flour,Mi,Bhat PLC,113825,247,70,4.4
3163,Jaipur,Groceries,Wheat Flour,Nike,"Aggarwal, Butala and Gupta",137192,122,41,4.7
3164,Jaipur,Groceries,Wheat Flour,Godrej,Sandhu-Bains,110515,447,341,3.9
3165,Jaipur,Groceries,Cooking Oil,Reliance,Rajagopalan-Mani,33817,347,288,4.0
3166,Jaipur,Groceries,Cooking Oil,Mi,Aurora-Dhar,48025,367,147,4.7
3167,Jaipur,Groceries,Cooking Oil,HP,Rau-Bumb,81781,303,184,4.0
3168,Jaipur,Groceries,Cooking Oil,Lenovo,"Khanna, Aggarwal and Jha",74129,145,123,4.1
3169,Jaipur,Groceries,Cooking Oil,Mi,"Gupta, Chopra and Warrior",114657,84,41,4.3
3170,Jaipur,Groceries,Sugar,Dell,Kala-Sachar,54886,333,169,4.5
3171,Jaipur,Groceries,Sugar,Nike,"Tara, Sankaran and Keer",127325,135,129,4.3
3172,Jaipur,Groceries,Sugar,Bajaj,Tailor and Sons,116121,242,20,4.7
3173,Jaipur,Groceries,Sugar,Philips,"Garg, Barad and Sibal",110856,246,176,4.4
3174,Jaipur,Groceries,Sugar,Boat,"Chauhan, Kapoor and Kapur",145226,190,152,4.3
3175,Jaipur,Groceries,Tea Powder,Nike,Dalal Group,29182,245,202,4.8
3176,Jaipur,Groceries,Tea Powder,Dell,Ray and Sons,128502,162,29,3.6
3177,Jaipur,Groceries,Tea Powder,Apple,Krishnan Group,76585,414,165,4.4
3178,Jaipur,Groceries,Tea Powder,Samsung,Kade-Bora,6926,102,34,4.9
3179,Jaipur,Groceries,Tea Powder,Lenovo,"Bala, Ranganathan and Kant",101134,337,104,4.2
3180,Jaipur,Groceries,Milk,LG,De-Chowdhury,106786,427,399,4.7
3181,Jaipur,Groceries,Milk,Lenovo,Chadha and Sons,79860,101,56,4.9
3182,Jaipur,Groceries,Milk,Tata,Deshpande Inc,75230,151,25,3.9
3183,Jaipur,Groceries,Milk,Tata,Setty-Doctor,74996,274,159,4.1
3184,Jaipur,Groceries,Milk,Adidas,Saran-Rattan,120453,129,106,3.7
3185,Jaipur,Groceries,Biscuits,Samsung,"Sha, Bali and Kurian",121972,385,221,4.6
3186,Jaipur,Groceries,Biscuits,Puma,"Kunda, Bhandari and Sur",73827,138,20,3.7
3187,Jaipur,Groceries,Biscuits,Boat,Setty-Venkatesh,78698,191,46,4.6
3188,Jaipur,Groceries,Biscuits,HP,"Sachdev, Shetty and Gara",5083,336,175,4.5
3189,Jaipur,Groceries,Biscuits,Ikea,"Kumer, Goswami and Krishnan",98558,232,174,4.5
3190,Jaipur,Sports,Cricket Bat,Puma,Sarkar Inc,129609,291,90,3.8
3191,Jaipur,Sports,Cricket Bat,Bajaj,Dhawan-Maharaj,34786,138,39,3.7
3192,Jaipur,Sports,Cricket Bat,Mi,"Tandon, Date and Shanker",44447,292,18,4.9
3193,Jaipur,Sports,Cricket Bat,Lenovo,Balan Group,106933,386,240,5.0
3194,Jaipur,Sports,Cricket Bat,Dell,Dave-Bawa,82465,439,426,4.1
3195,Jaipur,Sports,Football,Samsung,Sachar-Chhabra,124703,330,261,3.5
3196,Jaipur,Sports,Football,Godrej,"Kari, Magar and Master",124698,220,129,4.6
3197,Jaipur,Sports,Football,Nike,Babu-Gandhi,27469,494,281,4.2
3198,Jaipur,Sports,Football,Philips,Bhattacharyya-Kapadia,141311,293,292,4.0
3199,Jaipur,Sports,Football,Bajaj,Garg-Kulkarni,1763,245,67,3.9
3200,Jaipur,Sports,Badminton Racket,Godrej,"Korpal, Sidhu and Dada",1861,76,53,3.6
3201,Jaipur,Sports,Badminton Racket,Boat,"Hegde, Singh and Ramaswamy",23513,23,11,4.0
3202,Jaipur,Sports,Badminton Racket,Lenovo,Warrior-Bala,137136,29,3,3.7
3203,Jaipur,Sports,Badminton Racket,Mi,"Shanker, Borra and Devan",113583,188,169,4.1
3204,Jaipur,Sports,Badminton Racket,Ikea,Brahmbhatt-Kohli,85567,428,156,3.6
3205,Jaipur,Sports,Gym Gloves,Mi,Mangal-Kale,142386,112,108,5.0
3206,Jaipur,Sports,Gym Gloves,Nike,"Gala, Bali and Bail",128543,439,205,4.5
3207,Jaipur,Sports,Gym Gloves,Reliance,Atwal PLC,131081,19,8,4.6
3208,Jaipur,Sports,Gym Gloves,Philips,Thakur Ltd,120265,188,44,4.1
3209,Jaipur,Sports,Gym Gloves,Reliance,"Sawhney, Gole and Dave",44068,23,11,4.0
3210,Jaipur,Sports,Yoga Mat,Mi,Dar Ltd,28148,491,248,3.5
3211,Jaipur,Sports,Yoga Mat,Puma,Trivedi-Khalsa,39016,172,81,4.9
3212,Jaipur,Sports,Yoga Mat,Tata,Bhavsar Inc,147032,489,241,3.7
3213,Jaipur,Sports,Yoga Mat,Nike,Behl Inc,125888,148,105,4.6
3214,Jaipur,Sports,Yoga Mat,Sony,Gill-Rajagopal,80084,430,221,4.5
3215,Jaipur,Sports,Cycling Helmet,Puma,Agate-Cherian,127105,489,259,3.6
3216,Jaipur,Sports,Cycling Helmet,Puma,"Chanda, Loke and Kapoor",101701,25,8,4.8
3217,Jaipur,Sports,Cycling Helmet,Nike,Gola-Baral,70451,383,137,4.9
3218,Jaipur,Sports,Cycling Helmet,Samsung,"Majumdar, Chatterjee and Char",30282,268,19,4.5
3219,Jaipur,Sports,Cycling Helmet,LG,Kamdar-Dar,54984,311,211,4.8
3220,Jaipur,Beauty,Face Wash,Apple,Tak-Dhingra,143128,361,139,4.2
3221,Jaipur,Beauty,Face Wash,Boat,Bhatia Inc,124125,232,36,4.8
3222,Jaipur,Beauty,Face Wash,Godrej,Butala-Devi,130959,490,220,3.6
3223,Jaipur,Beauty,Face Wash,Philips,"Trivedi, De and Ramakrishnan",59036,158,6,3.8
3224,Jaipur,Beauty,Face Wash,Puma,Chandran LLC,131501,244,112,4.5
3225,Jaipur,Beauty,Lipstick,Puma,Warrior PLC,25808,79,2,4.3
3226,Jaipur,Beauty,Lipstick,HP,"Korpal, Bakshi and Gala",130098,267,252,3.7
3227,Jaipur,Beauty,Lipstick,Ikea,"Atwal, Sood and Vala",24263,175,105,4.0
3228,Jaipur,Beauty,Lipstick,LG,"Mannan, Bhatia and Sarma",83863,496,22,4.3
3229,Jaipur,Beauty,Lipstick,LG,"Krishnan, Tata and Malhotra",117049,195,128,4.6
3230,Jaipur,Beauty,Perfume,Lenovo,Chana-Dixit,51977,371,174,4.0
3231,Jaipur,Beauty,Perfume,Lenovo,Sood-Hora,5290,181,150,3.9
3232,Jaipur,Beauty,Perfume,Reliance,Dixit-Saha,127456,223,208,3.7
3233,Jaipur,Beauty,Perfume,HP,Kaul Inc,53587,448,277,4.6
3234,Jaipur,Beauty,Perfume,HP,Chatterjee PLC,16301,55,29,4.1
3235,Jaipur,Beauty,Shampoo,Reliance,Iyengar Group,16150,203,181,4.6
3236,Jaipur,Beauty,Shampoo,HP,"Bassi, Mallick and Kadakia",49758,321,169,4.1
3237,Jaipur,Beauty,Shampoo,Lenovo,Seth-Magar,63080,76,10,3.8
3238,Jaipur,Beauty,Shampoo,Ikea,Badal Inc,52275,495,274,4.4
3239,Jaipur,Beauty,Shampoo,Godrej,"Edwin, Badami and Choudhry",64076,276,59,4.1
3240,Jaipur,Beauty,Body Lotion,Prestige,Ramanathan PLC,128512,85,3,3.9
3241,Jaipur,Beauty,Body Lotion,Reliance,"Bobal, Setty and Bal",130234,80,39,3.6
3242,Jaipur,Beauty,Body Lotion,Lenovo,"Garg, Ratti and Sarkar",131364,175,145,3.5
3243,Jaipur,Beauty,Body Lotion,Sony,Magar and Sons,120177,161,134,4.3
3244,Jaipur,Beauty,Body Lotion,Samsung,Chatterjee-Raju,116615,105,86,4.0
3245,Jaipur,Beauty,Hair Dryer,Philips,"Bali, Kamdar and Gala",146218,74,43,3.6
3246,Jaipur,Beauty,Hair Dryer,Bajaj,"Johal, Sharaf and Srivastava",136179,123,17,4.9
3247,Jaipur,Beauty,Hair Dryer,Prestige,Amble-Kumar,74146,173,148,3.7
3248,Jaipur,Beauty,Hair Dryer,Boat,"Shenoy, Tata and Ganesh",3105,316,69,3.9
3249,Jaipur,Beauty,Hair Dryer,Adidas,"Bobal, Swaminathan and Dash",47876,493,351,4.2
3250,Lucknow,Electronics,Smartphone,Godrej,Vasa Ltd,103642,72,1,4.1
3251,Lucknow,Electronics,Smartphone,Adidas,"Deo, Yohannan and Gandhi",92837,90,10,4.8
3252,Lucknow,Electronics,Smartphone,Mi,"Sant, Dhingra and Seth",118455,20,14,3.5
3253,Lucknow,Electronics,Smartphone,Bajaj,Gala-Kalla,147244,251,197,4.1
3254,Lucknow,Electronics,Smartphone,Lenovo,Chadha Inc,2965,15,11,4.5
3255,Lucknow,Electronics,Laptop,Apple,Gara Group,35366,393,236,4.2
3256,Lucknow,Electronics,Laptop,Samsung,Varghese-Tata,78475,261,115,4.8
3257,Lucknow,Electronics,Laptop,Tata,Lall-Bajwa,129670,40,39,3.7
3258,Lucknow,Electronics,Laptop,Prestige,Kapadia Group,27855,425,71,4.2
3259,Lucknow,Electronics,Laptop,Bajaj,Mahal Ltd,145350,340,260,4.3
3260,Lucknow,Electronics,Smart TV,LG,Deol LLC,21266,220,44,3.9
3261,Lucknow,Electronics,Smart TV,Tata,"Kala, Kala and Bhakta",132791,383,233,4.6
3262,Lucknow,Electronics,Smart TV,Bajaj,Chahal-Gopal,95791,296,283,3.6
3263,Lucknow,Electronics,Smart TV,Nike,"Bhakta, Chanda and Ratti",8693,209,61,4.4
3264,Lucknow,Electronics,Smart TV,Tata,Sridhar LLC,43953,399,289,3.7
3265,Lucknow,Electronics,Bluetooth Speaker,Godrej,Raja-Hayre,57779,138,132,4.7
3266,Lucknow,Electronics,Bluetooth Speaker,Godrej,Shankar-Kadakia,75036,165,15,4.3
3267,Lucknow,Electronics,Bluetooth Speaker,Sony,Saraf-Badal,133734,223,183,4.8
3268,Lucknow,Electronics,Bluetooth Speaker,Dell,"Kade, Singh and Bora",61487,107,87,4.4
3269,Lucknow,Electronics,Bluetooth Speaker,Prestige,"Mann, Badami and Comar",22225,258,18,4.7
3270,Lucknow,Electronics,Tablet,Philips,"Sehgal, Sarkar and Ghose",137833,420,343,4.4
3271,Lucknow,Electronics,Tablet,Tata,Dhillon and Sons,2166,337,16,3.8
3272,Lucknow,Electronics,Tablet,Puma,"Kibe, Cherian and Lad",148436,46,19,4.4
3273,Lucknow,Electronics,Tablet,Puma,"Dutta, Warrior and Mander",69393,370,358,3.9
3274,Lucknow,Electronics,Tablet,Boat,"Date, Venkataraman and Sankar",33850,445,419,3.9
3275,Lucknow,Electronics,Gaming Console,Apple,Choudhury and Sons,54160,143,46,4.7
3276,Lucknow,Electronics,Gaming Console,Bajaj,Char Group,86813,196,23,3.9
3277,Lucknow,Electronics,Gaming Console,Bajaj,"Savant, Mallick and Sanghvi",18954,230,111,4.7
3278,Lucknow,Electronics,Gaming Console,Tata,Lad LLC,34621,220,135,4.3
3279,Lucknow,Electronics,Gaming Console,HP,"Madan, Sen and Rama",78367,450,119,4.7
3280,Lucknow,Electronics,Smart Watch,Apple,Bal-Khurana,76023,456,12,4.4
3281,Lucknow,Electronics,Smart Watch,Nike,"Sharma, Dalal and Sandhu",66718,459,332,4.2
3282,Lucknow,Electronics,Smart Watch,Philips,Sidhu and Sons,126602,185,38,3.9
3283,Lucknow,Electronics,Smart Watch,Reliance,"Hora, Agarwal and Barman",27183,145,137,3.7
3284,Lucknow,Electronics,Smart Watch,Nike,Loke-Kumar,11392,463,208,4.7
3285,Lucknow,Electronics,Headphones,Reliance,"Sangha, Walla and Kunda",13016,68,17,4.1
3286,Lucknow,Electronics,Headphones,Philips,Gaba Ltd,81752,130,9,4.1
3287,Lucknow,Electronics,Headphones,Lenovo,Dara Inc,36239,305,145,4.5
3288,Lucknow,Electronics,Headphones,Adidas,Mahal-Dugal,137344,403,397,3.8
3289,Lucknow,Electronics,Headphones,Puma,Gera-Gulati,140188,486,371,4.1
3290,Lucknow,Furniture,Sofa,Tata,"Tailor, Badal and Dayal",139795,34,15,4.1
3291,Lucknow,Furniture,Sofa,Nike,"Chopra, Balay and Ravi",26460,383,247,4.8
3292,Lucknow,Furniture,Sofa,Godrej,Sura Group,133312,139,106,3.9
3293,Lucknow,Furniture,Sofa,Philips,"Keer, Sarma and Brahmbhatt",52581,103,13,4.6
3294,Lucknow,Furniture,Sofa,Sony,Bhakta-Chopra,44781,222,146,4.2
3295,Lucknow,Furniture,Dining Table,Nike,"Bhatti, Bhat and Keer",35647,264,240,4.3
3296,Lucknow,Furniture,Dining Table,Dell,Seth-Tak,31696,422,337,3.5
3297,Lucknow,Furniture,Dining Table,Lenovo,Raj-Dua,118778,184,125,4.8
3298,Lucknow,Furniture,Dining Table,Reliance,"Dhaliwal, Datta and Dubey",32509,222,162,3.8
3299,Lucknow,Furniture,Dining Table,Mi,"Sem, Savant and Ganguly",33365,173,130,4.4
3300,Lucknow,Furniture,Office Chair,HP,Suresh-Bora,50158,130,51,5.0
3301,Lucknow,Furniture,Office Chair,Lenovo,Sani Ltd,29213,320,256,4.7
3302,Lucknow,Furniture,Office Chair,Prestige,Baral-Baral,51182,355,213,4.1
3303,Lucknow,Furniture,Office Chair,Philips,Halder PLC,85185,40,2,4.9
3304,Lucknow,Furniture,Office Chair,Lenovo,Vasa-Kari,132521,304,150,3.9
3305,Lucknow,Furniture,Bed,Sony,Ramaswamy LLC,80296,331,306,4.6
3306,Lucknow,Furniture,Bed,Puma,Suri Inc,56705,314,216,4.4
3307,Lucknow,Furniture,Bed,Tata,Dugar and Sons,45014,170,161,4.0
3308,Lucknow,Furniture,Bed,Godrej,"Chhabra, Wali and Chakraborty",45999,210,78,3.7
3309,Lucknow,Furniture,Bed,Bajaj,Chhabra and Sons,136453,402,152,4.3
3310,Lucknow,Furniture,Wardrobe,Reliance,Chopra-Sahota,115361,21,21,4.3
3311,Lucknow,Furniture,Wardrobe,Adidas,Sur PLC,91773,302,105,4.6
3312,Lucknow,Furniture,Wardrobe,LG,"Sekhon, Ram and Chaudry",146092,306,124,3.8
3313,Lucknow,Furniture,Wardrobe,Puma,Gola LLC,58915,33,18,4.6
3314,Lucknow,Furniture,Wardrobe,Adidas,Ahuja-Issac,67913,324,15,4.2
3315,Lucknow,Furniture,Bookshelf,Apple,Zacharia and Sons,114446,470,160,4.8
3316,Lucknow,Furniture,Bookshelf,Dell,"Madan, Sekhon and Shah",138587,20,1,4.1
3317,Lucknow,Furniture,Bookshelf,Tata,"Bhandari, Batra and Wason",143394,283,85,4.3
3318,Lucknow,Furniture,Bookshelf,Boat,Sahota Group,110561,468,102,4.7
3319,Lucknow,Furniture,Bookshelf,Samsung,"Bedi, Gandhi and Bora",94867,111,84,4.2
3320,Lucknow,Furniture,Coffee Table,Dell,Walia and Sons,10572,177,103,4.0
3321,Lucknow,Furniture,Coffee Table,Puma,Sarin-Rege,85422,120,48,4.7
3322,Lucknow,Furniture,Coffee Table,HP,"Bhardwaj, Soman and Rastogi",11005,404,404,4.0
3323,Lucknow,Furniture,Coffee Table,Adidas,Kadakia Group,6577,168,128,4.9
3324,Lucknow,Furniture,Coffee Table,Reliance,"Bhalla, Chad and Sawhney",87117,382,114,4.2
3325,Lucknow,Furniture,TV Unit,Reliance,Dutt Ltd,59557,88,76,3.9
3326,Lucknow,Furniture,TV Unit,Adidas,Bakshi LLC,48427,98,4,4.7
3327,Lucknow,Furniture,TV Unit,Samsung,Choudhury PLC,130854,60,50,4.6
3328,Lucknow,Furniture,TV Unit,Tata,"Butala, Chana and Raval",127860,433,279,4.8
3329,Lucknow,Furniture,TV Unit,Mi,Chand-Uppal,110464,169,106,4.2
3330,Lucknow,Fashion,T-Shirt,Samsung,Kala PLC,132953,296,101,3.8
3331,Lucknow,Fashion,T-Shirt,Puma,Bath-Trivedi,103407,453,115,4.4
3332,Lucknow,Fashion,T-Shirt,Samsung,"Suresh, Ranganathan and Shere",12445,45,40,4.4
3333,Lucknow,Fashion,T-Shirt,Tata,Kibe LLC,61440,385,242,3.7
3334,Lucknow,Fashion,T-Shirt,Samsung,Lala-Chada,104037,348,133,4.3
3335,Lucknow,Fashion,Jeans,Tata,"Loyal, Verma and Vyas",8901,222,42,4.3
3336,Lucknow,Fashion,Jeans,HP,Bahl-Shan,115914,91,44,4.0
3337,Lucknow,Fashion,Jeans,Reliance,Kalla-Boase,114494,117,78,4.4
3338,Lucknow,Fashion,Jeans,Bajaj,Chad Ltd,97244,311,187,3.7
3339,Lucknow,Fashion,Jeans,Bajaj,Lalla-Karnik,60153,44,14,4.9
3340,Lucknow,Fashion,Kurti,Philips,Dhillon-Wali,143245,371,74,3.8
3341,Lucknow,Fashion,Kurti,Sony,"Chacko, Mani and Venkataraman",104412,76,29,4.5
3342,Lucknow,Fashion,Kurti,LG,"Sem, Madan and Ratta",60425,278,11,4.4
3343,Lucknow,Fashion,Kurti,Bajaj,"Bali, Ratti and Cheema",48151,61,12,5.0
3344,Lucknow,Fashion,Kurti,Boat,Som Ltd,116595,209,136,4.7
3345,Lucknow,Fashion,Sneakers,Dell,"Chacko, Chandra and Banik",37542,87,1,4.0
3346,Lucknow,Fashion,Sneakers,Prestige,"Contractor, Doshi and Saha",149282,467,56,4.4
3347,Lucknow,Fashion,Sneakers,Godrej,Kalla-Kale,61614,463,371,4.9
3348,Lucknow,Fashion,Sneakers,Godrej,Goswami Inc,119279,485,136,3.9
3349,Lucknow,Fashion,Sneakers,Boat,Bhatt-Mahal,95229,143,15,4.3
3350,Lucknow,Fashion,Jacket,Puma,"Dugal, Mallick and Suresh",149984,324,266,3.6
3351,Lucknow,Fashion,Jacket,Dell,"Dada, Soni and Sahota",23071,122,5,4.0
3352,Lucknow,Fashion,Jacket,Samsung,"Shere, Kuruvilla and Contractor",121633,275,208,3.8
3353,Lucknow,Fashion,Jacket,Lenovo,"Subramaniam, Manda and Kata",31749,417,35,3.5
3354,Lucknow,Fashion,Jacket,LG,Khalsa-Buch,92665,193,84,4.7
3355,Lucknow,Fashion,Watch,Puma,Kunda-Sidhu,102152,216,139,4.8
3356,Lucknow,Fashion,Watch,Boat,"Sane, De and Iyer",11841,159,10,3.9
3357,Lucknow,Fashion,Watch,HP,"Krishnamurthy, Amble and Korpal",44642,351,328,3.6
3358,Lucknow,Fashion,Watch,Philips,Shah-Tak,82748,22,9,4.5
3359,Lucknow,Fashion,Watch,Mi,"Batta, Ranganathan and Swaminathan",62323,500,283,3.6
3360,Lucknow,Fashion,Handbag,Nike,Reddy-Lata,95615,126,66,4.6
3361,Lucknow,Fashion,Handbag,Boat,"Kulkarni, Kalita and Tailor",122984,420,403,3.7
3362,Lucknow,Fashion,Handbag,Adidas,Ganguly Inc,32013,192,32,3.8
3363,Lucknow,Fashion,Handbag,Dell,Bajwa-Ramaswamy,75073,258,118,4.9
3364,Lucknow,Fashion,Handbag,Philips,Chakraborty Inc,114958,273,80,3.5
3365,Lucknow,Fashion,Sunglasses,Mi,Kar-Iyengar,100832,490,163,4.9
3366,Lucknow,Fashion,Sunglasses,Ikea,Kunda-Sundaram,90921,386,306,4.9
3367,Lucknow,Fashion,Sunglasses,Godrej,Mannan Group,136912,371,94,4.0
3368,Lucknow,Fashion,Sunglasses,Adidas,"Jaggi, Yadav and Choudhary",91538,254,90,4.4
3369,Lucknow,Fashion,Sunglasses,Bajaj,Barad-Badal,106561,398,174,4.4
3370,Lucknow,Home Appliances,Refrigerator,Samsung,"Lanka, Gole and Sane",136359,44,16,4.5
3371,Lucknow,Home Appliances,Refrigerator,LG,Dixit and Sons,101728,155,131,4.4
3372,Lucknow,Home Appliances,Refrigerator,LG,Mahal-Sem,76922,456,174,3.7
3373,Lucknow,Home Appliances,Refrigerator,Bajaj,Bhatt-Shere,29301,238,125,4.9
3374,Lucknow,Home Appliances,Refrigerator,Adidas,Ghosh-Goel,132846,24,23,4.2
3375,Lucknow,Home Appliances,Washing Machine,Ikea,"Suri, Swaminathan and Varghese",9935,343,188,4.8
3376,Lucknow,Home Appliances,Washing Machine,LG,Choudhry-Madan,65459,36,3,4.9
3377,Lucknow,Home Appliances,Washing Machine,Philips,Vaidya and Sons,53450,217,129,4.9
3378,Lucknow,Home Appliances,Washing Machine,Reliance,"Vyas, Bains and Tata",56871,356,213,4.4
3379,Lucknow,Home Appliances,Washing Machine,Philips,"Hans, Basak and Ghosh",106481,405,67,3.7
3380,Lucknow,Home Appliances,Microwave,Ikea,Rau and Sons,135607,272,67,4.2
3381,Lucknow,Home Appliances,Microwave,Apple,"Chahal, Wason and Chandran",81373,394,298,4.8
3382,Lucknow,Home Appliances,Microwave,Boat,Kuruvilla PLC,71101,491,320,3.9
3383,Lucknow,Home Appliances,Microwave,Nike,Sarin-Dewan,144325,382,114,4.3
3384,Lucknow,Home Appliances,Microwave,Prestige,Handa-Khurana,71299,391,297,4.4
3385,Lucknow,Home Appliances,Air Conditioner,Boat,"Lad, Basu and Saran",88943,113,43,4.2
3386,Lucknow,Home Appliances,Air Conditioner,Reliance,Tata-Kanda,138265,131,99,4.8
3387,Lucknow,Home Appliances,Air Conditioner,Philips,Chauhan Inc,122538,121,3,5.0
3388,Lucknow,Home Appliances,Air Conditioner,Prestige,"Rao, Gade and Char",147180,407,276,4.0
3389,Lucknow,Home Appliances,Air Conditioner,Samsung,Vasa-Acharya,88294,47,1,3.6
3390,Lucknow,Home Appliances,Mixer Grinder,Ikea,Kota Ltd,143096,226,34,4.2
3391,Lucknow,Home Appliances,Mixer Grinder,Nike,Gupta Inc,10351,332,8,4.0
3392,Lucknow,Home Appliances,Mixer Grinder,Adidas,Chana-Wali,57770,397,391,4.9
3393,Lucknow,Home Appliances,Mixer Grinder,Bajaj,"Rastogi, Saini and Rajagopalan",36049,93,39,4.5
3394,Lucknow,Home Appliances,Mixer Grinder,Puma,Buch-Singhal,147129,284,85,4.0
3395,Lucknow,Home Appliances,Vacuum Cleaner,Bajaj,Rastogi-Mand,73594,77,12,3.6
3396,Lucknow,Home Appliances,Vacuum Cleaner,Tata,Ben LLC,90499,114,55,5.0
3397,Lucknow,Home Appliances,Vacuum Cleaner,Boat,"Talwar, Bir and Bakshi",97940,392,103,4.8
3398,Lucknow,Home Appliances,Vacuum Cleaner,Tata,Lad and Sons,21471,141,81,4.5
3399,Lucknow,Home Appliances,Vacuum Cleaner,Mi,Goyal-Dugal,63556,302,106,4.8
3400,Lucknow,Home Appliances,Water Purifier,Adidas,Sha-Wali,99415,426,401,3.9
3401,Lucknow,Home Appliances,Water Purifier,Lenovo,"Bumb, Suri and Bhatia",51704,222,125,4.8
3402,Lucknow,Home Appliances,Water Purifier,Prestige,Mammen-Dyal,58048,171,166,3.8
3403,Lucknow,Home Appliances,Water Purifier,Puma,Sankar and Sons,100276,130,91,4.5
3404,Lucknow,Home Appliances,Water Purifier,Apple,Lad Inc,49168,364,72,4.8
3405,Lucknow,Groceries,Rice,Samsung,Basu Group,95816,82,26,3.9
3406,Lucknow,Groceries,Rice,Bajaj,Divan-Gaba,74583,41,14,4.8
3407,Lucknow,Groceries,Rice,Bajaj,Rajagopalan Inc,6917,68,66,3.9
3408,Lucknow,Groceries,Rice,Godrej,Garde-Chana,92141,160,5,4.9
3409,Lucknow,Groceries,Rice,Samsung,Bora-Jayaraman,104829,311,145,4.1
3410,Lucknow,Groceries,Wheat Flour,Nike,Kala-Sur,58943,105,105,3.9
3411,Lucknow,Groceries,Wheat Flour,Dell,Mand PLC,7663,329,236,5.0
3412,Lucknow,Groceries,Wheat Flour,Dell,Divan-Shroff,38609,496,82,4.8
3413,Lucknow,Groceries,Wheat Flour,Philips,Buch-Randhawa,129290,275,204,4.0
3414,Lucknow,Groceries,Wheat Flour,Mi,Sibal-Venkatesh,96344,398,197,3.9
3415,Lucknow,Groceries,Cooking Oil,HP,Toor-Char,123187,344,103,4.9
3416,Lucknow,Groceries,Cooking Oil,Lenovo,Kanda Ltd,20974,152,79,3.9
3417,Lucknow,Groceries,Cooking Oil,Godrej,Agarwal Group,45568,432,313,4.0
3418,Lucknow,Groceries,Cooking Oil,Philips,Sunder-Viswanathan,90020,38,29,3.9
3419,Lucknow,Groceries,Cooking Oil,Godrej,Bose and Sons,9771,109,7,4.1
3420,Lucknow,Groceries,Sugar,Samsung,Samra Inc,49663,134,48,4.9
3421,Lucknow,Groceries,Sugar,Sony,Dasgupta PLC,110487,161,89,4.3
3422,Lucknow,Groceries,Sugar,Puma,"Ramanathan, Talwar and Handa",10021,87,12,3.6
3423,Lucknow,Groceries,Sugar,Adidas,Buch LLC,95103,60,32,4.6
3424,Lucknow,Groceries,Sugar,Samsung,Kibe LLC,104606,359,29,3.8
3425,Lucknow,Groceries,Tea Powder,Apple,"Goswami, Savant and Som",125971,369,148,3.6
3426,Lucknow,Groceries,Tea Powder,Sony,"Chahal, Randhawa and Sandhu",59543,283,262,4.2
3427,Lucknow,Groceries,Tea Powder,Ikea,Gara PLC,118303,444,105,3.7
3428,Lucknow,Groceries,Tea Powder,Reliance,Loke Ltd,132314,75,70,4.0
3429,Lucknow,Groceries,Tea Powder,Sony,"Rana, Wali and Biswas",72586,253,125,3.8
3430,Lucknow,Groceries,Milk,Lenovo,Kar Ltd,101321,478,102,5.0
3431,Lucknow,Groceries,Milk,HP,Lala LLC,68481,235,178,3.5
3432,Lucknow,Groceries,Milk,Dell,Sharaf-Barad,41473,454,414,4.0
3433,Lucknow,Groceries,Milk,Dell,Chakraborty Inc,97906,14,7,4.2
3434,Lucknow,Groceries,Milk,Adidas,Luthra LLC,24164,488,12,4.6
3435,Lucknow,Groceries,Biscuits,Mi,"Tiwari, Kota and Gour",107464,196,188,3.7
3436,Lucknow,Groceries,Biscuits,Reliance,Edwin and Sons,88392,207,166,4.9
3437,Lucknow,Groceries,Biscuits,Samsung,Sarma-Kota,25681,295,99,4.5
3438,Lucknow,Groceries,Biscuits,Godrej,Kumar-Bera,69024,277,210,3.9
3439,Lucknow,Groceries,Biscuits,Samsung,Dalal-Sidhu,41085,237,219,3.6
3440,Lucknow,Sports,Cricket Bat,Godrej,"Zachariah, Iyer and Gandhi",11177,111,69,4.0
3441,Lucknow,Sports,Cricket Bat,Boat,"Bora, Doshi and Sami",33768,477,217,4.0
3442,Lucknow,Sports,Cricket Bat,Adidas,Seth LLC,116763,393,295,4.6
3443,Lucknow,Sports,Cricket Bat,Mi,Borde-Dasgupta,67452,162,74,4.7
3444,Lucknow,Sports,Cricket Bat,Tata,Hari-Deshmukh,40392,234,192,3.6
3445,Lucknow,Sports,Football,Godrej,"Barman, Agarwal and Choudhury",55184,396,116,4.5
3446,Lucknow,Sports,Football,Sony,Zachariah-Dayal,45779,344,262,4.1
3447,Lucknow,Sports,Football,Dell,Sampath Ltd,1355,35,7,3.9
3448,Lucknow,Sports,Football,Prestige,Golla-Dani,47530,398,294,3.6
3449,Lucknow,Sports,Football,Dell,Raval-Deo,144898,475,223,4.2
3450,Lucknow,Sports,Badminton Racket,Mi,Rajagopalan-Ratti,69976,186,153,3.9
3451,Lucknow,Sports,Badminton Racket,Philips,Trivedi and Sons,35775,418,265,3.5
3452,Lucknow,Sports,Badminton Racket,Puma,"Manda, Agate and Dora",33140,311,74,4.9
3453,Lucknow,Sports,Badminton Racket,Reliance,Saran LLC,3347,399,174,4.3
3454,Lucknow,Sports,Badminton Racket,Sony,Dutt-Golla,59775,270,209,4.3
3455,Lucknow,Sports,Gym Gloves,Mi,Warrior-Wali,25481,299,212,3.6
3456,Lucknow,Sports,Gym Gloves,Ikea,Varghese-Vaidya,12004,380,336,4.2
3457,Lucknow,Sports,Gym Gloves,Tata,"Bera, Doctor and Magar",7751,498,59,4.9
3458,Lucknow,Sports,Gym Gloves,Nike,Contractor-Badal,93966,175,160,4.2
3459,Lucknow,Sports,Gym Gloves,Nike,Sheth PLC,57418,335,214,3.8
3460,Lucknow,Sports,Yoga Mat,Philips,Singhal-Yadav,136229,392,153,4.5
3461,Lucknow,Sports,Yoga Mat,Prestige,Gole and Sons,36561,28,27,3.7
3462,Lucknow,Sports,Yoga Mat,Philips,Zacharia Ltd,36383,291,96,4.6
3463,Lucknow,Sports,Yoga Mat,Apple,Sethi-Doshi,26611,216,148,4.5
3464,Lucknow,Sports,Yoga Mat,Boat,Wali Inc,30394,267,149,4.4
3465,Lucknow,Sports,Cycling Helmet,Prestige,Bhatti-Kota,97080,278,254,3.5
3466,Lucknow,Sports,Cycling Helmet,Lenovo,Dugar-Vora,91550,405,381,4.0
3467,Lucknow,Sports,Cycling Helmet,Nike,Reddy and Sons,11041,185,141,3.8
3468,Lucknow,Sports,Cycling Helmet,Philips,Ghosh LLC,76214,154,26,4.3
3469,Lucknow,Sports,Cycling Helmet,Samsung,Hans-Mammen,12158,221,77,3.8
3470,Lucknow,Beauty,Face Wash,Philips,Bassi Ltd,112421,323,194,4.0
3471,Lucknow,Beauty,Face Wash,Reliance,Bala-Agate,146872,437,356,4.1
3472,Lucknow,Beauty,Face Wash,LG,Magar Ltd,2116,271,159,4.6
3473,Lucknow,Beauty,Face Wash,Philips,Sodhi-Manne,75984,71,15,3.8
3474,Lucknow,Beauty,Face Wash,LG,Jaggi-Uppal,43233,290,243,4.3
3475,Lucknow,Beauty,Lipstick,LG,Koshy-Raman,68967,393,145,3.5
3476,Lucknow,Beauty,Lipstick,Reliance,Dixit-Saha,5070,249,166,4.1
3477,Lucknow,Beauty,Lipstick,Apple,Khurana Group,42775,260,204,3.8
3478,Lucknow,Beauty,Lipstick,Tata,Kapoor PLC,137609,169,10,4.6
3479,Lucknow,Beauty,Lipstick,Nike,"Contractor, Bajwa and Dua",32451,186,25,4.8
3480,Lucknow,Beauty,Perfume,Boat,Sankaran Group,136589,113,53,3.5
3481,Lucknow,Beauty,Perfume,Tata,Mand-Chand,100027,28,25,3.7
3482,Lucknow,Beauty,Perfume,Mi,Hegde-Mangal,71230,418,381,3.6
3483,Lucknow,Beauty,Perfume,HP,Bava-Iyer,31383,35,34,3.9
3484,Lucknow,Beauty,Perfume,HP,Subramaniam-Ahluwalia,94072,24,13,4.3
3485,Lucknow,Beauty,Shampoo,HP,Walia Group,86239,146,10,4.7
3486,Lucknow,Beauty,Shampoo,Prestige,Zacharia LLC,104357,273,255,4.6
3487,Lucknow,Beauty,Shampoo,Prestige,Borra-Bawa,78168,145,7,4.1
3488,Lucknow,Beauty,Shampoo,Dell,Chauhan Group,3572,315,25,3.5
3489,Lucknow,Beauty,Shampoo,Lenovo,Shroff Inc,117997,388,11,3.9
3490,Lucknow,Beauty,Body Lotion,LG,Mani Inc,32010,243,93,3.6
3491,Lucknow,Beauty,Body Lotion,Ikea,"Joshi, Baria and Barman",43587,448,412,3.6
3492,Lucknow,Beauty,Body Lotion,Puma,Jayaraman-Doshi,112457,131,65,3.9
3493,Lucknow,Beauty,Body Lotion,Adidas,Chakraborty Ltd,51777,380,102,4.1
3494,Lucknow,Beauty,Body Lotion,Mi,Garg and Sons,56136,499,433,4.1
3495,Lucknow,Beauty,Hair Dryer,Bajaj,Grover LLC,30507,139,47,4.4
3496,Lucknow,Beauty,Hair Dryer,HP,Kalita Group,135715,480,298,4.3
3497,Lucknow,Beauty,Hair Dryer,Adidas,Dash-Vasa,146411,336,226,4.3
3498,Lucknow,Beauty,Hair Dryer,Mi,"Varty, Krishnamurthy and Brahmbhatt",32205,279,166,4.1
3499,Lucknow,Beauty,Hair Dryer,Tata,Gade and Sons,76848,359,87,3.9
3500,Surat,Electronics,Smartphone,Ikea,Mangat-Thaman,148577,364,223,3.7
3501,Surat,Electronics,Smartphone,Mi,Luthra-Contractor,19192,173,53,4.0
3502,Surat,Electronics,Smartphone,Philips,"Behl, Loyal and Bora",46787,232,56,4.0
3503,Surat,Electronics,Smartphone,Dell,"Goda, Bhatti and Rao",44339,117,71,4.3
3504,Surat,Electronics,Smartphone,Puma,Batra-Bail,59727,464,171,4.2
3505,Surat,Electronics,Laptop,Godrej,Bali-Dash,35431,220,109,3.5
3506,Surat,Electronics,Laptop,Sony,Deo-Dhar,132063,141,11,4.0
3507,Surat,Electronics,Laptop,HP,"Krishna, Raman and Trivedi",121579,448,176,4.1
3508,Surat,Electronics,Laptop,Adidas,Rattan-Ratta,54521,320,14,4.9
3509,Surat,Electronics,Laptop,Tata,Lanka Ltd,92110,250,181,4.1
3510,Surat,Electronics,Smart TV,Sony,Chadha Ltd,45684,339,143,3.6
3511,Surat,Electronics,Smart TV,Lenovo,"Sahota, Dhar and Shanker",74268,423,181,4.4
3512,Surat,Electronics,Smart TV,Philips,Ramesh-Kapur,15715,493,446,3.9
3513,Surat,Electronics,Smart TV,Adidas,Mander Group,35314,484,84,3.7
3514,Surat,Electronics,Smart TV,Prestige,Sankar Group,135235,242,117,4.2
3515,Surat,Electronics,Bluetooth Speaker,Adidas,Issac Ltd,34144,477,445,4.7
3516,Surat,Electronics,Bluetooth Speaker,Mi,Mander-Zachariah,118257,188,145,4.7
3517,Surat,Electronics,Bluetooth Speaker,Tata,Wable PLC,53603,416,6,4.2
3518,Surat,Electronics,Bluetooth Speaker,Boat,"Andra, Kari and Basak",116725,218,186,4.6
3519,Surat,Electronics,Bluetooth Speaker,Godrej,Samra Group,100709,451,69,4.0
3520,Surat,Electronics,Tablet,Prestige,Dalal-Rout,32530,158,155,3.6
3521,Surat,Electronics,Tablet,Prestige,"Deshmukh, Jha and Gopal",5816,62,3,4.2
3522,Surat,Electronics,Tablet,Ikea,"Konda, Tella and Saxena",46566,273,222,4.0
3523,Surat,Electronics,Tablet,LG,"Kakar, Gola and Chacko",16188,181,35,4.9
3524,Surat,Electronics,Tablet,Samsung,Thaker and Sons,14984,414,309,4.7
3525,Surat,Electronics,Gaming Console,Reliance,"Bhavsar, Zachariah and Varughese",44138,316,133,4.1
3526,Surat,Electronics,Gaming Console,Mi,"Randhawa, Chawla and Bakshi",117917,85,18,3.5
3527,Surat,Electronics,Gaming Console,Bajaj,Bhargava Ltd,47734,288,16,4.1
3528,Surat,Electronics,Gaming Console,Ikea,Raju Inc,1639,63,22,4.0
3529,Surat,Electronics,Gaming Console,Philips,Sami-Ratti,832,337,15,4.8
3530,Surat,Electronics,Smart Watch,Mi,Comar and Sons,26871,104,75,4.6
3531,Surat,Electronics,Smart Watch,Sony,Wadhwa LLC,93918,79,78,3.9
3532,Surat,Electronics,Smart Watch,Godrej,"Garde, Yogi and Savant",97275,319,45,4.1
3533,Surat,Electronics,Smart Watch,Mi,Tiwari-Jani,101560,117,4,3.5
3534,Surat,Electronics,Smart Watch,LG,"Salvi, Krish and Roy",112001,37,4,4.2
3535,Surat,Electronics,Headphones,Reliance,Tella Group,118205,470,409,4.8
3536,Surat,Electronics,Headphones,Tata,Atwal Inc,24765,269,189,3.9
3537,Surat,Electronics,Headphones,HP,Kota-Chandran,6519,306,250,4.8
3538,Surat,Electronics,Headphones,Reliance,"Raval, Bajwa and Sami",127965,137,18,4.9
3539,Surat,Electronics,Headphones,Prestige,"Sankar, Bandi and Yadav",119136,43,30,4.4
3540,Surat,Furniture,Sofa,Tata,Ganesh PLC,19175,317,317,4.5
3541,Surat,Furniture,Sofa,Godrej,Dhawan Group,122509,165,76,3.8
3542,Surat,Furniture,Sofa,Adidas,Majumdar LLC,35081,25,18,4.1
3543,Surat,Furniture,Sofa,Mi,Shukla Inc,129938,436,363,4.4
3544,Surat,Furniture,Sofa,Lenovo,Kakar-Ganguly,65318,469,306,3.8
3545,Surat,Furniture,Dining Table,Sony,Talwar PLC,138054,241,2,3.8
3546,Surat,Furniture,Dining Table,Philips,Barad LLC,66539,309,212,4.6
3547,Surat,Furniture,Dining Table,Adidas,"Sahota, Mangat and Kala",47719,310,90,3.7
3548,Surat,Furniture,Dining Table,Mi,Apte-Krishnan,22103,236,19,4.4
3549,Surat,Furniture,Dining Table,Ikea,"Venkataraman, Raval and Banerjee",18457,311,26,4.3
3550,Surat,Furniture,Office Chair,Reliance,Bedi Inc,81621,108,82,3.6
3551,Surat,Furniture,Office Chair,Nike,"Wali, Babu and Chada",66960,25,3,5.0
3552,Surat,Furniture,Office Chair,Boat,"Sanghvi, Dutta and Vora",7067,347,173,3.6
3553,Surat,Furniture,Office Chair,Reliance,Chandra Group,11942,123,109,4.7
3554,Surat,Furniture,Office Chair,Tata,Saha-Dass,128055,487,250,4.8
3555,Surat,Furniture,Bed,Nike,Jani-Ahluwalia,98950,335,96,4.1
3556,Surat,Furniture,Bed,Prestige,Chaudhry-Ramanathan,26358,403,45,3.9
3557,Surat,Furniture,Bed,Tata,Gour-Kadakia,78327,292,289,4.4
3558,Surat,Furniture,Bed,Apple,Sridhar Ltd,109118,468,273,3.6
3559,Surat,Furniture,Bed,Tata,Dave-Sachdeva,57168,221,47,4.8
3560,Surat,Furniture,Wardrobe,Puma,"Sarin, Gole and Dhillon",1591,299,134,4.3
3561,Surat,Furniture,Wardrobe,Puma,"Seth, Dora and Johal",49529,223,110,3.9
3562,Surat,Furniture,Wardrobe,Sony,Sachdev LLC,84053,33,19,4.1
3563,Surat,Furniture,Wardrobe,Mi,"Bandi, Raju and Baria",35624,123,24,4.2
3564,Surat,Furniture,Wardrobe,Bajaj,Banerjee PLC,100607,380,189,4.1
3565,Surat,Furniture,Bookshelf,Philips,Atwal and Sons,16178,349,231,4.7
3566,Surat,Furniture,Bookshelf,Reliance,Bhakta Ltd,123519,395,215,4.2
3567,Surat,Furniture,Bookshelf,Mi,"Sura, Deol and Dave",91857,201,198,3.9
3568,Surat,Furniture,Bookshelf,Lenovo,"Sur, Majumdar and Yohannan",108037,487,215,4.5
3569,Surat,Furniture,Bookshelf,Puma,"Chand, Grover and Tak",81232,381,364,4.8
3570,Surat,Furniture,Coffee Table,Tata,Dada LLC,81321,385,334,4.7
3571,Surat,Furniture,Coffee Table,Puma,Sama LLC,96766,216,131,4.7
3572,Surat,Furniture,Coffee Table,Samsung,Tailor-Krishnamurthy,81619,475,304,5.0
3573,Surat,Furniture,Coffee Table,Apple,"Krishnan, Jain and Sem",41586,158,121,3.6
3574,Surat,Furniture,Coffee Table,Boat,"Rao, Bava and Rout",101790,65,55,4.7
3575,Surat,Furniture,TV Unit,Dell,"Mani, Bera and Dhillon",13429,271,171,4.4
3576,Surat,Furniture,TV Unit,Adidas,"Vaidya, Chaudhary and Dash",35686,129,60,4.1
3577,Surat,Furniture,TV Unit,Reliance,Dube LLC,101683,114,111,3.7
3578,Surat,Furniture,TV Unit,Boat,Tank PLC,79109,195,126,4.2
3579,Surat,Furniture,TV Unit,Ikea,Kalita-Shroff,143948,116,68,3.9
3580,Surat,Fashion,T-Shirt,Puma,Das Inc,82030,331,268,4.6
3581,Surat,Fashion,T-Shirt,Dell,Wali Inc,108015,106,67,5.0
3582,Surat,Fashion,T-Shirt,Sony,"Chokshi, Vala and Iyengar",38218,335,260,3.8
3583,Surat,Fashion,T-Shirt,Nike,Buch Inc,124222,466,402,3.8
3584,Surat,Fashion,T-Shirt,Tata,"Virk, Agrawal and Wagle",148418,295,245,4.7
3585,Surat,Fashion,Jeans,LG,Sahni and Sons,25012,358,246,4.4
3586,Surat,Fashion,Jeans,Godrej,Bansal Ltd,131384,454,252,4.4
3587,Surat,Fashion,Jeans,Philips,Goyal-Ghose,18642,461,179,4.4
3588,Surat,Fashion,Jeans,Sony,Kohli PLC,56124,101,22,4.8
3589,Surat,Fashion,Jeans,Puma,Agrawal Group,69920,43,9,4.2
3590,Surat,Fashion,Kurti,Dell,Ahluwalia-Joshi,97418,155,120,4.5
3591,Surat,Fashion,Kurti,HP,Lata-Khanna,128726,182,32,4.2
3592,Surat,Fashion,Kurti,Boat,Dyal-Sahota,28701,357,236,4.9
3593,Surat,Fashion,Kurti,Mi,"Jaggi, Bal and Basu",41369,218,191,4.5
3594,Surat,Fashion,Kurti,Bajaj,"Shetty, Raval and Dayal",81717,138,123,4.4
3595,Surat,Fashion,Sneakers,Ikea,Thaman-Doshi,52921,57,4,4.3
3596,Surat,Fashion,Sneakers,Apple,Bhat Inc,135685,473,286,4.0
3597,Surat,Fashion,Sneakers,LG,Sood-Samra,59854,483,453,4.8
3598,Surat,Fashion,Sneakers,Ikea,"Sant, Tandon and Kapoor",136887,116,115,4.7
3599,Surat,Fashion,Sneakers,Boat,"Borra, Comar and Bora",116542,151,91,4.9
3600,Surat,Fashion,Jacket,Mi,"Kashyap, Sahni and Gara",38675,86,51,3.9
3601,Surat,Fashion,Jacket,Adidas,Badal-Rajagopal,44815,67,2,3.9
3602,Surat,Fashion,Jacket,Mi,"Thaker, Basak and Venkataraman",28026,37,35,4.1
3603,Surat,Fashion,Jacket,HP,Ratta-Gaba,140095,171,147,4.0
3604,Surat,Fashion,Jacket,Adidas,Kurian-Trivedi,99784,247,190,4.0
3605,Surat,Fashion,Watch,Reliance,"Randhawa, Raja and Rao",49782,182,71,4.3
3606,Surat,Fashion,Watch,Tata,Aggarwal LLC,35983,16,10,4.4
3607,Surat,Fashion,Watch,Apple,Goyal and Sons,132971,392,51,4.9
3608,Surat,Fashion,Watch,Nike,"Kohli, Wason and Sibal",125573,179,60,4.7
3609,Surat,Fashion,Watch,Samsung,Tiwari-Bhatti,39336,145,41,4.1
3610,Surat,Fashion,Handbag,Lenovo,Bala-Subramaniam,78117,210,106,4.0
3611,Surat,Fashion,Handbag,Dell,Sachdev-Mand,31827,55,19,3.6
3612,Surat,Fashion,Handbag,Prestige,Raju Group,118809,251,198,4.9
3613,Surat,Fashion,Handbag,Puma,"Tella, Sridhar and Tella",97780,229,166,3.6
3614,Surat,Fashion,Handbag,HP,Datta-Kapadia,14204,38,11,4.3
3615,Surat,Fashion,Sunglasses,Ikea,"Soni, Mandal and Buch",88166,110,71,4.4
3616,Surat,Fashion,Sunglasses,Samsung,Hans-Batra,50782,401,11,4.1
3617,Surat,Fashion,Sunglasses,Boat,"Dubey, Magar and Chanda",93562,57,24,4.9
3618,Surat,Fashion,Sunglasses,Godrej,"Bhat, Kanda and Raman",97518,306,303,3.9
3619,Surat,Fashion,Sunglasses,Sony,"Bala, Hari and Sant",52961,242,210,4.6
3620,Surat,Home Appliances,Refrigerator,Reliance,Kohli-Bath,132224,300,259,3.5
3621,Surat,Home Appliances,Refrigerator,LG,Bali-Dhillon,108608,460,48,4.4
3622,Surat,Home Appliances,Refrigerator,Philips,Kala-Sem,121848,390,182,4.6
3623,Surat,Home Appliances,Refrigerator,Dell,"Vohra, Dhar and Seshadri",130527,125,75,4.0
3624,Surat,Home Appliances,Refrigerator,Samsung,Sastry Group,27774,285,84,4.8
3625,Surat,Home Appliances,Washing Machine,Lenovo,Tiwari Ltd,79452,170,30,4.1
3626,Surat,Home Appliances,Washing Machine,Lenovo,"Ramanathan, Basu and Chad",16922,39,28,4.6
3627,Surat,Home Appliances,Washing Machine,Dell,Sood-Behl,126431,154,111,4.8
3628,Surat,Home Appliances,Washing Machine,Nike,Kala-Atwal,101431,497,45,4.5
3629,Surat,Home Appliances,Washing Machine,Mi,"Rastogi, Yohannan and Bala",7853,412,377,4.0
3630,Surat,Home Appliances,Microwave,Adidas,Sekhon-Datta,108050,132,36,4.2
3631,Surat,Home Appliances,Microwave,Sony,Sen LLC,53418,203,85,4.1
3632,Surat,Home Appliances,Microwave,Tata,Sundaram-Wadhwa,45166,488,353,3.7
3633,Surat,Home Appliances,Microwave,Godrej,Chana LLC,123851,481,141,3.8
3634,Surat,Home Appliances,Microwave,Mi,Bansal-Talwar,117389,130,67,4.4
3635,Surat,Home Appliances,Air Conditioner,Ikea,"Dubey, Kanda and Venkataraman",136490,357,118,3.7
3636,Surat,Home Appliances,Air Conditioner,Nike,Lad-Sarkar,33127,143,134,3.8
3637,Surat,Home Appliances,Air Conditioner,Dell,Kothari-Borde,66709,70,27,4.9
3638,Surat,Home Appliances,Air Conditioner,Tata,"Chokshi, Saini and Sane",35718,146,56,4.4
3639,Surat,Home Appliances,Air Conditioner,Bajaj,Sur-Kashyap,91265,56,29,4.8
3640,Surat,Home Appliances,Mixer Grinder,Boat,"Deo, Agrawal and Ganguly",6377,123,15,4.1
3641,Surat,Home Appliances,Mixer Grinder,Godrej,Golla-Iyengar,95129,273,222,3.8
3642,Surat,Home Appliances,Mixer Grinder,Godrej,"Ramachandran, Yohannan and Varghese",102489,334,272,3.6
3643,Surat,Home Appliances,Mixer Grinder,Reliance,Shan-Sridhar,108523,172,52,3.6
3644,Surat,Home Appliances,Mixer Grinder,Sony,"Shanker, Chawla and Ram",78229,381,120,4.4
3645,Surat,Home Appliances,Vacuum Cleaner,Puma,"Ramachandran, Mane and Bhagat",767,227,156,3.8
3646,Surat,Home Appliances,Vacuum Cleaner,Nike,Ben Ltd,146694,11,3,5.0
3647,Surat,Home Appliances,Vacuum Cleaner,Nike,"Devan, Edwin and Goda",56112,193,129,3.9
3648,Surat,Home Appliances,Vacuum Cleaner,Bajaj,"Dey, Gour and Rana",30397,399,243,4.6
3649,Surat,Home Appliances,Vacuum Cleaner,Adidas,Chand-Shah,28398,61,54,4.8
3650,Surat,Home Appliances,Water Purifier,Bajaj,Bhat Inc,68676,295,157,4.5
3651,Surat,Home Appliances,Water Purifier,Sony,Sarna Ltd,89517,63,17,4.1
3652,Surat,Home Appliances,Water Purifier,Nike,"Dhillon, Dara and Karnik",145141,81,25,4.6
3653,Surat,Home Appliances,Water Purifier,Nike,"Ravi, Thakur and Sharaf",78035,305,22,4.7
3654,Surat,Home Appliances,Water Purifier,Adidas,Karan and Sons,98767,167,1,4.8
3655,Surat,Groceries,Rice,Samsung,Kibe-Tiwari,39178,472,470,3.9
3656,Surat,Groceries,Rice,Sony,Kara Group,13231,493,386,4.3
3657,Surat,Groceries,Rice,HP,Kara Ltd,3435,152,30,4.1
3658,Surat,Groceries,Rice,Reliance,Sabharwal-Brar,35133,172,158,4.5
3659,Surat,Groceries,Rice,Mi,"Gera, Mani and Sama",13446,337,300,4.5
3660,Surat,Groceries,Wheat Flour,Boat,Dutta PLC,12843,96,64,4.7
3661,Surat,Groceries,Wheat Flour,Adidas,Jaggi-Wadhwa,149874,104,7,4.7
3662,Surat,Groceries,Wheat Flour,Dell,Bhardwaj-Dash,36493,401,74,4.9
3663,Surat,Groceries,Wheat Flour,LG,Gade-Tandon,74343,93,63,4.7
3664,Surat,Groceries,Wheat Flour,Samsung,Thakur LLC,66548,374,280,4.9
3665,Surat,Groceries,Cooking Oil,Dell,"Sarkar, D’Alia and Khurana",68462,459,251,4.8
3666,Surat,Groceries,Cooking Oil,Sony,Ramachandran-Choudhry,31545,106,81,5.0
3667,Surat,Groceries,Cooking Oil,Bajaj,Ram-Kade,9059,314,188,4.8
3668,Surat,Groceries,Cooking Oil,LG,Dutta-Tailor,13083,388,131,4.2
3669,Surat,Groceries,Cooking Oil,Nike,Sachar-Sampath,119262,389,374,4.4
3670,Surat,Groceries,Sugar,Sony,Madan LLC,23131,337,200,4.2
3671,Surat,Groceries,Sugar,Puma,Upadhyay-Kulkarni,54130,297,280,4.8
3672,Surat,Groceries,Sugar,Philips,Bhatti LLC,137023,251,239,3.8
3673,Surat,Groceries,Sugar,Dell,Agarwal-Zachariah,2468,315,155,4.4
3674,Surat,Groceries,Sugar,Sony,Shenoy Group,59654,140,123,4.6
3675,Surat,Groceries,Tea Powder,Prestige,Vaidya-Singh,149301,29,22,4.1
3676,Surat,Groceries,Tea Powder,Lenovo,"Manda, Raval and Kalita",8188,450,269,3.9
3677,Surat,Groceries,Tea Powder,Nike,Wason LLC,147119,461,239,3.5
3678,Surat,Groceries,Tea Powder,Apple,Dugar-Gaba,137288,143,142,4.9
3679,Surat,Groceries,Tea Powder,Apple,Khanna-Khosla,29633,26,16,4.3
3680,Surat,Groceries,Milk,Samsung,Gala-Gulati,56496,25,8,3.7
3681,Surat,Groceries,Milk,Puma,Jaggi Inc,66105,241,178,4.7
3682,Surat,Groceries,Milk,Boat,Atwal Inc,31752,24,6,4.4
3683,Surat,Groceries,Milk,Tata,Raja Ltd,42647,324,26,4.2
3684,Surat,Groceries,Milk,Bajaj,"Manda, Kapur and Cheema",67216,496,355,3.8
3685,Surat,Groceries,Biscuits,Lenovo,Venkatesh Inc,119522,128,47,4.4
3686,Surat,Groceries,Biscuits,Godrej,Zachariah LLC,34358,366,177,3.6
3687,Surat,Groceries,Biscuits,Samsung,"Garde, Keer and Acharya",147908,20,2,4.2
3688,Surat,Groceries,Biscuits,Sony,"Sanghvi, Ghose and Ahluwalia",46941,252,179,4.6
3689,Surat,Groceries,Biscuits,HP,"Subramanian, Bala and Shere",144354,86,25,3.7
3690,Surat,Sports,Cricket Bat,Apple,"Master, Tak and Kade",76710,304,98,4.5
3691,Surat,Sports,Cricket Bat,Mi,Chauhan Ltd,70037,198,12,3.8
3692,Surat,Sports,Cricket Bat,Samsung,"Dhar, Buch and Mammen",70708,286,34,4.6
3693,Surat,Sports,Cricket Bat,Nike,Borra-Yohannan,69247,208,182,3.9
3694,Surat,Sports,Cricket Bat,Reliance,"Karpe, Kaur and Rout",20496,11,8,4.0
3695,Surat,Sports,Football,Nike,"Kothari, Boase and Swaminathan",130164,285,81,4.1
3696,Surat,Sports,Football,HP,Dugar-Salvi,62399,308,108,3.9
3697,Surat,Sports,Football,Nike,Bahri-Sekhon,31176,382,338,4.2
3698,Surat,Sports,Football,Puma,"Sawhney, Keer and Das",44190,103,28,3.7
3699,Surat,Sports,Football,Nike,Bora and Sons,7429,127,93,3.6
3700,Surat,Sports,Badminton Racket,Lenovo,"Sachdev, Agate and Bajwa",145171,48,18,3.5
3701,Surat,Sports,Badminton Racket,Bajaj,Barman and Sons,140206,343,331,4.8
3702,Surat,Sports,Badminton Racket,Prestige,"Rajagopal, Anand and Ramakrishnan",124885,136,24,3.5
3703,Surat,Sports,Badminton Racket,Puma,Din-Bose,132125,197,160,4.7
3704,Surat,Sports,Badminton Racket,Dell,"Kannan, Dutta and Koshy",137120,113,6,4.4
3705,Surat,Sports,Gym Gloves,Reliance,Dada-Tella,25547,100,78,4.1
3706,Surat,Sports,Gym Gloves,Reliance,Tailor-Suri,61173,395,272,4.1
3707,Surat,Sports,Gym Gloves,Prestige,"Sarna, Ramachandran and Karnik",66191,56,17,4.8
3708,Surat,Sports,Gym Gloves,Sony,"Hari, Mani and Bal",32743,29,23,3.9
3709,Surat,Sports,Gym Gloves,Puma,Ram Inc,34909,200,189,4.2
3710,Surat,Sports,Yoga Mat,Adidas,"Lata, Thakkar and Grewal",148259,116,22,3.8
3711,Surat,Sports,Yoga Mat,Godrej,Issac-Mall,13456,100,86,4.5
3712,Surat,Sports,Yoga Mat,Reliance,Tank-Dua,16329,328,267,3.7
3713,Surat,Sports,Yoga Mat,Dell,Amble Group,145524,138,28,4.6
3714,Surat,Sports,Yoga Mat,Tata,Ravi LLC,78799,272,75,3.5
3715,Surat,Sports,Cycling Helmet,Philips,Balakrishnan-Gupta,19274,282,275,4.1
3716,Surat,Sports,Cycling Helmet,Mi,Badal-Doshi,56796,11,9,4.1
3717,Surat,Sports,Cycling Helmet,LG,"Lata, Kaul and Kalla",73217,456,217,3.9
3718,Surat,Sports,Cycling Helmet,Reliance,Apte LLC,110143,412,317,4.7
3719,Surat,Sports,Cycling Helmet,Reliance,Sarna and Sons,3903,394,108,4.9
3720,Surat,Beauty,Face Wash,Reliance,"Dass, Lad and Madan",114181,309,228,4.6
3721,Surat,Beauty,Face Wash,Godrej,"Chandra, Wadhwa and Gill",114630,215,134,4.1
3722,Surat,Beauty,Face Wash,Mi,"Lanka, Dhillon and Batra",4439,475,179,4.3
3723,Surat,Beauty,Face Wash,Nike,Doshi-Srivastava,79895,436,225,4.9
3724,Surat,Beauty,Face Wash,Tata,"Tella, Randhawa and Gulati",34843,162,111,4.6
3725,Surat,Beauty,Lipstick,Bajaj,Ahluwalia and Sons,37823,500,246,4.4
3726,Surat,Beauty,Lipstick,Tata,Uppal Group,48330,137,129,4.7
3727,Surat,Beauty,Lipstick,Bajaj,Lal-Lanka,128115,40,9,5.0
3728,Surat,Beauty,Lipstick,HP,"Sunder, Kuruvilla and Kade",120141,15,10,4.6
3729,Surat,Beauty,Lipstick,Philips,Rana-Deol,76071,128,18,3.8
3730,Surat,Beauty,Perfume,Nike,Bhatt PLC,78417,67,55,5.0
3731,Surat,Beauty,Perfume,Nike,"Chaudhari, Trivedi and Mane",142552,122,35,4.8
3732,Surat,Beauty,Perfume,Bajaj,Mangat Group,86424,248,123,4.3
3733,Surat,Beauty,Perfume,HP,Reddy LLC,18312,394,347,4.8
3734,Surat,Beauty,Perfume,LG,Bal-Sanghvi,129787,423,123,4.6
3735,Surat,Beauty,Shampoo,Godrej,Zachariah-Raman,11140,132,50,3.7
3736,Surat,Beauty,Shampoo,Nike,Chauhan-Karan,97562,91,32,4.9
3737,Surat,Beauty,Shampoo,Apple,"Rajagopal, Hayre and Dugal",30401,188,113,4.0
3738,Surat,Beauty,Shampoo,Adidas,Chand Inc,109156,59,29,4.6
3739,Surat,Beauty,Shampoo,Dell,Khanna PLC,11790,125,42,4.3
3740,Surat,Beauty,Body Lotion,Reliance,Sharaf-Deol,84070,345,7,4.0
3741,Surat,Beauty,Body Lotion,Godrej,Cherian-Yadav,67581,270,143,3.9
3742,Surat,Beauty,Body Lotion,Apple,"Apte, Tailor and Kamdar",123871,220,146,4.5
3743,Surat,Beauty,Body Lotion,Lenovo,Gola Inc,73882,343,135,4.5
3744,Surat,Beauty,Body Lotion,Godrej,Wali PLC,9823,30,10,4.1
3745,Surat,Beauty,Hair Dryer,Boat,"Ratti, Ramakrishnan and Kar",78873,101,96,4.1
3746,Surat,Beauty,Hair Dryer,Bajaj,"Issac, Bhasin and Handa",96621,453,127,3.9
3747,Surat,Beauty,Hair Dryer,Lenovo,Sagar-Toor,133189,493,406,4.5
3748,Surat,Beauty,Hair Dryer,Puma,"Kuruvilla, Khanna and Balasubramanian",77677,413,133,4.8
3749,Surat,Beauty,Hair Dryer,Adidas,Karan Ltd,48084,97,58,3.7
3750,Kanpur,Electronics,Smartphone,Samsung,Devi-Bahl,114980,444,371,4.0
3751,Kanpur,Electronics,Smartphone,Sony,Bava-Sandal,130878,419,258,3.6
3752,Kanpur,Electronics,Smartphone,Apple,"Dara, Khosla and Devi",84970,50,18,3.5
3753,Kanpur,Electronics,Smartphone,Bajaj,"Chaudhry, Srinivas and Master",5835,139,81,3.6
3754,Kanpur,Electronics,Smartphone,Lenovo,"Dhawan, Sachdeva and Chad",51499,77,74,4.9
3755,Kanpur,Electronics,Laptop,LG,"Dey, Bawa and Rajan",127345,360,312,3.8
3756,Kanpur,Electronics,Laptop,Reliance,Virk Group,12105,151,132,3.7
3757,Kanpur,Electronics,Laptop,Tata,Wali Ltd,34370,214,92,4.5
3758,Kanpur,Electronics,Laptop,Adidas,Sachar-Chopra,8787,420,217,3.7
3759,Kanpur,Electronics,Laptop,Prestige,Dua Group,63810,354,65,4.2
3760,Kanpur,Electronics,Smart TV,Dell,Kalita-Ghosh,120228,294,153,4.0
3761,Kanpur,Electronics,Smart TV,Samsung,"Dube, Brar and Kannan",147535,266,79,4.1
3762,Kanpur,Electronics,Smart TV,Lenovo,Lala LLC,30710,440,110,4.9
3763,Kanpur,Electronics,Smart TV,Adidas,Kulkarni LLC,95077,33,31,3.8
3764,Kanpur,Electronics,Smart TV,Boat,Kaur Group,124833,63,30,3.7
3765,Kanpur,Electronics,Bluetooth Speaker,Philips,"Trivedi, Mangat and Basak",89594,187,187,4.4
3766,Kanpur,Electronics,Bluetooth Speaker,Sony,Sahota-Barad,48209,433,430,5.0
3767,Kanpur,Electronics,Bluetooth Speaker,Godrej,Shere PLC,133573,280,179,4.0
3768,Kanpur,Electronics,Bluetooth Speaker,Nike,Shanker-Sachdeva,140828,277,110,4.5
3769,Kanpur,Electronics,Bluetooth Speaker,Tata,"Apte, Chaudhary and Dash",3876,341,148,4.3
3770,Kanpur,Electronics,Tablet,Samsung,Bhalla Group,60512,134,64,4.4
3771,Kanpur,Electronics,Tablet,Nike,Dass-Kunda,113641,410,289,4.1
3772,Kanpur,Electronics,Tablet,Dell,Dixit LLC,117970,278,101,4.2
3773,Kanpur,Electronics,Tablet,Bajaj,"Seshadri, Tank and Bajwa",42640,134,34,3.9
3774,Kanpur,Electronics,Tablet,Reliance,Balan-Chakraborty,22212,493,38,4.5
3775,Kanpur,Electronics,Gaming Console,Samsung,"Suresh, Batra and Goda",48962,104,73,3.6
3776,Kanpur,Electronics,Gaming Console,Samsung,"Bakshi, Kurian and Hayre",115071,223,30,4.0
3777,Kanpur,Electronics,Gaming Console,LG,Johal and Sons,8671,266,219,3.6
3778,Kanpur,Electronics,Gaming Console,LG,Dey Inc,27624,340,250,4.0
3779,Kanpur,Electronics,Gaming Console,Godrej,"Luthra, Bhatnagar and Chander",78845,123,15,4.9
3780,Kanpur,Electronics,Smart Watch,Mi,Kumer Group,80015,127,118,4.0
3781,Kanpur,Electronics,Smart Watch,Godrej,Sama-Sethi,131717,152,6,4.1
3782,Kanpur,Electronics,Smart Watch,Mi,Sant-Toor,110756,419,203,3.8
3783,Kanpur,Electronics,Smart Watch,Reliance,"Zachariah, Ram and Chad",88246,94,25,4.0
3784,Kanpur,Electronics,Smart Watch,Ikea,Sehgal and Sons,63392,54,41,4.9
3785,Kanpur,Electronics,Headphones,Lenovo,Agrawal and Sons,40336,306,137,3.8
3786,Kanpur,Electronics,Headphones,Samsung,Tata LLC,116488,242,206,4.8
3787,Kanpur,Electronics,Headphones,Apple,Thakkar-Suresh,27655,481,174,4.2
3788,Kanpur,Electronics,Headphones,Apple,Kumer-Brahmbhatt,37512,203,18,3.6
3789,Kanpur,Electronics,Headphones,Nike,"Loyal, Sami and Lata",45819,26,21,4.6
3790,Kanpur,Furniture,Sofa,Prestige,Cheema-Brar,127869,179,88,4.9
3791,Kanpur,Furniture,Sofa,Puma,Sarin PLC,21568,347,49,4.6
3792,Kanpur,Furniture,Sofa,Lenovo,"Sarma, Kale and Garg",6850,455,290,4.9
3793,Kanpur,Furniture,Sofa,Prestige,"Sengupta, Joshi and Loke",74535,89,61,5.0
3794,Kanpur,Furniture,Sofa,Ikea,Sen and Sons,71537,460,364,5.0
3795,Kanpur,Furniture,Dining Table,Prestige,"Johal, Kulkarni and Desai",19369,247,26,4.0
3796,Kanpur,Furniture,Dining Table,Sony,Chauhan-Chacko,39697,385,297,3.7
3797,Kanpur,Furniture,Dining Table,Samsung,Mand-Agrawal,34239,254,253,4.0
3798,Kanpur,Furniture,Dining Table,Puma,Hans LLC,103597,398,119,4.3
3799,Kanpur,Furniture,Dining Table,Apple,Dhingra Group,128094,346,314,4.4
3800,Kanpur,Furniture,Office Chair,Prestige,Sane-Golla,68546,337,313,3.7
3801,Kanpur,Furniture,Office Chair,Sony,Bajaj-Chaudhari,122683,239,228,4.0
3802,Kanpur,Furniture,Office Chair,Reliance,Rama Ltd,66989,345,180,4.5
3803,Kanpur,Furniture,Office Chair,Philips,Kata Ltd,148345,88,68,3.8
3804,Kanpur,Furniture,Office Chair,Apple,Bajaj-Lall,19999,216,95,3.9
3805,Kanpur,Furniture,Bed,LG,Bhatia-Bobal,40195,393,1,3.8
3806,Kanpur,Furniture,Bed,Adidas,Khatri PLC,110324,460,360,4.8
3807,Kanpur,Furniture,Bed,Tata,Cherian LLC,103173,172,4,3.7
3808,Kanpur,Furniture,Bed,Puma,"Chakraborty, Mannan and Shetty",115171,118,31,3.9
3809,Kanpur,Furniture,Bed,Boat,"Dube, Sandal and Kannan",116700,445,328,4.1
3810,Kanpur,Furniture,Wardrobe,Puma,Bajwa-Butala,104761,312,294,3.8
3811,Kanpur,Furniture,Wardrobe,Ikea,Thaman-Char,107692,80,20,4.7
3812,Kanpur,Furniture,Wardrobe,Tata,Ram PLC,25574,116,16,4.1
3813,Kanpur,Furniture,Wardrobe,Ikea,Loyal-Saran,82189,141,59,4.2
3814,Kanpur,Furniture,Wardrobe,Lenovo,"Chacko, Gandhi and Goda",92568,276,269,4.7
3815,Kanpur,Furniture,Bookshelf,Godrej,Sandhu Group,143066,76,12,3.9
3816,Kanpur,Furniture,Bookshelf,Boat,Tank-Mani,123304,314,220,3.8
3817,Kanpur,Furniture,Bookshelf,Reliance,Yohannan-Ben,62721,276,148,3.5
3818,Kanpur,Furniture,Bookshelf,Philips,Taneja PLC,111479,465,139,3.7
3819,Kanpur,Furniture,Bookshelf,Reliance,"Kibe, Bhattacharyya and Atwal",77822,382,235,4.5
3820,Kanpur,Furniture,Coffee Table,Godrej,"Chadha, Bal and Swaminathan",32022,285,129,3.7
3821,Kanpur,Furniture,Coffee Table,HP,Ranganathan PLC,42064,488,387,4.4
3822,Kanpur,Furniture,Coffee Table,Adidas,Dasgupta LLC,134418,229,94,4.4
3823,Kanpur,Furniture,Coffee Table,Bajaj,"Jain, Aurora and Yadav",44021,257,228,4.4
3824,Kanpur,Furniture,Coffee Table,Ikea,"Jhaveri, Issac and Chokshi",69773,223,190,4.6
3825,Kanpur,Furniture,TV Unit,Tata,Seshadri and Sons,82284,444,405,4.5
3826,Kanpur,Furniture,TV Unit,Reliance,Vig-Kadakia,103065,182,172,4.3
3827,Kanpur,Furniture,TV Unit,Philips,Koshy and Sons,82412,395,193,4.3
3828,Kanpur,Furniture,TV Unit,Prestige,Sule-Ram,79625,449,115,4.2
3829,Kanpur,Furniture,TV Unit,LG,Boase-Wali,117849,88,66,4.8
3830,Kanpur,Fashion,T-Shirt,Prestige,Sha-Dhar,15342,429,286,3.9
3831,Kanpur,Fashion,T-Shirt,Nike,Chaudhuri-Badami,11320,328,4,5.0
3832,Kanpur,Fashion,T-Shirt,Dell,"Singhal, Rege and Gopal",26139,118,4,4.5
3833,Kanpur,Fashion,T-Shirt,Dell,Bansal-Loyal,86031,162,98,3.5
3834,Kanpur,Fashion,T-Shirt,Prestige,Raja Ltd,125388,170,80,3.8
3835,Kanpur,Fashion,Jeans,Adidas,Verma-Ray,52104,431,198,3.7
3836,Kanpur,Fashion,Jeans,Lenovo,Ganesan-Bala,97843,393,137,4.7
3837,Kanpur,Fashion,Jeans,Bajaj,Sabharwal and Sons,25633,150,150,3.9
3838,Kanpur,Fashion,Jeans,Reliance,Vaidya LLC,88603,405,213,4.6
3839,Kanpur,Fashion,Jeans,Prestige,Brar Ltd,31728,342,64,4.3
3840,Kanpur,Fashion,Kurti,Samsung,"Choudhary, Saha and Sandal",38400,343,118,4.0
3841,Kanpur,Fashion,Kurti,Lenovo,Hayre PLC,31913,86,7,4.7
3842,Kanpur,Fashion,Kurti,Nike,Kapoor-Shere,17766,104,103,4.5
3843,Kanpur,Fashion,Kurti,Apple,Atwal-Raja,136270,59,49,3.9
3844,Kanpur,Fashion,Kurti,Lenovo,"Bhat, Sani and Varty",17292,24,16,4.5
3845,Kanpur,Fashion,Sneakers,Philips,Bava and Sons,64950,131,22,4.8
3846,Kanpur,Fashion,Sneakers,HP,Wason Group,76658,424,360,4.2
3847,Kanpur,Fashion,Sneakers,Prestige,Dube-Samra,116862,479,200,4.6
3848,Kanpur,Fashion,Sneakers,Tata,"Kale, Yogi and Vig",142647,411,5,4.3
3849,Kanpur,Fashion,Sneakers,Reliance,Taneja-Shankar,48409,297,199,4.5
3850,Kanpur,Fashion,Jacket,Lenovo,"Ravel, Saini and Rana",37224,102,100,3.5
3851,Kanpur,Fashion,Jacket,Tata,Dixit-Rajan,67176,454,396,4.0
3852,Kanpur,Fashion,Jacket,Philips,Wagle LLC,46422,216,186,3.5
3853,Kanpur,Fashion,Jacket,Dell,Dugar-Handa,143638,421,196,4.1
3854,Kanpur,Fashion,Jacket,Mi,"Sem, Behl and Sama",43075,48,13,4.8
3855,Kanpur,Fashion,Watch,Reliance,Chhabra-Shukla,107338,326,76,3.7
3856,Kanpur,Fashion,Watch,Adidas,"Bhatia, Barad and Char",142935,423,364,4.5
3857,Kanpur,Fashion,Watch,Reliance,"Kanda, Krishnan and Mannan",24086,228,103,4.2
3858,Kanpur,Fashion,Watch,Reliance,"Upadhyay, Warrior and Suri",2722,409,282,4.2
3859,Kanpur,Fashion,Watch,Godrej,"Ganesan, Chandran and Kumer",106576,212,147,3.8
3860,Kanpur,Fashion,Handbag,Ikea,Kota-Garg,83814,210,210,4.8
3861,Kanpur,Fashion,Handbag,LG,Korpal and Sons,119011,109,29,4.6
3862,Kanpur,Fashion,Handbag,Adidas,Raju LLC,123437,465,164,4.2
3863,Kanpur,Fashion,Handbag,Godrej,Jain-Kala,122452,374,232,5.0
3864,Kanpur,Fashion,Handbag,Puma,Sarma-Anand,8513,112,41,3.7
3865,Kanpur,Fashion,Sunglasses,LG,Lad-Khare,51474,209,95,4.9
3866,Kanpur,Fashion,Sunglasses,Adidas,Krishna Inc,67925,378,289,4.4
3867,Kanpur,Fashion,Sunglasses,Nike,"Chaudhuri, Sodhi and Manda",115210,429,165,3.7
3868,Kanpur,Fashion,Sunglasses,Adidas,Chada-Bose,60521,491,210,4.3
3869,Kanpur,Fashion,Sunglasses,Tata,Buch Group,94976,344,337,4.2
3870,Kanpur,Home Appliances,Refrigerator,Godrej,"Wagle, Manda and Bajaj",127111,195,60,5.0
3871,Kanpur,Home Appliances,Refrigerator,Ikea,Guha Group,62310,84,68,4.9
3872,Kanpur,Home Appliances,Refrigerator,Lenovo,Kohli-Dhawan,94553,235,99,4.3
3873,Kanpur,Home Appliances,Refrigerator,HP,"Seth, Lad and Mall",124758,276,5,4.6
3874,Kanpur,Home Appliances,Refrigerator,Reliance,"Borra, Kibe and Jayaraman",103813,494,370,4.7
3875,Kanpur,Home Appliances,Washing Machine,Tata,Shan PLC,33705,260,103,3.9
3876,Kanpur,Home Appliances,Washing Machine,LG,"Kapur, Vala and Chanda",84250,200,36,4.2
3877,Kanpur,Home Appliances,Washing Machine,Boat,"Sama, Thaker and D’Alia",63206,190,170,4.2
3878,Kanpur,Home Appliances,Washing Machine,Boat,Mahajan-Johal,91736,285,237,4.8
3879,Kanpur,Home Appliances,Washing Machine,Puma,"Bose, Mander and Manne",94536,43,13,3.7
3880,Kanpur,Home Appliances,Microwave,Boat,"Singhal, Sharaf and Boase",68352,105,68,4.4
3881,Kanpur,Home Appliances,Microwave,Puma,Sharma-Mand,149684,19,19,4.3
3882,Kanpur,Home Appliances,Microwave,Lenovo,Rajagopalan Ltd,124263,32,29,4.2
3883,Kanpur,Home Appliances,Microwave,Samsung,Srinivas-Dube,75508,181,66,4.0
3884,Kanpur,Home Appliances,Microwave,HP,Krish PLC,112269,203,58,3.8
3885,Kanpur,Home Appliances,Air Conditioner,Puma,Hegde-Jayaraman,16674,238,93,4.2
3886,Kanpur,Home Appliances,Air Conditioner,Philips,Yogi-Khosla,30341,35,22,4.5
3887,Kanpur,Home Appliances,Air Conditioner,Apple,"Kannan, Saran and Goyal",20481,35,14,4.8
3888,Kanpur,Home Appliances,Air Conditioner,Godrej,Choudhary-Chakraborty,126534,173,28,3.7
3889,Kanpur,Home Appliances,Air Conditioner,Sony,"Bhat, Gulati and Chahal",51134,404,344,4.7
3890,Kanpur,Home Appliances,Mixer Grinder,Puma,Keer Inc,141043,450,24,3.9
3891,Kanpur,Home Appliances,Mixer Grinder,Godrej,Kapoor PLC,57397,413,327,4.7
3892,Kanpur,Home Appliances,Mixer Grinder,HP,"Badal, Garg and Buch",129265,382,2,4.5
3893,Kanpur,Home Appliances,Mixer Grinder,Lenovo,Krishna-Mann,125646,362,49,4.9
3894,Kanpur,Home Appliances,Mixer Grinder,Godrej,"Comar, Srivastava and Bhatia",133964,312,212,4.5
3895,Kanpur,Home Appliances,Vacuum Cleaner,Sony,"Devan, Basak and Dada",3915,126,80,3.6
3896,Kanpur,Home Appliances,Vacuum Cleaner,Adidas,Ratti Group,80624,232,62,3.6
3897,Kanpur,Home Appliances,Vacuum Cleaner,HP,"Wagle, Ganguly and Lal",148711,316,133,5.0
3898,Kanpur,Home Appliances,Vacuum Cleaner,Puma,Chatterjee-Dube,39537,255,105,3.7
3899,Kanpur,Home Appliances,Vacuum Cleaner,Adidas,Sami-Dalal,120805,194,148,4.1
3900,Kanpur,Home Appliances,Water Purifier,Lenovo,Kalita Group,33503,90,72,4.0
3901,Kanpur,Home Appliances,Water Purifier,Ikea,"Basak, Bava and Chander",76562,212,141,4.0
3902,Kanpur,Home Appliances,Water Purifier,Sony,Dixit-Soni,122337,417,293,3.6
3903,Kanpur,Home Appliances,Water Purifier,Nike,Bala Inc,25833,236,66,4.1
3904,Kanpur,Home Appliances,Water Purifier,LG,Ramachandran-Bhargava,85272,441,91,3.9
3905,Kanpur,Groceries,Rice,Prestige,Chandra Group,36847,445,271,4.2
3906,Kanpur,Groceries,Rice,HP,"Gour, Setty and Sanghvi",34010,128,54,3.6
3907,Kanpur,Groceries,Rice,Prestige,Uppal-Wagle,76724,164,54,4.2
3908,Kanpur,Groceries,Rice,Sony,"Arya, Garg and Chakrabarti",60676,158,11,3.9
3909,Kanpur,Groceries,Rice,Samsung,"Rajan, Deep and Dani",10472,431,150,4.5
3910,Kanpur,Groceries,Wheat Flour,Boat,"Bal, Sekhon and Vyas",120918,94,16,4.9
3911,Kanpur,Groceries,Wheat Flour,Apple,"Sahni, Lala and Cheema",10908,347,237,4.4
3912,Kanpur,Groceries,Wheat Flour,Philips,Sridhar Inc,98173,483,274,4.7
3913,Kanpur,Groceries,Wheat Flour,Dell,Dyal Group,131454,374,25,3.9
3914,Kanpur,Groceries,Wheat Flour,HP,Bhatia Inc,83974,410,407,4.0
3915,Kanpur,Groceries,Cooking Oil,Bajaj,Gera-Devan,147240,191,60,4.8
3916,Kanpur,Groceries,Cooking Oil,Lenovo,Garde Inc,118258,195,52,3.7
3917,Kanpur,Groceries,Cooking Oil,Godrej,Rana Inc,46557,31,25,4.2
3918,Kanpur,Groceries,Cooking Oil,Dell,Desai-Mall,67592,368,110,4.1
3919,Kanpur,Groceries,Cooking Oil,HP,"Varty, Dara and Singhal",1528,385,226,5.0
3920,Kanpur,Groceries,Sugar,LG,Das-Lata,88041,18,4,5.0
3921,Kanpur,Groceries,Sugar,Reliance,Chaudry Ltd,116859,230,178,3.8
3922,Kanpur,Groceries,Sugar,Boat,Rao and Sons,126804,386,358,3.9
3923,Kanpur,Groceries,Sugar,Lenovo,"Karan, Hora and Ramanathan",142390,106,23,3.7
3924,Kanpur,Groceries,Sugar,Godrej,"Lanka, Chana and Sandhu",6567,478,194,4.5
3925,Kanpur,Groceries,Tea Powder,Ikea,"Goswami, Andra and Balakrishnan",76341,266,136,3.7
3926,Kanpur,Groceries,Tea Powder,Adidas,Bhatti-Sule,86476,325,1,4.6
3927,Kanpur,Groceries,Tea Powder,Prestige,"Bandi, Dugal and Thaker",46536,318,125,3.8
3928,Kanpur,Groceries,Tea Powder,HP,Rajagopal Ltd,127315,259,158,4.8
3929,Kanpur,Groceries,Tea Powder,Reliance,Mahajan-Saini,120437,219,37,4.6
3930,Kanpur,Groceries,Milk,Lenovo,Lala-Sandal,130482,365,11,4.2
3931,Kanpur,Groceries,Milk,HP,Walia-Chowdhury,17901,413,233,4.8
3932,Kanpur,Groceries,Milk,Mi,"Warrior, Ravi and Dora",83909,406,231,4.1
3933,Kanpur,Groceries,Milk,Godrej,"Jha, Dutta and Bandi",81457,64,48,4.8
3934,Kanpur,Groceries,Milk,HP,"Jani, Sharma and Khanna",64454,427,129,4.7
3935,Kanpur,Groceries,Biscuits,Philips,"Kale, Rastogi and Dani",69375,123,68,3.9
3936,Kanpur,Groceries,Biscuits,Bajaj,Bobal PLC,126822,140,56,3.6
3937,Kanpur,Groceries,Biscuits,Apple,"Bumb, Sahota and Shah",78602,373,241,4.4
3938,Kanpur,Groceries,Biscuits,Mi,"Soman, Goda and Krishnan",74847,303,201,4.7
3939,Kanpur,Groceries,Biscuits,Bajaj,Loyal-Deshpande,14028,198,174,3.5
3940,Kanpur,Sports,Cricket Bat,Samsung,Bora-Grover,58259,345,23,4.5
3941,Kanpur,Sports,Cricket Bat,Ikea,Venkataraman-Bajaj,93626,85,17,4.2
3942,Kanpur,Sports,Cricket Bat,Puma,Karan-Roy,58181,32,28,4.0
3943,Kanpur,Sports,Cricket Bat,Boat,Toor PLC,146818,134,120,3.8
3944,Kanpur,Sports,Cricket Bat,Adidas,Kala-Chaudhari,73244,289,7,4.0
3945,Kanpur,Sports,Football,Prestige,Dhawan-Bhatti,90625,113,47,4.7
3946,Kanpur,Sports,Football,Adidas,Sehgal Inc,28859,337,161,3.8
3947,Kanpur,Sports,Football,Reliance,Shanker-Mann,36705,422,295,4.2
3948,Kanpur,Sports,Football,Godrej,Rana Ltd,28574,230,148,3.6
3949,Kanpur,Sports,Football,Boat,Dhillon Ltd,142278,61,60,4.1
3950,Kanpur,Sports,Badminton Racket,Adidas,"Toor, Upadhyay and Shanker",63374,189,78,4.5
3951,Kanpur,Sports,Badminton Racket,Reliance,Jani-Khare,27821,152,119,3.5
3952,Kanpur,Sports,Badminton Racket,Prestige,Gopal Inc,44880,427,360,3.9
3953,Kanpur,Sports,Badminton Racket,Mi,Ratta Inc,54995,110,35,4.3
3954,Kanpur,Sports,Badminton Racket,Boat,Wali PLC,46737,157,89,4.3
3955,Kanpur,Sports,Gym Gloves,Mi,Chander Inc,140033,407,138,4.2
3956,Kanpur,Sports,Gym Gloves,Apple,Ramesh-Mandal,95870,301,136,3.5
3957,Kanpur,Sports,Gym Gloves,Nike,"Bora, Rama and Kade",131216,219,160,3.6
3958,Kanpur,Sports,Gym Gloves,Ikea,Ray-Sahni,94144,476,192,3.6
3959,Kanpur,Sports,Gym Gloves,Boat,Joshi-Bobal,117573,93,63,3.9
3960,Kanpur,Sports,Yoga Mat,LG,Sinha Inc,110142,323,86,4.8
3961,Kanpur,Sports,Yoga Mat,Puma,Bhasin-Sahni,1262,338,75,3.6
3962,Kanpur,Sports,Yoga Mat,Apple,Manne Inc,24135,240,93,4.7
3963,Kanpur,Sports,Yoga Mat,Dell,Saha-Bora,18223,155,48,4.4
3964,Kanpur,Sports,Yoga Mat,Apple,Sundaram-Devan,82916,247,30,3.8
3965,Kanpur,Sports,Cycling Helmet,Lenovo,"Hora, Grewal and Borra",139206,401,24,3.9
3966,Kanpur,Sports,Cycling Helmet,Tata,Raval-Kakar,39512,142,44,4.5
3967,Kanpur,Sports,Cycling Helmet,Prestige,"Soman, Rout and Jha",47662,280,15,4.8
3968,Kanpur,Sports,Cycling Helmet,Reliance,Dada-Deo,104413,411,200,4.8
3969,Kanpur,Sports,Cycling Helmet,Reliance,"Lanka, Dasgupta and Rastogi",146870,406,286,4.2
3970,Kanpur,Beauty,Face Wash,LG,Thaman Ltd,123120,117,30,3.8
3971,Kanpur,Beauty,Face Wash,Bajaj,Mall-Kohli,71517,187,97,3.7
3972,Kanpur,Beauty,Face Wash,Bajaj,Mane Group,104610,148,5,3.6
3973,Kanpur,Beauty,Face Wash,Dell,Som PLC,102729,377,287,4.9
3974,Kanpur,Beauty,Face Wash,Ikea,"Raval, Bhalla and Gola",6553,87,44,4.0
3975,Kanpur,Beauty,Lipstick,Apple,Jain-Kale,124859,41,30,4.1
3976,Kanpur,Beauty,Lipstick,Lenovo,Kata and Sons,91939,70,18,4.4
3977,Kanpur,Beauty,Lipstick,Samsung,"Lata, Halder and Dalal",115145,175,76,4.2
3978,Kanpur,Beauty,Lipstick,Nike,Lalla Ltd,98570,243,204,3.9
3979,Kanpur,Beauty,Lipstick,Prestige,Acharya LLC,36088,272,139,4.3
3980,Kanpur,Beauty,Perfume,Godrej,Barad-Barad,67841,333,234,4.1
3981,Kanpur,Beauty,Perfume,LG,Biswas-Shankar,62304,96,37,4.4
3982,Kanpur,Beauty,Perfume,Boat,Chatterjee Group,65144,447,242,4.3
3983,Kanpur,Beauty,Perfume,Puma,Kuruvilla-Chad,15778,492,441,4.3
3984,Kanpur,Beauty,Perfume,Godrej,"Bal, Dugar and Luthra",130461,159,10,4.8
3985,Kanpur,Beauty,Shampoo,Philips,Krish-Mani,70376,264,252,3.6
3986,Kanpur,Beauty,Shampoo,Lenovo,"Chandra, Srinivas and Shroff",87547,477,114,4.2
3987,Kanpur,Beauty,Shampoo,Dell,"Gade, Vaidya and Magar",39047,188,114,4.5
3988,Kanpur,Beauty,Shampoo,Samsung,"Dhillon, Kulkarni and Tandon",54667,360,16,4.0
3989,Kanpur,Beauty,Shampoo,Tata,Dave-Bose,82179,180,57,4.2
3990,Kanpur,Beauty,Body Lotion,Boat,Gaba and Sons,5772,312,228,3.7
3991,Kanpur,Beauty,Body Lotion,Godrej,Dass-Mand,146550,284,65,4.2
3992,Kanpur,Beauty,Body Lotion,Nike,De Ltd,101695,179,146,4.6
3993,Kanpur,Beauty,Body Lotion,HP,Divan-Mane,64950,476,295,4.5
3994,Kanpur,Beauty,Body Lotion,Boat,"Sahota, Sura and Mall",42307,395,161,3.7
3995,Kanpur,Beauty,Hair Dryer,Prestige,"Barad, Bail and Zacharia",42352,354,118,4.8
3996,Kanpur,Beauty,Hair Dryer,Nike,Balan-Kohli,38277,307,33,3.7
3997,Kanpur,Beauty,Hair Dryer,Boat,Bassi Group,148303,61,18,4.7
3998,Kanpur,Beauty,Hair Dryer,Ikea,Venkataraman PLC,90836,23,13,4.8
3999,Kanpur,Beauty,Hair Dryer,Bajaj,"Swamy, Saha and Sandal",8905,150,121,4.3
4000,Nagpur,Electronics,Smartphone,Adidas,"Sinha, Kothari and Seshadri",68528,422,130,4.0
4001,Nagpur,Electronics,Smartphone,Puma,"Tata, Jain and Baria",142807,40,38,4.1
4002,Nagpur,Electronics,Smartphone,Sony,"Jaggi, Madan and Chahal",94911,455,334,4.5
4003,Nagpur,Electronics,Smartphone,Dell,"Saraf, Dhar and Soman",34116,322,157,4.5
4004,Nagpur,Electronics,Smartphone,Bajaj,"Garg, Sibal and Bajwa",8237,60,9,4.0
4005,Nagpur,Electronics,Laptop,LG,"Sandhu, Khosla and Tiwari",82139,64,63,4.6
4006,Nagpur,Electronics,Laptop,HP,"Sagar, Varty and Toor",42398,256,141,4.5
4007,Nagpur,Electronics,Laptop,Philips,"Korpal, Chaudhry and Chadha",70938,338,112,3.8
4008,Nagpur,Electronics,Laptop,Boat,Rastogi-Sahota,134210,252,204,5.0
4009,Nagpur,Electronics,Laptop,Prestige,Chaudhari-Anand,33088,368,339,4.9
4010,Nagpur,Electronics,Smart TV,Boat,"Srinivasan, Walia and Dutt",96815,423,391,4.2
4011,Nagpur,Electronics,Smart TV,Lenovo,"Wali, Karan and Buch",49107,291,15,4.6
4012,Nagpur,Electronics,Smart TV,Godrej,"Gade, Yogi and Kalita",1844,80,29,4.7
4013,Nagpur,Electronics,Smart TV,Godrej,"Sami, Sathe and Sahni",98016,107,82,4.8
4014,Nagpur,Electronics,Smart TV,Godrej,"Majumdar, Dhar and Deep",66244,97,14,4.4
4015,Nagpur,Electronics,Bluetooth Speaker,Tata,Bumb-Keer,51038,351,339,3.7
4016,Nagpur,Electronics,Bluetooth Speaker,Dell,Sarkar-Sane,51597,243,142,4.2
4017,Nagpur,Electronics,Bluetooth Speaker,Reliance,"Johal, Mani and Anne",57099,406,358,4.2
4018,Nagpur,Electronics,Bluetooth Speaker,Mi,"Sahni, Kanda and Baria",19883,307,210,4.0
4019,Nagpur,Electronics,Bluetooth Speaker,Nike,Mander-Loke,61836,450,118,4.6
4020,Nagpur,Electronics,Tablet,Nike,Brar-Sharaf,70411,280,276,4.9
4021,Nagpur,Electronics,Tablet,Godrej,Dasgupta-Dutta,57570,39,34,4.4
4022,Nagpur,Electronics,Tablet,Prestige,"Bir, Bahl and Dube",142295,106,4,3.7
4023,Nagpur,Electronics,Tablet,Adidas,Mann-Garde,91393,71,38,4.1
4024,Nagpur,Electronics,Tablet,Nike,"Kade, Tripathi and Ganesh",42930,212,149,4.9
4025,Nagpur,Electronics,Gaming Console,Dell,Walia Group,61520,132,13,4.8
4026,Nagpur,Electronics,Gaming Console,Reliance,Korpal and Sons,110459,262,173,4.5
4027,Nagpur,Electronics,Gaming Console,Samsung,Dhawan LLC,71552,59,37,3.9
4028,Nagpur,Electronics,Gaming Console,Lenovo,Kashyap Ltd,18592,457,444,3.5
4029,Nagpur,Electronics,Gaming Console,Apple,Hora-Devi,33951,361,8,4.0
4030,Nagpur,Electronics,Smart Watch,Puma,Arya-Joshi,133186,334,63,3.6
4031,Nagpur,Electronics,Smart Watch,Philips,Vig PLC,28209,305,65,4.4
4032,Nagpur,Electronics,Smart Watch,Bajaj,Butala-Mall,12072,323,185,4.5
4033,Nagpur,Electronics,Smart Watch,Samsung,Chand Inc,147763,494,203,4.3
4034,Nagpur,Electronics,Smart Watch,Prestige,"Saha, Chakraborty and Buch",140921,404,242,4.6
4035,Nagpur,Electronics,Headphones,Sony,Shere Ltd,125832,123,102,4.6
4036,Nagpur,Electronics,Headphones,Adidas,Kara-Bath,34463,95,6,4.7
4037,Nagpur,Electronics,Headphones,Reliance,"Sahota, Buch and Kapadia",6653,342,303,3.6
4038,Nagpur,Electronics,Headphones,Bajaj,Mannan and Sons,38705,137,31,3.7
4039,Nagpur,Electronics,Headphones,Godrej,Maharaj-Bhattacharyya,106350,395,279,4.3
4040,Nagpur,Furniture,Sofa,Dell,Walla and Sons,9806,354,313,3.9
4041,Nagpur,Furniture,Sofa,Lenovo,Verma and Sons,91373,340,241,4.9
4042,Nagpur,Furniture,Sofa,Lenovo,"Varkey, Varma and Bakshi",112572,13,11,4.6
4043,Nagpur,Furniture,Sofa,Ikea,"Buch, Gandhi and Saxena",32825,192,82,3.6
4044,Nagpur,Furniture,Sofa,Prestige,Ghosh-Bora,6696,422,44,4.0
4045,Nagpur,Furniture,Dining Table,Puma,Walia Group,44863,225,4,4.9
4046,Nagpur,Furniture,Dining Table,Philips,Dutta Ltd,57145,144,44,4.3
4047,Nagpur,Furniture,Dining Table,Reliance,Chhabra Ltd,95072,94,94,4.1
4048,Nagpur,Furniture,Dining Table,Puma,Biswas-Doctor,38795,367,175,4.7
4049,Nagpur,Furniture,Dining Table,Reliance,"Babu, Mannan and Arya",149067,406,26,4.4
4050,Nagpur,Furniture,Office Chair,Lenovo,Yogi and Sons,107274,117,8,4.4
4051,Nagpur,Furniture,Office Chair,Lenovo,Ganesh-Dyal,17497,312,294,4.7
4052,Nagpur,Furniture,Office Chair,Godrej,"Subramaniam, Doshi and Rama",2623,449,25,4.7
4053,Nagpur,Furniture,Office Chair,Dell,Khalsa-Barad,131307,83,59,4.9
4054,Nagpur,Furniture,Office Chair,Puma,Dave and Sons,8827,484,39,3.7
4055,Nagpur,Furniture,Bed,Puma,Khurana-Dave,142983,145,80,3.9
4056,Nagpur,Furniture,Bed,Bajaj,"Dutt, Gola and Barman",130955,57,37,4.7
4057,Nagpur,Furniture,Bed,LG,Rajagopalan Ltd,43151,241,50,4.5
4058,Nagpur,Furniture,Bed,Lenovo,"Ghosh, Chowdhury and Dada",61954,136,2,5.0
4059,Nagpur,Furniture,Bed,Reliance,Bala-Shroff,33943,210,18,4.1
4060,Nagpur,Furniture,Wardrobe,Adidas,"Raju, Grewal and Kurian",74180,117,95,5.0
4061,Nagpur,Furniture,Wardrobe,Tata,Deol-Gour,34393,445,293,4.5
4062,Nagpur,Furniture,Wardrobe,Boat,Bobal-Bassi,14458,228,12,4.5
4063,Nagpur,Furniture,Wardrobe,Bajaj,Seshadri LLC,117620,331,234,4.5
4064,Nagpur,Furniture,Wardrobe,Puma,"Bhasin, Sant and Dewan",15850,363,289,3.6
4065,Nagpur,Furniture,Bookshelf,Boat,"Tandon, Gade and Sant",137232,216,106,4.2
4066,Nagpur,Furniture,Bookshelf,Mi,"Bahri, Datta and Kohli",66773,421,128,3.8
4067,Nagpur,Furniture,Bookshelf,Nike,"Bansal, Sagar and Bhargava",53768,220,60,4.4
4068,Nagpur,Furniture,Bookshelf,Tata,Bhargava-Mannan,83808,289,180,4.1
4069,Nagpur,Furniture,Bookshelf,Lenovo,Kara Group,112113,135,24,4.8
4070,Nagpur,Furniture,Coffee Table,Tata,"Shenoy, Ben and Sahni",71229,45,19,4.4
4071,Nagpur,Furniture,Coffee Table,Reliance,Bali-Kapoor,39465,308,250,4.0
4072,Nagpur,Furniture,Coffee Table,Ikea,Dora-Apte,66181,50,28,4.9
4073,Nagpur,Furniture,Coffee Table,Samsung,"Dass, Bava and Chada",44031,456,172,3.8
4074,Nagpur,Furniture,Coffee Table,Boat,Anne-Tiwari,84074,184,110,4.0
4075,Nagpur,Furniture,TV Unit,HP,"Chadha, Kala and Comar",56925,218,32,4.2
4076,Nagpur,Furniture,TV Unit,Puma,Banerjee-Golla,2815,10,1,4.4
4077,Nagpur,Furniture,TV Unit,Puma,Sachar Inc,80336,486,87,4.6
4078,Nagpur,Furniture,TV Unit,LG,Lall PLC,45861,280,112,4.7
4079,Nagpur,Furniture,TV Unit,Prestige,"Din, Ghose and Lalla",107604,101,37,3.7
4080,Nagpur,Fashion,T-Shirt,Bajaj,Manda-Agarwal,117397,114,68,3.5
4081,Nagpur,Fashion,T-Shirt,Tata,Sarna-Karan,64991,108,52,4.7
4082,Nagpur,Fashion,T-Shirt,HP,Korpal Group,711,168,33,4.4
4083,Nagpur,Fashion,T-Shirt,Samsung,"Mangal, Chander and Iyer",12888,456,5,4.9
4084,Nagpur,Fashion,T-Shirt,Sony,Kala-Lalla,13137,448,268,4.9
4085,Nagpur,Fashion,Jeans,Dell,Maharaj-Banerjee,93411,386,169,4.7
4086,Nagpur,Fashion,Jeans,Samsung,Kale and Sons,37237,393,310,3.8
4087,Nagpur,Fashion,Jeans,Prestige,Dhar-Khatri,77893,64,50,3.7
4088,Nagpur,Fashion,Jeans,Apple,Bajaj Group,75363,343,164,3.9
4089,Nagpur,Fashion,Jeans,Mi,Bansal LLC,95741,136,80,4.0
4090,Nagpur,Fashion,Kurti,Puma,Handa-Dash,33939,100,8,4.8
4091,Nagpur,Fashion,Kurti,Lenovo,Wadhwa Inc,126752,193,60,4.5
4092,Nagpur,Fashion,Kurti,Lenovo,Badal-Sehgal,59743,36,9,4.8
4093,Nagpur,Fashion,Kurti,Godrej,Raja-Bassi,137426,333,242,3.9
4094,Nagpur,Fashion,Kurti,Godrej,Khare and Sons,39496,275,262,4.5
4095,Nagpur,Fashion,Sneakers,Sony,"Devan, Bhatt and Bandi",110688,54,18,4.3
4096,Nagpur,Fashion,Sneakers,Samsung,Chander-Master,10814,173,167,4.5
4097,Nagpur,Fashion,Sneakers,Ikea,Amble-Kade,70668,40,8,4.7
4098,Nagpur,Fashion,Sneakers,Puma,Warrior PLC,65163,314,184,3.9
4099,Nagpur,Fashion,Sneakers,Bajaj,"Seth, Rout and Atwal",76263,194,175,4.0
4100,Nagpur,Fashion,Jacket,Dell,Kar-Sinha,39030,51,10,4.0
4101,Nagpur,Fashion,Jacket,LG,Ganesh-Chahal,56947,302,115,4.9
4102,Nagpur,Fashion,Jacket,Tata,Bobal LLC,109150,281,225,4.1
4103,Nagpur,Fashion,Jacket,Tata,Boase-Barad,40824,452,151,3.9
4104,Nagpur,Fashion,Jacket,Ikea,Mani-Devi,134308,329,94,4.7
4105,Nagpur,Fashion,Watch,Samsung,Chana-Bahri,148658,19,8,3.9
4106,Nagpur,Fashion,Watch,Mi,"Bail, Sridhar and Babu",92828,225,121,4.8
4107,Nagpur,Fashion,Watch,Ikea,Das-Walia,57478,302,132,4.2
4108,Nagpur,Fashion,Watch,Ikea,"Agate, Sekhon and Bhavsar",55862,82,80,3.8
4109,Nagpur,Fashion,Watch,HP,"Loke, Edwin and Lalla",83223,338,60,4.6
4110,Nagpur,Fashion,Handbag,Boat,Lal Group,148847,452,444,4.2
4111,Nagpur,Fashion,Handbag,Mi,Bhandari-Singhal,11288,345,260,3.7
4112,Nagpur,Fashion,Handbag,HP,"Tripathi, Dube and Hora",102255,164,6,4.5
4113,Nagpur,Fashion,Handbag,Dell,Basu-Rattan,113212,406,151,4.3
4114,Nagpur,Fashion,Handbag,Ikea,"Sane, Tailor and Malhotra",73487,142,130,3.8
4115,Nagpur,Fashion,Sunglasses,Puma,"Sarraf, Bala and Kalla",95812,202,94,3.5
4116,Nagpur,Fashion,Sunglasses,Puma,"Sampath, Kalla and Shenoy",78647,163,42,4.7
4117,Nagpur,Fashion,Sunglasses,Sony,Thaker Ltd,72925,261,234,4.0
4118,Nagpur,Fashion,Sunglasses,Prestige,Bansal-Jaggi,127314,366,131,4.1
4119,Nagpur,Fashion,Sunglasses,Tata,Mani-Shetty,10527,243,207,3.8
4120,Nagpur,Home Appliances,Refrigerator,Boat,Kulkarni-Loke,105429,404,219,4.0
4121,Nagpur,Home Appliances,Refrigerator,Ikea,Shetty PLC,8261,375,10,3.6
4122,Nagpur,Home Appliances,Refrigerator,Lenovo,Loke-Bawa,84762,388,195,4.3
4123,Nagpur,Home Appliances,Refrigerator,Boat,"Mahajan, Bora and Das",144340,402,109,4.7
4124,Nagpur,Home Appliances,Refrigerator,Dell,Sawhney-Mander,91433,391,104,4.1
4125,Nagpur,Home Appliances,Washing Machine,Lenovo,Badal and Sons,114336,195,133,3.7
4126,Nagpur,Home Appliances,Washing Machine,Reliance,Shere PLC,101066,289,119,3.9
4127,Nagpur,Home Appliances,Washing Machine,HP,Dora-Chada,138905,339,61,4.6
4128,Nagpur,Home Appliances,Washing Machine,Boat,"Krishnan, Tella and Lal",32494,194,19,4.2
4129,Nagpur,Home Appliances,Washing Machine,Mi,"Jani, Batta and Sathe",41132,121,98,4.0
4130,Nagpur,Home Appliances,Microwave,Lenovo,Singh-Vyas,119962,383,302,4.0
4131,Nagpur,Home Appliances,Microwave,Bajaj,Doshi-Zachariah,140292,446,128,4.2
4132,Nagpur,Home Appliances,Microwave,Dell,Das-Iyengar,130306,156,25,4.9
4133,Nagpur,Home Appliances,Microwave,Ikea,Dhaliwal and Sons,112825,325,136,3.5
4134,Nagpur,Home Appliances,Microwave,Sony,Banik Inc,107717,281,186,4.5
4135,Nagpur,Home Appliances,Air Conditioner,LG,Koshy and Sons,90899,454,259,4.2
4136,Nagpur,Home Appliances,Air Conditioner,Apple,Kadakia-Raval,103335,69,24,4.9
4137,Nagpur,Home Appliances,Air Conditioner,Lenovo,Chadha PLC,70434,488,69,4.3
4138,Nagpur,Home Appliances,Air Conditioner,Tata,Tiwari PLC,25285,466,458,4.0
4139,Nagpur,Home Appliances,Air Conditioner,Apple,Luthra-Anne,92632,452,37,4.1
4140,Nagpur,Home Appliances,Mixer Grinder,HP,"Sane, Reddy and Dugar",141979,135,100,4.9
4141,Nagpur,Home Appliances,Mixer Grinder,Godrej,Halder and Sons,5111,457,441,4.3
4142,Nagpur,Home Appliances,Mixer Grinder,Bajaj,Iyer Ltd,16341,298,151,4.1
4143,Nagpur,Home Appliances,Mixer Grinder,Dell,"Agrawal, Ratta and Bose",3118,122,61,4.2
4144,Nagpur,Home Appliances,Mixer Grinder,Dell,Sachdev-Bobal,135967,143,91,4.4
4145,Nagpur,Home Appliances,Vacuum Cleaner,Godrej,Varty Ltd,43359,203,155,4.9
4146,Nagpur,Home Appliances,Vacuum Cleaner,Nike,Bail-Sane,34004,93,7,4.0
4147,Nagpur,Home Appliances,Vacuum Cleaner,Adidas,"Sridhar, Seshadri and Sarma",139713,118,111,4.1
4148,Nagpur,Home Appliances,Vacuum Cleaner,Puma,Jaggi-Lanka,30053,491,217,3.6
4149,Nagpur,Home Appliances,Vacuum Cleaner,Dell,Dada-Aurora,32928,68,1,4.3
4150,Nagpur,Home Appliances,Water Purifier,Samsung,"Balan, Sarma and Chana",120879,80,9,4.6
4151,Nagpur,Home Appliances,Water Purifier,Samsung,Shanker-Borde,56329,360,345,4.6
4152,Nagpur,Home Appliances,Water Purifier,Bajaj,"Reddy, Borde and Mahajan",30077,283,131,4.1
4153,Nagpur,Home Appliances,Water Purifier,Nike,"Lad, Bhatt and Wadhwa",69166,402,398,4.3
4154,Nagpur,Home Appliances,Water Purifier,Nike,"Sheth, Bail and Mander",47106,436,364,4.9
4155,Nagpur,Groceries,Rice,Nike,"Salvi, Khosla and Goswami",125037,75,57,5.0
4156,Nagpur,Groceries,Rice,HP,Aggarwal Group,30320,426,235,4.0
4157,Nagpur,Groceries,Rice,Reliance,"Baral, Chopra and Mahal",94899,233,187,4.2
4158,Nagpur,Groceries,Rice,Nike,"Aurora, Sunder and Krish",8002,471,363,4.7
4159,Nagpur,Groceries,Rice,Dell,"Zacharia, Sarna and Ahuja",39700,237,38,4.2
4160,Nagpur,Groceries,Wheat Flour,Reliance,Gopal-Khare,67693,280,106,4.1
4161,Nagpur,Groceries,Wheat Flour,HP,"Gour, Bhakta and Lad",33864,333,156,4.3
4162,Nagpur,Groceries,Wheat Flour,Nike,Keer-Chada,95769,131,14,4.0
4163,Nagpur,Groceries,Wheat Flour,Apple,"Srivastava, Arya and Chowdhury",79118,451,443,4.6
4164,Nagpur,Groceries,Wheat Flour,Adidas,Bawa LLC,61050,278,162,4.4
4165,Nagpur,Groceries,Cooking Oil,Godrej,Kumer-Chakraborty,139684,263,111,4.0
4166,Nagpur,Groceries,Cooking Oil,LG,Salvi LLC,32161,439,322,4.1
4167,Nagpur,Groceries,Cooking Oil,Tata,Sachdev-Dhar,105451,111,12,3.6
4168,Nagpur,Groceries,Cooking Oil,Bajaj,"Mann, Boase and Gara",87691,321,251,4.5
4169,Nagpur,Groceries,Cooking Oil,Adidas,Randhawa LLC,94365,293,265,4.6
4170,Nagpur,Groceries,Sugar,Prestige,"Korpal, Bakshi and Butala",25427,342,178,3.7
4171,Nagpur,Groceries,Sugar,Apple,"Bhatt, Bal and Barad",123097,291,104,4.3
4172,Nagpur,Groceries,Sugar,Lenovo,Venkatesh-Vig,129593,402,262,4.9
4173,Nagpur,Groceries,Sugar,Bajaj,"Jani, Balakrishnan and Saraf",75888,419,66,4.5
4174,Nagpur,Groceries,Sugar,LG,Boase Ltd,121543,455,6,4.5
4175,Nagpur,Groceries,Tea Powder,Lenovo,"Setty, Chaudhari and Deo",111748,48,26,4.7
4176,Nagpur,Groceries,Tea Powder,Adidas,"Sur, Bansal and Gandhi",103950,107,66,4.6
4177,Nagpur,Groceries,Tea Powder,Ikea,Kalla-Singh,4348,483,240,3.7
4178,Nagpur,Groceries,Tea Powder,Boat,"Sodhi, Bansal and Kale",136783,334,8,3.8
4179,Nagpur,Groceries,Tea Powder,LG,Char-Dhar,147130,319,62,4.4
4180,Nagpur,Groceries,Milk,Samsung,"Master, Jaggi and Sengupta",17587,444,5,4.6
4181,Nagpur,Groceries,Milk,Nike,Halder and Sons,149026,303,63,4.1
4182,Nagpur,Groceries,Milk,Bajaj,Khanna-Bhargava,6885,118,55,4.7
4183,Nagpur,Groceries,Milk,Ikea,Bandi-Ravel,55236,394,181,4.9
4184,Nagpur,Groceries,Milk,Ikea,Baria-Mahajan,117393,313,161,4.6
4185,Nagpur,Groceries,Biscuits,Reliance,Mannan-Tank,144673,298,83,3.8
4186,Nagpur,Groceries,Biscuits,Dell,Jani-Viswanathan,97816,456,158,4.6
4187,Nagpur,Groceries,Biscuits,Nike,"Baria, Shan and Madan",38581,451,372,4.3
4188,Nagpur,Groceries,Biscuits,Ikea,"Dar, Char and Banik",32624,335,42,3.6
4189,Nagpur,Groceries,Biscuits,Ikea,"Bhat, Manne and Rout",17089,94,63,3.9
4190,Nagpur,Sports,Cricket Bat,Apple,"Sunder, Dayal and Mand",101047,261,128,4.2
4191,Nagpur,Sports,Cricket Bat,Ikea,Kata-Venkataraman,51295,95,75,3.5
4192,Nagpur,Sports,Cricket Bat,Boat,Chacko PLC,49194,124,103,3.5
4193,Nagpur,Sports,Cricket Bat,Philips,Kala-Dubey,122716,24,24,4.1
4194,Nagpur,Sports,Cricket Bat,LG,Biswas-Sem,145662,340,327,4.1
4195,Nagpur,Sports,Football,Samsung,"Atwal, Sur and Balan",63269,444,181,4.0
4196,Nagpur,Sports,Football,Philips,"Gaba, Samra and Saini",69561,468,298,4.9
4197,Nagpur,Sports,Football,Dell,Tara Ltd,13763,121,61,3.6
4198,Nagpur,Sports,Football,Bajaj,Dugal Group,73210,276,155,5.0
4199,Nagpur,Sports,Football,LG,"Sant, Ahluwalia and Soman",51804,421,268,4.5
4200,Nagpur,Sports,Badminton Racket,Bajaj,"Sahota, Bhatti and Shukla",11147,95,77,5.0
4201,Nagpur,Sports,Badminton Racket,Sony,Reddy-Magar,113419,296,218,4.0
4202,Nagpur,Sports,Badminton Racket,Lenovo,"Dey, Bhagat and Ratti",71443,172,53,3.6
4203,Nagpur,Sports,Badminton Racket,Ikea,Arya Group,145050,45,2,4.6
4204,Nagpur,Sports,Badminton Racket,Godrej,Grover Ltd,14799,115,93,4.6
4205,Nagpur,Sports,Gym Gloves,Philips,Sura-Ganesh,95053,98,67,4.5
4206,Nagpur,Sports,Gym Gloves,Reliance,Tara LLC,85742,410,317,4.9
4207,Nagpur,Sports,Gym Gloves,Ikea,Chakrabarti-Loyal,98191,229,218,4.3
4208,Nagpur,Sports,Gym Gloves,Boat,Issac-Sachar,20636,437,54,4.4
4209,Nagpur,Sports,Gym Gloves,Mi,"Sibal, Sachdev and Ganguly",144623,36,31,4.9
4210,Nagpur,Sports,Yoga Mat,Apple,Dhar Inc,119113,151,22,4.5
4211,Nagpur,Sports,Yoga Mat,Lenovo,Kala-Manda,62713,492,315,4.9
4212,Nagpur,Sports,Yoga Mat,Apple,"Shetty, Varghese and Gopal",17952,442,35,4.9
4213,Nagpur,Sports,Yoga Mat,Tata,Toor-Raja,66083,131,40,3.5
4214,Nagpur,Sports,Yoga Mat,LG,Mand PLC,2994,94,57,4.3
4215,Nagpur,Sports,Cycling Helmet,HP,"Chaudhari, Sahni and Wali",56309,216,66,4.7
4216,Nagpur,Sports,Cycling Helmet,Mi,"Virk, Garde and Buch",95924,459,451,4.8
4217,Nagpur,Sports,Cycling Helmet,Tata,Mahal-Shroff,128050,96,92,4.6
4218,Nagpur,Sports,Cycling Helmet,HP,Rastogi-Sandal,98652,255,194,3.7
4219,Nagpur,Sports,Cycling Helmet,Adidas,Sandhu and Sons,80233,100,80,4.9
4220,Nagpur,Beauty,Face Wash,Godrej,"Sanghvi, Kapur and Badal",93058,261,75,4.5
4221,Nagpur,Beauty,Face Wash,Samsung,"Singh, Kar and Mani",24272,266,104,4.6
4222,Nagpur,Beauty,Face Wash,Prestige,"Kohli, Bhatti and Jha",126959,424,388,4.9
4223,Nagpur,Beauty,Face Wash,Apple,Mall LLC,101109,309,175,4.4
4224,Nagpur,Beauty,Face Wash,Ikea,"Viswanathan, Shenoy and Jha",99880,278,151,3.9
4225,Nagpur,Beauty,Lipstick,Prestige,Devan LLC,133500,305,173,4.6
4226,Nagpur,Beauty,Lipstick,Mi,Rajagopalan and Sons,19482,298,136,4.9
4227,Nagpur,Beauty,Lipstick,Adidas,"Bose, Balakrishnan and Bassi",124221,332,280,4.8
4228,Nagpur,Beauty,Lipstick,Ikea,Sekhon Group,46908,337,286,4.9
4229,Nagpur,Beauty,Lipstick,LG,"Lad, Doctor and Sastry",145218,130,76,3.9
4230,Nagpur,Beauty,Perfume,Philips,Goyal Group,23570,43,30,4.2
4231,Nagpur,Beauty,Perfume,Sony,"Kashyap, Kuruvilla and Bhat",108789,355,147,4.3
4232,Nagpur,Beauty,Perfume,Philips,Warrior and Sons,122754,38,32,4.2
4233,Nagpur,Beauty,Perfume,Samsung,Sen Ltd,77267,254,1,4.5
4234,Nagpur,Beauty,Perfume,Reliance,Sampath-Subramaniam,21736,430,426,3.7
4235,Nagpur,Beauty,Shampoo,Tata,Bhandari-Divan,70967,119,68,4.6
4236,Nagpur,Beauty,Shampoo,LG,Warrior Group,115660,415,81,4.8
4237,Nagpur,Beauty,Shampoo,Puma,Andra-Sharma,97825,294,201,4.9
4238,Nagpur,Beauty,Shampoo,Prestige,"Kapur, Suresh and Keer",134489,135,17,4.9
4239,Nagpur,Beauty,Shampoo,Adidas,"Setty, Golla and Kapoor",52846,317,277,4.6
4240,Nagpur,Beauty,Body Lotion,Prestige,"Ahuja, Bhagat and Mahal",148791,327,35,4.5
4241,Nagpur,Beauty,Body Lotion,Lenovo,"Sibal, Bora and Sridhar",74067,373,23,4.6
4242,Nagpur,Beauty,Body Lotion,Samsung,Bera Ltd,106870,289,17,3.6
4243,Nagpur,Beauty,Body Lotion,Puma,Sibal-Karan,70225,176,31,3.5
4244,Nagpur,Beauty,Body Lotion,Godrej,"Bhandari, Korpal and Chada",127103,133,3,4.2
4245,Nagpur,Beauty,Hair Dryer,Apple,Mani and Sons,28376,32,11,3.7
4246,Nagpur,Beauty,Hair Dryer,Tata,"Barad, Agarwal and Tara",147684,446,154,4.0
4247,Nagpur,Beauty,Hair Dryer,Apple,Goel Inc,38503,66,28,4.1
4248,Nagpur,Beauty,Hair Dryer,Boat,Atwal-Chada,51750,399,131,4.7
4249,Nagpur,Beauty,Hair Dryer,HP,Cheema Inc,65778,97,18,5.0
4250,Indore,Electronics,Smartphone,Ikea,"Chakraborty, Dhawan and Butala",35570,194,75,3.7
4251,Indore,Electronics,Smartphone,Philips,Sangha Ltd,32953,414,334,3.7
4252,Indore,Electronics,Smartphone,Puma,"Sarna, Manda and Dhillon",79402,98,53,4.6
4253,Indore,Electronics,Smartphone,Tata,"Dhingra, Wable and Thakkar",42817,233,113,5.0
4254,Indore,Electronics,Smartphone,Bajaj,Chakraborty-Sankar,32053,167,155,5.0
4255,Indore,Electronics,Laptop,LG,Bir-Chaudhry,129972,181,20,4.9
4256,Indore,Electronics,Laptop,Samsung,"Mangat, Shukla and Magar",4667,30,25,4.7
4257,Indore,Electronics,Laptop,Ikea,Batta-Trivedi,90407,469,303,4.1
4258,Indore,Electronics,Laptop,Sony,Wali-Tank,72355,244,114,4.8
4259,Indore,Electronics,Laptop,Mi,"Arora, Dass and Dasgupta",95863,374,188,3.6
4260,Indore,Electronics,Smart TV,Boat,Lala-Kota,136081,194,119,3.8
4261,Indore,Electronics,Smart TV,Tata,Lal Ltd,23071,366,78,4.1
4262,Indore,Electronics,Smart TV,HP,"Ganesan, Krish and Hari",80875,23,2,4.3
4263,Indore,Electronics,Smart TV,Samsung,Bora Group,46568,391,353,4.7
4264,Indore,Electronics,Smart TV,Dell,Dugar-Sani,23023,249,149,3.9
4265,Indore,Electronics,Bluetooth Speaker,Sony,Bajwa-Kannan,55410,470,343,4.7
4266,Indore,Electronics,Bluetooth Speaker,Godrej,Krishnan Group,135827,412,230,4.5
4267,Indore,Electronics,Bluetooth Speaker,Samsung,Kaur-Mani,93328,492,410,3.9
4268,Indore,Electronics,Bluetooth Speaker,Lenovo,"Dewan, Hayer and Arora",15335,263,221,3.7
4269,Indore,Electronics,Bluetooth Speaker,HP,Bora-Madan,3401,488,250,4.9
4270,Indore,Electronics,Tablet,Ikea,Shukla PLC,87851,129,7,4.8
4271,Indore,Electronics,Tablet,Lenovo,"Ghose, Sem and Shenoy",134752,208,182,4.0
4272,Indore,Electronics,Tablet,Puma,Manne and Sons,29031,26,6,3.7
4273,Indore,Electronics,Tablet,Philips,"Sharma, Sahni and Chad",64895,130,120,3.8
4274,Indore,Electronics,Tablet,Samsung,"Mander, Agate and Basu",4996,455,142,4.5
4275,Indore,Electronics,Gaming Console,Prestige,Devi-Chakrabarti,141707,361,153,4.7
4276,Indore,Electronics,Gaming Console,Adidas,Doshi Inc,128648,434,356,4.8
4277,Indore,Electronics,Gaming Console,Godrej,Kakar Group,137124,365,115,3.6
4278,Indore,Electronics,Gaming Console,Lenovo,Chhabra LLC,9511,399,111,3.9
4279,Indore,Electronics,Gaming Console,LG,Shukla-Kalita,29243,122,12,5.0
4280,Indore,Electronics,Smart Watch,Philips,"Konda, Tailor and Goyal",67806,75,15,4.8
4281,Indore,Electronics,Smart Watch,Philips,Tiwari Inc,110475,274,157,4.3
4282,Indore,Electronics,Smart Watch,HP,Acharya-Bawa,119797,383,19,4.8
4283,Indore,Electronics,Smart Watch,Nike,"Jani, Chada and Acharya",7818,221,169,4.7
4284,Indore,Electronics,Smart Watch,Reliance,Bhardwaj-Lala,3915,53,15,4.3
4285,Indore,Electronics,Headphones,Tata,Talwar Ltd,112861,221,147,4.4
4286,Indore,Electronics,Headphones,Godrej,"Sandhu, Kothari and Choudhary",148993,221,48,4.5
4287,Indore,Electronics,Headphones,Bajaj,Contractor Inc,12129,319,308,4.4
4288,Indore,Electronics,Headphones,Reliance,Hari and Sons,144780,321,288,3.6
4289,Indore,Electronics,Headphones,Reliance,"Ahluwalia, Bala and Mallick",57231,379,225,4.8
4290,Indore,Furniture,Sofa,Lenovo,Comar and Sons,27774,279,2,4.4
4291,Indore,Furniture,Sofa,Philips,"Chaudry, Vora and Ratta",58245,377,342,4.8
4292,Indore,Furniture,Sofa,Boat,Majumdar-Khanna,22050,172,72,4.3
4293,Indore,Furniture,Sofa,Sony,Subramanian-Raj,117834,391,2,4.6
4294,Indore,Furniture,Sofa,Philips,"Sampath, Kara and Grewal",90470,349,319,3.5
4295,Indore,Furniture,Dining Table,Dell,"Jaggi, Balasubramanian and Subramanian",121991,50,32,3.5
4296,Indore,Furniture,Dining Table,Godrej,Uppal-Dhar,43200,284,97,4.8
4297,Indore,Furniture,Dining Table,Godrej,Sarraf Group,148003,159,60,4.4
4298,Indore,Furniture,Dining Table,Philips,Kunda Ltd,77499,334,171,4.7
4299,Indore,Furniture,Dining Table,Mi,Datta Ltd,134971,226,194,4.4
4300,Indore,Furniture,Office Chair,Godrej,Jha-Sodhi,15309,208,115,4.1
4301,Indore,Furniture,Office Chair,Adidas,Barad Ltd,142206,352,172,3.9
4302,Indore,Furniture,Office Chair,Boat,Mann and Sons,11103,365,352,4.5
4303,Indore,Furniture,Office Chair,Philips,Ramakrishnan-Soni,137889,33,31,3.6
4304,Indore,Furniture,Office Chair,LG,Manne-Venkatesh,59172,197,88,4.1
4305,Indore,Furniture,Bed,Sony,Gill-Kaul,129770,339,178,4.0
4306,Indore,Furniture,Bed,Dell,Kara-Ramaswamy,86601,355,48,4.4
4307,Indore,Furniture,Bed,Apple,Khatri-Chatterjee,86694,361,347,3.8
4308,Indore,Furniture,Bed,Lenovo,Majumdar Ltd,437,232,60,3.5
4309,Indore,Furniture,Bed,Ikea,"Datta, Upadhyay and Sankar",62885,282,37,5.0
4310,Indore,Furniture,Wardrobe,LG,Gole Group,104991,435,217,3.8
4311,Indore,Furniture,Wardrobe,Prestige,"Sahota, Sule and Ray",69807,367,367,3.7
4312,Indore,Furniture,Wardrobe,Philips,Anand-Singhal,37403,351,168,4.7
4313,Indore,Furniture,Wardrobe,Nike,Iyengar and Sons,132942,460,114,3.8
4314,Indore,Furniture,Wardrobe,Lenovo,Bath Group,94624,465,311,4.2
4315,Indore,Furniture,Bookshelf,Ikea,Lad-Boase,89844,471,83,4.4
4316,Indore,Furniture,Bookshelf,Ikea,Varty Group,74173,190,165,4.1
4317,Indore,Furniture,Bookshelf,HP,"Chandra, Boase and Chaudhry",116418,352,160,4.4
4318,Indore,Furniture,Bookshelf,Bajaj,"Bassi, Sachdev and Bhattacharyya",28678,145,74,3.9
4319,Indore,Furniture,Bookshelf,Boat,Sastry LLC,116275,393,351,4.1
4320,Indore,Furniture,Coffee Table,Reliance,Comar-Ramakrishnan,5847,59,9,4.5
4321,Indore,Furniture,Coffee Table,Bajaj,Saxena LLC,88324,332,44,3.7
4322,Indore,Furniture,Coffee Table,Adidas,"Thaman, Master and Barman",107577,74,36,3.6
4323,Indore,Furniture,Coffee Table,Puma,Kari LLC,71757,314,249,4.1
4324,Indore,Furniture,Coffee Table,LG,Kalita Group,149110,409,141,4.5
4325,Indore,Furniture,TV Unit,Tata,Sama Group,111709,28,5,4.0
4326,Indore,Furniture,TV Unit,Adidas,Chowdhury Inc,107735,116,25,3.9
4327,Indore,Furniture,TV Unit,Godrej,"Srinivas, Kurian and Tank",108924,405,241,4.3
4328,Indore,Furniture,TV Unit,Dell,Kade and Sons,108190,139,115,5.0
4329,Indore,Furniture,TV Unit,Prestige,"Varughese, Gupta and Bhardwaj",81969,89,67,3.7
4330,Indore,Fashion,T-Shirt,Adidas,Shenoy-Jha,53177,487,283,5.0
4331,Indore,Fashion,T-Shirt,Nike,Hari-Boase,63334,248,239,3.9
4332,Indore,Fashion,T-Shirt,Boat,Maharaj-Gandhi,45775,265,248,3.6
4333,Indore,Fashion,T-Shirt,Adidas,Swaminathan Inc,28350,274,194,4.4
4334,Indore,Fashion,T-Shirt,Bajaj,Edwin-Divan,6293,115,15,4.9
4335,Indore,Fashion,Jeans,Philips,Borde and Sons,69856,353,126,4.6
4336,Indore,Fashion,Jeans,Lenovo,Wali-Viswanathan,63084,233,226,4.7
4337,Indore,Fashion,Jeans,Samsung,Som-Kara,12341,365,260,4.8
4338,Indore,Fashion,Jeans,LG,Krishnan LLC,27806,96,50,4.6
4339,Indore,Fashion,Jeans,Ikea,Kurian Group,129012,199,173,4.4
4340,Indore,Fashion,Kurti,Tata,Chaudhuri PLC,44974,213,126,4.2
4341,Indore,Fashion,Kurti,Boat,Balasubramanian PLC,27089,105,69,4.0
4342,Indore,Fashion,Kurti,Boat,Warrior-Kapadia,111778,451,444,3.8
4343,Indore,Fashion,Kurti,Dell,"Chadha, Rajan and Tailor",59716,287,251,4.8
4344,Indore,Fashion,Kurti,Prestige,Golla Group,71524,32,27,4.8
4345,Indore,Fashion,Sneakers,Samsung,"Chana, Date and Walia",11676,472,429,3.7
4346,Indore,Fashion,Sneakers,Bajaj,"Wali, Sarin and Chakraborty",124959,87,70,5.0
4347,Indore,Fashion,Sneakers,Philips,"Vig, Yadav and Dyal",67874,308,133,4.8
4348,Indore,Fashion,Sneakers,Nike,Dada-Tata,25923,183,165,4.5
4349,Indore,Fashion,Sneakers,Sony,Kadakia-Sami,51454,70,49,4.6
4350,Indore,Fashion,Jacket,HP,Edwin-Dhaliwal,129167,204,196,3.9
4351,Indore,Fashion,Jacket,Sony,Golla Group,46429,99,92,4.8
4352,Indore,Fashion,Jacket,Mi,Batta Ltd,99244,151,11,3.7
4353,Indore,Fashion,Jacket,Boat,Amble LLC,43564,172,53,3.6
4354,Indore,Fashion,Jacket,Apple,Sama Ltd,73979,424,289,3.9
4355,Indore,Fashion,Watch,Ikea,Bains Group,99874,31,28,4.1
4356,Indore,Fashion,Watch,Puma,Krish-Kuruvilla,38376,385,281,3.7
4357,Indore,Fashion,Watch,Mi,Kant Inc,92602,487,303,4.5
4358,Indore,Fashion,Watch,Puma,"Mangal, Toor and Bora",73386,218,53,4.9
4359,Indore,Fashion,Watch,Dell,Deshmukh Group,115536,465,391,4.8
4360,Indore,Fashion,Handbag,Lenovo,"Dey, Krishna and Bhandari",57556,492,64,4.2
4361,Indore,Fashion,Handbag,Nike,"Agrawal, Ray and Sawhney",119134,464,84,3.8
4362,Indore,Fashion,Handbag,HP,Lad Inc,83532,482,69,3.6
4363,Indore,Fashion,Handbag,Tata,Atwal-Sastry,121897,440,222,3.8
4364,Indore,Fashion,Handbag,Sony,Rattan-Wagle,65803,48,26,4.2
4365,Indore,Fashion,Sunglasses,Prestige,"Bir, Sarma and Dara",12123,51,11,3.7
4366,Indore,Fashion,Sunglasses,HP,Dugar-Chacko,17325,286,35,4.4
4367,Indore,Fashion,Sunglasses,Prestige,Chakraborty-Dada,101732,434,13,3.7
4368,Indore,Fashion,Sunglasses,Boat,"Sarma, Agarwal and Ravi",101210,155,88,4.4
4369,Indore,Fashion,Sunglasses,Philips,Gara-Sahota,14322,224,211,4.9
4370,Indore,Home Appliances,Refrigerator,Boat,Bains-Chakraborty,54062,170,144,4.9
4371,Indore,Home Appliances,Refrigerator,HP,Saraf-Bobal,114598,222,47,3.6
4372,Indore,Home Appliances,Refrigerator,LG,"Trivedi, Kale and Johal",5621,224,75,4.8
4373,Indore,Home Appliances,Refrigerator,Reliance,"Gopal, Shanker and Dutta",34314,431,430,4.9
4374,Indore,Home Appliances,Refrigerator,Puma,Gole Inc,98795,92,90,4.8
4375,Indore,Home Appliances,Washing Machine,Sony,Chahal-Dani,45867,418,85,3.9
4376,Indore,Home Appliances,Washing Machine,LG,Kapadia-Karnik,136176,206,14,3.6
4377,Indore,Home Appliances,Washing Machine,Boat,Butala and Sons,62511,47,25,4.8
4378,Indore,Home Appliances,Washing Machine,Lenovo,Bhasin-Sharaf,103480,72,39,4.1
4379,Indore,Home Appliances,Washing Machine,Boat,"Mahal, Sabharwal and Koshy",105671,99,4,3.8
4380,Indore,Home Appliances,Microwave,Reliance,Shetty Inc,86562,420,412,4.2
4381,Indore,Home Appliances,Microwave,HP,Kannan-Savant,41318,486,235,4.6
4382,Indore,Home Appliances,Microwave,Nike,"Shanker, Krishnamurthy and Kade",112420,254,243,4.8
4383,Indore,Home Appliances,Microwave,Bajaj,"Dugal, Ravi and Walia",115493,408,302,4.0
4384,Indore,Home Appliances,Microwave,Samsung,Bhatti-Ramakrishnan,71310,89,32,4.3
4385,Indore,Home Appliances,Air Conditioner,Philips,Dubey LLC,42801,190,1,4.6
4386,Indore,Home Appliances,Air Conditioner,Adidas,Chandran-Vala,25826,175,103,3.8
4387,Indore,Home Appliances,Air Conditioner,Bajaj,Iyengar Inc,111737,349,264,4.7
4388,Indore,Home Appliances,Air Conditioner,Prestige,Subramanian-Bava,93225,377,327,4.6
4389,Indore,Home Appliances,Air Conditioner,Mi,"Gara, Dhingra and Boase",138729,117,2,4.6
4390,Indore,Home Appliances,Mixer Grinder,Puma,Srinivasan-Gill,70914,44,2,4.6
4391,Indore,Home Appliances,Mixer Grinder,Reliance,"Lal, Sibal and Chandran",8224,294,131,3.8
4392,Indore,Home Appliances,Mixer Grinder,Sony,Deo-Sastry,117000,223,24,4.0
4393,Indore,Home Appliances,Mixer Grinder,Samsung,"Shetty, Dutt and Sundaram",33371,77,44,4.9
4394,Indore,Home Appliances,Mixer Grinder,Puma,"Choudhury, Shanker and Arya",94834,296,233,4.2
4395,Indore,Home Appliances,Vacuum Cleaner,Dell,"Krishna, Venkataraman and Chauhan",89383,251,220,3.6
4396,Indore,Home Appliances,Vacuum Cleaner,HP,Lall-Bhatt,96072,160,64,4.8
4397,Indore,Home Appliances,Vacuum Cleaner,Prestige,Barad PLC,101856,195,94,4.2
4398,Indore,Home Appliances,Vacuum Cleaner,Bajaj,Ghosh Ltd,46429,221,75,4.1
4399,Indore,Home Appliances,Vacuum Cleaner,Nike,"Thaman, Sant and Ravel",57688,175,153,5.0
4400,Indore,Home Appliances,Water Purifier,Mi,Dhingra-Hegde,36204,22,10,3.6
4401,Indore,Home Appliances,Water Purifier,Dell,Goyal LLC,21928,122,88,4.9
4402,Indore,Home Appliances,Water Purifier,Boat,Bhagat-Din,102929,184,51,4.3
4403,Indore,Home Appliances,Water Purifier,Nike,Dani-Dey,17176,473,56,3.8
4404,Indore,Home Appliances,Water Purifier,Philips,Devan and Sons,43237,51,16,3.9
4405,Indore,Groceries,Rice,Samsung,Chaudhary LLC,71179,146,49,4.4
4406,Indore,Groceries,Rice,Lenovo,"Dhawan, Karnik and Sangha",108920,130,97,4.5
4407,Indore,Groceries,Rice,Philips,Hayer Inc,64821,45,9,5.0
4408,Indore,Groceries,Rice,Prestige,Seth-Kurian,81934,306,112,4.0
4409,Indore,Groceries,Rice,HP,"Kaul, Dar and Bhat",83667,135,8,3.9
4410,Indore,Groceries,Wheat Flour,Puma,Jani Group,52083,151,99,4.6
4411,Indore,Groceries,Wheat Flour,Puma,Tak-Singh,58527,111,66,4.8
4412,Indore,Groceries,Wheat Flour,Puma,Khosla-Bhandari,19583,412,200,4.1
4413,Indore,Groceries,Wheat Flour,Boat,Cherian-Bir,104542,358,274,4.8
4414,Indore,Groceries,Wheat Flour,Lenovo,Anand PLC,85528,252,105,4.2
4415,Indore,Groceries,Cooking Oil,Apple,"Vora, Bhatnagar and Rama",68813,269,139,4.8
4416,Indore,Groceries,Cooking Oil,LG,Chaudry-Dasgupta,148307,314,100,3.6
4417,Indore,Groceries,Cooking Oil,Reliance,Vora Ltd,130460,301,91,3.8
4418,Indore,Groceries,Cooking Oil,Mi,Chad-Saxena,45650,26,7,3.9
4419,Indore,Groceries,Cooking Oil,Dell,"Din, Rajan and Deol",105455,462,404,5.0
4420,Indore,Groceries,Sugar,Prestige,"Sunder, Golla and Madan",142811,192,123,5.0
4421,Indore,Groceries,Sugar,Prestige,Deshmukh-Sagar,138884,443,142,4.5
4422,Indore,Groceries,Sugar,Puma,"Dass, Sundaram and Bhatnagar",29327,146,21,4.7
4423,Indore,Groceries,Sugar,Nike,Dubey-Subramanian,101486,315,1,4.6
4424,Indore,Groceries,Sugar,Dell,Sekhon and Sons,135337,239,40,4.3
4425,Indore,Groceries,Tea Powder,Godrej,Dua Group,90925,270,179,4.2
4426,Indore,Groceries,Tea Powder,Puma,Arya-Sidhu,102415,162,142,3.6
4427,Indore,Groceries,Tea Powder,Godrej,Kala-Varma,713,220,169,4.4
4428,Indore,Groceries,Tea Powder,Nike,Kulkarni Ltd,97478,216,167,3.5
4429,Indore,Groceries,Tea Powder,Bajaj,Srinivas Group,69545,350,83,4.3
4430,Indore,Groceries,Milk,Apple,"Deep, Shenoy and Rattan",73599,224,141,4.3
4431,Indore,Groceries,Milk,Tata,"Kakar, Barman and Wali",145742,388,298,3.7
4432,Indore,Groceries,Milk,Dell,Tella Inc,120225,89,53,3.9
4433,Indore,Groceries,Milk,Dell,Doctor-Ganesh,89708,206,174,3.7
4434,Indore,Groceries,Milk,Sony,"Sankar, Trivedi and Bhattacharyya",66827,393,286,3.5
4435,Indore,Groceries,Biscuits,Prestige,Krishna LLC,12636,498,131,3.5
4436,Indore,Groceries,Biscuits,Tata,Sankar-Deshpande,64304,24,16,4.4
4437,Indore,Groceries,Biscuits,Godrej,Barad Group,12721,338,165,4.7
4438,Indore,Groceries,Biscuits,Nike,Srivastava and Sons,131556,46,35,4.6
4439,Indore,Groceries,Biscuits,Apple,Rout-Dua,36580,41,31,3.6
4440,Indore,Sports,Cricket Bat,Nike,Batra-Raman,116572,301,293,3.8
4441,Indore,Sports,Cricket Bat,Reliance,De-Ahuja,1710,483,9,4.1
4442,Indore,Sports,Cricket Bat,Puma,"Mane, Borra and Bhatti",136870,326,222,3.5
4443,Indore,Sports,Cricket Bat,Adidas,"Tailor, Wadhwa and Varma",93807,272,272,3.6
4444,Indore,Sports,Cricket Bat,Ikea,Date Group,36056,395,395,4.9
4445,Indore,Sports,Football,Sony,"Sibal, Kaul and Wadhwa",64715,176,75,4.4
4446,Indore,Sports,Football,Boat,"Warrior, Ganguly and Ram",113524,213,157,5.0
4447,Indore,Sports,Football,Tata,"Bakshi, Salvi and Saraf",83753,424,6,3.6
4448,Indore,Sports,Football,LG,Manda and Sons,32889,14,6,3.6
4449,Indore,Sports,Football,Adidas,"Ben, Kumar and Loyal",44118,389,169,4.3
4450,Indore,Sports,Badminton Racket,Samsung,Bail LLC,95855,455,312,4.1
4451,Indore,Sports,Badminton Racket,Boat,Chada-Sarraf,66041,73,61,4.6
4452,Indore,Sports,Badminton Racket,Philips,Sankaran-D’Alia,139189,83,78,4.3
4453,Indore,Sports,Badminton Racket,HP,Sami-Divan,86257,216,66,4.9
4454,Indore,Sports,Badminton Racket,Mi,"Shanker, Hari and Kapur",62749,308,125,4.6
4455,Indore,Sports,Gym Gloves,Dell,"Hayre, Mahal and Shan",94280,246,39,3.7
4456,Indore,Sports,Gym Gloves,Boat,Gill-Setty,46439,481,38,4.2
4457,Indore,Sports,Gym Gloves,Prestige,Basu-Karpe,9945,264,34,3.7
4458,Indore,Sports,Gym Gloves,HP,"Kapur, Solanki and Ramesh",42667,207,144,4.4
4459,Indore,Sports,Gym Gloves,Lenovo,Bahl-Rama,107239,240,56,4.4
4460,Indore,Sports,Yoga Mat,Boat,Agarwal Ltd,123853,303,296,4.7
4461,Indore,Sports,Yoga Mat,Tata,"Venkatesh, Ghose and Garg",99081,174,58,3.8
4462,Indore,Sports,Yoga Mat,Tata,Hayer-Hora,61454,29,5,3.9
4463,Indore,Sports,Yoga Mat,Puma,"Krishnan, Kar and Doshi",149242,401,21,3.6
4464,Indore,Sports,Yoga Mat,Ikea,Dhar-Sura,95551,150,70,4.6
4465,Indore,Sports,Cycling Helmet,Nike,"Tata, Chaudhuri and Suri",52221,414,44,4.3
4466,Indore,Sports,Cycling Helmet,Mi,Brahmbhatt-Agrawal,116459,410,61,4.3
4467,Indore,Sports,Cycling Helmet,Apple,Vohra LLC,130230,182,117,4.5
4468,Indore,Sports,Cycling Helmet,Sony,"Bora, Kannan and Biswas",63613,335,72,4.1
4469,Indore,Sports,Cycling Helmet,Adidas,Bhargava and Sons,101137,459,41,3.9
4470,Indore,Beauty,Face Wash,Adidas,Mangat Group,145608,217,53,4.8
4471,Indore,Beauty,Face Wash,Prestige,Sem Group,20710,22,4,4.9
4472,Indore,Beauty,Face Wash,Lenovo,"Sunder, Borah and Date",3442,384,49,4.8
4473,Indore,Beauty,Face Wash,Bajaj,Sule-Amble,124893,409,301,4.6
4474,Indore,Beauty,Face Wash,Dell,"Dara, Sarin and Wason",141428,376,321,4.8
4475,Indore,Beauty,Lipstick,Adidas,Tandon-Bhagat,22177,320,111,4.3
4476,Indore,Beauty,Lipstick,Mi,Dugar-Gill,10924,159,31,3.8
4477,Indore,Beauty,Lipstick,Godrej,"Badal, Bhardwaj and Bahl",58344,122,49,4.1
4478,Indore,Beauty,Lipstick,Dell,Sanghvi-Sankaran,129164,330,317,4.2
4479,Indore,Beauty,Lipstick,Prestige,Batra-Acharya,141619,474,368,3.9
4480,Indore,Beauty,Perfume,Mi,"Warrior, Hari and Banik",138641,253,197,3.7
4481,Indore,Beauty,Perfume,Puma,Loyal Inc,22098,406,395,3.9
4482,Indore,Beauty,Perfume,Tata,Luthra-Chandra,122608,475,344,4.6
4483,Indore,Beauty,Perfume,LG,"Bhatnagar, Soni and Dayal",129398,297,168,4.7
4484,Indore,Beauty,Perfume,Nike,"Ravi, Bala and Sura",32819,85,48,4.8
4485,Indore,Beauty,Shampoo,Adidas,Kapoor LLC,59706,419,407,4.4
4486,Indore,Beauty,Shampoo,Godrej,"Goswami, Thakkar and Suri",81796,484,99,3.9
4487,Indore,Beauty,Shampoo,LG,Batra and Sons,147466,132,79,4.8
4488,Indore,Beauty,Shampoo,Samsung,Goel PLC,139010,461,97,4.1
4489,Indore,Beauty,Shampoo,Prestige,Kakar-Sem,5818,44,23,3.6
4490,Indore,Beauty,Body Lotion,Nike,"Dhar, Sodhi and Gera",73456,128,81,4.4
4491,Indore,Beauty,Body Lotion,Tata,"Sachdev, Soni and Deep",114933,415,70,4.7
4492,Indore,Beauty,Body Lotion,Dell,"Kibe, Vyas and Bahri",6325,120,81,4.3
4493,Indore,Beauty,Body Lotion,Prestige,Mammen Inc,106413,61,41,3.8
4494,Indore,Beauty,Body Lotion,Sony,Amble-Cherian,49295,23,10,4.8
4495,Indore,Beauty,Hair Dryer,Ikea,"Bose, Karnik and Bala",113019,57,35,5.0
4496,Indore,Beauty,Hair Dryer,Boat,Bawa Ltd,137289,26,7,4.5
4497,Indore,Beauty,Hair Dryer,Sony,"Chadha, Kara and Bali",64608,109,72,3.5
4498,Indore,Beauty,Hair Dryer,LG,Bala LLC,4981,342,93,4.1
4499,Indore,Beauty,Hair Dryer,Philips,"Dhillon, Banerjee and Mahajan",117896,75,20,3.7
4500,Bhopal,Electronics,Smartphone,Apple,"Gopal, Varma and Savant",8853,21,21,5.0
4501,Bhopal,Electronics,Smartphone,Dell,Ray Group,127625,401,9,3.6
4502,Bhopal,Electronics,Smartphone,HP,"Sharaf, Vyas and Comar",50344,156,136,4.1
4503,Bhopal,Electronics,Smartphone,Godrej,"Vora, Gupta and Chhabra",46348,331,24,4.3
4504,Bhopal,Electronics,Smartphone,Apple,Datta-Halder,116020,369,34,4.8
4505,Bhopal,Electronics,Laptop,Apple,"Raju, Luthra and Chaudhari",78541,131,38,4.9
4506,Bhopal,Electronics,Laptop,Mi,"Chhabra, Jain and Shroff",76481,312,169,3.9
4507,Bhopal,Electronics,Laptop,Nike,"Agrawal, Kalla and Ram",53166,62,37,4.4
4508,Bhopal,Electronics,Laptop,Lenovo,Sekhon and Sons,114038,357,328,4.4
4509,Bhopal,Electronics,Laptop,Dell,"Dash, Varghese and Sethi",101068,462,99,4.7
4510,Bhopal,Electronics,Smart TV,Nike,Loyal LLC,128533,465,462,3.6
4511,Bhopal,Electronics,Smart TV,LG,Goel and Sons,113165,264,262,4.4
4512,Bhopal,Electronics,Smart TV,LG,Chanda and Sons,44979,37,35,4.7
4513,Bhopal,Electronics,Smart TV,Puma,Talwar PLC,130524,54,11,4.5
4514,Bhopal,Electronics,Smart TV,Tata,Soman-Banerjee,3586,347,196,3.6
4515,Bhopal,Electronics,Bluetooth Speaker,Ikea,"Gade, Bath and Aggarwal",126245,184,43,4.5
4516,Bhopal,Electronics,Bluetooth Speaker,Apple,"Mani, Wadhwa and Sangha",127149,21,19,4.5
4517,Bhopal,Electronics,Bluetooth Speaker,Prestige,"Anne, Vig and Jaggi",38028,167,23,4.7
4518,Bhopal,Electronics,Bluetooth Speaker,Boat,"Ganesh, Lala and Sethi",100241,281,99,4.8
4519,Bhopal,Electronics,Bluetooth Speaker,Godrej,Singhal Ltd,125974,217,114,4.5
4520,Bhopal,Electronics,Tablet,Samsung,Ramachandran-Baria,112100,180,101,3.7
4521,Bhopal,Electronics,Tablet,Samsung,Chacko-Biswas,147325,496,121,3.8
4522,Bhopal,Electronics,Tablet,Puma,Agarwal PLC,85721,123,50,3.7
4523,Bhopal,Electronics,Tablet,Dell,Rau LLC,20726,274,265,4.6
4524,Bhopal,Electronics,Tablet,Lenovo,"Ratta, Ganesan and Babu",63489,232,147,4.8
4525,Bhopal,Electronics,Gaming Console,Reliance,Divan-Rao,79509,487,199,3.8
4526,Bhopal,Electronics,Gaming Console,Philips,"Barman, Vig and Kumar",47392,341,148,4.5
4527,Bhopal,Electronics,Gaming Console,Sony,Sinha Ltd,48995,56,18,3.7
4528,Bhopal,Electronics,Gaming Console,Prestige,"Jhaveri, Zachariah and Zachariah",43590,72,11,4.2
4529,Bhopal,Electronics,Gaming Console,Apple,Hayer Inc,116702,83,9,4.7
4530,Bhopal,Electronics,Smart Watch,Godrej,Bhattacharyya-Karpe,149455,38,16,4.8
4531,Bhopal,Electronics,Smart Watch,Ikea,"Dey, Subramaniam and Chana",53990,259,231,4.1
4532,Bhopal,Electronics,Smart Watch,Puma,Anand-Jani,64462,155,38,4.5
4533,Bhopal,Electronics,Smart Watch,Godrej,"Chauhan, Kurian and Gaba",4229,191,158,4.9
4534,Bhopal,Electronics,Smart Watch,LG,Vyas-Dhar,62683,321,320,4.9
4535,Bhopal,Electronics,Headphones,Apple,Khosla and Sons,83295,304,37,4.1
4536,Bhopal,Electronics,Headphones,Sony,Balay Ltd,37502,74,22,4.3
4537,Bhopal,Electronics,Headphones,Adidas,"Chaudhary, Manda and Bhalla",43978,381,93,4.6
4538,Bhopal,Electronics,Headphones,Nike,"Arora, Garg and Wagle",76919,332,223,4.6
4539,Bhopal,Electronics,Headphones,Nike,"Ramaswamy, Mahal and Manne",123970,232,104,4.0
4540,Bhopal,Furniture,Sofa,Lenovo,"Chad, Dubey and Grewal",70950,395,157,4.8
4541,Bhopal,Furniture,Sofa,Tata,Majumdar-Kala,49421,106,6,4.4
4542,Bhopal,Furniture,Sofa,Boat,Kapadia LLC,57886,25,17,4.4
4543,Bhopal,Furniture,Sofa,Tata,Bandi-Ramachandran,26670,417,269,3.8
4544,Bhopal,Furniture,Sofa,Ikea,Brar Inc,98369,111,107,4.3
4545,Bhopal,Furniture,Dining Table,Sony,Chakraborty-Swamy,121280,314,295,4.5
4546,Bhopal,Furniture,Dining Table,Godrej,"Rattan, Sarna and Goswami",124503,203,45,4.9
4547,Bhopal,Furniture,Dining Table,Nike,Chandra Group,2494,333,185,3.9
4548,Bhopal,Furniture,Dining Table,Philips,"Joshi, Randhawa and Loke",127143,78,6,4.3
4549,Bhopal,Furniture,Dining Table,Tata,Sachar-De,19794,466,111,4.0
4550,Bhopal,Furniture,Office Chair,Mi,Yogi-Brar,99689,457,270,4.8
4551,Bhopal,Furniture,Office Chair,Puma,Bajaj LLC,37630,261,172,4.2
4552,Bhopal,Furniture,Office Chair,LG,"Raj, Doctor and Bawa",141349,92,40,4.1
4553,Bhopal,Furniture,Office Chair,HP,Lad-Bir,85407,205,28,4.4
4554,Bhopal,Furniture,Office Chair,Lenovo,Ahuja PLC,83450,64,23,4.9
4555,Bhopal,Furniture,Bed,Samsung,Agarwal PLC,64222,299,234,3.7
4556,Bhopal,Furniture,Bed,Tata,Rao-Dayal,92747,246,170,3.7
4557,Bhopal,Furniture,Bed,LG,Kibe Inc,92397,235,221,4.8
4558,Bhopal,Furniture,Bed,Puma,Kapoor PLC,115273,498,69,4.6
4559,Bhopal,Furniture,Bed,Samsung,Sharma-Shukla,754,21,6,3.9
4560,Bhopal,Furniture,Wardrobe,Sony,"Kurian, Sinha and Kapur",55009,388,362,4.3
4561,Bhopal,Furniture,Wardrobe,Nike,Grover-Kulkarni,116178,199,166,5.0
4562,Bhopal,Furniture,Wardrobe,Adidas,"Borde, Mangat and Deo",84400,80,17,3.6
4563,Bhopal,Furniture,Wardrobe,Prestige,Chhabra and Sons,101111,256,210,4.5
4564,Bhopal,Furniture,Wardrobe,Adidas,Sabharwal LLC,7740,490,410,4.5
4565,Bhopal,Furniture,Bookshelf,HP,Gera-Gupta,51413,119,102,4.3
4566,Bhopal,Furniture,Bookshelf,Bajaj,"Reddy, Choudhary and Kurian",12206,434,409,3.7
4567,Bhopal,Furniture,Bookshelf,Godrej,"Sridhar, Sankar and Bajaj",20683,42,2,4.4
4568,Bhopal,Furniture,Bookshelf,Lenovo,Zachariah Inc,139011,416,50,4.1
4569,Bhopal,Furniture,Bookshelf,Bajaj,Sarna PLC,128774,393,311,3.9
4570,Bhopal,Furniture,Coffee Table,Boat,Sinha LLC,133793,314,75,3.6
4571,Bhopal,Furniture,Coffee Table,Prestige,"Gade, Tata and Dar",30791,409,285,4.5
4572,Bhopal,Furniture,Coffee Table,Nike,Chandra-Batta,64364,440,15,3.7
4573,Bhopal,Furniture,Coffee Table,Philips,Jhaveri Ltd,140009,431,431,4.5
4574,Bhopal,Furniture,Coffee Table,Nike,"Barad, Bose and Agrawal",122748,188,157,4.4
4575,Bhopal,Furniture,TV Unit,Godrej,"Sangha, Lata and Subramaniam",143859,25,8,4.4
4576,Bhopal,Furniture,TV Unit,Dell,Dugar-Yohannan,131075,444,52,4.2
4577,Bhopal,Furniture,TV Unit,Puma,"Lad, Sheth and Majumdar",23107,282,32,4.9
4578,Bhopal,Furniture,TV Unit,HP,Basu PLC,2980,283,10,3.5
4579,Bhopal,Furniture,TV Unit,LG,Batra Group,836,37,33,4.8
4580,Bhopal,Fashion,T-Shirt,Boat,"Jaggi, Tak and Choudhry",133181,316,302,4.1
4581,Bhopal,Fashion,T-Shirt,Dell,Chana-Bhandari,139536,426,366,3.8
4582,Bhopal,Fashion,T-Shirt,Samsung,Borra LLC,148231,82,25,3.7
4583,Bhopal,Fashion,T-Shirt,HP,Devi Ltd,20315,397,322,3.6
4584,Bhopal,Fashion,T-Shirt,LG,Varghese-Bhasin,49508,393,10,3.7
4585,Bhopal,Fashion,Jeans,Apple,"Badal, Ramachandran and Lalla",28453,239,191,4.6
4586,Bhopal,Fashion,Jeans,Godrej,Sidhu PLC,50135,126,120,4.3
4587,Bhopal,Fashion,Jeans,Dell,Vala-Arya,89033,436,284,4.0
4588,Bhopal,Fashion,Jeans,Puma,Ramanathan Ltd,82921,221,157,3.8
4589,Bhopal,Fashion,Jeans,HP,Hayre and Sons,83839,457,321,4.1
4590,Bhopal,Fashion,Kurti,HP,Dugar-Jayaraman,71712,281,176,5.0
4591,Bhopal,Fashion,Kurti,Lenovo,Khanna PLC,52611,12,5,4.6
4592,Bhopal,Fashion,Kurti,Samsung,"Goyal, Aurora and Kant",146916,316,313,4.8
4593,Bhopal,Fashion,Kurti,HP,"Bobal, Grover and Bahri",89009,19,16,4.3
4594,Bhopal,Fashion,Kurti,Godrej,Karan and Sons,90154,137,15,3.6
4595,Bhopal,Fashion,Sneakers,Nike,"Aggarwal, Bansal and Sankar",131920,310,62,4.4
4596,Bhopal,Fashion,Sneakers,Reliance,Hayer-Jha,5269,449,310,3.7
4597,Bhopal,Fashion,Sneakers,HP,"Dani, Date and Gara",78403,421,246,5.0
4598,Bhopal,Fashion,Sneakers,HP,"Yohannan, Manda and Kunda",121240,414,388,4.6
4599,Bhopal,Fashion,Sneakers,Adidas,"Baral, Khatri and Chandra",147918,310,226,4.6
4600,Bhopal,Fashion,Jacket,Bajaj,Kaur-Bava,18310,89,64,4.4
4601,Bhopal,Fashion,Jacket,Prestige,"Raval, Taneja and Kale",74331,105,91,4.0
4602,Bhopal,Fashion,Jacket,HP,Babu-Hora,52942,166,138,3.8
4603,Bhopal,Fashion,Jacket,Godrej,Banerjee Inc,137819,426,369,4.2
4604,Bhopal,Fashion,Jacket,Lenovo,"Vyas, Rao and Varma",70432,152,68,4.2
4605,Bhopal,Fashion,Watch,HP,Bhasin-Kothari,108873,189,122,3.7
4606,Bhopal,Fashion,Watch,Ikea,Balakrishnan-Brar,104651,214,157,4.2
4607,Bhopal,Fashion,Watch,Prestige,"Ramakrishnan, Sankaran and Wali",95929,296,144,4.3
4608,Bhopal,Fashion,Watch,Nike,Kamdar LLC,120984,106,62,4.8
4609,Bhopal,Fashion,Watch,Mi,"Chander, Din and Borde",147972,382,144,4.0
4610,Bhopal,Fashion,Handbag,Ikea,"Solanki, Sekhon and Shroff",128648,126,62,4.5
4611,Bhopal,Fashion,Handbag,HP,"Dara, Bala and Jaggi",9400,122,84,3.6
4612,Bhopal,Fashion,Handbag,Reliance,"Suresh, Desai and Sahni",1019,111,103,4.9
4613,Bhopal,Fashion,Handbag,Apple,Wagle Ltd,38104,346,167,3.6
4614,Bhopal,Fashion,Handbag,Dell,Shankar Ltd,116748,447,256,4.8
4615,Bhopal,Fashion,Sunglasses,Godrej,"Bains, Guha and Dhawan",58257,195,11,4.3
4616,Bhopal,Fashion,Sunglasses,Lenovo,"Bali, Baral and Sengupta",68655,34,18,4.8
4617,Bhopal,Fashion,Sunglasses,Godrej,Char PLC,49745,245,244,5.0
4618,Bhopal,Fashion,Sunglasses,Tata,"Jhaveri, Bhatti and Sandal",110098,190,75,4.5
4619,Bhopal,Fashion,Sunglasses,Mi,Rege Inc,125104,138,25,4.1
4620,Bhopal,Home Appliances,Refrigerator,Ikea,"Brahmbhatt, Rattan and Sethi",39340,165,139,3.9
4621,Bhopal,Home Appliances,Refrigerator,Tata,"Ghosh, Bedi and Dora",71385,269,63,4.6
4622,Bhopal,Home Appliances,Refrigerator,LG,"Iyengar, Dhillon and De",41916,114,52,5.0
4623,Bhopal,Home Appliances,Refrigerator,Apple,"Golla, Ahuja and Rau",52973,322,115,4.7
4624,Bhopal,Home Appliances,Refrigerator,Tata,Mannan Group,149460,152,147,4.4
4625,Bhopal,Home Appliances,Washing Machine,Sony,Madan-Kadakia,127029,310,4,4.4
4626,Bhopal,Home Appliances,Washing Machine,Puma,"Kanda, Cheema and Varty",118269,215,71,5.0
4627,Bhopal,Home Appliances,Washing Machine,Ikea,"Bhat, Bajaj and Barad",41502,42,25,3.8
4628,Bhopal,Home Appliances,Washing Machine,Dell,Konda Group,140054,71,30,4.6
4629,Bhopal,Home Appliances,Washing Machine,Adidas,"Karpe, Bhatti and Bora",133575,41,14,4.7
4630,Bhopal,Home Appliances,Microwave,Nike,Sahni-Ghose,131915,456,163,3.8
4631,Bhopal,Home Appliances,Microwave,Lenovo,Kari-Sarkar,25115,480,470,4.7
4632,Bhopal,Home Appliances,Microwave,Dell,Shere-Sinha,92993,93,36,3.9
4633,Bhopal,Home Appliances,Microwave,Mi,Sampath-Manda,50663,122,47,3.9
4634,Bhopal,Home Appliances,Microwave,LG,"Kota, Wali and Bal",27978,459,277,3.6
4635,Bhopal,Home Appliances,Air Conditioner,Tata,Kaul-Sandhu,12226,51,47,4.6
4636,Bhopal,Home Appliances,Air Conditioner,Philips,Lad-Handa,32763,314,79,3.7
4637,Bhopal,Home Appliances,Air Conditioner,Godrej,"Mane, Mandal and Ray",108199,89,21,3.7
4638,Bhopal,Home Appliances,Air Conditioner,Reliance,Magar-Chatterjee,48361,496,487,5.0
4639,Bhopal,Home Appliances,Air Conditioner,Lenovo,Gade Inc,3851,482,45,4.2
4640,Bhopal,Home Appliances,Mixer Grinder,HP,Bajaj LLC,114589,305,42,4.3
4641,Bhopal,Home Appliances,Mixer Grinder,Ikea,"Shah, Saini and Kalita",54736,272,152,3.7
4642,Bhopal,Home Appliances,Mixer Grinder,Mi,"Mahal, Hayer and Madan",120054,205,49,4.8
4643,Bhopal,Home Appliances,Mixer Grinder,Sony,"Ratta, Tak and Uppal",148450,351,220,4.9
4644,Bhopal,Home Appliances,Mixer Grinder,LG,"Deshpande, Khosla and Rama",91257,22,8,4.6
4645,Bhopal,Home Appliances,Vacuum Cleaner,LG,Chakraborty Ltd,69003,422,234,4.6
4646,Bhopal,Home Appliances,Vacuum Cleaner,Philips,"Sandal, Bhat and Gade",100010,302,212,3.9
4647,Bhopal,Home Appliances,Vacuum Cleaner,LG,Mahal-Gaba,133757,383,265,4.8
4648,Bhopal,Home Appliances,Vacuum Cleaner,Godrej,Andra-Chana,111168,259,5,4.3
4649,Bhopal,Home Appliances,Vacuum Cleaner,Mi,Agate-Trivedi,102818,252,153,4.5
4650,Bhopal,Home Appliances,Water Purifier,Philips,Dutt-Koshy,92407,65,45,4.4
4651,Bhopal,Home Appliances,Water Purifier,Godrej,"Dewan, Shenoy and Chaudry",114792,80,31,4.0
4652,Bhopal,Home Appliances,Water Purifier,Bajaj,"Raju, Khosla and Bala",37237,94,85,4.6
4653,Bhopal,Home Appliances,Water Purifier,Godrej,Korpal Inc,102870,356,211,3.9
4654,Bhopal,Home Appliances,Water Purifier,Boat,Butala-Sarkar,22445,104,60,4.0
4655,Bhopal,Groceries,Rice,HP,"Vaidya, Mander and Walla",148935,41,28,4.8
4656,Bhopal,Groceries,Rice,Philips,"Gole, Mandal and Sur",32325,195,146,4.8
4657,Bhopal,Groceries,Rice,HP,"Edwin, Verma and Saini",69440,474,182,3.9
4658,Bhopal,Groceries,Rice,Apple,"Bassi, Sen and Arora",137357,311,270,4.0
4659,Bhopal,Groceries,Rice,Samsung,De and Sons,84012,96,7,4.9
4660,Bhopal,Groceries,Wheat Flour,Philips,"Buch, Ramakrishnan and Bath",46230,460,353,3.8
4661,Bhopal,Groceries,Wheat Flour,Dell,Ramaswamy-Choudhary,112052,352,234,3.8
4662,Bhopal,Groceries,Wheat Flour,Mi,"Saini, Kaur and Kapoor",20870,466,113,3.7
4663,Bhopal,Groceries,Wheat Flour,Reliance,"Bhatnagar, Sama and Reddy",77106,271,109,4.6
4664,Bhopal,Groceries,Wheat Flour,Dell,Raval-Kuruvilla,103538,461,152,3.7
4665,Bhopal,Groceries,Cooking Oil,Nike,Buch-Mahal,101944,249,39,4.2
4666,Bhopal,Groceries,Cooking Oil,LG,"Buch, Bahri and Bail",122844,302,175,4.7
4667,Bhopal,Groceries,Cooking Oil,Ikea,Borah-Cheema,118187,36,30,4.7
4668,Bhopal,Groceries,Cooking Oil,Lenovo,Sampath Group,44692,173,132,4.3
4669,Bhopal,Groceries,Cooking Oil,Lenovo,Chaudhry PLC,110281,358,304,3.8
4670,Bhopal,Groceries,Sugar,LG,"Bandi, Lal and Kala",42634,13,6,4.1
4671,Bhopal,Groceries,Sugar,Tata,Loyal LLC,1829,136,26,5.0
4672,Bhopal,Groceries,Sugar,Godrej,"Sant, Ram and Goyal",34652,473,422,4.9
4673,Bhopal,Groceries,Sugar,Bajaj,"Kari, Joshi and Khanna",103493,68,52,4.2
4674,Bhopal,Groceries,Sugar,Bajaj,"Bose, Anne and Chacko",147953,353,5,4.6
4675,Bhopal,Groceries,Tea Powder,Dell,Chawla PLC,66269,380,242,4.2
4676,Bhopal,Groceries,Tea Powder,Mi,Solanki-Balasubramanian,1310,500,259,3.7
4677,Bhopal,Groceries,Tea Powder,Godrej,"Dhaliwal, Kannan and Brar",60544,356,5,3.6
4678,Bhopal,Groceries,Tea Powder,Nike,Wali Ltd,68124,317,10,3.7
4679,Bhopal,Groceries,Tea Powder,LG,Chakrabarti Group,2332,185,34,4.4
4680,Bhopal,Groceries,Milk,Nike,Ghose-Kade,18510,459,57,4.2
4681,Bhopal,Groceries,Milk,Nike,"Kant, Handa and Batta",115986,380,312,3.5
4682,Bhopal,Groceries,Milk,Dell,"Swamy, Ratti and Dara",44584,347,94,3.9
4683,Bhopal,Groceries,Milk,Prestige,Kapur-Bala,124583,388,263,4.9
4684,Bhopal,Groceries,Milk,Tata,Badal-Kanda,113797,306,285,4.7
4685,Bhopal,Groceries,Biscuits,Philips,Setty Inc,39556,63,30,3.7
4686,Bhopal,Groceries,Biscuits,Dell,"Gopal, Dua and Raju",52967,11,5,4.9
4687,Bhopal,Groceries,Biscuits,HP,Dutt-Dutt,98297,251,35,4.4
4688,Bhopal,Groceries,Biscuits,Bajaj,"Sahni, Luthra and Rana",7820,400,268,4.5
4689,Bhopal,Groceries,Biscuits,HP,Karnik Ltd,127374,360,166,4.4
4690,Bhopal,Sports,Cricket Bat,Philips,Loyal Ltd,87019,486,192,4.5
4691,Bhopal,Sports,Cricket Bat,Nike,Shukla PLC,94690,308,95,3.8
4692,Bhopal,Sports,Cricket Bat,Tata,"Chaudhuri, Savant and Srivastava",11043,147,99,3.9
4693,Bhopal,Sports,Cricket Bat,Puma,"Salvi, Bera and Maharaj",98476,166,164,4.8
4694,Bhopal,Sports,Cricket Bat,Ikea,"Borde, Solanki and Suri",122057,77,19,3.8
4695,Bhopal,Sports,Football,Adidas,"Sheth, Tailor and Raj",30604,133,12,4.5
4696,Bhopal,Sports,Football,Boat,Agrawal PLC,45256,74,62,4.3
4697,Bhopal,Sports,Football,Samsung,Srivastava PLC,94416,10,8,4.7
4698,Bhopal,Sports,Football,Samsung,"Venkataraman, Mahal and Yogi",63506,306,221,4.4
4699,Bhopal,Sports,Football,Puma,"Ratta, Choudhry and Bora",63773,433,214,3.5
4700,Bhopal,Sports,Badminton Racket,Boat,Kant LLC,130666,157,10,3.6
4701,Bhopal,Sports,Badminton Racket,Dell,"Wali, Rajagopal and Konda",111413,323,175,4.6
4702,Bhopal,Sports,Badminton Racket,Boat,Hegde and Sons,10538,434,17,3.6
4703,Bhopal,Sports,Badminton Racket,Puma,Khatri-Shetty,61837,440,367,4.5
4704,Bhopal,Sports,Badminton Racket,Lenovo,Anand-Bora,126895,466,22,4.3
4705,Bhopal,Sports,Gym Gloves,Philips,Bhatti Group,76491,224,29,4.3
4706,Bhopal,Sports,Gym Gloves,Boat,Konda-Dugar,116207,238,50,4.8
4707,Bhopal,Sports,Gym Gloves,Philips,Randhawa Group,71187,305,86,3.8
4708,Bhopal,Sports,Gym Gloves,Tata,Gade-Kara,88060,308,69,4.1
4709,Bhopal,Sports,Gym Gloves,Nike,Saran-Bora,20406,171,163,4.9
4710,Bhopal,Sports,Yoga Mat,Apple,Shan LLC,61417,354,107,4.4
4711,Bhopal,Sports,Yoga Mat,Sony,"Wali, Bera and Basu",45013,35,23,4.6
4712,Bhopal,Sports,Yoga Mat,Mi,Rout-Krish,96574,14,12,3.6
4713,Bhopal,Sports,Yoga Mat,Prestige,"Mane, Khurana and Chander",38958,442,222,4.5
4714,Bhopal,Sports,Yoga Mat,HP,"Gara, Bassi and Chaudhary",67043,478,340,4.0
4715,Bhopal,Sports,Cycling Helmet,Puma,Mahajan PLC,123506,441,255,4.8
4716,Bhopal,Sports,Cycling Helmet,Godrej,"Walla, Iyer and Ahluwalia",124563,243,206,4.8
4717,Bhopal,Sports,Cycling Helmet,Prestige,Dyal-Khurana,125543,231,78,3.8
4718,Bhopal,Sports,Cycling Helmet,Prestige,Biswas and Sons,2069,317,224,4.3
4719,Bhopal,Sports,Cycling Helmet,HP,Ramachandran LLC,106645,205,33,4.9
4720,Bhopal,Beauty,Face Wash,Bajaj,Kota-Tripathi,140537,162,67,4.3
4721,Bhopal,Beauty,Face Wash,Dell,Raju-Korpal,95032,496,261,4.9
4722,Bhopal,Beauty,Face Wash,Nike,Badami-Soman,136751,240,32,5.0
4723,Bhopal,Beauty,Face Wash,Adidas,Kota and Sons,11845,414,77,4.1
4724,Bhopal,Beauty,Face Wash,Apple,Khatri PLC,139269,156,60,4.0
4725,Bhopal,Beauty,Lipstick,Prestige,Bandi LLC,39805,253,45,4.2
4726,Bhopal,Beauty,Lipstick,Boat,Ratta-Luthra,86198,25,7,3.5
4727,Bhopal,Beauty,Lipstick,Sony,Handa-Shere,109269,17,1,4.1
4728,Bhopal,Beauty,Lipstick,HP,Kaul Ltd,109541,227,106,4.0
4729,Bhopal,Beauty,Lipstick,Lenovo,"Viswanathan, Boase and Sane",5248,267,29,4.5
4730,Bhopal,Beauty,Perfume,Bajaj,"Batra, Sandal and Mand",27118,291,32,4.6
4731,Bhopal,Beauty,Perfume,Puma,Ghose-Ratti,134906,230,178,4.0
4732,Bhopal,Beauty,Perfume,Samsung,Hora Inc,104064,253,11,4.8
4733,Bhopal,Beauty,Perfume,Reliance,"Bhatia, Mangal and Agarwal",12557,132,40,4.7
4734,Bhopal,Beauty,Perfume,Sony,Suresh-Sinha,40174,237,175,3.8
4735,Bhopal,Beauty,Shampoo,Apple,"Sant, Bains and Sule",79343,109,73,3.8
4736,Bhopal,Beauty,Shampoo,Bajaj,"Babu, Basu and Deol",74876,286,81,4.1
4737,Bhopal,Beauty,Shampoo,Godrej,Kata-Andra,16874,94,82,4.5
4738,Bhopal,Beauty,Shampoo,Adidas,Saini-Bhatnagar,88958,377,279,3.9
4739,Bhopal,Beauty,Shampoo,Puma,Kalla PLC,51348,453,39,3.9
4740,Bhopal,Beauty,Body Lotion,Samsung,Bhat-Srinivas,120588,368,356,4.9
4741,Bhopal,Beauty,Body Lotion,Sony,Chada-Malhotra,47376,146,3,4.5
4742,Bhopal,Beauty,Body Lotion,Lenovo,Borra-Walla,69226,130,99,4.5
4743,Bhopal,Beauty,Body Lotion,Mi,Agrawal Ltd,99759,479,35,4.5
4744,Bhopal,Beauty,Body Lotion,Lenovo,Saini Ltd,123670,209,151,4.9
4745,Bhopal,Beauty,Hair Dryer,Apple,Varma LLC,91566,259,28,4.1
4746,Bhopal,Beauty,Hair Dryer,Godrej,Kala-Kale,24771,312,302,3.8
4747,Bhopal,Beauty,Hair Dryer,Puma,Dhawan PLC,112722,88,74,4.1
4748,Bhopal,Beauty,Hair Dryer,Mi,Karpe-Dhaliwal,87557,51,17,4.5
4749,Bhopal,Beauty,Hair Dryer,Philips,"Andra, Bhandari and Wason",105531,186,73,4.0
4750,Patna,Electronics,Smartphone,Godrej,Samra-Handa,148989,423,176,4.8
4751,Patna,Electronics,Smartphone,Sony,Wason-Korpal,60560,393,19,4.9
4752,Patna,Electronics,Smartphone,Puma,"Banerjee, Ramanathan and Gola",60567,268,22,4.4
4753,Patna,Electronics,Smartphone,Ikea,Mane Ltd,81519,357,294,4.0
4754,Patna,Electronics,Smartphone,Samsung,Rajagopalan PLC,139671,352,19,4.3
4755,Patna,Electronics,Laptop,Philips,"Dube, Banerjee and Sridhar",125266,271,270,4.8
4756,Patna,Electronics,Laptop,Boat,Sethi LLC,60041,200,30,4.8
4757,Patna,Electronics,Laptop,Dell,Contractor PLC,81560,494,130,3.9
4758,Patna,Electronics,Laptop,LG,"Deep, Luthra and Contractor",100515,230,86,4.6
4759,Patna,Electronics,Laptop,Philips,Yadav-Kar,74247,335,190,3.9
4760,Patna,Electronics,Smart TV,LG,Agrawal-Malhotra,117486,452,423,4.6
4761,Patna,Electronics,Smart TV,Prestige,Basak-Basak,68425,230,44,4.6
4762,Patna,Electronics,Smart TV,Philips,"Boase, Kibe and Balakrishnan",98801,194,40,3.7
4763,Patna,Electronics,Smart TV,Philips,"Bansal, Sagar and Wason",3398,370,103,4.9
4764,Patna,Electronics,Smart TV,LG,Bahri-Singh,58651,476,7,4.1
4765,Patna,Electronics,Bluetooth Speaker,Mi,Chaudhuri-Behl,130128,368,73,4.1
4766,Patna,Electronics,Bluetooth Speaker,Apple,"Dara, Varty and Ahluwalia",48183,84,78,4.3
4767,Patna,Electronics,Bluetooth Speaker,Sony,Wali-Chaudhry,92661,123,73,4.2
4768,Patna,Electronics,Bluetooth Speaker,Sony,Chaudhuri LLC,124142,328,158,4.5
4769,Patna,Electronics,Bluetooth Speaker,Adidas,"Deol, Samra and Dar",74834,145,130,4.2
4770,Patna,Electronics,Tablet,Nike,Kara Ltd,68442,407,106,4.6
4771,Patna,Electronics,Tablet,Samsung,Brar PLC,121294,395,291,4.5
4772,Patna,Electronics,Tablet,Dell,Jani-Vohra,29363,27,10,4.3
4773,Patna,Electronics,Tablet,Philips,Lanka-Date,116895,72,52,4.4
4774,Patna,Electronics,Tablet,Dell,Saxena Inc,53409,462,311,3.9
4775,Patna,Electronics,Gaming Console,Tata,Chokshi-Joshi,17668,239,53,4.8
4776,Patna,Electronics,Gaming Console,Puma,"Suri, Subramaniam and Kapadia",97623,498,156,4.7
4777,Patna,Electronics,Gaming Console,Boat,Krishnan Inc,46789,151,15,4.6
4778,Patna,Electronics,Gaming Console,Lenovo,"Konda, Choudhry and Guha",83933,178,175,4.2
4779,Patna,Electronics,Gaming Console,Dell,Barad-Bumb,70099,158,101,5.0
4780,Patna,Electronics,Smart Watch,LG,"Babu, Barad and Varty",54702,320,209,3.8
4781,Patna,Electronics,Smart Watch,Lenovo,Lata LLC,28573,437,134,4.1
4782,Patna,Electronics,Smart Watch,Boat,Ratti-Khalsa,2205,35,20,3.9
4783,Patna,Electronics,Smart Watch,Puma,Ravi Group,108173,96,48,3.6
4784,Patna,Electronics,Smart Watch,Puma,Desai PLC,55485,194,138,4.8
4785,Patna,Electronics,Headphones,LG,"Madan, Borra and Khanna",103477,465,168,3.6
4786,Patna,Electronics,Headphones,Boat,Chauhan-Saha,112971,139,112,4.6
4787,Patna,Electronics,Headphones,Nike,Rajagopalan Inc,97096,115,14,4.5
4788,Patna,Electronics,Headphones,Philips,Baral-Bhagat,105115,138,130,4.8
4789,Patna,Electronics,Headphones,Philips,Buch Group,52546,134,97,4.8
4790,Patna,Furniture,Sofa,Prestige,"Chakraborty, Bhakta and Wali",132092,92,63,4.3
4791,Patna,Furniture,Sofa,Bajaj,Thakur-Konda,140446,376,229,3.6
4792,Patna,Furniture,Sofa,Apple,"Kar, Chanda and Arora",142485,377,83,4.5
4793,Patna,Furniture,Sofa,Reliance,"Goel, Krishnamurthy and Lanka",72129,148,19,4.5
4794,Patna,Furniture,Sofa,Nike,Chakraborty and Sons,57899,471,463,4.5
4795,Patna,Furniture,Dining Table,Samsung,"Bal, Rao and Viswanathan",67234,460,362,3.6
4796,Patna,Furniture,Dining Table,Sony,Kashyap-Kapoor,130029,23,16,4.2
4797,Patna,Furniture,Dining Table,Sony,Sood LLC,100725,59,19,4.4
4798,Patna,Furniture,Dining Table,Samsung,"Cherian, Bera and Majumdar",59931,355,153,4.7
4799,Patna,Furniture,Dining Table,LG,Kunda-Venkataraman,128781,448,423,4.6
4800,Patna,Furniture,Office Chair,Sony,Som PLC,43994,261,83,4.3
4801,Patna,Furniture,Office Chair,LG,"Dua, Ganesan and Kapoor",107681,260,153,4.8
4802,Patna,Furniture,Office Chair,Lenovo,Kaur Ltd,111560,156,48,4.6
4803,Patna,Furniture,Office Chair,Prestige,Taneja Group,47254,385,251,4.6
4804,Patna,Furniture,Office Chair,Bajaj,Dhillon and Sons,3229,418,264,3.7
4805,Patna,Furniture,Bed,Philips,Buch-Deo,94739,255,209,3.9
4806,Patna,Furniture,Bed,Dell,Bobal and Sons,17787,182,89,4.5
4807,Patna,Furniture,Bed,Bajaj,Dayal-Vasa,92518,248,226,3.8
4808,Patna,Furniture,Bed,Reliance,"Das, De and Char",136776,422,311,4.3
4809,Patna,Furniture,Bed,Philips,Walia Inc,113490,174,111,3.7
4810,Patna,Furniture,Wardrobe,HP,"Chanda, Mandal and Keer",58633,439,170,3.9
4811,Patna,Furniture,Wardrobe,Sony,Biswas-Upadhyay,121385,431,208,4.7
4812,Patna,Furniture,Wardrobe,Tata,Sarna-Maharaj,115742,100,10,4.7
4813,Patna,Furniture,Wardrobe,Samsung,"Handa, Rajagopal and Iyer",7456,47,9,5.0
4814,Patna,Furniture,Wardrobe,Sony,Lad-Shroff,104059,127,101,3.8
4815,Patna,Furniture,Bookshelf,Boat,"Uppal, Sahni and Malhotra",84428,30,13,3.9
4816,Patna,Furniture,Bookshelf,Ikea,Deshmukh LLC,122792,500,342,3.8
4817,Patna,Furniture,Bookshelf,Lenovo,Sahni Ltd,89568,103,73,3.9
4818,Patna,Furniture,Bookshelf,Reliance,"Singh, Lad and Din",74000,282,269,4.7
4819,Patna,Furniture,Bookshelf,Tata,Bhasin-Ramachandran,32697,402,164,4.1
4820,Patna,Furniture,Coffee Table,Philips,Dutt PLC,42987,321,175,4.5
4821,Patna,Furniture,Coffee Table,Bajaj,Chhabra LLC,803,101,39,4.2
4822,Patna,Furniture,Coffee Table,Bajaj,Kant and Sons,77374,152,110,4.4
4823,Patna,Furniture,Coffee Table,Nike,Mangal-Dara,42924,89,8,4.7
4824,Patna,Furniture,Coffee Table,LG,Kumer-Gole,17194,185,84,4.6
4825,Patna,Furniture,TV Unit,Ikea,Raju-Ghosh,109869,93,77,3.6
4826,Patna,Furniture,TV Unit,Dell,"Sheth, Tiwari and Bose",143537,192,65,4.0
4827,Patna,Furniture,TV Unit,Philips,Chacko-Ganesan,8522,268,28,4.7
4828,Patna,Furniture,TV Unit,Sony,"Kaul, Chakrabarti and Kakar",62442,457,357,4.8
4829,Patna,Furniture,TV Unit,Adidas,Krishnamurthy-Thakur,3778,483,44,3.9
4830,Patna,Fashion,T-Shirt,Prestige,"Bera, Som and Khurana",20965,38,35,4.4
4831,Patna,Fashion,T-Shirt,Bajaj,Tripathi and Sons,34697,378,101,3.7
4832,Patna,Fashion,T-Shirt,Puma,Ghosh Inc,91429,314,72,4.4
4833,Patna,Fashion,T-Shirt,Dell,"Sarraf, Dhaliwal and Chhabra",99422,24,13,4.2
4834,Patna,Fashion,T-Shirt,Sony,Deep-Rao,1991,413,248,4.3
4835,Patna,Fashion,Jeans,Bajaj,"Agate, Viswanathan and Chander",8215,131,97,4.6
4836,Patna,Fashion,Jeans,Lenovo,Sodhi-Guha,56906,131,33,4.6
4837,Patna,Fashion,Jeans,Adidas,Andra-Chaudhry,53777,199,122,4.0
4838,Patna,Fashion,Jeans,Philips,Rajagopal LLC,105746,138,94,5.0
4839,Patna,Fashion,Jeans,Philips,Kibe and Sons,141256,464,388,4.8
4840,Patna,Fashion,Kurti,Lenovo,Grover LLC,71803,209,144,4.6
4841,Patna,Fashion,Kurti,Ikea,"Ganguly, Kashyap and Ghose",61239,278,83,4.7
4842,Patna,Fashion,Kurti,Lenovo,Dalal Inc,81219,81,69,4.0
4843,Patna,Fashion,Kurti,Ikea,"Suresh, Korpal and Mander",8554,181,94,4.2
4844,Patna,Fashion,Kurti,Adidas,Dixit PLC,38467,218,120,4.2
4845,Patna,Fashion,Sneakers,HP,Sharaf-Rao,119252,109,64,4.1
4846,Patna,Fashion,Sneakers,Bajaj,"Sekhon, Uppal and Khare",32434,406,140,3.9
4847,Patna,Fashion,Sneakers,Prestige,Kakar Inc,140395,38,25,4.4
4848,Patna,Fashion,Sneakers,Lenovo,Mammen Inc,16812,98,63,4.6
4849,Patna,Fashion,Sneakers,Godrej,"Srinivasan, Karan and Ghose",59921,271,164,4.4
4850,Patna,Fashion,Jacket,Samsung,"Varkey, Gour and Chowdhury",122443,160,85,3.6
4851,Patna,Fashion,Jacket,Dell,Batra PLC,118923,211,122,4.4
4852,Patna,Fashion,Jacket,Reliance,Dar Inc,28696,433,402,4.5
4853,Patna,Fashion,Jacket,LG,Chaudhuri-Dewan,81360,111,108,4.9
4854,Patna,Fashion,Jacket,Adidas,Choudhary and Sons,43425,363,172,4.8
4855,Patna,Fashion,Watch,Apple,"Bajaj, Thakur and Gola",58907,316,230,4.4
4856,Patna,Fashion,Watch,Bajaj,"Sharaf, Sheth and De",73954,119,92,4.8
4857,Patna,Fashion,Watch,Mi,Kamdar-Choudhury,148651,303,71,4.9
4858,Patna,Fashion,Watch,HP,Bir Group,135629,104,103,4.3
4859,Patna,Fashion,Watch,Godrej,"Gopal, Madan and Dhingra",46406,317,59,4.4
4860,Patna,Fashion,Handbag,Puma,Saraf-Sahota,110431,153,88,3.7
4861,Patna,Fashion,Handbag,Reliance,"Sarkar, Zacharia and Bera",85096,180,142,3.5
4862,Patna,Fashion,Handbag,Mi,"Sandhu, Varkey and Tak",111551,370,25,4.6
4863,Patna,Fashion,Handbag,Bajaj,Seshadri-Butala,98988,351,152,4.6
4864,Patna,Fashion,Handbag,Tata,Andra PLC,131690,202,142,3.9
4865,Patna,Fashion,Sunglasses,Sony,Date-Chauhan,27038,258,139,4.3
4866,Patna,Fashion,Sunglasses,Sony,Luthra-Sachdeva,25227,494,135,4.6
4867,Patna,Fashion,Sunglasses,Adidas,Sane LLC,33490,234,60,3.6
4868,Patna,Fashion,Sunglasses,Apple,Goel-Goel,82229,223,160,3.6
4869,Patna,Fashion,Sunglasses,Boat,Dara PLC,81784,380,130,3.6
4870,Patna,Home Appliances,Refrigerator,Mi,Gade-Sarma,2408,277,63,4.4
4871,Patna,Home Appliances,Refrigerator,Philips,Gupta Group,25859,131,103,3.8
4872,Patna,Home Appliances,Refrigerator,Boat,Krishna Inc,52600,442,374,4.4
4873,Patna,Home Appliances,Refrigerator,HP,Amble-Dua,105442,145,141,3.6
4874,Patna,Home Appliances,Refrigerator,Reliance,Wali-Doshi,88544,50,47,4.5
4875,Patna,Home Appliances,Washing Machine,Bajaj,"Dar, Toor and Balay",112396,68,17,4.1
4876,Patna,Home Appliances,Washing Machine,Adidas,"Raval, Mand and Bir",13061,267,17,4.4
4877,Patna,Home Appliances,Washing Machine,Boat,Ganguly-Jaggi,5016,153,12,3.9
4878,Patna,Home Appliances,Washing Machine,Lenovo,Sha-Verma,13271,53,36,4.2
4879,Patna,Home Appliances,Washing Machine,Tata,Mani-Vala,92593,442,431,4.7
4880,Patna,Home Appliances,Microwave,LG,Chawla-Gill,39397,424,247,3.9
4881,Patna,Home Appliances,Microwave,Apple,Sethi Ltd,65326,361,166,4.6
4882,Patna,Home Appliances,Microwave,HP,"Lall, Varty and Dada",24122,109,94,4.1
4883,Patna,Home Appliances,Microwave,Mi,"Garg, Dora and Khosla",2212,309,282,3.8
4884,Patna,Home Appliances,Microwave,Philips,Shankar-Chakraborty,91043,250,248,4.3
4885,Patna,Home Appliances,Air Conditioner,Bajaj,Thaman LLC,81223,495,71,4.1
4886,Patna,Home Appliances,Air Conditioner,Prestige,Sandhu and Sons,110275,454,118,3.7
4887,Patna,Home Appliances,Air Conditioner,Dell,Kale-Shanker,117228,197,196,3.9
4888,Patna,Home Appliances,Air Conditioner,Boat,"Varkey, Kade and Varty",46479,196,135,4.9
4889,Patna,Home Appliances,Air Conditioner,Dell,Swamy LLC,114957,262,67,3.8
4890,Patna,Home Appliances,Mixer Grinder,Philips,Iyer Inc,83610,218,32,3.8
4891,Patna,Home Appliances,Mixer Grinder,LG,Kar and Sons,3084,141,52,3.8
4892,Patna,Home Appliances,Mixer Grinder,Tata,"Soni, Amble and Mani",54261,326,167,3.6
4893,Patna,Home Appliances,Mixer Grinder,Mi,Sethi Group,125876,276,147,4.1
4894,Patna,Home Appliances,Mixer Grinder,Apple,"Kale, Sawhney and Ranganathan",121585,447,62,4.4
4895,Patna,Home Appliances,Vacuum Cleaner,Adidas,Kata-Manda,92506,202,58,4.7
4896,Patna,Home Appliances,Vacuum Cleaner,Ikea,"Zacharia, Baral and Chokshi",86514,302,122,3.7
4897,Patna,Home Appliances,Vacuum Cleaner,Tata,"Vasa, Suri and Lata",133830,452,192,4.2
4898,Patna,Home Appliances,Vacuum Cleaner,Samsung,"Tak, Wadhwa and Taneja",40494,199,43,4.4
4899,Patna,Home Appliances,Vacuum Cleaner,Dell,"Char, Bhagat and Kothari",25608,57,40,4.3
4900,Patna,Home Appliances,Water Purifier,Ikea,Khanna Group,21231,325,196,5.0
4901,Patna,Home Appliances,Water Purifier,Prestige,Dalal LLC,80705,283,217,4.5
4902,Patna,Home Appliances,Water Purifier,Boat,Basu-Tiwari,25917,27,24,4.4
4903,Patna,Home Appliances,Water Purifier,Dell,Chakraborty-Savant,1712,380,170,4.4
4904,Patna,Home Appliances,Water Purifier,Godrej,"Tailor, Mander and Arya",82403,168,70,3.8
4905,Patna,Groceries,Rice,Reliance,Bal-Sachdeva,98617,190,183,3.9
4906,Patna,Groceries,Rice,Mi,"Varma, Hegde and Karpe",82626,465,274,3.6
4907,Patna,Groceries,Rice,Mi,Borra-Shenoy,86660,318,286,4.5
4908,Patna,Groceries,Rice,Mi,Sethi Ltd,97165,130,31,3.5
4909,Patna,Groceries,Rice,Puma,"D’Alia, Bhatnagar and Chander",107766,37,19,4.9
4910,Patna,Groceries,Wheat Flour,Bajaj,Rajagopal Group,97382,66,54,4.1
4911,Patna,Groceries,Wheat Flour,Reliance,Randhawa-Tank,110404,482,2,3.7
4912,Patna,Groceries,Wheat Flour,LG,Kapur-Varkey,49579,323,280,3.7
4913,Patna,Groceries,Wheat Flour,Ikea,Gara-Kannan,2022,154,133,4.6
4914,Patna,Groceries,Wheat Flour,Samsung,Vyas PLC,134466,263,236,4.7
4915,Patna,Groceries,Cooking Oil,Prestige,Srinivas Group,66215,491,333,3.6
4916,Patna,Groceries,Cooking Oil,Prestige,Arora LLC,30652,407,1,4.0
4917,Patna,Groceries,Cooking Oil,Sony,Golla-Sen,105645,55,9,4.2
4918,Patna,Groceries,Cooking Oil,Philips,Kakar-Barman,117005,286,233,4.2
4919,Patna,Groceries,Cooking Oil,Reliance,Venkatesh Group,90495,161,124,5.0
4920,Patna,Groceries,Sugar,Boat,De-Warrior,104466,338,182,4.6
4921,Patna,Groceries,Sugar,Sony,Apte Ltd,4780,468,32,4.1
4922,Patna,Groceries,Sugar,Prestige,Trivedi-Ram,86926,203,85,4.9
4923,Patna,Groceries,Sugar,LG,Sarraf-Chatterjee,54097,382,162,4.8
4924,Patna,Groceries,Sugar,Tata,Thakkar-Kohli,102181,259,34,3.8
4925,Patna,Groceries,Tea Powder,Philips,Lall-Ahuja,65723,171,17,3.5
4926,Patna,Groceries,Tea Powder,HP,"Vaidya, Doshi and Ganesan",54599,378,47,4.3
4927,Patna,Groceries,Tea Powder,Apple,Ratti-Kothari,27624,323,167,4.2
4928,Patna,Groceries,Tea Powder,LG,Sangha-Lad,48151,38,38,4.3
4929,Patna,Groceries,Tea Powder,Ikea,"Ganesan, Reddy and Basu",98466,170,69,4.5
4930,Patna,Groceries,Milk,Prestige,"Barman, Sibal and Manda",75407,104,42,3.8
4931,Patna,Groceries,Milk,Reliance,Bassi Inc,50533,497,462,4.6
4932,Patna,Groceries,Milk,Mi,Chandra-Sandhu,93194,61,17,4.0
4933,Patna,Groceries,Milk,Bajaj,"Kumar, Luthra and Shere",13311,195,64,4.8
4934,Patna,Groceries,Milk,Lenovo,Ahluwalia-Chanda,96918,433,154,4.2
4935,Patna,Groceries,Biscuits,Reliance,Sodhi-Batra,81612,339,18,4.5
4936,Patna,Groceries,Biscuits,Samsung,Singh Group,69985,306,136,3.6
4937,Patna,Groceries,Biscuits,Mi,"Rege, Mangat and Sarma",108031,215,11,3.6
4938,Patna,Groceries,Biscuits,Prestige,"Mannan, Dubey and Vora",144446,112,99,3.9
4939,Patna,Groceries,Biscuits,Apple,Reddy PLC,104096,305,30,3.9
4940,Patna,Sports,Cricket Bat,Adidas,Bava-Bains,100157,227,117,3.9
4941,Patna,Sports,Cricket Bat,Samsung,"Desai, Borde and Bhatt",90971,324,250,4.9
4942,Patna,Sports,Cricket Bat,Philips,Mann-Tripathi,117304,51,5,3.5
4943,Patna,Sports,Cricket Bat,Apple,Dixit-Balakrishnan,46975,59,14,3.5
4944,Patna,Sports,Cricket Bat,Lenovo,Dayal PLC,134687,44,13,4.1
4945,Patna,Sports,Football,Tata,Rajan-Bir,12344,64,56,4.7
4946,Patna,Sports,Football,Bajaj,"Bhattacharyya, Jain and Shenoy",120039,464,378,4.5
4947,Patna,Sports,Football,Adidas,"Goyal, Bobal and Atwal",92085,28,7,4.0
4948,Patna,Sports,Football,Reliance,Vasa and Sons,45108,387,235,4.9
4949,Patna,Sports,Football,Lenovo,Sur-Dutt,78044,77,1,4.4
4950,Patna,Sports,Badminton Racket,Lenovo,"Sarna, Rastogi and Dugar",42996,307,243,3.9
4951,Patna,Sports,Badminton Racket,Godrej,Basak-Ratta,73260,350,47,4.9
4952,Patna,Sports,Badminton Racket,Godrej,Golla Group,70814,310,35,3.6
4953,Patna,Sports,Badminton Racket,Puma,"Soman, Hari and Zachariah",129297,476,193,4.0
4954,Patna,Sports,Badminton Racket,Ikea,Tank-Malhotra,50494,146,17,4.6
4955,Patna,Sports,Gym Gloves,Ikea,Konda-Kala,146619,200,20,3.7
4956,Patna,Sports,Gym Gloves,Tata,"Tank, Sankaran and Bhavsar",81915,218,92,3.5
4957,Patna,Sports,Gym Gloves,Puma,Andra Inc,110307,117,63,4.5
4958,Patna,Sports,Gym Gloves,HP,Dara Ltd,43389,87,73,3.5
4959,Patna,Sports,Gym Gloves,Godrej,Krishnamurthy-Rama,139561,219,126,3.9
4960,Patna,Sports,Yoga Mat,Godrej,Salvi and Sons,50883,342,249,4.8
4961,Patna,Sports,Yoga Mat,Adidas,Rau-Chahal,147311,178,39,4.3
4962,Patna,Sports,Yoga Mat,Puma,Gulati-Kapur,64582,404,23,3.5
4963,Patna,Sports,Yoga Mat,HP,Ramaswamy-Kohli,76972,72,23,4.0
4964,Patna,Sports,Yoga Mat,Godrej,"Manne, Sampath and Yohannan",35207,213,48,4.2
4965,Patna,Sports,Cycling Helmet,Prestige,"Contractor, Keer and Luthra",138040,108,59,4.9
4966,Patna,Sports,Cycling Helmet,Samsung,Ganesh PLC,75558,16,3,4.7
4967,Patna,Sports,Cycling Helmet,Philips,Kohli-Gera,142067,270,229,3.6
4968,Patna,Sports,Cycling Helmet,Boat,Khare-Goyal,21381,59,16,5.0
4969,Patna,Sports,Cycling Helmet,Godrej,Shanker LLC,75180,38,16,4.4
4970,Patna,Beauty,Face Wash,Boat,Sami-Dhaliwal,135513,386,130,3.8
4971,Patna,Beauty,Face Wash,Lenovo,Borah-Chaudhari,81098,194,123,3.5
4972,Patna,Beauty,Face Wash,Boat,Dhar and Sons,17753,256,231,4.7
4973,Patna,Beauty,Face Wash,Tata,Ramesh LLC,52415,105,21,3.6
4974,Patna,Beauty,Face Wash,Godrej,Kant and Sons,148487,376,198,5.0
4975,Patna,Beauty,Lipstick,HP,Dave Ltd,82653,254,202,4.0
4976,Patna,Beauty,Lipstick,Adidas,Ramanathan-Sheth,69115,262,198,4.7
4977,Patna,Beauty,Lipstick,Samsung,"Shanker, Sha and Tandon",33944,358,340,3.9
4978,Patna,Beauty,Lipstick,Prestige,Shetty-Seshadri,55862,438,4,4.5
4979,Patna,Beauty,Lipstick,Bajaj,Mangal-Mand,106639,341,100,3.5
4980,Patna,Beauty,Perfume,Nike,Gala-Sha,120732,422,307,4.0
4981,Patna,Beauty,Perfume,HP,"Date, Dasgupta and Bala",59204,28,10,4.5
4982,Patna,Beauty,Perfume,HP,Rattan and Sons,118021,69,47,4.9
4983,Patna,Beauty,Perfume,Reliance,"Ghose, Virk and Srivastava",43058,186,55,4.3
4984,Patna,Beauty,Perfume,Tata,Kaul-Johal,15818,259,99,3.8
4985,Patna,Beauty,Shampoo,Apple,Sastry Inc,137156,16,11,3.9
4986,Patna,Beauty,Shampoo,Apple,Kanda and Sons,82893,207,5,4.5
4987,Patna,Beauty,Shampoo,Boat,Singhal Group,104022,475,226,4.6
4988,Patna,Beauty,Shampoo,Samsung,Comar-Sabharwal,87899,255,231,3.9
4989,Patna,Beauty,Shampoo,Puma,Sane-Solanki,144005,343,137,4.6
4990,Patna,Beauty,Body Lotion,Samsung,"Kanda, Chada and Bava",42806,75,3,5.0
4991,Patna,Beauty,Body Lotion,Lenovo,"Bora, Goswami and Iyengar",110366,441,146,4.0
4992,Patna,Beauty,Body Lotion,Ikea,"Gill, Manne and Khalsa",50312,165,124,4.3
4993,Patna,Beauty,Body Lotion,Puma,Sachar-Balay,138818,129,71,3.8
4994,Patna,Beauty,Body Lotion,Adidas,"Virk, Kadakia and Ramanathan",24581,424,172,3.6
4995,Patna,Beauty,Hair Dryer,Bajaj,Soman PLC,2508,377,133,4.3
4996,Patna,Beauty,Hair Dryer,Boat,Rajagopal Inc,13155,407,76,4.6
4997,Patna,Beauty,Hair Dryer,Boat,Majumdar PLC,6527,336,43,4.4
4998,Patna,Beauty,Hair Dryer,Tata,Srinivasan-Rau,135129,243,195,4.6
4999,Patna,Beauty,Hair Dryer,Puma,Dua Ltd,12732,158,121,4.5
5000,Visakhapatnam,Electronics,Smartphone,Mi,Arya Inc,15610,10,4,4.8
5001,Visakhapatnam,Electronics,Smartphone,Lenovo,"Saini, Lala and Amble",105225,342,43,3.9
5002,Visakhapatnam,Electronics,Smartphone,Sony,"Deep, Karnik and Comar",124047,83,62,4.9
5003,Visakhapatnam,Electronics,Smartphone,Samsung,"Karnik, Mallick and Ramaswamy",62245,94,85,4.1
5004,Visakhapatnam,Electronics,Smartphone,LG,Tailor PLC,92327,213,161,3.9
5005,Visakhapatnam,Electronics,Laptop,Boat,Sampath-Rastogi,75791,206,58,3.7
5006,Visakhapatnam,Electronics,Laptop,Reliance,Deol-Trivedi,86226,204,159,3.6
5007,Visakhapatnam,Electronics,Laptop,Boat,Sengupta-Ramanathan,19755,497,366,4.4
5008,Visakhapatnam,Electronics,Laptop,Nike,Bhakta-Sekhon,112893,148,125,4.7
5009,Visakhapatnam,Electronics,Laptop,LG,Seshadri-Bath,91338,432,236,4.7
5010,Visakhapatnam,Electronics,Smart TV,HP,Wadhwa LLC,42714,323,221,3.9
5011,Visakhapatnam,Electronics,Smart TV,Lenovo,"Tata, Aggarwal and Comar",147491,38,10,4.7
5012,Visakhapatnam,Electronics,Smart TV,Bajaj,Kumar-Krishnan,72726,213,136,4.9
5013,Visakhapatnam,Electronics,Smart TV,Bajaj,Devan Inc,54258,53,6,4.9
5014,Visakhapatnam,Electronics,Smart TV,Boat,Barad Inc,76501,431,221,4.7
5015,Visakhapatnam,Electronics,Bluetooth Speaker,Dell,"Bose, Chatterjee and Varty",106740,294,124,3.8
5016,Visakhapatnam,Electronics,Bluetooth Speaker,Adidas,Bahri-Bali,58083,117,46,4.6
5017,Visakhapatnam,Electronics,Bluetooth Speaker,Lenovo,Bahri Group,77900,388,66,3.9
5018,Visakhapatnam,Electronics,Bluetooth Speaker,Dell,Sastry-Thaker,84563,165,118,3.5
5019,Visakhapatnam,Electronics,Bluetooth Speaker,Prestige,Babu Inc,65573,411,41,3.5
5020,Visakhapatnam,Electronics,Tablet,Adidas,"Warrior, Manne and Iyer",93828,39,1,4.9
5021,Visakhapatnam,Electronics,Tablet,Samsung,"Bhasin, Behl and Bedi",44428,36,25,4.5
5022,Visakhapatnam,Electronics,Tablet,Reliance,Vasa Inc,44627,314,251,3.8
5023,Visakhapatnam,Electronics,Tablet,Apple,Sidhu-Baria,50657,240,36,3.8
5024,Visakhapatnam,Electronics,Tablet,Prestige,Kala Ltd,65907,202,172,4.4
5025,Visakhapatnam,Electronics,Gaming Console,Mi,Mane Ltd,149826,371,58,4.4
5026,Visakhapatnam,Electronics,Gaming Console,Apple,Kunda-Chadha,60388,226,3,3.8
5027,Visakhapatnam,Electronics,Gaming Console,Tata,Lall-Khare,149493,132,76,4.1
5028,Visakhapatnam,Electronics,Gaming Console,Reliance,Rana-Chaudhari,105201,50,41,4.2
5029,Visakhapatnam,Electronics,Gaming Console,Nike,Dhar-Toor,79467,109,55,4.8
5030,Visakhapatnam,Electronics,Smart Watch,Tata,"Das, Tara and Choudhry",16654,356,349,4.0
5031,Visakhapatnam,Electronics,Smart Watch,Boat,Sabharwal Inc,108008,443,201,4.0
5032,Visakhapatnam,Electronics,Smart Watch,Bajaj,Bhatt-Kalita,70185,407,375,3.8
5033,Visakhapatnam,Electronics,Smart Watch,Bajaj,"Thaman, Char and Ahluwalia",113674,398,158,4.5
5034,Visakhapatnam,Electronics,Smart Watch,Reliance,"Ganesh, Vasa and Baral",18382,498,238,4.0
5035,Visakhapatnam,Electronics,Headphones,Boat,"Jain, Ramanathan and Karan",126390,401,68,4.3
5036,Visakhapatnam,Electronics,Headphones,Ikea,"Khosla, Sha and Chakraborty",97863,453,196,4.5
5037,Visakhapatnam,Electronics,Headphones,Boat,Magar and Sons,99630,133,14,5.0
5038,Visakhapatnam,Electronics,Headphones,Philips,Iyengar-Bahl,7070,216,216,4.8
5039,Visakhapatnam,Electronics,Headphones,Prestige,Deol PLC,16819,28,25,3.8
5040,Visakhapatnam,Furniture,Sofa,Tata,Kumer-Bhat,97679,432,357,4.9
5041,Visakhapatnam,Furniture,Sofa,Puma,Gill-Tiwari,5552,369,191,4.6
5042,Visakhapatnam,Furniture,Sofa,Prestige,Kaur Group,132352,205,131,4.6
5043,Visakhapatnam,Furniture,Sofa,Godrej,"Buch, De and Dada",125983,124,32,4.0
5044,Visakhapatnam,Furniture,Sofa,Bajaj,"Chahal, Thakur and Handa",7269,285,1,4.5
5045,Visakhapatnam,Furniture,Dining Table,Samsung,"Banik, Roy and Savant",17106,479,264,3.9
5046,Visakhapatnam,Furniture,Dining Table,Reliance,Vig-Bhardwaj,48153,215,54,4.8
5047,Visakhapatnam,Furniture,Dining Table,HP,"Srinivas, Mallick and Sant",118159,100,87,4.1
5048,Visakhapatnam,Furniture,Dining Table,Nike,Lad-Cherian,87392,28,17,3.6
5049,Visakhapatnam,Furniture,Dining Table,Boat,Seshadri Ltd,3330,481,117,4.5
5050,Visakhapatnam,Furniture,Office Chair,Boat,Srinivasan LLC,34095,180,121,4.4
5051,Visakhapatnam,Furniture,Office Chair,Adidas,Jaggi Ltd,54203,76,73,5.0
5052,Visakhapatnam,Furniture,Office Chair,Mi,"Hayre, Sani and Mannan",117374,55,52,4.6
5053,Visakhapatnam,Furniture,Office Chair,Puma,Kara PLC,679,139,75,3.5
5054,Visakhapatnam,Furniture,Office Chair,Ikea,"Tailor, Bail and Sathe",27811,446,307,4.8
5055,Visakhapatnam,Furniture,Bed,Boat,Kala Ltd,101869,101,32,3.6
5056,Visakhapatnam,Furniture,Bed,Philips,Bhavsar-Sahni,75421,216,163,3.5
5057,Visakhapatnam,Furniture,Bed,HP,"Seshadri, Taneja and Kohli",148776,164,118,5.0
5058,Visakhapatnam,Furniture,Bed,Bajaj,Sani PLC,65290,210,88,4.7
5059,Visakhapatnam,Furniture,Bed,Tata,Dhawan Group,7611,151,126,4.2
5060,Visakhapatnam,Furniture,Wardrobe,Godrej,Srivastava-Basu,147556,328,174,4.3
5061,Visakhapatnam,Furniture,Wardrobe,Adidas,Ganesh-Bumb,59546,349,151,4.1
5062,Visakhapatnam,Furniture,Wardrobe,Lenovo,"Golla, Bedi and Dyal",4972,471,328,3.7
5063,Visakhapatnam,Furniture,Wardrobe,Philips,Vaidya Inc,65393,104,84,4.0
5064,Visakhapatnam,Furniture,Wardrobe,Adidas,"Devi, Chauhan and Sama",81879,383,135,4.1
5065,Visakhapatnam,Furniture,Bookshelf,Apple,"Lalla, Kanda and Butala",123502,459,348,4.9
5066,Visakhapatnam,Furniture,Bookshelf,Philips,"Dash, Randhawa and Dixit",115945,68,58,3.6
5067,Visakhapatnam,Furniture,Bookshelf,Prestige,Krish Ltd,111251,494,26,3.8
5068,Visakhapatnam,Furniture,Bookshelf,Dell,Walia Inc,87220,223,131,4.9
5069,Visakhapatnam,Furniture,Bookshelf,Bajaj,Bahri Inc,141683,482,456,4.4
5070,Visakhapatnam,Furniture,Coffee Table,Tata,Tiwari-Kapadia,18660,499,422,4.2
5071,Visakhapatnam,Furniture,Coffee Table,Dell,Vora-Kurian,78239,322,8,4.3
5072,Visakhapatnam,Furniture,Coffee Table,Boat,"Bhasin, Sridhar and Acharya",4014,409,305,4.8
5073,Visakhapatnam,Furniture,Coffee Table,Philips,Suresh-Bhavsar,93227,305,23,3.7
5074,Visakhapatnam,Furniture,Coffee Table,Adidas,Thaman-Gade,15342,162,12,4.6
5075,Visakhapatnam,Furniture,TV Unit,Ikea,Ramesh and Sons,68859,57,38,3.8
5076,Visakhapatnam,Furniture,TV Unit,LG,Agrawal LLC,94497,307,285,4.8
5077,Visakhapatnam,Furniture,TV Unit,Ikea,Bhardwaj Group,63905,460,170,3.8
5078,Visakhapatnam,Furniture,TV Unit,Philips,"Bail, Bhakta and Badal",73946,53,17,4.7
5079,Visakhapatnam,Furniture,TV Unit,Tata,"Chandra, Brahmbhatt and Tank",80800,228,34,4.1
5080,Visakhapatnam,Fashion,T-Shirt,Philips,Mani-Soni,45502,186,165,3.8
5081,Visakhapatnam,Fashion,T-Shirt,Lenovo,Saran-Banerjee,72064,256,249,4.9
5082,Visakhapatnam,Fashion,T-Shirt,Bajaj,Raju-Kala,98898,244,215,4.4
5083,Visakhapatnam,Fashion,T-Shirt,Bajaj,Deo LLC,89905,451,1,4.3
5084,Visakhapatnam,Fashion,T-Shirt,Samsung,Lall-Babu,35146,225,137,3.8
5085,Visakhapatnam,Fashion,Jeans,Dell,"Gandhi, Bedi and Kamdar",7093,309,161,4.5
5086,Visakhapatnam,Fashion,Jeans,Adidas,"Kara, Chander and Suresh",123779,244,232,4.7
5087,Visakhapatnam,Fashion,Jeans,LG,"Cheema, Balay and Chaudhari",14676,451,332,4.1
5088,Visakhapatnam,Fashion,Jeans,Puma,Virk LLC,131748,47,1,4.0
5089,Visakhapatnam,Fashion,Jeans,Tata,Sengupta-Sharma,84918,339,293,3.8
5090,Visakhapatnam,Fashion,Kurti,Mi,Sunder-Samra,88574,85,66,4.5
5091,Visakhapatnam,Fashion,Kurti,Ikea,Raju LLC,115500,106,64,4.0
5092,Visakhapatnam,Fashion,Kurti,Bajaj,Grewal-Yohannan,119553,236,214,3.7
5093,Visakhapatnam,Fashion,Kurti,Mi,Cheema Inc,96324,116,91,4.6
5094,Visakhapatnam,Fashion,Kurti,Nike,Dara Inc,109339,152,99,4.1
5095,Visakhapatnam,Fashion,Sneakers,Puma,Gole and Sons,143020,313,71,3.6
5096,Visakhapatnam,Fashion,Sneakers,Boat,Bhalla-Kumer,64507,340,151,3.6
5097,Visakhapatnam,Fashion,Sneakers,Apple,Suresh-Bahl,95403,226,157,4.4
5098,Visakhapatnam,Fashion,Sneakers,Dell,Thaker-Thaker,109162,471,451,4.6
5099,Visakhapatnam,Fashion,Sneakers,Dell,"Khanna, Lal and Varughese",30217,63,9,4.2
5100,Visakhapatnam,Fashion,Jacket,Prestige,Ramesh-Atwal,82158,156,123,4.5
5101,Visakhapatnam,Fashion,Jacket,LG,Madan-Khosla,59574,201,37,4.6
5102,Visakhapatnam,Fashion,Jacket,Philips,Ratta-Chakrabarti,35384,374,127,4.4
5103,Visakhapatnam,Fashion,Jacket,Mi,"Keer, Chandra and Lad",3929,192,65,4.1
5104,Visakhapatnam,Fashion,Jacket,Adidas,Sangha PLC,56933,434,55,4.5
5105,Visakhapatnam,Fashion,Watch,Tata,Gala Group,6889,241,191,4.5
5106,Visakhapatnam,Fashion,Watch,Sony,Agate LLC,14184,458,267,3.7
5107,Visakhapatnam,Fashion,Watch,Mi,Varughese-Thaker,129505,89,25,3.8
5108,Visakhapatnam,Fashion,Watch,Boat,Dalal-Kapadia,104976,421,109,4.2
5109,Visakhapatnam,Fashion,Watch,Adidas,Yadav-Ganesh,142383,40,20,3.8
5110,Visakhapatnam,Fashion,Handbag,Nike,Sachar PLC,131761,245,158,4.3
5111,Visakhapatnam,Fashion,Handbag,Philips,Hayer LLC,24335,205,76,3.6
5112,Visakhapatnam,Fashion,Handbag,Puma,"Jayaraman, Bawa and Chander",23275,491,345,4.2
5113,Visakhapatnam,Fashion,Handbag,Reliance,"Khalsa, Mand and Chauhan",115649,70,24,4.7
5114,Visakhapatnam,Fashion,Handbag,Sony,"Wagle, Dash and Chowdhury",147575,176,74,4.4
5115,Visakhapatnam,Fashion,Sunglasses,Ikea,Gala PLC,92043,101,32,4.3
5116,Visakhapatnam,Fashion,Sunglasses,Dell,Baria LLC,74474,140,12,4.6
5117,Visakhapatnam,Fashion,Sunglasses,Apple,D’Alia PLC,110172,90,30,4.0
5118,Visakhapatnam,Fashion,Sunglasses,Adidas,Kota and Sons,56187,159,107,4.9
5119,Visakhapatnam,Fashion,Sunglasses,Mi,Kohli LLC,9007,94,42,3.7
5120,Visakhapatnam,Home Appliances,Refrigerator,Apple,"Sarma, Anne and Hegde",74289,87,15,4.9
5121,Visakhapatnam,Home Appliances,Refrigerator,Mi,"Sabharwal, Mangal and Ramanathan",118386,92,46,4.8
5122,Visakhapatnam,Home Appliances,Refrigerator,Godrej,"Bumb, Garde and Agate",35947,52,32,5.0
5123,Visakhapatnam,Home Appliances,Refrigerator,Nike,Apte-Garde,75386,282,68,4.0
5124,Visakhapatnam,Home Appliances,Refrigerator,HP,"Mangat, Taneja and Raman",121366,163,42,4.6
5125,Visakhapatnam,Home Appliances,Washing Machine,Prestige,"Wable, Sheth and Karpe",59814,128,35,4.9
5126,Visakhapatnam,Home Appliances,Washing Machine,Bajaj,Char-Badal,22709,447,14,4.2
5127,Visakhapatnam,Home Appliances,Washing Machine,HP,"Bhavsar, Varughese and Bumb",127955,51,10,4.2
5128,Visakhapatnam,Home Appliances,Washing Machine,Bajaj,"Keer, Shah and Wadhwa",129850,217,112,3.7
5129,Visakhapatnam,Home Appliances,Washing Machine,Lenovo,Ben LLC,42254,208,126,4.4
5130,Visakhapatnam,Home Appliances,Microwave,Nike,Varkey Group,49083,155,82,4.1
5131,Visakhapatnam,Home Appliances,Microwave,Puma,Chakraborty and Sons,90526,274,31,4.1
5132,Visakhapatnam,Home Appliances,Microwave,Dell,Lalla-Arora,127323,167,32,5.0
5133,Visakhapatnam,Home Appliances,Microwave,Adidas,"Hari, Lal and Solanki",149609,128,117,3.8
5134,Visakhapatnam,Home Appliances,Microwave,Samsung,Vaidya-Uppal,71505,492,56,4.0
5135,Visakhapatnam,Home Appliances,Air Conditioner,Lenovo,Yogi Ltd,41251,18,3,4.4
5136,Visakhapatnam,Home Appliances,Air Conditioner,Dell,Bobal LLC,132694,95,89,5.0
5137,Visakhapatnam,Home Appliances,Air Conditioner,Puma,"Lall, Malhotra and Mahal",57334,203,182,4.6
5138,Visakhapatnam,Home Appliances,Air Conditioner,Prestige,Lata Group,21941,233,92,3.9
5139,Visakhapatnam,Home Appliances,Air Conditioner,Prestige,"Mannan, Goyal and Kota",91596,100,79,3.7
5140,Visakhapatnam,Home Appliances,Mixer Grinder,Godrej,Bhattacharyya-Batra,132427,81,25,3.9
5141,Visakhapatnam,Home Appliances,Mixer Grinder,Boat,"Dhillon, Chowdhury and Yogi",103413,333,303,4.5
5142,Visakhapatnam,Home Appliances,Mixer Grinder,Lenovo,"Dave, Bhatti and Arora",139222,448,230,3.9
5143,Visakhapatnam,Home Appliances,Mixer Grinder,LG,"Soni, Chadha and Shukla",93233,343,290,3.7
5144,Visakhapatnam,Home Appliances,Mixer Grinder,Puma,"Kibe, Sastry and Bumb",103787,454,242,3.7
5145,Visakhapatnam,Home Appliances,Vacuum Cleaner,Sony,Chakraborty PLC,129314,100,21,3.7
5146,Visakhapatnam,Home Appliances,Vacuum Cleaner,Nike,Samra-Chopra,116569,309,239,4.4
5147,Visakhapatnam,Home Appliances,Vacuum Cleaner,HP,"Mani, Ganesh and Basak",104875,79,23,4.2
5148,Visakhapatnam,Home Appliances,Vacuum Cleaner,LG,"Issac, Goswami and Dugal",146601,129,26,4.4
5149,Visakhapatnam,Home Appliances,Vacuum Cleaner,Samsung,Rau and Sons,15411,134,75,4.4
5150,Visakhapatnam,Home Appliances,Water Purifier,Sony,Thaker-Dar,125378,149,137,4.0
5151,Visakhapatnam,Home Appliances,Water Purifier,Samsung,Jayaraman Ltd,128358,187,63,3.8
5152,Visakhapatnam,Home Appliances,Water Purifier,Philips,Saxena and Sons,27628,278,89,3.7
5153,Visakhapatnam,Home Appliances,Water Purifier,Reliance,Bali-Kara,131299,274,90,4.4
5154,Visakhapatnam,Home Appliances,Water Purifier,Nike,Dua-Brar,25803,134,90,3.6
5155,Visakhapatnam,Groceries,Rice,Lenovo,"Mannan, Uppal and Johal",3379,32,24,4.7
5156,Visakhapatnam,Groceries,Rice,Samsung,"Sabharwal, Krish and Reddy",26620,408,2,3.7
5157,Visakhapatnam,Groceries,Rice,Sony,Chander-Arya,116240,464,332,4.7
5158,Visakhapatnam,Groceries,Rice,Prestige,Buch-Gara,148399,189,71,4.0
5159,Visakhapatnam,Groceries,Rice,LG,"Madan, Karpe and Sidhu",115304,13,6,4.9
5160,Visakhapatnam,Groceries,Wheat Flour,Apple,Sankaran-Rastogi,76103,226,219,4.4
5161,Visakhapatnam,Groceries,Wheat Flour,Reliance,Dutta Inc,59893,434,341,4.2
5162,Visakhapatnam,Groceries,Wheat Flour,Lenovo,Koshy PLC,20600,301,267,4.1
5163,Visakhapatnam,Groceries,Wheat Flour,Puma,"Virk, Krishnamurthy and Varughese",42483,398,77,4.0
5164,Visakhapatnam,Groceries,Wheat Flour,Sony,"Sachar, Butala and Varghese",116920,292,60,3.8
5165,Visakhapatnam,Groceries,Cooking Oil,Sony,"Dora, Kari and Mand",148866,104,6,4.8
5166,Visakhapatnam,Groceries,Cooking Oil,Samsung,"Dhar, Vala and Sangha",28003,342,8,4.5
5167,Visakhapatnam,Groceries,Cooking Oil,Ikea,Amble-Chandra,146421,175,111,4.3
5168,Visakhapatnam,Groceries,Cooking Oil,LG,"Sant, Baria and Chad",80451,323,184,4.5
5169,Visakhapatnam,Groceries,Cooking Oil,Reliance,Dugal Group,102737,114,90,4.1
5170,Visakhapatnam,Groceries,Sugar,Prestige,Madan-Joshi,37004,448,192,4.6
5171,Visakhapatnam,Groceries,Sugar,Ikea,Choudhry Inc,76462,162,107,4.5
5172,Visakhapatnam,Groceries,Sugar,Samsung,Kala-Majumdar,46281,137,1,4.8
5173,Visakhapatnam,Groceries,Sugar,LG,Deol-Vora,25959,313,225,3.8
5174,Visakhapatnam,Groceries,Sugar,LG,Dhawan-Sama,37599,299,208,3.6
5175,Visakhapatnam,Groceries,Tea Powder,Boat,Sarma Group,133755,17,8,4.9
5176,Visakhapatnam,Groceries,Tea Powder,Samsung,"Shah, Sampath and Bhardwaj",114533,393,271,4.6
5177,Visakhapatnam,Groceries,Tea Powder,Philips,Bajaj and Sons,10124,258,19,4.1
5178,Visakhapatnam,Groceries,Tea Powder,Lenovo,Jani Ltd,71092,316,169,3.8
5179,Visakhapatnam,Groceries,Tea Powder,Prestige,Tak-Sharma,72973,381,286,4.0
5180,Visakhapatnam,Groceries,Milk,HP,Bose Inc,37351,17,8,3.8
5181,Visakhapatnam,Groceries,Milk,Lenovo,Dasgupta-Vaidya,126022,499,2,4.5
5182,Visakhapatnam,Groceries,Milk,Dell,Upadhyay-Raman,111473,291,72,4.5
5183,Visakhapatnam,Groceries,Milk,Adidas,"Hegde, Keer and De",69871,252,90,4.0
5184,Visakhapatnam,Groceries,Milk,Adidas,Borra and Sons,104077,21,16,3.5
5185,Visakhapatnam,Groceries,Biscuits,Philips,"Reddy, Grover and Sabharwal",14456,10,5,3.9
5186,Visakhapatnam,Groceries,Biscuits,Prestige,Chaudhari-Deshpande,126146,371,13,3.5
5187,Visakhapatnam,Groceries,Biscuits,Lenovo,Chaudry Group,121663,489,469,4.4
5188,Visakhapatnam,Groceries,Biscuits,Mi,Varkey-Sinha,34093,12,9,3.6
5189,Visakhapatnam,Groceries,Biscuits,Bajaj,"Chopra, Venkatesh and Krishnamurthy",108430,85,4,4.1
5190,Visakhapatnam,Sports,Cricket Bat,Tata,"Shukla, Shan and Sawhney",89194,416,81,3.5
5191,Visakhapatnam,Sports,Cricket Bat,Apple,Deol Group,87476,102,68,4.7
5192,Visakhapatnam,Sports,Cricket Bat,Lenovo,Keer LLC,108143,404,288,4.1
5193,Visakhapatnam,Sports,Cricket Bat,HP,Thakkar Group,1944,205,101,4.3
5194,Visakhapatnam,Sports,Cricket Bat,Bajaj,Ramakrishnan Inc,137689,491,60,3.8
5195,Visakhapatnam,Sports,Football,Mi,Gade-Sandhu,40766,366,224,4.8
5196,Visakhapatnam,Sports,Football,Dell,Sood Inc,142086,206,106,3.9
5197,Visakhapatnam,Sports,Football,Godrej,"Chandran, Lala and Raju",55798,399,178,4.0
5198,Visakhapatnam,Sports,Football,Reliance,Walla Inc,9013,376,192,3.9
5199,Visakhapatnam,Sports,Football,Bajaj,Iyer-Dasgupta,85810,426,97,3.6
5200,Visakhapatnam,Sports,Badminton Racket,Godrej,Ramaswamy and Sons,87811,147,71,4.2
5201,Visakhapatnam,Sports,Badminton Racket,Adidas,Dutta-Guha,103151,197,12,4.2
5202,Visakhapatnam,Sports,Badminton Racket,Godrej,Kar Ltd,50604,100,12,4.1
5203,Visakhapatnam,Sports,Badminton Racket,Philips,Rajagopal PLC,12883,388,202,4.7
5204,Visakhapatnam,Sports,Badminton Racket,Lenovo,"Sengupta, Dugal and Raja",143531,262,9,4.6
5205,Visakhapatnam,Sports,Gym Gloves,Nike,"Amble, Devi and Buch",16922,192,103,5.0
5206,Visakhapatnam,Sports,Gym Gloves,LG,"Malhotra, Viswanathan and Bhatnagar",84266,90,40,3.6
5207,Visakhapatnam,Sports,Gym Gloves,Philips,Salvi-Bajaj,130920,40,3,4.7
5208,Visakhapatnam,Sports,Gym Gloves,Boat,"Gandhi, Goswami and Thaker",107139,282,56,4.7
5209,Visakhapatnam,Sports,Gym Gloves,Lenovo,Sodhi Ltd,4078,252,176,4.5
5210,Visakhapatnam,Sports,Yoga Mat,Tata,Gour-Sridhar,120898,132,18,4.6
5211,Visakhapatnam,Sports,Yoga Mat,Boat,Chopra Inc,118058,16,15,4.1
5212,Visakhapatnam,Sports,Yoga Mat,Godrej,Madan-Kota,138889,271,177,3.9
5213,Visakhapatnam,Sports,Yoga Mat,Sony,Bava Group,71875,463,18,3.6
5214,Visakhapatnam,Sports,Yoga Mat,Bajaj,Raju-Bansal,87594,296,274,4.3
5215,Visakhapatnam,Sports,Cycling Helmet,Boat,"Dada, Bakshi and Aggarwal",119304,149,22,4.0
5216,Visakhapatnam,Sports,Cycling Helmet,LG,Baral and Sons,77456,80,6,4.5
5217,Visakhapatnam,Sports,Cycling Helmet,Godrej,Sidhu-Seth,71803,269,90,4.5
5218,Visakhapatnam,Sports,Cycling Helmet,LG,Khosla-Saraf,111848,475,116,3.9
5219,Visakhapatnam,Sports,Cycling Helmet,Tata,Iyengar and Sons,88578,396,103,4.6
5220,Visakhapatnam,Beauty,Face Wash,Nike,Bali Ltd,67732,232,139,4.9
5221,Visakhapatnam,Beauty,Face Wash,HP,Kunda-Goyal,43407,77,57,3.8
5222,Visakhapatnam,Beauty,Face Wash,Adidas,"Gokhale, Kala and Agate",67957,76,65,4.0
5223,Visakhapatnam,Beauty,Face Wash,Boat,Iyengar Ltd,15357,125,63,3.9
5224,Visakhapatnam,Beauty,Face Wash,Nike,Manne LLC,43829,112,93,3.9
5225,Visakhapatnam,Beauty,Lipstick,Boat,"Kalla, Chowdhury and Solanki",26284,111,16,3.8
5226,Visakhapatnam,Beauty,Lipstick,Apple,Anne LLC,50742,208,148,3.6
5227,Visakhapatnam,Beauty,Lipstick,Tata,Dara-Mand,50970,287,211,3.6
5228,Visakhapatnam,Beauty,Lipstick,Godrej,"Edwin, Bhatti and Dube",85255,147,87,3.6
5229,Visakhapatnam,Beauty,Lipstick,Boat,Banerjee LLC,67332,243,95,3.7
5230,Visakhapatnam,Beauty,Perfume,Dell,Lad-Shere,30773,446,4,4.3
5231,Visakhapatnam,Beauty,Perfume,Ikea,Vyas LLC,84921,86,86,3.7
5232,Visakhapatnam,Beauty,Perfume,Lenovo,Talwar-Sathe,49154,493,74,5.0
5233,Visakhapatnam,Beauty,Perfume,Mi,Majumdar Inc,3772,37,10,5.0
5234,Visakhapatnam,Beauty,Perfume,Lenovo,Garde Ltd,47959,433,217,3.8
5235,Visakhapatnam,Beauty,Shampoo,Ikea,Jani and Sons,127291,468,277,3.6
5236,Visakhapatnam,Beauty,Shampoo,Tata,Sane-Deshmukh,34212,398,325,4.9
5237,Visakhapatnam,Beauty,Shampoo,Ikea,Ganesh LLC,113954,24,13,4.2
5238,Visakhapatnam,Beauty,Shampoo,Bajaj,Boase LLC,117416,100,33,3.9
5239,Visakhapatnam,Beauty,Shampoo,Apple,Chaudhary Inc,72663,317,190,4.8
5240,Visakhapatnam,Beauty,Body Lotion,LG,Jha-Wadhwa,146616,212,73,3.9
5241,Visakhapatnam,Beauty,Body Lotion,Mi,Raj Ltd,135465,271,162,4.3
5242,Visakhapatnam,Beauty,Body Lotion,Sony,Iyengar and Sons,50027,210,184,4.4
5243,Visakhapatnam,Beauty,Body Lotion,Lenovo,"Vig, Upadhyay and Viswanathan",16293,130,99,3.6
5244,Visakhapatnam,Beauty,Body Lotion,Boat,"Walia, Brahmbhatt and Rajan",73950,459,420,5.0
5245,Visakhapatnam,Beauty,Hair Dryer,Reliance,"Lata, Ram and Lad",90525,330,42,4.4
5246,Visakhapatnam,Beauty,Hair Dryer,Sony,Suri-Agate,12126,133,117,4.5
5247,Visakhapatnam,Beauty,Hair Dryer,Boat,Raju Inc,5413,113,89,4.4
5248,Visakhapatnam,Beauty,Hair Dryer,Mi,Swamy-Mani,120358,349,185,4.2
5249,Visakhapatnam,Beauty,Hair Dryer,Dell,"Iyengar, Bumb and Bedi",123227,129,103,4.9
5250,Coimbatore,Electronics,Smartphone,Nike,Shankar LLC,90077,299,289,4.7
5251,Coimbatore,Electronics,Smartphone,LG,"Biswas, Anne and Sen",140495,97,49,3.7
5252,Coimbatore,Electronics,Smartphone,Puma,"Kurian, Kuruvilla and Sankar",98015,441,66,4.6
5253,Coimbatore,Electronics,Smartphone,Philips,"Dhawan, Dua and Lad",67865,338,315,4.2
5254,Coimbatore,Electronics,Smartphone,Godrej,Buch-Arora,77014,306,219,4.5
5255,Coimbatore,Electronics,Laptop,Puma,"Halder, Bahri and Tata",33079,96,5,4.0
5256,Coimbatore,Electronics,Laptop,Ikea,Tara-Taneja,36439,443,256,4.6
5257,Coimbatore,Electronics,Laptop,Tata,"Dalal, Kapadia and Dutta",51609,101,33,3.8
5258,Coimbatore,Electronics,Laptop,Puma,Arya Inc,18441,343,132,4.1
5259,Coimbatore,Electronics,Laptop,Lenovo,Dugar LLC,29409,47,5,3.7
5260,Coimbatore,Electronics,Smart TV,Reliance,"Gandhi, Grewal and Wali",57142,33,14,4.7
5261,Coimbatore,Electronics,Smart TV,Nike,Bhatnagar-Cherian,99393,282,207,4.1
5262,Coimbatore,Electronics,Smart TV,Adidas,"Hayre, Wason and Guha",98162,221,8,4.6
5263,Coimbatore,Electronics,Smart TV,LG,"Dhar, Gour and Sood",143152,387,312,4.5
5264,Coimbatore,Electronics,Smart TV,LG,Hari Inc,38611,251,58,4.9
5265,Coimbatore,Electronics,Bluetooth Speaker,Mi,Brar Inc,60233,369,222,3.6
5266,Coimbatore,Electronics,Bluetooth Speaker,Sony,Seshadri and Sons,49557,315,233,3.8
5267,Coimbatore,Electronics,Bluetooth Speaker,Puma,Solanki-Kothari,113677,142,15,3.7
5268,Coimbatore,Electronics,Bluetooth Speaker,Boat,Tella-Borde,41890,130,92,5.0
5269,Coimbatore,Electronics,Bluetooth Speaker,HP,Ganesh Group,126087,33,25,4.7
5270,Coimbatore,Electronics,Tablet,Sony,Babu-Sidhu,60563,190,148,4.3
5271,Coimbatore,Electronics,Tablet,Sony,Sule and Sons,114799,261,141,4.0
5272,Coimbatore,Electronics,Tablet,Tata,Sarin-Barman,126654,435,270,4.4
5273,Coimbatore,Electronics,Tablet,Adidas,Ganesan-Dass,9772,59,25,4.3
5274,Coimbatore,Electronics,Tablet,Boat,Tank-Sethi,32627,67,58,3.9
5275,Coimbatore,Electronics,Gaming Console,Boat,Dasgupta Group,107673,29,5,4.1
5276,Coimbatore,Electronics,Gaming Console,Puma,Wali PLC,53707,238,203,4.2
5277,Coimbatore,Electronics,Gaming Console,Mi,Chadha-Kapur,102313,345,217,3.7
5278,Coimbatore,Electronics,Gaming Console,Nike,"Dara, Gulati and Ramaswamy",72551,19,19,4.1
5279,Coimbatore,Electronics,Gaming Console,Adidas,"Hans, Mahal and Sen",34557,496,486,4.4
5280,Coimbatore,Electronics,Smart Watch,Boat,Chahal PLC,59043,491,406,4.8
5281,Coimbatore,Electronics,Smart Watch,Apple,Saxena-Sood,91468,271,184,3.5
5282,Coimbatore,Electronics,Smart Watch,Lenovo,"Dutt, Gole and Mann",56677,237,36,3.8
5283,Coimbatore,Electronics,Smart Watch,Boat,Lad-Lanka,28389,367,232,4.0
5284,Coimbatore,Electronics,Smart Watch,Mi,"Venkataraman, Butala and Rout",76066,374,296,4.4
5285,Coimbatore,Electronics,Headphones,Mi,Bhakta-Bhatt,84812,248,60,4.3
5286,Coimbatore,Electronics,Headphones,Samsung,"Arya, Sule and Khanna",34799,73,73,3.9
5287,Coimbatore,Electronics,Headphones,Adidas,Mannan-Dhaliwal,43896,374,234,3.9
5288,Coimbatore,Electronics,Headphones,Boat,"Banerjee, Chad and Gupta",61413,109,41,5.0
5289,Coimbatore,Electronics,Headphones,Adidas,"Sachar, Ahuja and Kadakia",28553,430,411,4.6
5290,Coimbatore,Furniture,Sofa,Adidas,"Banerjee, Srinivas and Dani",124278,200,176,4.6
5291,Coimbatore,Furniture,Sofa,Godrej,"Kala, Bhardwaj and Vohra",98807,315,63,4.2
5292,Coimbatore,Furniture,Sofa,Boat,Jhaveri-Seshadri,13654,286,70,3.5
5293,Coimbatore,Furniture,Sofa,Mi,"Dugar, Kothari and Chada",80460,248,62,4.0
5294,Coimbatore,Furniture,Sofa,Dell,Chopra PLC,28320,145,70,4.2
5295,Coimbatore,Furniture,Dining Table,Apple,Guha Group,96528,358,262,4.2
5296,Coimbatore,Furniture,Dining Table,Bajaj,Sawhney-Goyal,90896,84,37,4.5
5297,Coimbatore,Furniture,Dining Table,Samsung,Kaur-Kohli,66809,273,143,4.9
5298,Coimbatore,Furniture,Dining Table,Ikea,"Seshadri, Halder and Apte",107402,351,93,4.7
5299,Coimbatore,Furniture,Dining Table,Godrej,Soni-Ganguly,99509,171,72,3.9
5300,Coimbatore,Furniture,Office Chair,Tata,Cherian LLC,105578,458,441,4.7
5301,Coimbatore,Furniture,Office Chair,Apple,Hegde-Dhar,144039,247,47,4.8
5302,Coimbatore,Furniture,Office Chair,Samsung,Sethi and Sons,18049,103,58,4.7
5303,Coimbatore,Furniture,Office Chair,Sony,"Boase, Datta and Gera",28169,87,86,4.5
5304,Coimbatore,Furniture,Office Chair,Adidas,"Kant, Doctor and Amble",128557,195,170,3.7
5305,Coimbatore,Furniture,Bed,LG,Mahajan Group,136815,78,18,4.9
5306,Coimbatore,Furniture,Bed,LG,"Bhagat, Bhasin and Borra",107429,18,10,3.8
5307,Coimbatore,Furniture,Bed,Ikea,Upadhyay PLC,50058,101,2,4.0
5308,Coimbatore,Furniture,Bed,Samsung,Bora-Rout,27237,133,76,4.5
5309,Coimbatore,Furniture,Bed,Sony,Badami Inc,107970,114,5,4.0
5310,Coimbatore,Furniture,Wardrobe,Boat,"Raju, Vala and Varty",143193,429,397,4.6
5311,Coimbatore,Furniture,Wardrobe,Puma,Malhotra and Sons,145072,400,372,4.2
5312,Coimbatore,Furniture,Wardrobe,Boat,Kalita Inc,129093,372,116,4.3
5313,Coimbatore,Furniture,Wardrobe,Bajaj,Agarwal LLC,100916,404,47,4.5
5314,Coimbatore,Furniture,Wardrobe,Puma,"Ahluwalia, Babu and Yogi",79351,79,30,4.9
5315,Coimbatore,Furniture,Bookshelf,Apple,"Ratti, Comar and Chada",57838,18,1,3.6
5316,Coimbatore,Furniture,Bookshelf,Prestige,Ramesh LLC,101685,310,281,3.5
5317,Coimbatore,Furniture,Bookshelf,Godrej,Bhargava LLC,63305,151,88,4.6
5318,Coimbatore,Furniture,Bookshelf,Bajaj,Swaminathan LLC,102524,118,86,4.3
5319,Coimbatore,Furniture,Bookshelf,Sony,Wadhwa Group,148758,452,379,3.7
5320,Coimbatore,Furniture,Coffee Table,Samsung,Sridhar Ltd,9226,448,94,4.1
5321,Coimbatore,Furniture,Coffee Table,Puma,Ratti-Gour,146093,213,210,4.5
5322,Coimbatore,Furniture,Coffee Table,Ikea,Loke-Bail,10554,21,15,4.1
5323,Coimbatore,Furniture,Coffee Table,Lenovo,"Ranganathan, Madan and Dhillon",119587,141,141,5.0
5324,Coimbatore,Furniture,Coffee Table,Adidas,Gulati and Sons,16218,316,84,4.8
5325,Coimbatore,Furniture,TV Unit,Boat,"Manda, Gola and Kala",136116,323,283,4.9
5326,Coimbatore,Furniture,TV Unit,Dell,Sharma Ltd,68077,230,48,4.6
5327,Coimbatore,Furniture,TV Unit,Reliance,Karnik Inc,126795,333,142,4.9
5328,Coimbatore,Furniture,TV Unit,HP,Balan Inc,29951,14,3,3.9
5329,Coimbatore,Furniture,TV Unit,Apple,Deo-Sahni,55744,205,35,4.1
5330,Coimbatore,Fashion,T-Shirt,Tata,Singh-Edwin,112670,173,143,4.4
5331,Coimbatore,Fashion,T-Shirt,Bajaj,Magar-Taneja,108858,200,5,4.1
5332,Coimbatore,Fashion,T-Shirt,Tata,Rattan-Soman,41063,493,5,3.7
5333,Coimbatore,Fashion,T-Shirt,Samsung,"Shukla, Hegde and Varkey",44920,59,44,4.4
5334,Coimbatore,Fashion,T-Shirt,Apple,Bhavsar PLC,65608,156,7,5.0
5335,Coimbatore,Fashion,Jeans,Reliance,Randhawa Ltd,63614,18,4,4.2
5336,Coimbatore,Fashion,Jeans,Nike,"Kota, Tata and Bandi",109059,36,6,3.9
5337,Coimbatore,Fashion,Jeans,Lenovo,Amble-Brahmbhatt,81674,345,339,3.9
5338,Coimbatore,Fashion,Jeans,Apple,"Wali, Kannan and Sood",73044,149,141,4.8
5339,Coimbatore,Fashion,Jeans,Ikea,Babu Group,38227,425,183,4.5
5340,Coimbatore,Fashion,Kurti,Tata,Srinivasan-Joshi,143000,171,103,4.2
5341,Coimbatore,Fashion,Kurti,Puma,Gokhale-Chander,78293,353,293,3.7
5342,Coimbatore,Fashion,Kurti,Bajaj,"Babu, Ganesan and Arora",133753,478,169,3.7
5343,Coimbatore,Fashion,Kurti,Dell,"Lal, Chada and Gupta",65136,384,83,4.9
5344,Coimbatore,Fashion,Kurti,Apple,"Arya, Kata and Raj",132811,380,41,4.8
5345,Coimbatore,Fashion,Sneakers,Dell,Srinivasan-Chanda,10775,489,90,4.9
5346,Coimbatore,Fashion,Sneakers,LG,"Acharya, Walia and Balan",30247,275,52,3.6
5347,Coimbatore,Fashion,Sneakers,Reliance,Warrior PLC,121922,152,73,3.9
5348,Coimbatore,Fashion,Sneakers,Reliance,"Kothari, Kari and Sanghvi",81929,324,209,4.0
5349,Coimbatore,Fashion,Sneakers,Mi,Kadakia-Ben,118710,111,70,4.3
5350,Coimbatore,Fashion,Jacket,Bajaj,Kanda Inc,110582,406,237,3.6
5351,Coimbatore,Fashion,Jacket,Godrej,Bains Ltd,50757,11,1,5.0
5352,Coimbatore,Fashion,Jacket,Apple,Soni-Thakur,139574,300,89,4.2
5353,Coimbatore,Fashion,Jacket,Apple,"Keer, Bhatia and Bava",117885,341,126,4.0
5354,Coimbatore,Fashion,Jacket,Boat,"Vohra, Badami and Bawa",53195,207,152,3.5
5355,Coimbatore,Fashion,Watch,Reliance,Desai Inc,121904,412,218,4.0
5356,Coimbatore,Fashion,Watch,Apple,Chakrabarti-Aurora,128991,417,396,4.1
5357,Coimbatore,Fashion,Watch,Sony,Sarkar-Grewal,87485,200,82,4.1
5358,Coimbatore,Fashion,Watch,Philips,Chada-Arya,41571,74,24,4.5
5359,Coimbatore,Fashion,Watch,Philips,Sodhi LLC,11734,104,104,3.7
5360,Coimbatore,Fashion,Handbag,Reliance,Johal-Madan,23685,280,212,4.5
5361,Coimbatore,Fashion,Handbag,Bajaj,"Gade, Dalal and Loke",65814,399,89,3.8
5362,Coimbatore,Fashion,Handbag,Ikea,"Rege, Ratti and Mahajan",58308,123,116,4.4
5363,Coimbatore,Fashion,Handbag,Godrej,"Verma, Contractor and Ganguly",33400,141,52,3.6
5364,Coimbatore,Fashion,Handbag,Samsung,Bhat LLC,115870,386,153,3.9
5365,Coimbatore,Fashion,Sunglasses,Tata,Wable-Subramaniam,36671,203,171,3.6
5366,Coimbatore,Fashion,Sunglasses,Boat,Srivastava LLC,83001,434,325,4.8
5367,Coimbatore,Fashion,Sunglasses,Samsung,Thakkar-Varma,77975,283,136,4.9
5368,Coimbatore,Fashion,Sunglasses,Nike,"Rama, Dyal and Banerjee",7466,454,185,4.4
5369,Coimbatore,Fashion,Sunglasses,Philips,Boase-Sur,19179,324,258,4.5
5370,Coimbatore,Home Appliances,Refrigerator,Prestige,Goel Group,50496,173,3,4.9
5371,Coimbatore,Home Appliances,Refrigerator,Nike,Chaudhari LLC,26691,97,40,3.9
5372,Coimbatore,Home Appliances,Refrigerator,Lenovo,Kaur-Deep,104284,367,344,4.9
5373,Coimbatore,Home Appliances,Refrigerator,Tata,"Shenoy, Taneja and Rastogi",108539,365,27,3.6
5374,Coimbatore,Home Appliances,Refrigerator,Prestige,Gandhi-Ratti,138890,305,98,4.8
5375,Coimbatore,Home Appliances,Washing Machine,Adidas,Mangal PLC,149699,337,26,4.0
5376,Coimbatore,Home Appliances,Washing Machine,Adidas,Das Inc,17079,136,85,3.7
5377,Coimbatore,Home Appliances,Washing Machine,Godrej,Rajan-Bhatia,45287,488,70,5.0
5378,Coimbatore,Home Appliances,Washing Machine,Dell,Date Group,9855,83,74,4.8
5379,Coimbatore,Home Appliances,Washing Machine,Prestige,"Batra, Cherian and Ratti",45434,278,198,3.7
5380,Coimbatore,Home Appliances,Microwave,Adidas,Kamdar Group,65831,202,6,4.2
5381,Coimbatore,Home Appliances,Microwave,Philips,Mand LLC,91860,240,92,3.7
5382,Coimbatore,Home Appliances,Microwave,Tata,Sarin Group,23372,91,35,3.6
5383,Coimbatore,Home Appliances,Microwave,Dell,Bajaj PLC,70957,201,126,4.2
5384,Coimbatore,Home Appliances,Microwave,HP,"Yohannan, Ramanathan and Rana",108581,153,115,4.9
5385,Coimbatore,Home Appliances,Air Conditioner,Sony,"Jaggi, Virk and Divan",82041,128,15,3.8
5386,Coimbatore,Home Appliances,Air Conditioner,Sony,"Brahmbhatt, Bedi and Rattan",15313,280,215,4.3
5387,Coimbatore,Home Appliances,Air Conditioner,Puma,Gaba-Ganesan,65839,198,132,4.6
5388,Coimbatore,Home Appliances,Air Conditioner,Philips,Krishnamurthy Group,13720,478,156,4.3
5389,Coimbatore,Home Appliances,Air Conditioner,Philips,Sankar-Reddy,22527,42,25,4.5
5390,Coimbatore,Home Appliances,Mixer Grinder,Nike,"Sant, Bhakta and Khare",90528,310,293,4.3
5391,Coimbatore,Home Appliances,Mixer Grinder,HP,"Dewan, Ahuja and Choudhury",84619,488,387,4.5
5392,Coimbatore,Home Appliances,Mixer Grinder,Tata,Dalal-Balan,126149,453,37,3.9
5393,Coimbatore,Home Appliances,Mixer Grinder,Philips,Shankar LLC,42928,50,34,4.5
5394,Coimbatore,Home Appliances,Mixer Grinder,Lenovo,Uppal-Zacharia,142668,237,95,3.6
5395,Coimbatore,Home Appliances,Vacuum Cleaner,Boat,Rau-Seth,43024,351,108,3.7
5396,Coimbatore,Home Appliances,Vacuum Cleaner,Bajaj,"Chad, Balasubramanian and Sanghvi",84393,312,290,3.7
5397,Coimbatore,Home Appliances,Vacuum Cleaner,Sony,"Chowdhury, Bhatt and Sabharwal",120274,209,22,3.5
5398,Coimbatore,Home Appliances,Vacuum Cleaner,Lenovo,"Batta, Sinha and Ramakrishnan",118568,287,165,3.5
5399,Coimbatore,Home Appliances,Vacuum Cleaner,Reliance,"Mand, Dugar and Butala",9097,153,125,4.1
5400,Coimbatore,Home Appliances,Water Purifier,Prestige,"Sankaran, Bhandari and Bedi",9440,24,11,4.4
5401,Coimbatore,Home Appliances,Water Purifier,LG,"Khosla, Behl and Verma",114253,91,34,4.2
5402,Coimbatore,Home Appliances,Water Purifier,Prestige,Bahri Ltd,89371,102,28,4.3
5403,Coimbatore,Home Appliances,Water Purifier,Philips,"Sule, Bawa and Chand",51982,400,57,4.1
5404,Coimbatore,Home Appliances,Water Purifier,Tata,Rau-Sanghvi,82111,422,17,4.3
5405,Coimbatore,Groceries,Rice,HP,"Sheth, Sundaram and Bora",80807,214,25,4.9
5406,Coimbatore,Groceries,Rice,HP,"Raj, Kannan and Ben",51927,322,53,4.8
5407,Coimbatore,Groceries,Rice,Philips,De-Shanker,137704,348,137,4.0
5408,Coimbatore,Groceries,Rice,Apple,Sanghvi-Deshmukh,41014,260,155,4.3
5409,Coimbatore,Groceries,Rice,HP,"Rastogi, Manne and Raj",39089,354,186,3.7
5410,Coimbatore,Groceries,Wheat Flour,Lenovo,Sandhu Ltd,146968,346,56,3.7
5411,Coimbatore,Groceries,Wheat Flour,Sony,Sachdeva-Bhat,44492,466,90,4.8
5412,Coimbatore,Groceries,Wheat Flour,Mi,Sawhney LLC,108345,164,44,4.6
5413,Coimbatore,Groceries,Wheat Flour,Godrej,"Issac, Anand and D’Alia",24746,82,6,4.6
5414,Coimbatore,Groceries,Wheat Flour,Ikea,"Samra, Saxena and Singhal",44345,55,32,4.0
5415,Coimbatore,Groceries,Cooking Oil,LG,"Sur, Sekhon and Vyas",83571,57,49,4.7
5416,Coimbatore,Groceries,Cooking Oil,Philips,Apte-Majumdar,120900,359,207,4.7
5417,Coimbatore,Groceries,Cooking Oil,HP,"Anand, Ramachandran and Dara",74592,314,179,4.5
5418,Coimbatore,Groceries,Cooking Oil,Godrej,Rajagopalan-Khosla,8266,335,191,4.7
5419,Coimbatore,Groceries,Cooking Oil,Adidas,Lal Ltd,65232,94,13,4.4
5420,Coimbatore,Groceries,Sugar,Tata,"Madan, Lad and Bajwa",146039,341,193,3.5
5421,Coimbatore,Groceries,Sugar,Tata,Bhattacharyya Inc,90844,438,167,4.9
5422,Coimbatore,Groceries,Sugar,Nike,Dhar Group,83741,456,351,4.2
5423,Coimbatore,Groceries,Sugar,Dell,"Contractor, Sane and Chatterjee",74192,207,36,4.9
5424,Coimbatore,Groceries,Sugar,Puma,Amble Group,57443,172,107,3.9
5425,Coimbatore,Groceries,Tea Powder,Samsung,"Hari, Chander and Acharya",12434,484,388,3.8
5426,Coimbatore,Groceries,Tea Powder,Sony,Amble-Krish,51629,375,166,4.6
5427,Coimbatore,Groceries,Tea Powder,Apple,Raval PLC,29042,306,258,3.6
5428,Coimbatore,Groceries,Tea Powder,Prestige,Sami-Baria,67445,190,41,4.5
5429,Coimbatore,Groceries,Tea Powder,Adidas,Borah Ltd,126329,351,228,3.5
5430,Coimbatore,Groceries,Milk,Prestige,Sachar-Tank,1986,328,60,3.5
5431,Coimbatore,Groceries,Milk,Samsung,Shenoy-Sekhon,8212,53,2,5.0
5432,Coimbatore,Groceries,Milk,HP,Krish-Deo,76866,64,56,3.8
5433,Coimbatore,Groceries,Milk,Philips,Khare LLC,96957,89,77,4.6
5434,Coimbatore,Groceries,Milk,Boat,Choudhury LLC,41694,475,443,3.8
5435,Coimbatore,Groceries,Biscuits,Mi,"Chand, Raman and Bala",40704,55,33,5.0
5436,Coimbatore,Groceries,Biscuits,Godrej,Jaggi-Savant,51855,238,173,3.7
5437,Coimbatore,Groceries,Biscuits,Philips,"Sagar, Basak and Dave",19582,269,3,3.8
5438,Coimbatore,Groceries,Biscuits,HP,Sur-Kade,130168,380,289,4.9
5439,Coimbatore,Groceries,Biscuits,Adidas,Venkatesh-Chahal,22529,208,104,4.6
5440,Coimbatore,Sports,Cricket Bat,Lenovo,Saha LLC,46387,411,175,3.6
5441,Coimbatore,Sports,Cricket Bat,Puma,Kashyap Group,148580,390,220,4.1
5442,Coimbatore,Sports,Cricket Bat,LG,"Das, Uppal and Chhabra",39108,219,74,3.6
5443,Coimbatore,Sports,Cricket Bat,Dell,Kurian Ltd,71056,295,149,4.0
5444,Coimbatore,Sports,Cricket Bat,Philips,Dubey and Sons,82929,350,158,4.6
5445,Coimbatore,Sports,Football,Samsung,Devi-Sanghvi,54799,65,32,4.4
5446,Coimbatore,Sports,Football,Tata,Grover-Dube,39709,176,52,3.8
5447,Coimbatore,Sports,Football,Puma,"Basak, Khare and Aggarwal",149445,293,148,4.2
5448,Coimbatore,Sports,Football,Dell,Vala Inc,105062,316,131,3.6
5449,Coimbatore,Sports,Football,Boat,"Grewal, Majumdar and Kuruvilla",12534,108,104,3.9
5450,Coimbatore,Sports,Badminton Racket,Puma,"Bora, Saini and Bhatnagar",28466,310,264,4.2
5451,Coimbatore,Sports,Badminton Racket,HP,"Thakkar, Salvi and Dara",129976,402,339,4.3
5452,Coimbatore,Sports,Badminton Racket,Lenovo,Sibal-Dani,25315,254,192,3.6
5453,Coimbatore,Sports,Badminton Racket,Mi,"Shere, Iyengar and Khurana",8337,401,33,4.1
5454,Coimbatore,Sports,Badminton Racket,Reliance,Ahuja PLC,90042,394,106,4.2
5455,Coimbatore,Sports,Gym Gloves,Ikea,"Cherian, Hora and Karnik",38966,382,206,4.9
5456,Coimbatore,Sports,Gym Gloves,Mi,Zachariah-Raju,68986,169,21,4.4
5457,Coimbatore,Sports,Gym Gloves,Tata,Varghese-Taneja,127495,249,95,3.8
5458,Coimbatore,Sports,Gym Gloves,Dell,"Warrior, Singhal and Ganguly",61295,281,72,4.8
5459,Coimbatore,Sports,Gym Gloves,Philips,"Kala, Kumar and Sant",57291,392,211,4.2
5460,Coimbatore,Sports,Yoga Mat,Puma,Reddy-Chaudhry,140726,103,29,4.2
5461,Coimbatore,Sports,Yoga Mat,Nike,Borra Group,36214,478,349,4.4
5462,Coimbatore,Sports,Yoga Mat,Puma,"Jain, Rajagopalan and Vora",36187,149,18,3.8
5463,Coimbatore,Sports,Yoga Mat,Sony,Koshy-Chad,107782,212,1,4.4
5464,Coimbatore,Sports,Yoga Mat,Philips,Deshmukh PLC,60999,127,51,3.7
5465,Coimbatore,Sports,Cycling Helmet,Adidas,Amble-Sani,32513,43,9,3.9
5466,Coimbatore,Sports,Cycling Helmet,Ikea,"Mann, Ahuja and Mander",106484,241,154,4.8
5467,Coimbatore,Sports,Cycling Helmet,Nike,"Kothari, Sharma and Samra",147957,255,106,4.9
5468,Coimbatore,Sports,Cycling Helmet,Bajaj,"Jha, Cherian and Chauhan",133757,246,214,3.9
5469,Coimbatore,Sports,Cycling Helmet,Boat,Gandhi-Handa,137015,422,113,4.6
5470,Coimbatore,Beauty,Face Wash,Nike,Chawla Group,105452,378,112,4.3
5471,Coimbatore,Beauty,Face Wash,Samsung,Vaidya and Sons,19140,292,38,3.9
5472,Coimbatore,Beauty,Face Wash,Reliance,Tata Inc,22085,16,15,3.8
5473,Coimbatore,Beauty,Face Wash,Reliance,Iyengar-Dhawan,103406,166,10,3.8
5474,Coimbatore,Beauty,Face Wash,Samsung,Kota Inc,145029,102,17,4.9
5475,Coimbatore,Beauty,Lipstick,Apple,Chanda-Gupta,71106,405,220,4.2
5476,Coimbatore,Beauty,Lipstick,Samsung,Bala PLC,5785,276,197,4.5
5477,Coimbatore,Beauty,Lipstick,HP,Hora-Mander,77949,131,39,4.2
5478,Coimbatore,Beauty,Lipstick,Sony,Kala Inc,90151,157,153,4.2
5479,Coimbatore,Beauty,Lipstick,Prestige,"Salvi, Sathe and Dara",100795,147,116,4.2
5480,Coimbatore,Beauty,Perfume,Boat,Guha-Rout,63379,242,69,3.5
5481,Coimbatore,Beauty,Perfume,Nike,Jaggi and Sons,144913,43,5,4.0
5482,Coimbatore,Beauty,Perfume,Puma,"Deol, Arya and Gola",117945,368,265,3.7
5483,Coimbatore,Beauty,Perfume,Reliance,"Boase, Goyal and Bhatia",18488,479,275,3.5
5484,Coimbatore,Beauty,Perfume,Sony,Shah-Madan,67143,269,140,4.8
5485,Coimbatore,Beauty,Shampoo,Prestige,"Kunda, Goda and Subramanian",45775,99,81,4.0
5486,Coimbatore,Beauty,Shampoo,Adidas,Savant-Soni,129382,30,9,4.8
5487,Coimbatore,Beauty,Shampoo,Lenovo,Gokhale-Suresh,4587,377,24,4.3
5488,Coimbatore,Beauty,Shampoo,Ikea,"Ram, Rajagopalan and Ratti",124417,160,62,4.3
5489,Coimbatore,Beauty,Shampoo,Dell,Banerjee and Sons,148804,453,30,4.8
5490,Coimbatore,Beauty,Body Lotion,Samsung,Chawla Inc,32547,142,22,4.0
5491,Coimbatore,Beauty,Body Lotion,Godrej,Bhavsar-Jani,16351,47,10,3.7
5492,Coimbatore,Beauty,Body Lotion,Mi,Ganesan Inc,982,114,12,4.4
5493,Coimbatore,Beauty,Body Lotion,Prestige,"Anne, Contractor and Bala",19757,426,279,5.0
5494,Coimbatore,Beauty,Body Lotion,Puma,"Bera, Borde and Dyal",67763,391,105,3.9
5495,Coimbatore,Beauty,Hair Dryer,Boat,Kota Group,57185,13,2,4.1
5496,Coimbatore,Beauty,Hair Dryer,Samsung,"Bahri, Badami and Chauhan",44976,495,199,5.0
5497,Coimbatore,Beauty,Hair Dryer,LG,Ghosh Ltd,140432,48,10,4.3
5498,Coimbatore,Beauty,Hair Dryer,Mi,"Agrawal, Comar and Bhandari",146100,208,190,4.5
5499,Coimbatore,Beauty,Hair Dryer,Lenovo,Savant-Bose,5458,40,34,4.6
5500,Mysuru,Electronics,Smartphone,Puma,Mander-Shankar,149604,462,398,4.6
5501,Mysuru,Electronics,Smartphone,Boat,"Sood, Bassi and Agrawal",149858,415,390,4.0
5502,Mysuru,Electronics,Smartphone,Boat,"Sarkar, Dixit and Tella",40469,137,79,5.0
5503,Mysuru,Electronics,Smartphone,Prestige,Shenoy-Wali,17965,75,74,3.8
5504,Mysuru,Electronics,Smartphone,Philips,Mallick-Bajwa,48587,85,29,4.4
5505,Mysuru,Electronics,Laptop,Dell,Cheema Inc,82633,202,67,3.8
5506,Mysuru,Electronics,Laptop,Dell,"Sunder, Handa and Bali",127639,197,81,3.6
5507,Mysuru,Electronics,Laptop,Puma,Bhatti-Biswas,126547,410,259,4.7
5508,Mysuru,Electronics,Laptop,Dell,Andra and Sons,115311,67,36,3.7
5509,Mysuru,Electronics,Laptop,Dell,"Manda, Baria and Raj",34184,141,102,4.0
5510,Mysuru,Electronics,Smart TV,Sony,Gola-Lalla,61794,264,66,4.1
5511,Mysuru,Electronics,Smart TV,Ikea,"Keer, Dyal and Sawhney",28644,64,62,4.8
5512,Mysuru,Electronics,Smart TV,Ikea,"Joshi, Sharma and Dugal",77093,319,122,4.3
5513,Mysuru,Electronics,Smart TV,Nike,Jain-Shroff,8024,500,389,4.4
5514,Mysuru,Electronics,Smart TV,Reliance,Suri-Walia,27531,281,53,4.5
5515,Mysuru,Electronics,Bluetooth Speaker,HP,"Mani, Shroff and Garde",82757,226,139,4.1
5516,Mysuru,Electronics,Bluetooth Speaker,Adidas,"Dasgupta, Magar and Ratta",127482,219,75,4.0
5517,Mysuru,Electronics,Bluetooth Speaker,Ikea,Jayaraman-Dhawan,97713,242,165,4.6
5518,Mysuru,Electronics,Bluetooth Speaker,Ikea,"Mangat, Dhillon and Jain",18915,147,6,3.5
5519,Mysuru,Electronics,Bluetooth Speaker,Dell,"Gour, Suresh and Bajaj",14882,200,48,4.6
5520,Mysuru,Electronics,Tablet,Sony,"Varghese, Bansal and Bath",88570,270,148,4.7
5521,Mysuru,Electronics,Tablet,Godrej,Goswami Inc,12703,124,82,4.6
5522,Mysuru,Electronics,Tablet,HP,Barad PLC,137915,250,110,4.4
5523,Mysuru,Electronics,Tablet,Lenovo,Som PLC,93236,498,467,4.2
5524,Mysuru,Electronics,Tablet,Mi,Datta-Dalal,149681,255,163,4.1
5525,Mysuru,Electronics,Gaming Console,Ikea,Verma-Joshi,130759,29,29,3.7
5526,Mysuru,Electronics,Gaming Console,Puma,Vora-Balay,25259,185,127,4.9
5527,Mysuru,Electronics,Gaming Console,Bajaj,"Talwar, Bedi and Loke",52223,52,2,3.8
5528,Mysuru,Electronics,Gaming Console,Prestige,Kamdar PLC,111886,469,23,3.6
5529,Mysuru,Electronics,Gaming Console,Ikea,"Iyengar, Kari and Sha",96610,63,26,4.5
5530,Mysuru,Electronics,Smart Watch,Adidas,Bose Group,47387,357,30,4.7
5531,Mysuru,Electronics,Smart Watch,Apple,Ratti PLC,146601,293,265,4.7
5532,Mysuru,Electronics,Smart Watch,Prestige,Kapoor PLC,49647,425,182,4.1
5533,Mysuru,Electronics,Smart Watch,Nike,"Korpal, Dasgupta and Mani",116692,267,30,4.5
5534,Mysuru,Electronics,Smart Watch,Puma,"Kibe, Ghosh and Warrior",102138,303,213,4.9
5535,Mysuru,Electronics,Headphones,Puma,Apte Group,5655,61,8,4.0
5536,Mysuru,Electronics,Headphones,Godrej,Divan-Butala,76578,187,173,4.8
5537,Mysuru,Electronics,Headphones,LG,Trivedi Group,40432,453,271,4.4
5538,Mysuru,Electronics,Headphones,LG,"Sekhon, Khatri and Bhatt",44986,20,6,4.4
5539,Mysuru,Electronics,Headphones,Samsung,"Vig, Chhabra and Taneja",141802,177,33,3.7
5540,Mysuru,Furniture,Sofa,HP,Verma and Sons,46268,66,25,5.0
5541,Mysuru,Furniture,Sofa,Bajaj,"Vora, Ramesh and Iyengar",69303,118,8,3.9
5542,Mysuru,Furniture,Sofa,Bajaj,Kulkarni and Sons,26393,351,51,4.1
5543,Mysuru,Furniture,Sofa,Sony,"Kota, Sandal and Tiwari",31225,285,24,4.0
5544,Mysuru,Furniture,Sofa,Godrej,Basu-Mahajan,66201,366,310,4.3
5545,Mysuru,Furniture,Dining Table,Mi,Bhakta-Raj,103007,386,314,4.1
5546,Mysuru,Furniture,Dining Table,Nike,"Chana, Chaudhari and Agate",5253,137,93,4.8
5547,Mysuru,Furniture,Dining Table,HP,Barman Group,6742,436,375,5.0
5548,Mysuru,Furniture,Dining Table,Philips,Bhatia-Chandran,85327,256,115,4.6
5549,Mysuru,Furniture,Dining Table,Dell,Bahri PLC,4119,390,193,4.0
5550,Mysuru,Furniture,Office Chair,LG,Chauhan-Chakraborty,33786,268,112,4.5
5551,Mysuru,Furniture,Office Chair,Tata,Majumdar-Barad,135405,239,11,4.4
5552,Mysuru,Furniture,Office Chair,HP,Banik-Grover,122184,256,171,4.6
5553,Mysuru,Furniture,Office Chair,Samsung,"Sandhu, Bhavsar and Hayer",93168,138,109,4.2
5554,Mysuru,Furniture,Office Chair,Apple,Ramachandran-Sani,128453,373,173,4.6
5555,Mysuru,Furniture,Bed,Adidas,Brar PLC,126067,293,15,4.3
5556,Mysuru,Furniture,Bed,Sony,Bhargava-Bawa,132649,392,1,4.7
5557,Mysuru,Furniture,Bed,Godrej,Sant and Sons,28574,49,37,4.8
5558,Mysuru,Furniture,Bed,Sony,"Biswas, Deol and Sunder",12376,443,102,4.9
5559,Mysuru,Furniture,Bed,Nike,"Gola, Gaba and Vasa",129713,322,174,4.5
5560,Mysuru,Furniture,Wardrobe,Mi,Sankar-Bath,60235,337,119,4.3
5561,Mysuru,Furniture,Wardrobe,Reliance,"Kanda, Dora and Wable",137056,118,53,4.0
5562,Mysuru,Furniture,Wardrobe,Reliance,"Gade, Dube and Deshpande",104571,225,203,3.5
5563,Mysuru,Furniture,Wardrobe,Mi,"Wason, Bhakta and Sanghvi",83710,423,394,5.0
5564,Mysuru,Furniture,Wardrobe,LG,Raval PLC,141138,43,1,4.5
5565,Mysuru,Furniture,Bookshelf,Prestige,Lall PLC,4030,140,68,3.7
5566,Mysuru,Furniture,Bookshelf,Sony,"Lala, Kala and Dube",37682,179,130,4.0
5567,Mysuru,Furniture,Bookshelf,Philips,Loyal-Sarma,114008,231,46,3.7
5568,Mysuru,Furniture,Bookshelf,HP,Jaggi LLC,136439,384,115,3.9
5569,Mysuru,Furniture,Bookshelf,Philips,Yohannan Inc,15017,84,28,4.6
5570,Mysuru,Furniture,Coffee Table,Boat,Toor-Devi,35853,224,163,4.2
5571,Mysuru,Furniture,Coffee Table,Sony,Grover and Sons,68388,257,109,4.7
5572,Mysuru,Furniture,Coffee Table,Tata,"Savant, Das and Chacko",29701,357,227,4.1
5573,Mysuru,Furniture,Coffee Table,Godrej,Datta Group,36980,259,53,4.0
5574,Mysuru,Furniture,Coffee Table,Godrej,Choudhry-Bobal,125048,405,181,4.8
5575,Mysuru,Furniture,TV Unit,Tata,"Lall, Deo and Vohra",17643,437,49,4.0
5576,Mysuru,Furniture,TV Unit,Samsung,"Dara, Chhabra and Wason",142643,121,3,4.3
5577,Mysuru,Furniture,TV Unit,Prestige,"Dayal, Khanna and Shroff",11078,233,57,5.0
5578,Mysuru,Furniture,TV Unit,Adidas,"Agrawal, Kota and Chaudhari",33739,374,123,5.0
5579,Mysuru,Furniture,TV Unit,HP,"Dar, Dhar and Randhawa",143789,420,298,4.2
5580,Mysuru,Fashion,T-Shirt,Philips,Ghosh LLC,93857,476,173,4.5
5581,Mysuru,Fashion,T-Shirt,Lenovo,Sarma-Mahal,137489,456,79,3.9
5582,Mysuru,Fashion,T-Shirt,Philips,"Varkey, Bhagat and Mani",145464,25,11,4.1
5583,Mysuru,Fashion,T-Shirt,Mi,Choudhry Ltd,15962,179,5,4.3
5584,Mysuru,Fashion,T-Shirt,Reliance,Gade PLC,146899,181,120,4.2
5585,Mysuru,Fashion,Jeans,Prestige,Agarwal LLC,56989,166,5,4.8
5586,Mysuru,Fashion,Jeans,Prestige,Suri-Borra,30912,11,5,4.7
5587,Mysuru,Fashion,Jeans,Dell,"Chowdhury, Dewan and Thakur",12022,425,166,4.9
5588,Mysuru,Fashion,Jeans,LG,"Kade, Gill and Andra",71578,391,293,3.6
5589,Mysuru,Fashion,Jeans,Adidas,Tak and Sons,133087,261,238,5.0
5590,Mysuru,Fashion,Kurti,Godrej,"Jani, Sidhu and Dhillon",88387,428,275,4.1
5591,Mysuru,Fashion,Kurti,Lenovo,Kumer LLC,76396,179,126,4.4
5592,Mysuru,Fashion,Kurti,Tata,Bassi-Krishnamurthy,106569,187,145,4.5
5593,Mysuru,Fashion,Kurti,Boat,"Lal, Solanki and Sen",830,197,167,3.8
5594,Mysuru,Fashion,Kurti,HP,Sane-Wadhwa,123113,94,24,4.2
5595,Mysuru,Fashion,Sneakers,HP,Mallick-Devan,19488,303,46,4.1
5596,Mysuru,Fashion,Sneakers,Ikea,Dara-Verma,82933,162,9,4.4
5597,Mysuru,Fashion,Sneakers,Adidas,"Anne, Bhatt and Mani",143434,377,135,4.9
5598,Mysuru,Fashion,Sneakers,Apple,Sura-Salvi,10366,23,12,4.4
5599,Mysuru,Fashion,Sneakers,Boat,Wadhwa-Gaba,74975,442,291,4.9
5600,Mysuru,Fashion,Jacket,Philips,Kothari Group,39774,418,418,3.6
5601,Mysuru,Fashion,Jacket,Adidas,Upadhyay-Viswanathan,3097,162,60,4.2
5602,Mysuru,Fashion,Jacket,Boat,Ghosh and Sons,115022,156,123,4.9
5603,Mysuru,Fashion,Jacket,Reliance,"Sankar, Soni and Gokhale",102482,154,110,4.6
5604,Mysuru,Fashion,Jacket,Samsung,"Badami, Hans and Choudhary",19479,168,114,4.8
5605,Mysuru,Fashion,Watch,Prestige,"Upadhyay, Kamdar and Savant",49956,445,280,3.7
5606,Mysuru,Fashion,Watch,Adidas,"Batta, Dhawan and Singh",117892,478,192,5.0
5607,Mysuru,Fashion,Watch,Philips,Kapoor-Sha,48145,290,8,4.1
5608,Mysuru,Fashion,Watch,Mi,"Sundaram, Sabharwal and Vala",66885,38,26,4.2
5609,Mysuru,Fashion,Watch,Prestige,"Vora, Roy and Sanghvi",69873,220,65,4.7
5610,Mysuru,Fashion,Handbag,Nike,"Chacko, Edwin and Loke",121659,349,148,3.6
5611,Mysuru,Fashion,Handbag,Samsung,Sahota-Ghose,138068,158,14,3.7
5612,Mysuru,Fashion,Handbag,Nike,"Ramakrishnan, Buch and Sandhu",99571,429,282,4.8
5613,Mysuru,Fashion,Handbag,Sony,Raj LLC,17296,135,34,3.5
5614,Mysuru,Fashion,Handbag,HP,"Comar, Buch and Kar",22636,301,37,3.7
5615,Mysuru,Fashion,Sunglasses,Boat,Bhatt-Bumb,97687,182,36,4.8
5616,Mysuru,Fashion,Sunglasses,LG,"Karnik, Agrawal and Chanda",88809,381,221,3.8
5617,Mysuru,Fashion,Sunglasses,Dell,Goyal-Dani,124462,324,43,4.7
5618,Mysuru,Fashion,Sunglasses,Tata,Dixit-Som,28777,468,14,4.9
5619,Mysuru,Fashion,Sunglasses,Ikea,"Kakar, Shah and Kara",108704,255,223,3.6
5620,Mysuru,Home Appliances,Refrigerator,Philips,Tripathi-Ram,769,97,46,4.8
5621,Mysuru,Home Appliances,Refrigerator,Puma,Sami PLC,10957,212,121,4.8
5622,Mysuru,Home Appliances,Refrigerator,Dell,Bal PLC,44128,465,20,4.5
5623,Mysuru,Home Appliances,Refrigerator,Dell,De-Goda,44454,137,115,4.6
5624,Mysuru,Home Appliances,Refrigerator,Ikea,"Dara, Dhawan and Deshmukh",124944,36,29,3.8
5625,Mysuru,Home Appliances,Washing Machine,HP,Sawhney-Behl,22977,430,196,3.5
5626,Mysuru,Home Appliances,Washing Machine,Philips,Agate-Sheth,125736,462,11,4.1
5627,Mysuru,Home Appliances,Washing Machine,Adidas,Gandhi Inc,136762,48,13,4.8
5628,Mysuru,Home Appliances,Washing Machine,Reliance,Shah Ltd,81141,400,155,4.5
5629,Mysuru,Home Appliances,Washing Machine,Dell,Gokhale-Dhillon,25123,194,35,3.8
5630,Mysuru,Home Appliances,Microwave,Apple,"Rajagopal, Varkey and Dayal",6496,116,46,4.2
5631,Mysuru,Home Appliances,Microwave,Ikea,Iyengar-Lad,4156,102,71,4.4
5632,Mysuru,Home Appliances,Microwave,Reliance,Vora-Lad,37670,415,143,3.7
5633,Mysuru,Home Appliances,Microwave,Dell,"Madan, Chanda and Badami",126858,159,125,3.5
5634,Mysuru,Home Appliances,Microwave,Dell,Bir Ltd,55257,66,66,4.1
5635,Mysuru,Home Appliances,Air Conditioner,Apple,Chand PLC,112344,120,65,4.3
5636,Mysuru,Home Appliances,Air Conditioner,Puma,Grover LLC,66349,122,66,3.6
5637,Mysuru,Home Appliances,Air Conditioner,Dell,Ram Group,125242,195,125,4.0
5638,Mysuru,Home Appliances,Air Conditioner,Puma,Buch and Sons,142166,180,24,4.9
5639,Mysuru,Home Appliances,Air Conditioner,Lenovo,Varty LLC,26845,112,96,4.6
5640,Mysuru,Home Appliances,Mixer Grinder,Adidas,"Sarraf, Bhargava and Dube",128354,479,239,4.8
5641,Mysuru,Home Appliances,Mixer Grinder,Reliance,Verma-Lata,109133,213,53,4.6
5642,Mysuru,Home Appliances,Mixer Grinder,Godrej,"Sheth, Varughese and Rau",70226,54,3,4.7
5643,Mysuru,Home Appliances,Mixer Grinder,Dell,"Saxena, Sandhu and Wagle",139846,238,156,4.7
5644,Mysuru,Home Appliances,Mixer Grinder,Godrej,Golla Group,29604,192,64,4.7
5645,Mysuru,Home Appliances,Vacuum Cleaner,Samsung,"Mani, Anand and Jani",88735,89,28,4.1
5646,Mysuru,Home Appliances,Vacuum Cleaner,Tata,"Gaba, Mane and Gade",133969,132,6,4.7
5647,Mysuru,Home Appliances,Vacuum Cleaner,Godrej,Sani-Keer,95519,210,52,4.5
5648,Mysuru,Home Appliances,Vacuum Cleaner,Boat,"Sundaram, Iyer and Krish",3105,129,80,4.9
5649,Mysuru,Home Appliances,Vacuum Cleaner,Prestige,Chada and Sons,112254,141,128,3.7
5650,Mysuru,Home Appliances,Water Purifier,Philips,"D’Alia, Handa and Sunder",6679,496,293,4.8
5651,Mysuru,Home Appliances,Water Purifier,Tata,Bora PLC,140037,278,124,3.5
5652,Mysuru,Home Appliances,Water Purifier,Apple,Rao and Sons,50737,396,42,4.8
5653,Mysuru,Home Appliances,Water Purifier,Tata,Barman-Banerjee,91482,132,63,4.2
5654,Mysuru,Home Appliances,Water Purifier,Ikea,Baral-Venkatesh,25050,316,126,4.6
5655,Mysuru,Groceries,Rice,Adidas,Ghosh Group,23047,40,17,3.8
5656,Mysuru,Groceries,Rice,Apple,Mani PLC,52248,164,18,4.8
5657,Mysuru,Groceries,Rice,Reliance,Badal-Jayaraman,8267,43,43,4.0
5658,Mysuru,Groceries,Rice,Bajaj,Magar Group,39865,351,351,4.6
5659,Mysuru,Groceries,Rice,Philips,"Edwin, Loyal and Thaker",74097,435,255,4.0
5660,Mysuru,Groceries,Wheat Flour,Ikea,Babu LLC,86297,87,34,4.9
5661,Mysuru,Groceries,Wheat Flour,Sony,Sant Ltd,69399,440,34,3.6
5662,Mysuru,Groceries,Wheat Flour,Apple,Biswas PLC,107512,242,213,4.7
5663,Mysuru,Groceries,Wheat Flour,Apple,"Ghose, Manda and Varughese",132113,28,7,3.7
5664,Mysuru,Groceries,Wheat Flour,Lenovo,Sarkar-Bail,53100,446,174,3.9
5665,Mysuru,Groceries,Cooking Oil,Mi,Bobal PLC,19225,227,211,4.4
5666,Mysuru,Groceries,Cooking Oil,Lenovo,Sood Ltd,128510,382,56,4.3
5667,Mysuru,Groceries,Cooking Oil,HP,Bhat-Chopra,106156,223,22,4.5
5668,Mysuru,Groceries,Cooking Oil,Puma,Swamy PLC,85110,132,90,4.2
5669,Mysuru,Groceries,Cooking Oil,Philips,Bahl-Ghosh,134403,208,138,4.0
5670,Mysuru,Groceries,Sugar,Godrej,Bajwa Inc,144012,485,269,4.5
5671,Mysuru,Groceries,Sugar,Bajaj,"Krish, Dave and Thaker",58063,213,160,4.8
5672,Mysuru,Groceries,Sugar,Boat,"Balan, Kamdar and Chopra",44095,272,137,5.0
5673,Mysuru,Groceries,Sugar,Sony,Bhakta and Sons,75569,392,93,4.5
5674,Mysuru,Groceries,Sugar,Sony,Shenoy Group,102586,339,288,4.4
5675,Mysuru,Groceries,Tea Powder,Lenovo,Bhatia-Dass,8116,446,321,3.6
5676,Mysuru,Groceries,Tea Powder,Lenovo,"Dugar, Rattan and Hegde",39913,372,168,3.5
5677,Mysuru,Groceries,Tea Powder,Mi,"Atwal, Sridhar and Bhakta",32964,383,23,4.6
5678,Mysuru,Groceries,Tea Powder,Lenovo,Deol Ltd,144594,406,167,3.6
5679,Mysuru,Groceries,Tea Powder,Lenovo,Kakar-Krishnamurthy,116340,86,3,3.9
5680,Mysuru,Groceries,Milk,Adidas,Halder PLC,82603,193,86,3.8
5681,Mysuru,Groceries,Milk,LG,Vyas-Datta,71547,482,396,4.2
5682,Mysuru,Groceries,Milk,Prestige,Brahmbhatt PLC,125623,188,23,4.8
5683,Mysuru,Groceries,Milk,Adidas,"Lad, Sandal and Madan",41434,157,82,4.7
5684,Mysuru,Groceries,Milk,Apple,Dhingra-Jani,130107,313,98,3.9
5685,Mysuru,Groceries,Biscuits,Philips,Venkataraman-Bera,90913,445,92,4.6
5686,Mysuru,Groceries,Biscuits,Sony,Bora Group,33624,135,96,4.6
5687,Mysuru,Groceries,Biscuits,Tata,Kota-Hayer,96361,277,150,4.2
5688,Mysuru,Groceries,Biscuits,Dell,Sachdeva and Sons,75109,84,37,3.6
5689,Mysuru,Groceries,Biscuits,Philips,Srinivas-Swaminathan,58689,271,60,3.9
5690,Mysuru,Sports,Cricket Bat,Apple,Boase Group,91484,440,337,4.7
5691,Mysuru,Sports,Cricket Bat,Adidas,Deo-Dixit,9460,420,33,4.5
5692,Mysuru,Sports,Cricket Bat,Adidas,Samra Inc,39912,115,15,3.7
5693,Mysuru,Sports,Cricket Bat,Apple,Rout and Sons,4603,355,31,3.9
5694,Mysuru,Sports,Cricket Bat,Apple,"Boase, Ram and Chandra",62566,440,381,3.7
5695,Mysuru,Sports,Football,Samsung,Kaur and Sons,50246,492,417,3.9
5696,Mysuru,Sports,Football,Lenovo,Apte and Sons,5518,142,25,4.0
5697,Mysuru,Sports,Football,Philips,Sama-Raja,69142,190,104,3.8
5698,Mysuru,Sports,Football,Puma,Babu-Bhatia,101260,61,16,4.1
5699,Mysuru,Sports,Football,Samsung,"Upadhyay, Char and Gola",11528,354,325,3.6
5700,Mysuru,Sports,Badminton Racket,Bajaj,"Mangal, Kadakia and Sama",56777,497,132,4.3
5701,Mysuru,Sports,Badminton Racket,Puma,Deol Group,90764,415,243,3.8
5702,Mysuru,Sports,Badminton Racket,Apple,Lala-Kaul,114446,63,23,3.8
5703,Mysuru,Sports,Badminton Racket,Nike,"Bail, Sachdeva and Borde",128818,436,122,4.7
5704,Mysuru,Sports,Badminton Racket,Boat,Kadakia-Zachariah,101453,459,181,3.6
5705,Mysuru,Sports,Gym Gloves,Sony,Rama Inc,97649,121,37,4.3
5706,Mysuru,Sports,Gym Gloves,Ikea,Subramanian and Sons,28549,462,155,3.9
5707,Mysuru,Sports,Gym Gloves,Prestige,Doctor-Venkatesh,69972,350,81,3.9
5708,Mysuru,Sports,Gym Gloves,Samsung,Kar-Korpal,95910,270,252,4.8
5709,Mysuru,Sports,Gym Gloves,Samsung,Sankar-Toor,16241,229,200,4.7
5710,Mysuru,Sports,Yoga Mat,Godrej,Kulkarni Ltd,54280,494,146,4.6
5711,Mysuru,Sports,Yoga Mat,Puma,Bhatia Group,58361,269,219,4.1
5712,Mysuru,Sports,Yoga Mat,Bajaj,"Thakur, Sarna and Rau",4883,441,380,5.0
5713,Mysuru,Sports,Yoga Mat,LG,Chanda-Dube,48279,304,123,4.0
5714,Mysuru,Sports,Yoga Mat,Godrej,Das Group,146238,150,62,4.4
5715,Mysuru,Sports,Cycling Helmet,Mi,Sinha PLC,62795,337,20,4.4
5716,Mysuru,Sports,Cycling Helmet,Dell,Vala-Guha,132841,14,3,4.7
5717,Mysuru,Sports,Cycling Helmet,Boat,Sarraf Inc,106830,217,154,4.4
5718,Mysuru,Sports,Cycling Helmet,LG,"Arya, Soman and Dhawan",129983,196,134,4.9
5719,Mysuru,Sports,Cycling Helmet,Samsung,Ghosh LLC,105764,126,27,4.7
5720,Mysuru,Beauty,Face Wash,Dell,"Kota, Chhabra and Hans",19527,244,192,4.1
5721,Mysuru,Beauty,Face Wash,Mi,Chowdhury-Sheth,3523,393,233,4.4
5722,Mysuru,Beauty,Face Wash,Sony,"Lata, Gour and Agarwal",39792,396,196,4.5
5723,Mysuru,Beauty,Face Wash,Tata,Kurian Group,35258,299,216,3.9
5724,Mysuru,Beauty,Face Wash,Ikea,Sur Ltd,38639,96,46,4.7
5725,Mysuru,Beauty,Lipstick,Boat,Shah-Joshi,27723,69,11,4.4
5726,Mysuru,Beauty,Lipstick,Boat,Khatri-Gopal,130157,134,72,4.3
5727,Mysuru,Beauty,Lipstick,Reliance,"Comar, Bora and Joshi",133958,383,207,4.0
5728,Mysuru,Beauty,Lipstick,Nike,"Mane, Badal and Sheth",148781,230,22,4.3
5729,Mysuru,Beauty,Lipstick,Adidas,"Dewan, Suri and Malhotra",127056,197,196,4.2
5730,Mysuru,Beauty,Perfume,Lenovo,Sagar-Lad,108614,95,55,4.2
5731,Mysuru,Beauty,Perfume,Lenovo,Ben Inc,42887,465,456,4.5
5732,Mysuru,Beauty,Perfume,LG,Bains LLC,59095,160,125,3.6
5733,Mysuru,Beauty,Perfume,Bajaj,Chaudhry Ltd,132552,196,71,3.8
5734,Mysuru,Beauty,Perfume,Godrej,Sule Ltd,5796,393,17,3.7
5735,Mysuru,Beauty,Shampoo,Puma,Shankar-Mangal,105364,331,32,3.7
5736,Mysuru,Beauty,Shampoo,Apple,"Bhardwaj, Dara and Sinha",107872,86,77,4.1
5737,Mysuru,Beauty,Shampoo,Puma,Bakshi Ltd,64018,221,33,4.1
5738,Mysuru,Beauty,Shampoo,Samsung,Buch-Sastry,36648,11,7,5.0
5739,Mysuru,Beauty,Shampoo,Godrej,Babu Group,122867,187,117,3.9
5740,Mysuru,Beauty,Body Lotion,Sony,Soman Inc,142347,490,402,4.5
5741,Mysuru,Beauty,Body Lotion,Boat,"Zacharia, Bobal and Basu",112227,15,15,4.7
5742,Mysuru,Beauty,Body Lotion,Dell,Gulati Ltd,127977,216,66,4.7
5743,Mysuru,Beauty,Body Lotion,Samsung,"Sha, Tailor and Biswas",74513,30,4,3.9
5744,Mysuru,Beauty,Body Lotion,Puma,Chander PLC,105072,323,179,4.4
5745,Mysuru,Beauty,Hair Dryer,Philips,Wable-Rao,24370,466,267,4.6
5746,Mysuru,Beauty,Hair Dryer,Sony,"Butala, Shukla and Dhaliwal",100524,72,23,4.7
5747,Mysuru,Beauty,Hair Dryer,Reliance,Manda Ltd,28657,168,93,4.0
5748,Mysuru,Beauty,Hair Dryer,Reliance,Brar Group,33155,291,55,4.6
5749,Mysuru,Beauty,Hair Dryer,Bajaj,Thaman and Sons,61245,201,31,4.1
5750,Kochi,Electronics,Smartphone,Dell,Yadav-Venkataraman,35641,20,13,3.9
5751,Kochi,Electronics,Smartphone,Bajaj,"Mani, Chaudry and Rau",110132,384,249,4.5
5752,Kochi,Electronics,Smartphone,Boat,Lanka-Dugar,66917,53,36,3.9
5753,Kochi,Electronics,Smartphone,Reliance,"Dhillon, Sangha and Bhatt",107418,92,91,4.4
5754,Kochi,Electronics,Smartphone,Boat,Batra and Sons,146736,87,78,4.4
5755,Kochi,Electronics,Laptop,Samsung,Dubey Group,20870,447,357,3.9
5756,Kochi,Electronics,Laptop,Godrej,"Mand, Saini and Barman",70104,66,7,4.6
5757,Kochi,Electronics,Laptop,Mi,Krishna Inc,82074,175,10,4.5
5758,Kochi,Electronics,Laptop,Tata,Bera Ltd,81671,73,21,4.5
5759,Kochi,Electronics,Laptop,Boat,"Wali, Kade and Walia",29304,359,33,4.7
5760,Kochi,Electronics,Smart TV,Samsung,"Korpal, Reddy and Acharya",49885,333,102,3.7
5761,Kochi,Electronics,Smart TV,Adidas,Kohli-Dhar,49681,134,23,4.5
5762,Kochi,Electronics,Smart TV,Godrej,Swaminathan Group,62495,441,44,4.8
5763,Kochi,Electronics,Smart TV,Lenovo,Handa Ltd,133147,477,81,4.7
5764,Kochi,Electronics,Smart TV,Adidas,Bakshi-Kulkarni,471,426,329,4.6
5765,Kochi,Electronics,Bluetooth Speaker,LG,Loyal PLC,135582,38,8,4.7
5766,Kochi,Electronics,Bluetooth Speaker,Dell,Sachdev Group,80289,418,405,3.8
5767,Kochi,Electronics,Bluetooth Speaker,Reliance,Chopra Group,114783,300,151,4.4
5768,Kochi,Electronics,Bluetooth Speaker,Puma,"Subramaniam, Shah and Saran",146904,84,21,3.7
5769,Kochi,Electronics,Bluetooth Speaker,Lenovo,Barman Group,120939,403,80,4.8
5770,Kochi,Electronics,Tablet,Sony,Anand and Sons,115273,94,82,4.9
5771,Kochi,Electronics,Tablet,Lenovo,Barad-Samra,138458,437,396,4.2
5772,Kochi,Electronics,Tablet,Nike,"Seth, Chakrabarti and Bose",89108,376,277,4.5
5773,Kochi,Electronics,Tablet,Bajaj,"Tiwari, Shenoy and Kannan",119750,36,1,4.7
5774,Kochi,Electronics,Tablet,Sony,Setty-Dara,69071,499,135,3.8
5775,Kochi,Electronics,Gaming Console,Mi,Vyas PLC,9201,151,88,4.1
5776,Kochi,Electronics,Gaming Console,Nike,"Khurana, Krishnan and Karpe",100329,444,302,3.6
5777,Kochi,Electronics,Gaming Console,HP,"Bora, Shankar and Tara",67841,333,190,4.9
5778,Kochi,Electronics,Gaming Console,Nike,Chokshi-Sahota,87928,128,49,4.8
5779,Kochi,Electronics,Gaming Console,Philips,"Mahajan, Dar and Cheema",132094,69,68,4.9
5780,Kochi,Electronics,Smart Watch,Boat,"Verma, Shetty and Tank",42711,482,42,4.9
5781,Kochi,Electronics,Smart Watch,Bajaj,Gandhi-Kapur,124164,440,255,4.5
5782,Kochi,Electronics,Smart Watch,Puma,Dayal and Sons,67540,433,268,3.8
5783,Kochi,Electronics,Smart Watch,Samsung,Dara-Kurian,149935,408,101,4.7
5784,Kochi,Electronics,Smart Watch,Bajaj,Raman LLC,136145,77,69,4.3
5785,Kochi,Electronics,Headphones,Reliance,"Sethi, Sundaram and Dayal",58444,427,196,3.8
5786,Kochi,Electronics,Headphones,Sony,Dasgupta-Dhar,23667,292,199,4.1
5787,Kochi,Electronics,Headphones,LG,Varma-Sandhu,13699,403,386,4.2
5788,Kochi,Electronics,Headphones,Godrej,Sood PLC,127792,197,174,3.8
5789,Kochi,Electronics,Headphones,Puma,Dhingra Group,29312,257,196,4.7
5790,Kochi,Furniture,Sofa,Apple,Madan LLC,96394,143,66,4.8
5791,Kochi,Furniture,Sofa,Godrej,"Kata, Bawa and Lalla",85050,414,58,4.5
5792,Kochi,Furniture,Sofa,Bajaj,Ramachandran Group,92372,90,45,4.0
5793,Kochi,Furniture,Sofa,Bajaj,"Ratti, Madan and Kari",34356,53,53,3.9
5794,Kochi,Furniture,Sofa,Dell,Batta-Wali,7113,219,55,4.9
5795,Kochi,Furniture,Dining Table,Prestige,Bail-Madan,84446,54,37,4.5
5796,Kochi,Furniture,Dining Table,Godrej,Majumdar LLC,104689,444,298,3.5
5797,Kochi,Furniture,Dining Table,Philips,Bath Inc,22301,202,91,4.1
5798,Kochi,Furniture,Dining Table,Tata,"Dave, Mahajan and Bal",126531,259,97,4.7
5799,Kochi,Furniture,Dining Table,Philips,"Rastogi, Dutta and Khalsa",64767,249,157,4.5
5800,Kochi,Furniture,Office Chair,Tata,Chahal Group,108742,139,5,4.3
5801,Kochi,Furniture,Office Chair,Sony,Bandi-Salvi,6833,17,6,4.1
5802,Kochi,Furniture,Office Chair,Dell,Kata-Edwin,23594,247,120,4.3
5803,Kochi,Furniture,Office Chair,Reliance,Das-Sarraf,96729,310,32,5.0
5804,Kochi,Furniture,Office Chair,HP,"Dua, Master and Joshi",56219,429,333,3.5
5805,Kochi,Furniture,Bed,Adidas,Gour-Wadhwa,5829,467,175,4.7
5806,Kochi,Furniture,Bed,Ikea,"Dhingra, Baria and Wable",83007,264,136,3.6
5807,Kochi,Furniture,Bed,Apple,Lala Group,742,410,327,4.9
5808,Kochi,Furniture,Bed,Dell,Kalita Ltd,85586,180,41,3.9
5809,Kochi,Furniture,Bed,Prestige,Chanda-Seth,41789,242,55,4.2
5810,Kochi,Furniture,Wardrobe,Prestige,Bhat and Sons,112347,404,315,4.3
5811,Kochi,Furniture,Wardrobe,Lenovo,Aggarwal-Magar,140837,422,236,4.6
5812,Kochi,Furniture,Wardrobe,HP,"Madan, Lata and Savant",108069,383,372,3.9
5813,Kochi,Furniture,Wardrobe,Reliance,Goyal Group,86400,238,182,4.4
5814,Kochi,Furniture,Wardrobe,Mi,"Ram, Kohli and Kakar",34332,269,145,4.4
5815,Kochi,Furniture,Bookshelf,Puma,"Yogi, Hari and Chand",82073,166,9,3.9
5816,Kochi,Furniture,Bookshelf,Godrej,Sami PLC,49701,397,181,4.2
5817,Kochi,Furniture,Bookshelf,Dell,"Keer, Uppal and Golla",140469,67,22,4.6
5818,Kochi,Furniture,Bookshelf,Dell,Viswanathan PLC,88753,61,23,5.0
5819,Kochi,Furniture,Bookshelf,Mi,Bora-Manne,34119,94,21,4.1
5820,Kochi,Furniture,Coffee Table,Nike,Desai-Lalla,86902,70,6,4.6
5821,Kochi,Furniture,Coffee Table,Sony,"Yogi, Din and Sridhar",117381,141,104,3.8
5822,Kochi,Furniture,Coffee Table,Nike,Hayre-Anne,76745,61,12,3.8
5823,Kochi,Furniture,Coffee Table,Godrej,Batta Group,124639,227,22,5.0
5824,Kochi,Furniture,Coffee Table,Mi,Gill-Bava,142718,125,55,3.5
5825,Kochi,Furniture,TV Unit,Nike,Goyal-Gole,25353,17,5,4.0
5826,Kochi,Furniture,TV Unit,Sony,"Lall, Karnik and Ramesh",44822,327,57,4.9
5827,Kochi,Furniture,TV Unit,Reliance,"Kohli, Gole and Hans",34722,50,31,4.4
5828,Kochi,Furniture,TV Unit,Reliance,Sarraf-Varghese,5534,281,12,4.1
5829,Kochi,Furniture,TV Unit,Mi,Lad Inc,47678,17,14,3.8
5830,Kochi,Fashion,T-Shirt,Mi,"Goda, Dubey and Jani",51981,361,342,4.4
5831,Kochi,Fashion,T-Shirt,Godrej,Borde Group,46037,82,68,4.7
5832,Kochi,Fashion,T-Shirt,LG,Chanda-Raval,66436,87,3,4.4
5833,Kochi,Fashion,T-Shirt,Dell,Shukla and Sons,29902,288,35,4.6
5834,Kochi,Fashion,T-Shirt,Puma,Batta Ltd,44118,404,354,4.6
5835,Kochi,Fashion,Jeans,Dell,Chanda-Venkataraman,120400,173,93,4.9
5836,Kochi,Fashion,Jeans,Dell,"Rastogi, Saha and Kamdar",104238,34,18,4.3
5837,Kochi,Fashion,Jeans,Apple,"Devi, Wagle and Chad",110449,53,32,4.1
5838,Kochi,Fashion,Jeans,HP,Cherian-Kulkarni,91443,316,191,3.7
5839,Kochi,Fashion,Jeans,Apple,Hayre-Varghese,83393,133,42,4.3
5840,Kochi,Fashion,Kurti,Nike,Thakkar-Divan,133796,330,256,3.8
5841,Kochi,Fashion,Kurti,Lenovo,"Sarin, Kade and Ghose",96990,134,116,3.9
5842,Kochi,Fashion,Kurti,Boat,Tak-Korpal,28266,199,51,3.9
5843,Kochi,Fashion,Kurti,Samsung,Datta Group,11799,406,105,3.9
5844,Kochi,Fashion,Kurti,Puma,Cheema Group,14459,83,15,4.3
5845,Kochi,Fashion,Sneakers,Boat,Apte-Dayal,10464,228,219,4.9
5846,Kochi,Fashion,Sneakers,LG,"Sant, Chakraborty and Bali",107935,393,6,4.6
5847,Kochi,Fashion,Sneakers,Godrej,"Shah, Gokhale and Varty",45294,30,8,4.3
5848,Kochi,Fashion,Sneakers,Samsung,"Sinha, Ramanathan and Hegde",31144,14,4,4.0
5849,Kochi,Fashion,Sneakers,Tata,Gole-Chanda,53926,496,162,4.9
5850,Kochi,Fashion,Jacket,Prestige,Saraf-Shere,27592,11,8,3.8
5851,Kochi,Fashion,Jacket,Prestige,Sarna-Barad,109626,474,297,5.0
5852,Kochi,Fashion,Jacket,Apple,Garde LLC,74894,206,184,3.7
5853,Kochi,Fashion,Jacket,Tata,"Banerjee, Cheema and Bandi",132429,383,165,4.9
5854,Kochi,Fashion,Jacket,Nike,Salvi-Sant,27090,76,66,4.2
5855,Kochi,Fashion,Watch,Ikea,"Srivastava, Soman and Cheema",62707,412,365,4.2
5856,Kochi,Fashion,Watch,Bajaj,"Dara, Ghose and Walia",137845,303,13,4.8
5857,Kochi,Fashion,Watch,Adidas,Tiwari-Sharaf,59843,370,302,4.7
5858,Kochi,Fashion,Watch,Lenovo,Varma-Chandra,54049,381,271,4.3
5859,Kochi,Fashion,Watch,Ikea,Talwar PLC,17771,418,35,3.8
5860,Kochi,Fashion,Handbag,Bajaj,Bhavsar Inc,112930,146,102,4.3
5861,Kochi,Fashion,Handbag,Reliance,Raju Inc,127783,491,274,5.0
5862,Kochi,Fashion,Handbag,LG,"Dasgupta, Golla and Apte",127530,477,168,3.9
5863,Kochi,Fashion,Handbag,Puma,"Ranganathan, Borah and Buch",147770,380,185,3.6
5864,Kochi,Fashion,Handbag,Ikea,Kala-Behl,96077,454,114,4.2
5865,Kochi,Fashion,Sunglasses,Prestige,Ben and Sons,128004,301,292,3.9
5866,Kochi,Fashion,Sunglasses,Lenovo,Lad-Tata,140161,164,23,4.2
5867,Kochi,Fashion,Sunglasses,LG,"Sura, Saxena and Barad",131564,278,248,4.5
5868,Kochi,Fashion,Sunglasses,Bajaj,Ahuja LLC,79606,327,251,4.1
5869,Kochi,Fashion,Sunglasses,Ikea,"Lanka, Sachar and Loyal",141230,66,61,4.5
5870,Kochi,Home Appliances,Refrigerator,Nike,Tripathi and Sons,37040,148,97,4.4
5871,Kochi,Home Appliances,Refrigerator,Apple,Bhagat Inc,19080,352,10,3.6
5872,Kochi,Home Appliances,Refrigerator,Reliance,"Kothari, Sood and Sagar",102616,141,69,4.0
5873,Kochi,Home Appliances,Refrigerator,Prestige,"Boase, Karnik and Bedi",98885,120,85,4.1
5874,Kochi,Home Appliances,Refrigerator,Godrej,Rau Inc,922,205,46,4.3
5875,Kochi,Home Appliances,Washing Machine,Bajaj,Chana Inc,61009,158,7,3.8
5876,Kochi,Home Appliances,Washing Machine,Godrej,"Banik, Thaman and Dara",105638,362,242,3.7
5877,Kochi,Home Appliances,Washing Machine,HP,Sridhar-Gade,149411,136,18,4.7
5878,Kochi,Home Appliances,Washing Machine,Lenovo,Taneja PLC,20853,303,191,4.7
5879,Kochi,Home Appliances,Washing Machine,Reliance,Lata PLC,49616,25,4,4.7
5880,Kochi,Home Appliances,Microwave,Mi,"Ramaswamy, Dugal and Khare",78932,107,75,3.5
5881,Kochi,Home Appliances,Microwave,Dell,Arya-Shetty,48816,124,13,4.6
5882,Kochi,Home Appliances,Microwave,Adidas,Taneja-Bandi,53837,412,13,4.5
5883,Kochi,Home Appliances,Microwave,Prestige,"Kar, Hayer and Varghese",119101,273,144,4.6
5884,Kochi,Home Appliances,Microwave,Adidas,"Bandi, Sanghvi and Bawa",24029,142,47,4.3
5885,Kochi,Home Appliances,Air Conditioner,Reliance,"Sur, Grover and Varma",129964,169,3,3.6
5886,Kochi,Home Appliances,Air Conditioner,Puma,Brar LLC,125263,294,146,4.4
5887,Kochi,Home Appliances,Air Conditioner,Boat,"Biswas, Borde and Batra",136238,144,72,3.7
5888,Kochi,Home Appliances,Air Conditioner,Nike,"Sant, Tailor and Deshmukh",137726,254,66,4.9
5889,Kochi,Home Appliances,Air Conditioner,Apple,Shan and Sons,71012,340,59,4.6
5890,Kochi,Home Appliances,Mixer Grinder,Tata,Dhillon-Gupta,100563,198,120,4.8
5891,Kochi,Home Appliances,Mixer Grinder,Puma,Mander-Lal,28132,368,243,4.9
5892,Kochi,Home Appliances,Mixer Grinder,Bajaj,Dugar-Bal,20299,173,95,4.1
5893,Kochi,Home Appliances,Mixer Grinder,Tata,Sen-Bhargava,43600,346,33,4.9
5894,Kochi,Home Appliances,Mixer Grinder,Philips,Bobal-Gulati,6888,101,18,3.9
5895,Kochi,Home Appliances,Vacuum Cleaner,Adidas,Barman-Sibal,14257,237,227,4.3
5896,Kochi,Home Appliances,Vacuum Cleaner,Samsung,Barad-Sur,74678,479,226,3.7
5897,Kochi,Home Appliances,Vacuum Cleaner,LG,"Thaker, Jain and Char",133265,64,5,3.5
5898,Kochi,Home Appliances,Vacuum Cleaner,Dell,"Kala, Edwin and Edwin",92542,434,315,3.8
5899,Kochi,Home Appliances,Vacuum Cleaner,Sony,"Kothari, Barad and Kunda",24427,451,191,4.5
5900,Kochi,Home Appliances,Water Purifier,Samsung,Goda Ltd,79205,160,44,4.2
5901,Kochi,Home Appliances,Water Purifier,LG,"Kothari, Sani and Kata",91937,288,267,4.5
5902,Kochi,Home Appliances,Water Purifier,Apple,Balakrishnan-Boase,18045,431,4,4.2
5903,Kochi,Home Appliances,Water Purifier,Lenovo,Vasa-Tara,123598,329,202,3.8
5904,Kochi,Home Appliances,Water Purifier,Samsung,"Tank, Kade and Char",100587,168,101,3.8
5905,Kochi,Groceries,Rice,Adidas,Balay Ltd,38392,15,15,4.5
5906,Kochi,Groceries,Rice,Philips,Kakar PLC,22290,95,35,4.7
5907,Kochi,Groceries,Rice,Nike,"Shroff, Chad and Ghose",123009,78,58,3.9
5908,Kochi,Groceries,Rice,Bajaj,Trivedi-Mani,53080,46,26,4.7
5909,Kochi,Groceries,Rice,HP,Khurana-Behl,139484,398,332,4.5
5910,Kochi,Groceries,Wheat Flour,Boat,"Batta, Bhakta and Solanki",113909,185,135,3.7
5911,Kochi,Groceries,Wheat Flour,Prestige,Sodhi-Babu,4090,113,43,4.0
5912,Kochi,Groceries,Wheat Flour,Puma,Soman LLC,135433,107,104,3.6
5913,Kochi,Groceries,Wheat Flour,Prestige,"Subramanian, Bora and Mandal",27717,167,20,4.1
5914,Kochi,Groceries,Wheat Flour,Puma,Sanghvi-Dugar,145375,130,83,3.8
5915,Kochi,Groceries,Cooking Oil,Bajaj,Ahluwalia Inc,86652,276,150,5.0
5916,Kochi,Groceries,Cooking Oil,Nike,"Deol, Setty and Dave",87240,49,20,4.9
5917,Kochi,Groceries,Cooking Oil,Tata,Dhar and Sons,88254,433,241,3.7
5918,Kochi,Groceries,Cooking Oil,Mi,Dyal-Vohra,24300,479,479,3.9
5919,Kochi,Groceries,Cooking Oil,Nike,Mani and Sons,126733,145,117,5.0
5920,Kochi,Groceries,Sugar,Nike,"Chacko, Reddy and Kala",137836,271,223,4.1
5921,Kochi,Groceries,Sugar,Apple,Kala Group,137536,297,71,4.3
5922,Kochi,Groceries,Sugar,Dell,"Dora, Uppal and Chauhan",92695,158,35,4.6
5923,Kochi,Groceries,Sugar,Nike,"Dutta, Gala and Sarna",32237,465,190,4.8
5924,Kochi,Groceries,Sugar,Dell,Sama Ltd,13236,70,53,4.3
5925,Kochi,Groceries,Tea Powder,HP,"Randhawa, Sanghvi and Goel",23680,202,33,4.8
5926,Kochi,Groceries,Tea Powder,Mi,Acharya-Mahajan,76921,214,42,3.6
5927,Kochi,Groceries,Tea Powder,Bajaj,"Ben, Zachariah and Lalla",6244,225,151,3.5
5928,Kochi,Groceries,Tea Powder,Nike,Bhakta-Kumar,76992,27,4,5.0
5929,Kochi,Groceries,Tea Powder,Tata,Dua-Divan,149295,184,66,3.5
5930,Kochi,Groceries,Milk,Nike,"Bhalla, Mallick and Bir",141481,14,10,4.3
5931,Kochi,Groceries,Milk,Mi,"Badal, Ranganathan and Kanda",46461,455,184,4.4
5932,Kochi,Groceries,Milk,Ikea,Srinivas-Lall,18097,386,307,4.5
5933,Kochi,Groceries,Milk,Bajaj,"Mangat, Ganesan and Srinivas",24571,241,171,3.8
5934,Kochi,Groceries,Milk,Godrej,"Ratta, De and Lad",5873,196,120,5.0
5935,Kochi,Groceries,Biscuits,Bajaj,Tiwari PLC,96814,432,345,4.4
5936,Kochi,Groceries,Biscuits,Prestige,"Sridhar, Khanna and Cherian",33640,24,21,3.7
5937,Kochi,Groceries,Biscuits,Godrej,Sachar Group,5596,348,115,4.5
5938,Kochi,Groceries,Biscuits,Sony,Desai Ltd,43198,246,67,4.1
5939,Kochi,Groceries,Biscuits,Godrej,Rama Ltd,34463,367,271,4.1
5940,Kochi,Sports,Cricket Bat,Puma,Arora Inc,124096,146,33,4.7
5941,Kochi,Sports,Cricket Bat,Bajaj,"Aggarwal, Basu and Bhatia",20127,418,302,4.5
5942,Kochi,Sports,Cricket Bat,Philips,"Shenoy, Chand and Deshpande",58277,468,19,4.2
5943,Kochi,Sports,Cricket Bat,Dell,"Baral, Sharaf and Badami",87340,61,50,5.0
5944,Kochi,Sports,Cricket Bat,Adidas,Sule-Khare,137112,432,230,3.8
5945,Kochi,Sports,Football,Dell,Doctor and Sons,11453,358,331,3.9
5946,Kochi,Sports,Football,Boat,"Chand, Brahmbhatt and Saran",21631,419,19,3.7
5947,Kochi,Sports,Football,Adidas,Bali LLC,103759,31,7,4.1
5948,Kochi,Sports,Football,Prestige,"Gupta, Saran and Ganesh",115743,161,3,4.1
5949,Kochi,Sports,Football,Philips,Bhasin-Thaker,77568,432,152,3.7
5950,Kochi,Sports,Badminton Racket,Prestige,Bala-Ramakrishnan,62504,235,99,4.2
5951,Kochi,Sports,Badminton Racket,Boat,"Brar, Thakkar and Ranganathan",59851,34,32,3.6
5952,Kochi,Sports,Badminton Racket,Mi,"Dasgupta, Dar and Shetty",76502,280,196,4.3
5953,Kochi,Sports,Badminton Racket,Puma,Aggarwal PLC,111108,230,72,4.8
5954,Kochi,Sports,Badminton Racket,Ikea,Majumdar Inc,23927,388,100,3.6
5955,Kochi,Sports,Gym Gloves,Apple,Thaker-Joshi,133964,449,77,4.9
5956,Kochi,Sports,Gym Gloves,Boat,Bera and Sons,54358,425,181,3.9
5957,Kochi,Sports,Gym Gloves,Godrej,Rastogi-Sehgal,43036,72,32,4.9
5958,Kochi,Sports,Gym Gloves,Godrej,Raval-Sule,52562,126,7,3.5
5959,Kochi,Sports,Gym Gloves,LG,Sridhar Group,129344,78,23,4.6
5960,Kochi,Sports,Yoga Mat,Ikea,Bhagat-Contractor,106827,140,112,4.0
5961,Kochi,Sports,Yoga Mat,HP,"Agrawal, Mand and Bedi",115728,291,162,4.8
5962,Kochi,Sports,Yoga Mat,Mi,Chacko Ltd,64831,349,176,5.0
5963,Kochi,Sports,Yoga Mat,Adidas,"Dugar, Sachdeva and Sandhu",101127,163,48,4.2
5964,Kochi,Sports,Yoga Mat,Prestige,"Barad, Brar and Kapadia",57359,266,260,4.4
5965,Kochi,Sports,Cycling Helmet,Adidas,"Ganguly, Hayre and Chowdhury",118824,408,354,4.0
5966,Kochi,Sports,Cycling Helmet,Apple,Keer-Date,139209,395,238,3.6
5967,Kochi,Sports,Cycling Helmet,Puma,Thakkar Ltd,71974,434,164,3.7
5968,Kochi,Sports,Cycling Helmet,Philips,Malhotra-Dave,29453,77,4,3.7
5969,Kochi,Sports,Cycling Helmet,Mi,"Toor, Dhar and Thakur",7902,20,7,4.4
5970,Kochi,Beauty,Face Wash,Mi,Banik-Chander,6084,343,26,4.5
5971,Kochi,Beauty,Face Wash,Apple,Brahmbhatt-Varty,84673,347,20,4.5
5972,Kochi,Beauty,Face Wash,Lenovo,"Ravi, Sehgal and Dhingra",6114,248,7,4.6
5973,Kochi,Beauty,Face Wash,Tata,Borah PLC,47011,429,219,4.6
5974,Kochi,Beauty,Face Wash,Sony,Raman-Sinha,142279,244,48,4.7
5975,Kochi,Beauty,Lipstick,Ikea,Bose-Sidhu,82239,394,245,4.6
5976,Kochi,Beauty,Lipstick,Puma,Bhatia-Kanda,119008,30,27,3.7
5977,Kochi,Beauty,Lipstick,Boat,Chokshi-Bala,44342,450,421,4.5
5978,Kochi,Beauty,Lipstick,Sony,"Vala, Gade and Sinha",140635,150,5,4.1
5979,Kochi,Beauty,Lipstick,Godrej,Madan and Sons,140841,372,66,3.6
5980,Kochi,Beauty,Perfume,Mi,"Dey, Ravi and Mannan",68968,457,335,4.7
5981,Kochi,Beauty,Perfume,Nike,"Ghose, Hegde and Raman",96048,149,12,4.2
5982,Kochi,Beauty,Perfume,Ikea,"Chatterjee, Wadhwa and Lad",128186,316,106,3.6
5983,Kochi,Beauty,Perfume,Samsung,Handa-Sankaran,37279,264,95,4.5
5984,Kochi,Beauty,Perfume,Philips,"Bansal, Sani and Balasubramanian",71376,485,41,4.5
5985,Kochi,Beauty,Shampoo,Nike,"Rana, Chhabra and Gala",1630,484,197,3.6
5986,Kochi,Beauty,Shampoo,Bajaj,"Gupta, Konda and Kade",121536,426,196,3.5
5987,Kochi,Beauty,Shampoo,Samsung,"Wagle, Sanghvi and Mammen",116644,244,170,4.4
5988,Kochi,Beauty,Shampoo,Tata,Ghose LLC,46257,159,67,4.2
5989,Kochi,Beauty,Shampoo,HP,Ram and Sons,57096,269,227,3.6
5990,Kochi,Beauty,Body Lotion,LG,Amble PLC,87433,170,6,3.7
5991,Kochi,Beauty,Body Lotion,HP,Sawhney-Devi,141749,485,114,4.9
5992,Kochi,Beauty,Body Lotion,Boat,Konda-Bora,122224,309,120,4.3
5993,Kochi,Beauty,Body Lotion,Philips,"Arya, Madan and Doshi",62442,36,27,4.9
5994,Kochi,Beauty,Body Lotion,Bajaj,Agarwal Group,121129,332,130,4.1
5995,Kochi,Beauty,Hair Dryer,Tata,Subramanian PLC,66522,127,36,3.9
5996,Kochi,Beauty,Hair Dryer,Prestige,Gill and Sons,98560,279,37,3.8
5997,Kochi,Beauty,Hair Dryer,Lenovo,Tripathi-Rajan,26904,226,7,3.9
5998,Kochi,Beauty,Hair Dryer,Lenovo,Ravel PLC,128846,478,84,3.6
5999,Kochi,Beauty,Hair Dryer,Samsung,Kulkarni-Chander,84946,448,328,4.0
6000,Vijayawada,Electronics,Smartphone,Lenovo,Bhat Group,105288,279,132,4.0
6001,Vijayawada,Electronics,Smartphone,Bajaj,Varughese Group,141522,288,40,3.7
6002,Vijayawada,Electronics,Smartphone,Samsung,Garde-Venkatesh,65604,85,58,4.9
6003,Vijayawada,Electronics,Smartphone,Adidas,Din Inc,135888,327,76,3.5
6004,Vijayawada,Electronics,Smartphone,Dell,"Raja, Wadhwa and Gola",34889,71,1,4.4
6005,Vijayawada,Electronics,Laptop,Nike,"Bhakta, Gade and Bava",40946,136,30,4.1
6006,Vijayawada,Electronics,Laptop,Tata,"Kala, Sahota and Wagle",108178,74,31,4.3
6007,Vijayawada,Electronics,Laptop,Adidas,Sanghvi-Bhagat,32412,162,10,4.7
6008,Vijayawada,Electronics,Laptop,Reliance,Bhatti Group,114502,257,256,3.7
6009,Vijayawada,Electronics,Laptop,Mi,"Dugar, Wali and Sachar",140663,430,121,4.1
6010,Vijayawada,Electronics,Smart TV,Lenovo,Dey-Kale,24064,89,31,4.8
6011,Vijayawada,Electronics,Smart TV,Nike,"Som, Khosla and Bakshi",40938,286,47,4.3
6012,Vijayawada,Electronics,Smart TV,Godrej,Batra Inc,64708,89,64,3.7
6013,Vijayawada,Electronics,Smart TV,Nike,Goel-Sarma,76846,413,108,3.6
6014,Vijayawada,Electronics,Smart TV,Adidas,"Gaba, Mahajan and Sane",102598,474,411,3.7
6015,Vijayawada,Electronics,Bluetooth Speaker,Dell,Loke and Sons,35798,69,2,4.2
6016,Vijayawada,Electronics,Bluetooth Speaker,Lenovo,Garde Ltd,137925,49,32,4.3
6017,Vijayawada,Electronics,Bluetooth Speaker,Tata,Kala-Sastry,66709,85,26,4.3
6018,Vijayawada,Electronics,Bluetooth Speaker,HP,Bera Group,44768,24,14,4.2
6019,Vijayawada,Electronics,Bluetooth Speaker,Sony,Tripathi-Malhotra,34516,480,460,4.1
6020,Vijayawada,Electronics,Tablet,Prestige,Ram PLC,36414,474,45,4.3
6021,Vijayawada,Electronics,Tablet,Dell,Kapoor-Kannan,109210,116,65,4.1
6022,Vijayawada,Electronics,Tablet,HP,Saini Ltd,141850,16,12,3.6
6023,Vijayawada,Electronics,Tablet,Ikea,"Vasa, Thaman and Sundaram",143518,262,65,4.4
6024,Vijayawada,Electronics,Tablet,Reliance,"Sekhon, Dutta and Chaudhuri",105985,413,71,4.9
6025,Vijayawada,Electronics,Gaming Console,Prestige,Choudhary Ltd,30814,403,212,4.0
6026,Vijayawada,Electronics,Gaming Console,Reliance,Dara LLC,93133,221,136,3.6
6027,Vijayawada,Electronics,Gaming Console,Puma,Rastogi-Sant,129330,118,105,4.5
6028,Vijayawada,Electronics,Gaming Console,LG,Sood-Malhotra,51027,463,171,4.8
6029,Vijayawada,Electronics,Gaming Console,Lenovo,Solanki-Chopra,3393,466,243,3.6
6030,Vijayawada,Electronics,Smart Watch,Bajaj,Wason-Mahajan,27736,89,19,3.8
6031,Vijayawada,Electronics,Smart Watch,Apple,"Baral, Kulkarni and Chakraborty",42410,66,52,4.7
6032,Vijayawada,Electronics,Smart Watch,Samsung,Shenoy and Sons,114276,375,222,4.1
6033,Vijayawada,Electronics,Smart Watch,Dell,"Jayaraman, Vora and Kashyap",67572,314,71,3.6
6034,Vijayawada,Electronics,Smart Watch,Nike,Ganguly-Jaggi,97402,17,15,4.5
6035,Vijayawada,Electronics,Headphones,Puma,"Talwar, Bobal and Rastogi",62325,312,213,4.3
6036,Vijayawada,Electronics,Headphones,LG,Kanda and Sons,120093,95,53,4.2
6037,Vijayawada,Electronics,Headphones,Sony,Ahuja and Sons,133234,307,274,3.9
6038,Vijayawada,Electronics,Headphones,Puma,Chacko-Dixit,120715,240,32,4.0
6039,Vijayawada,Electronics,Headphones,LG,Kalita-Yohannan,71532,210,24,4.7
6040,Vijayawada,Furniture,Sofa,Philips,Wadhwa-Chaudhry,139440,22,5,4.3
6041,Vijayawada,Furniture,Sofa,Apple,Babu-Krish,21529,189,110,4.2
6042,Vijayawada,Furniture,Sofa,Sony,Tiwari and Sons,39143,100,26,4.9
6043,Vijayawada,Furniture,Sofa,LG,Baria-Bhalla,106371,499,301,4.0
6044,Vijayawada,Furniture,Sofa,Nike,Chada PLC,111586,287,132,5.0
6045,Vijayawada,Furniture,Dining Table,Ikea,D’Alia-Thakkar,15995,232,207,3.7
6046,Vijayawada,Furniture,Dining Table,Boat,Thaker-Dyal,118041,166,74,5.0
6047,Vijayawada,Furniture,Dining Table,Lenovo,Guha Ltd,7973,287,264,3.8
6048,Vijayawada,Furniture,Dining Table,LG,"Lal, Aggarwal and Sathe",59198,379,281,3.5
6049,Vijayawada,Furniture,Dining Table,Godrej,Bobal-Ram,14445,447,343,4.6
6050,Vijayawada,Furniture,Office Chair,Mi,Sheth-Hayer,45620,152,134,3.6
6051,Vijayawada,Furniture,Office Chair,Adidas,Ratta and Sons,17003,438,436,4.2
6052,Vijayawada,Furniture,Office Chair,Adidas,Tella-Chanda,63034,278,185,3.6
6053,Vijayawada,Furniture,Office Chair,Apple,Mand-Shetty,146396,356,238,4.7
6054,Vijayawada,Furniture,Office Chair,Tata,"Vasa, Das and Jayaraman",17218,61,22,4.6
6055,Vijayawada,Furniture,Bed,Godrej,Boase-Bhattacharyya,25149,394,22,3.8
6056,Vijayawada,Furniture,Bed,HP,"Som, Verma and Roy",65569,292,224,4.1
6057,Vijayawada,Furniture,Bed,Philips,Kar Inc,99085,77,40,4.8
6058,Vijayawada,Furniture,Bed,Adidas,Malhotra PLC,16649,373,261,4.9
6059,Vijayawada,Furniture,Bed,Puma,Sood-Loyal,140618,452,26,3.7
6060,Vijayawada,Furniture,Wardrobe,Apple,Varughese-Shankar,19264,292,106,4.9
6061,Vijayawada,Furniture,Wardrobe,Tata,Jani Ltd,55661,395,383,4.1
6062,Vijayawada,Furniture,Wardrobe,Bajaj,"Tiwari, Dalal and Wali",95742,367,64,4.4
6063,Vijayawada,Furniture,Wardrobe,Philips,Sandal-Krish,79855,450,214,3.9
6064,Vijayawada,Furniture,Wardrobe,Boat,"Sinha, Malhotra and Iyer",47190,162,90,3.7
6065,Vijayawada,Furniture,Bookshelf,Bajaj,"Shroff, Andra and Karpe",10616,421,50,5.0
6066,Vijayawada,Furniture,Bookshelf,Reliance,Dutt Ltd,113928,126,14,4.6
6067,Vijayawada,Furniture,Bookshelf,HP,"Kalla, Dua and Chowdhury",130867,139,38,4.0
6068,Vijayawada,Furniture,Bookshelf,Dell,"Khalsa, Samra and Kannan",23399,26,2,4.6
6069,Vijayawada,Furniture,Bookshelf,Philips,Kant-Loke,47599,113,38,4.3
6070,Vijayawada,Furniture,Coffee Table,Godrej,Bajaj-Krish,104431,10,1,4.5
6071,Vijayawada,Furniture,Coffee Table,Tata,Batra-Madan,59622,301,89,3.7
6072,Vijayawada,Furniture,Coffee Table,Bajaj,"Rastogi, Sagar and Varghese",16499,364,289,4.7
6073,Vijayawada,Furniture,Coffee Table,Apple,"Ratta, Kaul and Bhatnagar",57693,410,326,3.8
6074,Vijayawada,Furniture,Coffee Table,Apple,Bhandari-Brar,89998,128,65,3.5
6075,Vijayawada,Furniture,TV Unit,Godrej,"Bhandari, Baral and Subramanian",100018,477,63,3.8
6076,Vijayawada,Furniture,TV Unit,Puma,Butala-Venkataraman,140737,53,42,3.5
6077,Vijayawada,Furniture,TV Unit,Boat,"Goswami, Sha and Wagle",54720,74,52,4.6
6078,Vijayawada,Furniture,TV Unit,Apple,"Dasgupta, Samra and Kannan",144200,354,249,4.5
6079,Vijayawada,Furniture,TV Unit,Reliance,Mammen-Ahuja,26904,268,92,4.1
6080,Vijayawada,Fashion,T-Shirt,Tata,"Chander, Swaminathan and Sachdeva",105007,389,122,5.0
6081,Vijayawada,Fashion,T-Shirt,Nike,Deol Group,65356,197,58,3.8
6082,Vijayawada,Fashion,T-Shirt,Bajaj,Sandhu-Jani,117889,447,60,3.8
6083,Vijayawada,Fashion,T-Shirt,Ikea,"Chaudhuri, Swamy and Agrawal",127804,345,90,4.1
6084,Vijayawada,Fashion,T-Shirt,Reliance,Hegde-Vora,139019,125,74,3.9
6085,Vijayawada,Fashion,Jeans,Lenovo,Kara Ltd,8314,67,24,3.8
6086,Vijayawada,Fashion,Jeans,Samsung,Arya-Sinha,28301,359,103,4.9
6087,Vijayawada,Fashion,Jeans,Dell,D’Alia PLC,46774,229,73,4.6
6088,Vijayawada,Fashion,Jeans,Samsung,Ray Ltd,94073,46,33,4.9
6089,Vijayawada,Fashion,Jeans,Mi,Choudhry-Boase,48222,365,192,3.6
6090,Vijayawada,Fashion,Kurti,Tata,Sachdev-Johal,54703,283,54,4.7
6091,Vijayawada,Fashion,Kurti,Mi,"Badami, Vyas and Dubey",132691,389,170,5.0
6092,Vijayawada,Fashion,Kurti,Godrej,Chhabra-Wali,31276,101,15,3.9
6093,Vijayawada,Fashion,Kurti,Mi,"Korpal, Bhatt and Sachdeva",125875,88,86,4.1
6094,Vijayawada,Fashion,Kurti,Boat,"Karan, Khatri and Thaker",126075,332,296,4.3
6095,Vijayawada,Fashion,Sneakers,Boat,Hora Inc,136189,64,10,4.0
6096,Vijayawada,Fashion,Sneakers,Bajaj,Bajwa-Kaul,49535,324,153,4.3
6097,Vijayawada,Fashion,Sneakers,Dell,"Balasubramanian, Chatterjee and Jhaveri",85068,473,456,4.9
6098,Vijayawada,Fashion,Sneakers,Dell,Dyal PLC,69969,437,393,4.2
6099,Vijayawada,Fashion,Sneakers,LG,"Bose, Gara and Butala",50603,275,134,4.3
6100,Vijayawada,Fashion,Jacket,Mi,Tiwari LLC,53200,468,267,4.6
6101,Vijayawada,Fashion,Jacket,Samsung,"Shenoy, Mallick and Behl",73646,63,31,3.9
6102,Vijayawada,Fashion,Jacket,HP,"Walia, Seshadri and Yogi",21234,183,23,4.5
6103,Vijayawada,Fashion,Jacket,Reliance,Gaba LLC,55408,142,14,4.9
6104,Vijayawada,Fashion,Jacket,Nike,"Swaminathan, Varty and Rajan",116279,18,11,4.7
6105,Vijayawada,Fashion,Watch,Mi,Singhal LLC,55613,185,102,4.1
6106,Vijayawada,Fashion,Watch,Samsung,"Tank, Chaudhry and Deo",83830,474,110,4.0
6107,Vijayawada,Fashion,Watch,Godrej,Saini Inc,116246,338,10,4.5
6108,Vijayawada,Fashion,Watch,Reliance,"Sahni, Bahl and Srinivas",81971,234,38,3.7
6109,Vijayawada,Fashion,Watch,Boat,"Sastry, Badal and Raman",125965,29,5,4.4
6110,Vijayawada,Fashion,Handbag,Godrej,Bumb LLC,146747,397,195,3.9
6111,Vijayawada,Fashion,Handbag,HP,Yogi Inc,95501,208,189,3.7
6112,Vijayawada,Fashion,Handbag,Tata,Gokhale-Dalal,107841,406,53,5.0
6113,Vijayawada,Fashion,Handbag,Adidas,Ahuja-Ramachandran,82602,278,75,4.8
6114,Vijayawada,Fashion,Handbag,Boat,Mangal Ltd,145692,147,94,4.3
6115,Vijayawada,Fashion,Sunglasses,Samsung,Barad Ltd,94153,374,224,4.9
6116,Vijayawada,Fashion,Sunglasses,HP,"Raju, Bhattacharyya and Sengupta",112884,347,11,3.7
6117,Vijayawada,Fashion,Sunglasses,HP,Chaudhry-Shetty,32187,460,67,4.4
6118,Vijayawada,Fashion,Sunglasses,Apple,"Bail, Kumar and Mannan",128792,164,105,4.0
6119,Vijayawada,Fashion,Sunglasses,Ikea,Batra Group,69998,42,24,3.9
6120,Vijayawada,Home Appliances,Refrigerator,Adidas,Trivedi and Sons,130116,279,172,4.1
6121,Vijayawada,Home Appliances,Refrigerator,Apple,Samra-Dhar,88200,492,439,4.3
6122,Vijayawada,Home Appliances,Refrigerator,Reliance,"Bala, Rajan and Kurian",69789,146,142,4.7
6123,Vijayawada,Home Appliances,Refrigerator,Prestige,"Seth, Bhargava and Wadhwa",6726,85,70,4.9
6124,Vijayawada,Home Appliances,Refrigerator,Apple,"Gandhi, Tiwari and Srinivasan",70060,252,132,4.5
6125,Vijayawada,Home Appliances,Washing Machine,Godrej,Batra-Subramaniam,114256,447,180,4.5
6126,Vijayawada,Home Appliances,Washing Machine,Mi,Borah-Soni,42883,46,27,3.6
6127,Vijayawada,Home Appliances,Washing Machine,Mi,Ghose-Sangha,86616,105,3,4.9
6128,Vijayawada,Home Appliances,Washing Machine,Puma,"Rana, Suri and Seth",20802,362,264,4.5
6129,Vijayawada,Home Appliances,Washing Machine,Adidas,"Varughese, Char and Agarwal",24823,58,10,4.1
6130,Vijayawada,Home Appliances,Microwave,Tata,"Shenoy, Choudhry and Aggarwal",102434,402,306,4.6
6131,Vijayawada,Home Appliances,Microwave,Godrej,"Boase, Krishnan and Biswas",109004,493,411,4.8
6132,Vijayawada,Home Appliances,Microwave,Ikea,Sunder-Swaminathan,62865,332,87,3.6
6133,Vijayawada,Home Appliances,Microwave,Tata,Agarwal LLC,11040,377,106,3.7
6134,Vijayawada,Home Appliances,Microwave,Samsung,"Aurora, Bains and Gole",146869,423,324,3.9
6135,Vijayawada,Home Appliances,Air Conditioner,Mi,Ratta-Kanda,18701,103,91,3.7
6136,Vijayawada,Home Appliances,Air Conditioner,Samsung,"Madan, Thakur and Shroff",105794,124,71,4.0
6137,Vijayawada,Home Appliances,Air Conditioner,Puma,Garg-Chaudhary,40342,89,30,4.2
6138,Vijayawada,Home Appliances,Air Conditioner,Mi,Loyal Group,134476,71,67,4.7
6139,Vijayawada,Home Appliances,Air Conditioner,Samsung,Choudhry and Sons,86911,63,23,3.6
6140,Vijayawada,Home Appliances,Mixer Grinder,Nike,Ramesh-Shetty,128219,126,22,4.8
6141,Vijayawada,Home Appliances,Mixer Grinder,Adidas,"Deshpande, Cherian and Andra",104992,385,369,4.9
6142,Vijayawada,Home Appliances,Mixer Grinder,Sony,"Bora, Chacko and Kadakia",137023,186,96,4.9
6143,Vijayawada,Home Appliances,Mixer Grinder,Godrej,Bera LLC,108100,308,2,3.7
6144,Vijayawada,Home Appliances,Mixer Grinder,Tata,"Suri, Randhawa and Chawla",88268,469,319,3.9
6145,Vijayawada,Home Appliances,Vacuum Cleaner,Bajaj,"Cherian, Raval and Balay",43597,30,12,4.0
6146,Vijayawada,Home Appliances,Vacuum Cleaner,Dell,"Gandhi, Wason and Chandra",22624,84,20,4.7
6147,Vijayawada,Home Appliances,Vacuum Cleaner,Godrej,Bansal-Loyal,109813,80,41,4.6
6148,Vijayawada,Home Appliances,Vacuum Cleaner,Lenovo,Bhardwaj LLC,148895,364,351,3.6
6149,Vijayawada,Home Appliances,Vacuum Cleaner,Boat,Bandi-Biswas,97972,436,83,4.7
6150,Vijayawada,Home Appliances,Water Purifier,Godrej,Goda Inc,107425,286,274,4.4
6151,Vijayawada,Home Appliances,Water Purifier,Tata,"Kara, Kumer and Yogi",15285,386,295,4.8
6152,Vijayawada,Home Appliances,Water Purifier,Ikea,Goel-Kalla,23408,203,27,4.4
6153,Vijayawada,Home Appliances,Water Purifier,Adidas,Srinivas Inc,124334,54,4,4.3
6154,Vijayawada,Home Appliances,Water Purifier,HP,"Ganesh, Kurian and Yadav",39701,433,372,4.7
6155,Vijayawada,Groceries,Rice,Boat,Atwal-Gokhale,18811,379,244,4.8
6156,Vijayawada,Groceries,Rice,Samsung,Comar-Tiwari,58849,187,172,3.6
6157,Vijayawada,Groceries,Rice,Sony,Tara-Dhillon,11340,203,194,4.7
6158,Vijayawada,Groceries,Rice,Apple,Yogi-Saraf,141913,491,466,3.6
6159,Vijayawada,Groceries,Rice,LG,Warrior-Tak,53870,133,64,4.0
6160,Vijayawada,Groceries,Wheat Flour,Godrej,Aggarwal-Comar,102986,308,11,3.9
6161,Vijayawada,Groceries,Wheat Flour,Lenovo,Balay-Chaudhuri,96283,169,66,4.7
6162,Vijayawada,Groceries,Wheat Flour,Lenovo,Mani Ltd,112159,90,69,3.9
6163,Vijayawada,Groceries,Wheat Flour,Adidas,Mani-Varty,85988,106,62,4.6
6164,Vijayawada,Groceries,Wheat Flour,Samsung,Bhardwaj Ltd,19921,336,111,4.2
6165,Vijayawada,Groceries,Cooking Oil,Tata,Sawhney-Dubey,144551,22,15,4.2
6166,Vijayawada,Groceries,Cooking Oil,HP,"Rattan, Chana and Bal",96989,364,171,4.0
6167,Vijayawada,Groceries,Cooking Oil,Philips,"Goyal, Sama and Jha",122885,292,154,4.3
6168,Vijayawada,Groceries,Cooking Oil,Tata,Shankar-Gour,82577,88,34,4.5
6169,Vijayawada,Groceries,Cooking Oil,HP,Mannan LLC,10590,395,50,3.6
6170,Vijayawada,Groceries,Sugar,Prestige,Bera-Kala,126550,98,49,3.9
6171,Vijayawada,Groceries,Sugar,Bajaj,"Sibal, Shankar and Tripathi",131491,280,78,3.9
6172,Vijayawada,Groceries,Sugar,Sony,Wagle PLC,83097,470,99,3.9
6173,Vijayawada,Groceries,Sugar,Boat,Dara Group,145334,94,39,4.1
6174,Vijayawada,Groceries,Sugar,HP,"Gade, Ramesh and Bhavsar",18933,58,25,4.9
6175,Vijayawada,Groceries,Tea Powder,Ikea,Sathe PLC,114471,66,19,3.6
6176,Vijayawada,Groceries,Tea Powder,Adidas,Krish Ltd,17206,457,388,4.2
6177,Vijayawada,Groceries,Tea Powder,HP,Halder-Chhabra,70395,20,17,4.2
6178,Vijayawada,Groceries,Tea Powder,Tata,Sagar Inc,4870,155,47,3.9
6179,Vijayawada,Groceries,Tea Powder,Boat,Bhatt-Varma,75628,58,21,4.0
6180,Vijayawada,Groceries,Milk,Tata,Madan-Rastogi,34113,24,17,4.1
6181,Vijayawada,Groceries,Milk,Ikea,"Iyer, Dugar and Bhatnagar",37509,292,186,3.7
6182,Vijayawada,Groceries,Milk,Reliance,Koshy and Sons,69487,309,286,4.9
6183,Vijayawada,Groceries,Milk,Dell,Cheema Group,40513,55,20,4.7
6184,Vijayawada,Groceries,Milk,Mi,Bhakta-Chaudhari,47676,260,74,4.4
6185,Vijayawada,Groceries,Biscuits,Mi,"Chawla, Rajagopalan and Aggarwal",110064,201,86,4.6
6186,Vijayawada,Groceries,Biscuits,Ikea,"Badami, Iyengar and Tata",45843,166,11,3.7
6187,Vijayawada,Groceries,Biscuits,Mi,Chadha Inc,128128,294,180,4.9
6188,Vijayawada,Groceries,Biscuits,LG,"Shankar, Singhal and Gade",64933,106,50,3.6
6189,Vijayawada,Groceries,Biscuits,Tata,"Wason, Edwin and Swaminathan",110535,346,297,4.2
6190,Vijayawada,Sports,Cricket Bat,Bajaj,Bail PLC,76117,432,143,4.9
6191,Vijayawada,Sports,Cricket Bat,Godrej,"Agrawal, Mann and Luthra",5876,223,118,3.9
6192,Vijayawada,Sports,Cricket Bat,Godrej,Chaudhry Ltd,58701,157,153,3.8
6193,Vijayawada,Sports,Cricket Bat,Reliance,Chauhan Inc,140045,300,178,3.7
6194,Vijayawada,Sports,Cricket Bat,Godrej,"Balan, D’Alia and Sem",64007,186,177,3.6
6195,Vijayawada,Sports,Football,Dell,Rajagopal Ltd,135055,157,9,4.4
6196,Vijayawada,Sports,Football,Samsung,"Gera, Anne and Dhingra",47385,297,25,4.8
6197,Vijayawada,Sports,Football,Godrej,"Khosla, Biswas and Chowdhury",101663,293,246,3.9
6198,Vijayawada,Sports,Football,Apple,"Khatri, Kakar and Raman",103110,260,33,3.8
6199,Vijayawada,Sports,Football,Tata,"Dugar, Vaidya and Vora",1624,467,147,3.6
6200,Vijayawada,Sports,Badminton Racket,Mi,Trivedi-Taneja,5615,246,204,3.7
6201,Vijayawada,Sports,Badminton Racket,Reliance,Shukla Inc,104634,385,338,4.7
6202,Vijayawada,Sports,Badminton Racket,Tata,"Sane, Kade and Iyer",32895,303,121,4.4
6203,Vijayawada,Sports,Badminton Racket,Bajaj,Sule and Sons,63134,161,37,4.0
6204,Vijayawada,Sports,Badminton Racket,LG,Shukla-Chaudhary,39665,76,12,4.4
6205,Vijayawada,Sports,Gym Gloves,Ikea,Kalita-Khalsa,146511,98,9,4.6
6206,Vijayawada,Sports,Gym Gloves,Reliance,"Varghese, Gokhale and Upadhyay",29729,203,201,4.6
6207,Vijayawada,Sports,Gym Gloves,Mi,Dar Inc,11510,388,135,4.0
6208,Vijayawada,Sports,Gym Gloves,Apple,"Bansal, Lad and Keer",16256,84,18,4.1
6209,Vijayawada,Sports,Gym Gloves,Adidas,Raj-Dhar,104111,12,10,4.9
6210,Vijayawada,Sports,Yoga Mat,Adidas,Basu-Raja,53803,86,46,4.9
6211,Vijayawada,Sports,Yoga Mat,Apple,Verma LLC,4500,306,294,4.4
6212,Vijayawada,Sports,Yoga Mat,Godrej,Bedi-Mandal,57595,71,31,4.1
6213,Vijayawada,Sports,Yoga Mat,Puma,"Ramaswamy, Virk and Apte",126125,42,27,3.9
6214,Vijayawada,Sports,Yoga Mat,Bajaj,"Balan, Dada and Guha",34474,38,22,4.8
6215,Vijayawada,Sports,Cycling Helmet,Prestige,Chaudhari LLC,69493,25,21,3.7
6216,Vijayawada,Sports,Cycling Helmet,Reliance,Tripathi-Sem,115624,477,422,4.3
6217,Vijayawada,Sports,Cycling Helmet,Samsung,"Raman, Shetty and Sinha",74200,94,70,4.3
6218,Vijayawada,Sports,Cycling Helmet,Boat,Kibe and Sons,43629,463,264,4.0
6219,Vijayawada,Sports,Cycling Helmet,Reliance,"Agate, Reddy and Sagar",139886,367,4,4.1
6220,Vijayawada,Beauty,Face Wash,Ikea,Thaman and Sons,135057,488,113,4.9
6221,Vijayawada,Beauty,Face Wash,Lenovo,Virk Group,85760,418,289,4.2
6222,Vijayawada,Beauty,Face Wash,Adidas,Bava-Korpal,61150,398,179,4.4
6223,Vijayawada,Beauty,Face Wash,Prestige,Thakkar-Varty,122605,218,92,4.7
6224,Vijayawada,Beauty,Face Wash,Adidas,"Din, Gopal and Bhargava",76655,386,276,4.5
6225,Vijayawada,Beauty,Lipstick,Bajaj,Chanda PLC,78556,281,179,3.8
6226,Vijayawada,Beauty,Lipstick,Tata,"Agate, Mangat and Khatri",82090,178,160,4.0
6227,Vijayawada,Beauty,Lipstick,Reliance,Cherian-Bhatti,78903,273,252,3.5
6228,Vijayawada,Beauty,Lipstick,Puma,Wali Ltd,117459,206,111,3.5
6229,Vijayawada,Beauty,Lipstick,Adidas,Vyas-Maharaj,129197,26,6,4.3
6230,Vijayawada,Beauty,Perfume,Puma,Buch LLC,131418,154,121,4.6
6231,Vijayawada,Beauty,Perfume,Lenovo,Butala PLC,149248,319,37,4.4
6232,Vijayawada,Beauty,Perfume,Sony,"Khurana, Mani and Behl",94642,196,112,4.4
6233,Vijayawada,Beauty,Perfume,Adidas,Doshi-Gandhi,138324,68,53,4.6
6234,Vijayawada,Beauty,Perfume,HP,Mand PLC,124468,29,16,4.7
6235,Vijayawada,Beauty,Shampoo,Prestige,"Chacko, Kamdar and Goda",10882,416,80,4.9
6236,Vijayawada,Beauty,Shampoo,Godrej,Chhabra Group,117970,224,17,3.7
6237,Vijayawada,Beauty,Shampoo,Reliance,Sundaram-Venkataraman,138898,14,10,3.6
6238,Vijayawada,Beauty,Shampoo,Godrej,Kannan-Dube,31757,114,97,4.7
6239,Vijayawada,Beauty,Shampoo,Bajaj,Ranganathan Ltd,12540,396,16,4.4
6240,Vijayawada,Beauty,Body Lotion,Boat,"Balakrishnan, Yogi and Manne",86821,432,157,4.0
6241,Vijayawada,Beauty,Body Lotion,Prestige,"Sarna, Sarna and Kadakia",144419,363,11,4.2
6242,Vijayawada,Beauty,Body Lotion,Dell,Gole-Krish,5920,74,60,3.8
6243,Vijayawada,Beauty,Body Lotion,Puma,Rao and Sons,27041,357,71,4.0
6244,Vijayawada,Beauty,Body Lotion,Dell,Soman-Ratti,52187,466,333,4.4
6245,Vijayawada,Beauty,Hair Dryer,Apple,"Bali, Dhillon and Dora",49148,202,188,3.6
6246,Vijayawada,Beauty,Hair Dryer,Samsung,Gour-Dora,74553,184,69,4.8
6247,Vijayawada,Beauty,Hair Dryer,LG,Tandon and Sons,102981,429,210,4.5
6248,Vijayawada,Beauty,Hair Dryer,HP,Basu PLC,102994,304,188,3.6
6249,Vijayawada,Beauty,Hair Dryer,Ikea,Reddy-Handa,40226,414,172,3.8
6250,Hubballi,Electronics,Smartphone,Prestige,Issac-Khatri,74076,165,134,3.7
6251,Hubballi,Electronics,Smartphone,Ikea,Kar-Ray,81056,473,192,4.0
6252,Hubballi,Electronics,Smartphone,Godrej,Krishnamurthy-Sahota,8277,317,95,4.4
6253,Hubballi,Electronics,Smartphone,Mi,Talwar PLC,23212,409,52,4.1
6254,Hubballi,Electronics,Smartphone,Tata,"Kunda, Biswas and Bhandari",138029,208,200,3.6
6255,Hubballi,Electronics,Laptop,HP,"Sangha, Krishnamurthy and Golla",16670,61,4,3.5
6256,Hubballi,Electronics,Laptop,Bajaj,"Sankaran, Rege and Cheema",26047,175,78,3.9
6257,Hubballi,Electronics,Laptop,Samsung,Chakraborty-Sankaran,124774,228,137,4.1
6258,Hubballi,Electronics,Laptop,Tata,Deshpande-Madan,123051,185,31,3.8
6259,Hubballi,Electronics,Laptop,Lenovo,Soman-Dhar,128322,317,251,3.5
6260,Hubballi,Electronics,Smart TV,Samsung,"Cherian, Kashyap and Swaminathan",109154,186,123,4.1
6261,Hubballi,Electronics,Smart TV,Boat,Dhingra-Sankar,13792,144,60,3.7
6262,Hubballi,Electronics,Smart TV,Tata,Cheema Ltd,19575,346,238,3.8
6263,Hubballi,Electronics,Smart TV,Dell,Bandi LLC,69572,410,32,4.8
6264,Hubballi,Electronics,Smart TV,Godrej,Varkey-Chakrabarti,71542,357,84,5.0
6265,Hubballi,Electronics,Bluetooth Speaker,Lenovo,Bawa Group,114379,50,6,4.4
6266,Hubballi,Electronics,Bluetooth Speaker,Dell,Mangal-Zacharia,98723,214,95,4.9
6267,Hubballi,Electronics,Bluetooth Speaker,Sony,Gour Group,88158,95,53,3.7
6268,Hubballi,Electronics,Bluetooth Speaker,Apple,Buch and Sons,9052,238,83,3.9
6269,Hubballi,Electronics,Bluetooth Speaker,Apple,Borah-Bal,4848,156,40,3.6
6270,Hubballi,Electronics,Tablet,Dell,Keer-Cheema,113550,174,109,3.7
6271,Hubballi,Electronics,Tablet,LG,"Kata, Soman and Borra",4673,218,185,4.4
6272,Hubballi,Electronics,Tablet,Samsung,Din Inc,68683,258,20,4.3
6273,Hubballi,Electronics,Tablet,Ikea,"Kata, Ranganathan and Varma",142333,387,69,4.2
6274,Hubballi,Electronics,Tablet,HP,Borra-Saini,25671,358,295,4.0
6275,Hubballi,Electronics,Gaming Console,Mi,Yogi Inc,35385,388,97,4.1
6276,Hubballi,Electronics,Gaming Console,Mi,Saran Inc,117926,402,188,3.6
6277,Hubballi,Electronics,Gaming Console,Ikea,Sarraf and Sons,19034,345,51,3.6
6278,Hubballi,Electronics,Gaming Console,Samsung,Krishnan Group,105005,461,145,4.6
6279,Hubballi,Electronics,Gaming Console,Reliance,Sood Ltd,43117,75,21,3.6
6280,Hubballi,Electronics,Smart Watch,Nike,Butala-Dar,54496,67,55,4.3
6281,Hubballi,Electronics,Smart Watch,Bajaj,"Jayaraman, Krishnan and Golla",87457,168,105,4.6
6282,Hubballi,Electronics,Smart Watch,Bajaj,"Mane, Sandal and Bhatt",68733,111,98,4.5
6283,Hubballi,Electronics,Smart Watch,Tata,Ramachandran and Sons,124132,43,7,4.0
6284,Hubballi,Electronics,Smart Watch,Reliance,Loke Inc,148045,186,131,4.6
6285,Hubballi,Electronics,Headphones,Samsung,Mani-Tak,53606,18,5,4.5
6286,Hubballi,Electronics,Headphones,Adidas,"Gill, Dalal and Reddy",142194,429,220,4.1
6287,Hubballi,Electronics,Headphones,Reliance,Din LLC,36603,154,4,4.2
6288,Hubballi,Electronics,Headphones,Samsung,Borra and Sons,26889,70,31,4.6
6289,Hubballi,Electronics,Headphones,Boat,"Khatri, Chokshi and Mammen",111983,477,98,4.3
6290,Hubballi,Furniture,Sofa,Boat,Garg Inc,126300,16,6,4.6
6291,Hubballi,Furniture,Sofa,Tata,Raju Group,13365,298,88,5.0
6292,Hubballi,Furniture,Sofa,Philips,Desai and Sons,38982,192,56,4.0
6293,Hubballi,Furniture,Sofa,Ikea,Reddy-Saran,50485,436,135,3.6
6294,Hubballi,Furniture,Sofa,Bajaj,Gour-Balasubramanian,8056,50,23,4.5
6295,Hubballi,Furniture,Dining Table,Samsung,Lad Group,23209,61,26,4.8
6296,Hubballi,Furniture,Dining Table,Samsung,Subramaniam-Sha,26461,394,336,4.6
6297,Hubballi,Furniture,Dining Table,Nike,Shankar Ltd,65078,436,192,5.0
6298,Hubballi,Furniture,Dining Table,Sony,Anne Inc,1103,180,146,4.1
6299,Hubballi,Furniture,Dining Table,Reliance,"Saran, Gokhale and Raman",123187,469,170,4.1
6300,Hubballi,Furniture,Office Chair,Puma,Malhotra Group,104906,343,137,3.7
6301,Hubballi,Furniture,Office Chair,Lenovo,"Arora, Ramachandran and Rama",80064,360,149,4.5
6302,Hubballi,Furniture,Office Chair,Reliance,Bhargava-Madan,129054,15,7,4.7
6303,Hubballi,Furniture,Office Chair,Dell,Shan Ltd,60288,240,158,4.1
6304,Hubballi,Furniture,Office Chair,Lenovo,Bhargava-Bhatt,87972,167,160,4.6
6305,Hubballi,Furniture,Bed,Ikea,Kothari-Saxena,30209,324,25,4.2
6306,Hubballi,Furniture,Bed,HP,Yohannan Group,68009,207,53,4.6
6307,Hubballi,Furniture,Bed,Bajaj,Bhavsar-Zacharia,23492,90,36,3.9
6308,Hubballi,Furniture,Bed,Mi,Chacko-Sood,15202,330,131,4.4
6309,Hubballi,Furniture,Bed,Apple,"Tata, Brahmbhatt and Lad",99525,67,63,4.3
6310,Hubballi,Furniture,Wardrobe,Tata,Varughese-Chacko,68584,35,16,3.8
6311,Hubballi,Furniture,Wardrobe,Nike,"Sridhar, Ben and Chopra",141916,411,128,3.5
6312,Hubballi,Furniture,Wardrobe,Sony,"Sharma, Sarin and Barad",98145,248,198,4.6
6313,Hubballi,Furniture,Wardrobe,Dell,Aurora-Ahluwalia,124024,411,354,3.6
6314,Hubballi,Furniture,Wardrobe,Mi,Jhaveri LLC,1014,90,66,4.6
6315,Hubballi,Furniture,Bookshelf,Sony,Bhalla-Chandra,102341,291,230,4.8
6316,Hubballi,Furniture,Bookshelf,Nike,Sabharwal-Wali,124917,285,285,4.2
6317,Hubballi,Furniture,Bookshelf,Lenovo,"Manda, Chaudhari and Chaudhary",12150,19,10,4.5
6318,Hubballi,Furniture,Bookshelf,Boat,"Sarraf, Yohannan and Reddy",102401,56,8,4.3
6319,Hubballi,Furniture,Bookshelf,Apple,"Bhandari, Hayer and Sandhu",51012,125,88,4.6
6320,Hubballi,Furniture,Coffee Table,Ikea,"Bora, Yohannan and Dara",94392,233,12,3.5
6321,Hubballi,Furniture,Coffee Table,Reliance,Baria-Roy,5919,163,109,4.9
6322,Hubballi,Furniture,Coffee Table,Mi,Subramaniam-Dube,50296,83,59,4.4
6323,Hubballi,Furniture,Coffee Table,HP,Basak Inc,38250,399,373,5.0
6324,Hubballi,Furniture,Coffee Table,Prestige,De-Chawla,125316,491,436,3.5
6325,Hubballi,Furniture,TV Unit,Adidas,"Garg, Dugal and Ahuja",48839,99,69,4.6
6326,Hubballi,Furniture,TV Unit,Nike,Sem PLC,48264,430,400,4.1
6327,Hubballi,Furniture,TV Unit,Bajaj,Chanda-Dani,147558,277,200,4.1
6328,Hubballi,Furniture,TV Unit,Tata,Kar PLC,62493,172,126,3.8
6329,Hubballi,Furniture,TV Unit,Sony,Venkataraman LLC,113235,46,31,3.6
6330,Hubballi,Fashion,T-Shirt,Nike,"Toor, Devan and Bhavsar",8579,158,108,3.8
6331,Hubballi,Fashion,T-Shirt,Dell,Kunda Inc,146922,75,38,4.2
6332,Hubballi,Fashion,T-Shirt,Tata,Biswas-Tak,12981,241,205,3.7
6333,Hubballi,Fashion,T-Shirt,Sony,"Hans, Kohli and Reddy",30048,248,50,4.3
6334,Hubballi,Fashion,T-Shirt,Sony,"Master, Bajaj and Uppal",44564,235,199,4.6
6335,Hubballi,Fashion,Jeans,Boat,Kibe LLC,83354,466,275,4.8
6336,Hubballi,Fashion,Jeans,Lenovo,"Joshi, Mander and Krishnamurthy",11789,477,461,5.0
6337,Hubballi,Fashion,Jeans,Bajaj,"Som, Chada and Saraf",95509,402,177,3.9
6338,Hubballi,Fashion,Jeans,LG,Barman-Warrior,126776,452,142,4.0
6339,Hubballi,Fashion,Jeans,Apple,"Bera, Srivastava and Bhatt",21351,173,98,3.7
6340,Hubballi,Fashion,Kurti,Dell,"Savant, Wagle and Kapur",84226,100,21,4.8
6341,Hubballi,Fashion,Kurti,Ikea,"Reddy, Garg and Iyer",7472,438,376,4.3
6342,Hubballi,Fashion,Kurti,Philips,Khosla-Bains,123845,477,345,4.7
6343,Hubballi,Fashion,Kurti,HP,Batra-Sodhi,118284,181,170,4.8
6344,Hubballi,Fashion,Kurti,Sony,Bhalla and Sons,46144,318,16,4.0
6345,Hubballi,Fashion,Sneakers,Reliance,"Bhattacharyya, Randhawa and Rajagopal",57224,458,336,4.6
6346,Hubballi,Fashion,Sneakers,Dell,"Brahmbhatt, Krishnamurthy and Kaul",37210,291,205,3.7
6347,Hubballi,Fashion,Sneakers,Dell,"Viswanathan, Yadav and Sarin",136089,246,67,3.7
6348,Hubballi,Fashion,Sneakers,HP,Tata Ltd,135753,17,15,4.2
6349,Hubballi,Fashion,Sneakers,Sony,Goel-Mangal,57150,52,16,3.6
6350,Hubballi,Fashion,Jacket,LG,"Garg, Chander and Varty",53700,330,218,4.4
6351,Hubballi,Fashion,Jacket,Boat,Choudhary-Kara,41688,300,246,4.7
6352,Hubballi,Fashion,Jacket,Samsung,"Thaman, Karnik and Chanda",28739,409,218,3.7
6353,Hubballi,Fashion,Jacket,Apple,Kamdar-Dhaliwal,27117,267,231,4.8
6354,Hubballi,Fashion,Jacket,Godrej,"Sidhu, Ghosh and Buch",74766,72,28,3.6
6355,Hubballi,Fashion,Watch,Mi,Swaminathan-Bumb,32880,370,140,4.2
6356,Hubballi,Fashion,Watch,Godrej,"Ghosh, Gala and Kothari",24496,450,442,4.1
6357,Hubballi,Fashion,Watch,Nike,Aggarwal-Bose,83154,398,387,4.9
6358,Hubballi,Fashion,Watch,Philips,Taneja LLC,96903,241,34,4.0
6359,Hubballi,Fashion,Watch,Bajaj,"Gopal, Shan and Kade",144910,10,3,3.7
6360,Hubballi,Fashion,Handbag,Godrej,Dugar Inc,67765,313,29,4.8
6361,Hubballi,Fashion,Handbag,HP,"Shenoy, Amble and Bali",49781,284,141,4.8
6362,Hubballi,Fashion,Handbag,Samsung,"Wali, Bajwa and Barman",136259,278,2,4.5
6363,Hubballi,Fashion,Handbag,Tata,"Kaur, Tank and Biswas",146806,388,222,4.7
6364,Hubballi,Fashion,Handbag,Sony,Borah-Chanda,85393,15,9,4.1
6365,Hubballi,Fashion,Sunglasses,Reliance,Bath-Mandal,117824,289,7,4.3
6366,Hubballi,Fashion,Sunglasses,Apple,Dasgupta-Soni,5398,80,33,4.5
6367,Hubballi,Fashion,Sunglasses,Lenovo,Chada and Sons,760,348,283,4.3
6368,Hubballi,Fashion,Sunglasses,Ikea,Ben-Sodhi,32513,423,353,5.0
6369,Hubballi,Fashion,Sunglasses,Bajaj,Dugar Group,56935,190,30,3.5
6370,Hubballi,Home Appliances,Refrigerator,Apple,"Mann, Master and Loke",68326,330,241,3.7
6371,Hubballi,Home Appliances,Refrigerator,Ikea,"Balay, Ahluwalia and Salvi",108584,228,6,5.0
6372,Hubballi,Home Appliances,Refrigerator,Samsung,Srivastava and Sons,76654,12,7,4.8
6373,Hubballi,Home Appliances,Refrigerator,Bajaj,Verma LLC,105403,452,121,4.3
6374,Hubballi,Home Appliances,Refrigerator,Prestige,Saini-Gour,107141,190,80,4.5
6375,Hubballi,Home Appliances,Washing Machine,HP,Chauhan Group,111116,180,74,4.2
6376,Hubballi,Home Appliances,Washing Machine,Dell,Jaggi Inc,48891,400,230,4.1
6377,Hubballi,Home Appliances,Washing Machine,Dell,"Khalsa, Lanka and Ravi",125866,311,77,4.8
6378,Hubballi,Home Appliances,Washing Machine,Adidas,"Ratta, Kohli and Bains",117134,103,11,4.8
6379,Hubballi,Home Appliances,Washing Machine,Tata,"Dhingra, Jaggi and Kapur",117487,116,21,4.6
6380,Hubballi,Home Appliances,Microwave,Boat,Srinivasan Inc,27285,348,82,3.8
6381,Hubballi,Home Appliances,Microwave,Nike,"Ravi, Chander and Dua",122524,368,63,4.9
6382,Hubballi,Home Appliances,Microwave,Boat,"Basak, Kanda and Borde",97202,163,113,4.8
6383,Hubballi,Home Appliances,Microwave,Adidas,Bains-Sule,8711,27,24,4.2
6384,Hubballi,Home Appliances,Microwave,Reliance,Kanda-Thakur,131277,320,266,4.3
6385,Hubballi,Home Appliances,Air Conditioner,Lenovo,Keer and Sons,5758,374,103,4.6
6386,Hubballi,Home Appliances,Air Conditioner,Boat,"Bawa, Chatterjee and Talwar",9739,178,9,4.4
6387,Hubballi,Home Appliances,Air Conditioner,Ikea,Krishnamurthy Inc,32200,271,84,3.8
6388,Hubballi,Home Appliances,Air Conditioner,Dell,"Shenoy, Soni and Shanker",3498,220,101,3.7
6389,Hubballi,Home Appliances,Air Conditioner,Lenovo,Dugar Ltd,136312,392,271,4.2
6390,Hubballi,Home Appliances,Mixer Grinder,Sony,"Gera, Bhardwaj and Dash",66122,111,66,4.9
6391,Hubballi,Home Appliances,Mixer Grinder,Ikea,Shenoy-Ram,137801,184,103,3.7
6392,Hubballi,Home Appliances,Mixer Grinder,Reliance,Mammen Ltd,90399,52,10,4.3
6393,Hubballi,Home Appliances,Mixer Grinder,Reliance,Bahl and Sons,85542,303,48,4.7
6394,Hubballi,Home Appliances,Mixer Grinder,HP,Brahmbhatt and Sons,62915,134,28,3.6
6395,Hubballi,Home Appliances,Vacuum Cleaner,Samsung,"Gupta, Chokshi and Bhargava",9449,472,392,4.2
6396,Hubballi,Home Appliances,Vacuum Cleaner,Boat,Sahni-Buch,58154,321,261,4.8
6397,Hubballi,Home Appliances,Vacuum Cleaner,Prestige,Bandi LLC,58684,87,6,4.2
6398,Hubballi,Home Appliances,Vacuum Cleaner,Philips,Devi-Tak,69275,427,112,4.9
6399,Hubballi,Home Appliances,Vacuum Cleaner,Samsung,Garde-Bhatt,7884,205,121,4.6
6400,Hubballi,Home Appliances,Water Purifier,Samsung,"Dar, Raj and Walia",25645,124,58,5.0
6401,Hubballi,Home Appliances,Water Purifier,Nike,Sarma-Seshadri,120508,483,28,4.7
6402,Hubballi,Home Appliances,Water Purifier,Samsung,Kant Group,28948,53,4,3.9
6403,Hubballi,Home Appliances,Water Purifier,Prestige,Bala-Vasa,114531,383,96,4.0
6404,Hubballi,Home Appliances,Water Purifier,Apple,Edwin Group,22207,333,258,3.8
6405,Hubballi,Groceries,Rice,Reliance,"Korpal, Zacharia and Varma",73697,129,16,4.7
6406,Hubballi,Groceries,Rice,Apple,Bala Ltd,28318,167,151,4.8
6407,Hubballi,Groceries,Rice,LG,"Bhavsar, Tak and Wagle",100000,90,62,4.6
6408,Hubballi,Groceries,Rice,Dell,Samra Ltd,10486,298,124,3.8
6409,Hubballi,Groceries,Rice,Tata,Kapoor and Sons,118488,235,35,3.7
6410,Hubballi,Groceries,Wheat Flour,Apple,Bala PLC,18704,480,426,4.9
6411,Hubballi,Groceries,Wheat Flour,LG,Venkataraman-Koshy,50579,51,20,4.0
6412,Hubballi,Groceries,Wheat Flour,Sony,Randhawa-Virk,12638,412,62,4.8
6413,Hubballi,Groceries,Wheat Flour,Philips,Aurora-Ahuja,116366,426,163,4.4
6414,Hubballi,Groceries,Wheat Flour,Philips,"Rama, Cheema and Khosla",102730,411,307,3.9
6415,Hubballi,Groceries,Cooking Oil,Ikea,Dugar and Sons,58533,293,32,4.4
6416,Hubballi,Groceries,Cooking Oil,Prestige,Mand-Sengupta,145564,337,256,4.8
6417,Hubballi,Groceries,Cooking Oil,Apple,Vora Group,70592,438,425,4.7
6418,Hubballi,Groceries,Cooking Oil,Tata,Sunder Group,75606,494,94,4.9
6419,Hubballi,Groceries,Cooking Oil,Nike,Ramesh-Biswas,14801,282,221,3.8
6420,Hubballi,Groceries,Sugar,Prestige,Varghese-Chaudhuri,145880,212,33,3.6
6421,Hubballi,Groceries,Sugar,Dell,Kade Ltd,67756,109,58,4.3
6422,Hubballi,Groceries,Sugar,Prestige,Raman-Randhawa,2667,301,240,4.4
6423,Hubballi,Groceries,Sugar,Adidas,"Sengupta, Dash and Bahri",126336,370,235,3.6
6424,Hubballi,Groceries,Sugar,Boat,Rastogi-Bera,31794,91,57,3.7
6425,Hubballi,Groceries,Tea Powder,Boat,Baria PLC,140212,105,9,4.4
6426,Hubballi,Groceries,Tea Powder,Mi,Grover-Randhawa,74144,197,171,4.0
6427,Hubballi,Groceries,Tea Powder,Prestige,"Behl, Deshpande and Banik",9666,309,124,4.0
6428,Hubballi,Groceries,Tea Powder,Reliance,Sha-Anand,77986,316,300,3.8
6429,Hubballi,Groceries,Tea Powder,Godrej,"Khosla, Sharaf and Doctor",97438,76,20,4.3
6430,Hubballi,Groceries,Milk,Samsung,Shukla Group,60498,85,72,4.3
6431,Hubballi,Groceries,Milk,Puma,Bala-Chandra,63136,100,74,3.7
6432,Hubballi,Groceries,Milk,Tata,Luthra-Balay,116827,290,8,4.2
6433,Hubballi,Groceries,Milk,Sony,Sinha and Sons,41075,399,75,3.6
6434,Hubballi,Groceries,Milk,Bajaj,"Konda, Sankar and Chawla",89730,219,141,3.7
6435,Hubballi,Groceries,Biscuits,HP,Batra and Sons,8573,59,5,4.1
6436,Hubballi,Groceries,Biscuits,Mi,Sodhi-Kohli,132676,51,45,4.0
6437,Hubballi,Groceries,Biscuits,Ikea,"Choudhary, Joshi and Zacharia",136257,252,224,3.8
6438,Hubballi,Groceries,Biscuits,Lenovo,"Issac, Bath and Madan",37861,465,2,4.0
6439,Hubballi,Groceries,Biscuits,Samsung,Gopal Ltd,144355,335,18,4.1
6440,Hubballi,Sports,Cricket Bat,Dell,Dutt-Balasubramanian,148506,231,29,5.0
6441,Hubballi,Sports,Cricket Bat,Philips,Chada-Karpe,85154,68,68,4.4
6442,Hubballi,Sports,Cricket Bat,Bajaj,Master-Bobal,90300,305,185,3.7
6443,Hubballi,Sports,Cricket Bat,Boat,"Baria, Chana and Sanghvi",20588,448,46,4.1
6444,Hubballi,Sports,Cricket Bat,Ikea,"Kadakia, Dey and Amble",62654,117,25,3.5
6445,Hubballi,Sports,Football,Ikea,"Shan, Ramaswamy and Rau",24209,494,388,4.5
6446,Hubballi,Sports,Football,Tata,Shan-Rajagopal,110598,386,243,4.1
6447,Hubballi,Sports,Football,Philips,"Ranganathan, Thaman and Contractor",76414,188,164,4.5
6448,Hubballi,Sports,Football,LG,Sharma-Kadakia,119652,26,3,4.6
6449,Hubballi,Sports,Football,Sony,Krishna Inc,149989,218,151,4.7
6450,Hubballi,Sports,Badminton Racket,Samsung,"Sanghvi, Mall and Bhalla",37546,241,165,3.7
6451,Hubballi,Sports,Badminton Racket,Dell,Brar LLC,61105,314,187,4.6
6452,Hubballi,Sports,Badminton Racket,Boat,"Bobal, Varkey and Mall",131349,219,196,3.9
6453,Hubballi,Sports,Badminton Racket,Philips,Bhalla Inc,128204,227,95,4.3
6454,Hubballi,Sports,Badminton Racket,Lenovo,Trivedi-Ben,102814,298,78,4.7
6455,Hubballi,Sports,Gym Gloves,Ikea,Bansal-Samra,67554,114,29,4.8
6456,Hubballi,Sports,Gym Gloves,Samsung,"Lanka, Dayal and Raj",32389,130,44,3.8
6457,Hubballi,Sports,Gym Gloves,Reliance,Tripathi Ltd,100666,468,116,4.8
6458,Hubballi,Sports,Gym Gloves,Puma,Comar Ltd,61774,401,12,4.1
6459,Hubballi,Sports,Gym Gloves,LG,"Sastry, Kurian and Uppal",18041,185,114,4.8
6460,Hubballi,Sports,Yoga Mat,Philips,Uppal-Sarna,86662,102,59,4.0
6461,Hubballi,Sports,Yoga Mat,Reliance,Bains Ltd,78282,243,28,4.8
6462,Hubballi,Sports,Yoga Mat,Adidas,Kashyap-Badami,40361,325,35,4.6
6463,Hubballi,Sports,Yoga Mat,HP,"Bhandari, Rama and Dutta",117901,444,56,4.6
6464,Hubballi,Sports,Yoga Mat,Reliance,Grewal-Krishna,50589,81,8,4.8
6465,Hubballi,Sports,Cycling Helmet,Mi,Barad-Sahni,73050,391,319,4.8
6466,Hubballi,Sports,Cycling Helmet,Prestige,Cherian-Babu,122307,286,244,4.3
6467,Hubballi,Sports,Cycling Helmet,Nike,"Kapadia, Mand and Batta",95122,144,69,4.7
6468,Hubballi,Sports,Cycling Helmet,Sony,Rajan Ltd,125171,43,17,4.8
6469,Hubballi,Sports,Cycling Helmet,Adidas,Sem-Chaudhuri,108383,179,67,3.7
6470,Hubballi,Beauty,Face Wash,Tata,"Dugar, Bansal and Khare",147084,315,181,3.6
6471,Hubballi,Beauty,Face Wash,Adidas,Dora-Goyal,98051,108,32,4.3
6472,Hubballi,Beauty,Face Wash,Apple,Saraf PLC,47379,185,149,3.6
6473,Hubballi,Beauty,Face Wash,Bajaj,Mannan Inc,133138,164,121,4.4
6474,Hubballi,Beauty,Face Wash,Tata,"Ganguly, Madan and Srinivasan",149083,489,473,4.1
6475,Hubballi,Beauty,Lipstick,Sony,Bal and Sons,148001,281,128,4.5
6476,Hubballi,Beauty,Lipstick,Reliance,"Chandra, Mann and Dasgupta",67003,321,212,4.6
6477,Hubballi,Beauty,Lipstick,Prestige,Sarma-Jani,145509,417,119,4.8
6478,Hubballi,Beauty,Lipstick,Samsung,Sodhi-Ravi,67941,329,268,3.6
6479,Hubballi,Beauty,Lipstick,Puma,"Dhar, Verma and Subramaniam",63064,318,265,4.7
6480,Hubballi,Beauty,Perfume,Philips,Batta-Lad,24671,110,56,4.7
6481,Hubballi,Beauty,Perfume,Tata,Balakrishnan-Divan,86064,160,18,3.5
6482,Hubballi,Beauty,Perfume,Samsung,Banik and Sons,104771,475,116,3.5
6483,Hubballi,Beauty,Perfume,Boat,"Gade, Gour and Kar",2732,127,26,3.9
6484,Hubballi,Beauty,Perfume,Sony,"Kulkarni, Mani and Lal",113706,452,75,4.1
6485,Hubballi,Beauty,Shampoo,Philips,"Shankar, Sane and Gara",12496,31,12,5.0
6486,Hubballi,Beauty,Shampoo,Puma,Bakshi PLC,142753,154,97,3.6
6487,Hubballi,Beauty,Shampoo,Reliance,Bahri Group,87794,79,31,4.9
6488,Hubballi,Beauty,Shampoo,Sony,"Kapoor, Gole and Setty",131050,40,8,4.8
6489,Hubballi,Beauty,Shampoo,Prestige,"Sharaf, Kapur and Shah",62410,117,45,3.6
6490,Hubballi,Beauty,Body Lotion,Mi,"Banik, Kibe and Sridhar",47944,199,10,3.8
6491,Hubballi,Beauty,Body Lotion,Tata,"Mammen, Chander and Bakshi",39042,448,102,4.8
6492,Hubballi,Beauty,Body Lotion,Puma,"Walla, Ratta and Ranganathan",72973,417,318,4.6
6493,Hubballi,Beauty,Body Lotion,Samsung,"Bobal, Deshmukh and Gopal",62555,14,1,4.8
6494,Hubballi,Beauty,Body Lotion,Tata,"Bhardwaj, Chanda and Dash",5718,295,161,4.2
6495,Hubballi,Beauty,Hair Dryer,Reliance,Shah Group,45245,341,123,4.0
6496,Hubballi,Beauty,Hair Dryer,Apple,Chopra-Kapur,122895,310,264,4.7
6497,Hubballi,Beauty,Hair Dryer,Puma,Datta and Sons,132732,346,122,4.3
6498,Hubballi,Beauty,Hair Dryer,Apple,"Sharaf, Kashyap and Sridhar",112887,81,79,4.9
6499,Hubballi,Beauty,Hair Dryer,Apple,Barad LLC,15586,209,48,4.8
6500,Mangalore,Electronics,Smartphone,Prestige,"Ganesan, Dhingra and De",57270,419,155,4.5
6501,Mangalore,Electronics,Smartphone,Tata,Vasa LLC,2156,316,227,4.8
6502,Mangalore,Electronics,Smartphone,Boat,"Yogi, Banik and Khosla",113431,327,242,4.9
6503,Mangalore,Electronics,Smartphone,Samsung,Uppal-Balasubramanian,23130,290,149,3.7
6504,Mangalore,Electronics,Smartphone,Tata,"Batra, Kibe and Sagar",108138,460,170,4.7
6505,Mangalore,Electronics,Laptop,Lenovo,Jayaraman-Kuruvilla,102818,480,50,4.7
6506,Mangalore,Electronics,Laptop,Godrej,Dubey-Kaul,122321,37,14,3.8
6507,Mangalore,Electronics,Laptop,Ikea,Shankar LLC,68372,322,250,3.8
6508,Mangalore,Electronics,Laptop,Philips,Zachariah-Sangha,88003,274,59,4.8
6509,Mangalore,Electronics,Laptop,Prestige,Keer Ltd,93504,281,85,3.7
6510,Mangalore,Electronics,Smart TV,Nike,Sura-Ravel,129444,29,18,4.0
6511,Mangalore,Electronics,Smart TV,Boat,"Randhawa, Handa and Vora",98675,227,59,5.0
6512,Mangalore,Electronics,Smart TV,Bajaj,"Dass, Talwar and Bawa",53765,358,344,3.9
6513,Mangalore,Electronics,Smart TV,Sony,"Bumb, Bali and Srinivas",42662,462,215,4.1
6514,Mangalore,Electronics,Smart TV,Tata,Wadhwa LLC,28455,51,38,3.5
6515,Mangalore,Electronics,Bluetooth Speaker,Reliance,"Mannan, Soman and Mani",126244,283,223,4.4
6516,Mangalore,Electronics,Bluetooth Speaker,Reliance,Chaudhry-Shan,32952,460,123,3.7
6517,Mangalore,Electronics,Bluetooth Speaker,Philips,Keer-Kapur,22743,425,410,4.2
6518,Mangalore,Electronics,Bluetooth Speaker,Sony,Kala LLC,128507,250,176,4.7
6519,Mangalore,Electronics,Bluetooth Speaker,Tata,"Venkataraman, Thaker and Bains",68383,232,209,3.6
6520,Mangalore,Electronics,Tablet,Mi,"Doshi, Kata and Chander",86360,89,53,5.0
6521,Mangalore,Electronics,Tablet,Tata,"Cheema, Vohra and Dayal",4291,124,65,4.2
6522,Mangalore,Electronics,Tablet,Puma,"Bumb, Jhaveri and Gera",10964,32,28,4.1
6523,Mangalore,Electronics,Tablet,Ikea,"Bhagat, Sanghvi and Lanka",30653,124,93,3.8
6524,Mangalore,Electronics,Tablet,Apple,"Raju, Sani and Mahal",149184,334,268,5.0
6525,Mangalore,Electronics,Gaming Console,Sony,"Bedi, Sen and Chad",102978,452,318,4.5
6526,Mangalore,Electronics,Gaming Console,Philips,"Gola, Venkataraman and Srinivasan",121705,336,311,4.3
6527,Mangalore,Electronics,Gaming Console,Samsung,Kar PLC,27656,422,119,4.0
6528,Mangalore,Electronics,Gaming Console,Prestige,Wagle-Butala,106742,368,151,4.9
6529,Mangalore,Electronics,Gaming Console,Philips,Upadhyay-Chander,27573,187,178,3.8
6530,Mangalore,Electronics,Smart Watch,Nike,Bhakta-Seth,20281,498,109,4.9
6531,Mangalore,Electronics,Smart Watch,Lenovo,Bains PLC,103996,73,42,4.1
6532,Mangalore,Electronics,Smart Watch,Dell,Balan LLC,39045,460,124,3.9
6533,Mangalore,Electronics,Smart Watch,Prestige,Rege-Gandhi,43230,353,351,4.9
6534,Mangalore,Electronics,Smart Watch,Dell,"Garg, Kota and Bhardwaj",98464,492,283,4.9
6535,Mangalore,Electronics,Headphones,Tata,Chana-Virk,59879,132,122,4.3
6536,Mangalore,Electronics,Headphones,Dell,D’Alia-Vaidya,26591,50,11,4.4
6537,Mangalore,Electronics,Headphones,Tata,"Saraf, Handa and Kuruvilla",94218,478,34,3.8
6538,Mangalore,Electronics,Headphones,Reliance,"Vora, Sant and Kohli",52537,297,245,3.9
6539,Mangalore,Electronics,Headphones,Tata,"Gulati, Sule and Koshy",121371,56,20,4.8
6540,Mangalore,Furniture,Sofa,Adidas,Butala-Lanka,92256,44,2,4.2
6541,Mangalore,Furniture,Sofa,Ikea,Sastry-Banik,2868,179,63,4.1
6542,Mangalore,Furniture,Sofa,HP,"Desai, Sharaf and Thakkar",49664,424,193,4.6
6543,Mangalore,Furniture,Sofa,Ikea,"Khalsa, Chauhan and Randhawa",146433,275,29,3.6
6544,Mangalore,Furniture,Sofa,Puma,Golla-Varughese,10586,188,149,4.8
6545,Mangalore,Furniture,Dining Table,Bajaj,Bajwa-Devi,133038,242,120,4.6
6546,Mangalore,Furniture,Dining Table,Boat,Agarwal Ltd,108489,281,27,3.6
6547,Mangalore,Furniture,Dining Table,Apple,Shanker-Agarwal,62725,185,146,4.9
6548,Mangalore,Furniture,Dining Table,LG,"Dash, Gour and Sundaram",106191,217,113,4.0
6549,Mangalore,Furniture,Dining Table,HP,"Vaidya, Brar and Ravel",56414,420,323,4.3
6550,Mangalore,Furniture,Office Chair,HP,"Bandi, Char and Bumb",109834,10,1,4.9
6551,Mangalore,Furniture,Office Chair,Prestige,"Buch, Sankaran and Lala",85836,110,81,4.6
6552,Mangalore,Furniture,Office Chair,Dell,"Sethi, Bobal and Dugal",107435,358,142,4.6
6553,Mangalore,Furniture,Office Chair,Adidas,Dixit-Mander,62110,33,13,3.7
6554,Mangalore,Furniture,Office Chair,Ikea,Saini-Sampath,46142,32,18,3.6
6555,Mangalore,Furniture,Bed,Dell,Chadha Ltd,112422,76,3,3.5
6556,Mangalore,Furniture,Bed,Prestige,Raman-Varty,132566,83,7,3.7
6557,Mangalore,Furniture,Bed,Nike,Varkey LLC,2856,229,146,3.6
6558,Mangalore,Furniture,Bed,Lenovo,Chopra-Agarwal,53278,25,5,4.9
6559,Mangalore,Furniture,Bed,Dell,"Thakkar, Sawhney and Tailor",3625,155,133,4.8
6560,Mangalore,Furniture,Wardrobe,Prestige,Majumdar-Tella,96156,495,356,4.3
6561,Mangalore,Furniture,Wardrobe,Godrej,Sami-Kadakia,74236,241,163,4.9
6562,Mangalore,Furniture,Wardrobe,Reliance,"Raman, Sankaran and Swaminathan",31478,380,52,3.8
6563,Mangalore,Furniture,Wardrobe,Puma,Mandal-Bahl,36784,361,346,5.0
6564,Mangalore,Furniture,Wardrobe,Philips,Dass-Kari,136205,256,256,3.5
6565,Mangalore,Furniture,Bookshelf,Reliance,Deo and Sons,14793,290,269,3.9
6566,Mangalore,Furniture,Bookshelf,LG,"Char, Guha and Bhasin",9852,19,3,4.2
6567,Mangalore,Furniture,Bookshelf,Sony,Subramanian Ltd,91846,460,65,4.6
6568,Mangalore,Furniture,Bookshelf,Lenovo,Chowdhury Inc,129203,23,14,4.9
6569,Mangalore,Furniture,Bookshelf,Reliance,"Banerjee, Guha and Bumb",94721,90,25,3.7
6570,Mangalore,Furniture,Coffee Table,Dell,Kulkarni-Gopal,2317,226,136,4.7
6571,Mangalore,Furniture,Coffee Table,Tata,"Ganesan, Jayaraman and Datta",31342,201,99,4.2
6572,Mangalore,Furniture,Coffee Table,Philips,"Chaudry, Samra and Savant",52768,147,7,3.9
6573,Mangalore,Furniture,Coffee Table,Adidas,"Wali, Barad and Seth",105178,494,352,4.6
6574,Mangalore,Furniture,Coffee Table,LG,Kothari LLC,83412,143,134,3.7
6575,Mangalore,Furniture,TV Unit,HP,Krishnan LLC,63800,448,240,4.1
6576,Mangalore,Furniture,TV Unit,Boat,"Bhatti, Bansal and Ramakrishnan",936,254,75,3.7
6577,Mangalore,Furniture,TV Unit,Adidas,"Kurian, Ganesan and Sachar",99761,385,161,4.6
6578,Mangalore,Furniture,TV Unit,Adidas,Kohli-Kari,128348,78,22,4.2
6579,Mangalore,Furniture,TV Unit,Dell,Rege Group,51411,342,208,4.2
6580,Mangalore,Fashion,T-Shirt,Adidas,"Sahota, Hayre and Varkey",82325,149,96,4.7
6581,Mangalore,Fashion,T-Shirt,HP,"Arora, Dugar and Mangat",147337,122,112,4.7
6582,Mangalore,Fashion,T-Shirt,Reliance,Chaudhary-Swaminathan,142999,106,68,4.7
6583,Mangalore,Fashion,T-Shirt,Samsung,Baral-Chopra,33615,178,98,4.1
6584,Mangalore,Fashion,T-Shirt,Godrej,"Karpe, Ganesh and Tak",101247,440,306,4.2
6585,Mangalore,Fashion,Jeans,Dell,Karnik and Sons,107349,115,29,4.8
6586,Mangalore,Fashion,Jeans,Prestige,"Kulkarni, Ramaswamy and Arya",28720,204,61,4.5
6587,Mangalore,Fashion,Jeans,Samsung,Mand-Magar,48317,108,47,4.3
6588,Mangalore,Fashion,Jeans,HP,Suresh Ltd,138204,321,263,3.8
6589,Mangalore,Fashion,Jeans,Puma,Grewal Group,136639,79,57,4.9
6590,Mangalore,Fashion,Kurti,Apple,"Brar, Ben and Barman",34799,226,15,4.2
6591,Mangalore,Fashion,Kurti,Tata,"Vig, Ganesan and Anne",80455,405,311,3.7
6592,Mangalore,Fashion,Kurti,Mi,Bal-Bawa,137198,69,17,3.9
6593,Mangalore,Fashion,Kurti,Bajaj,Raja-Sodhi,145371,369,42,4.0
6594,Mangalore,Fashion,Kurti,Tata,Golla Inc,20924,62,35,4.4
6595,Mangalore,Fashion,Sneakers,Reliance,"Doctor, Dar and Choudhry",111974,190,62,3.8
6596,Mangalore,Fashion,Sneakers,Samsung,"Bobal, Raj and Kar",93062,90,1,4.8
6597,Mangalore,Fashion,Sneakers,Boat,"Tata, Suri and Chawla",137038,113,47,4.5
6598,Mangalore,Fashion,Sneakers,Ikea,Mane-Varghese,11430,393,84,3.8
6599,Mangalore,Fashion,Sneakers,Sony,"Mannan, Loyal and Tank",25010,97,85,3.5
6600,Mangalore,Fashion,Jacket,Puma,Taneja-Garde,126163,307,198,3.7
6601,Mangalore,Fashion,Jacket,Boat,Srivastava Ltd,1141,472,112,3.5
6602,Mangalore,Fashion,Jacket,Apple,"Rana, Krishnan and Kohli",141778,419,22,4.3
6603,Mangalore,Fashion,Jacket,Godrej,"Sharaf, Sha and Gopal",18090,307,83,4.3
6604,Mangalore,Fashion,Jacket,Mi,Bhat-Rege,56172,98,19,4.8
6605,Mangalore,Fashion,Watch,HP,Dani Ltd,24295,25,21,3.8
6606,Mangalore,Fashion,Watch,Philips,"Kant, Andra and Ravel",127803,178,138,4.2
6607,Mangalore,Fashion,Watch,Samsung,"Gokhale, Deep and Venkataraman",32993,16,15,4.5
6608,Mangalore,Fashion,Watch,Adidas,"Bava, Biswas and Wali",136004,360,25,4.7
6609,Mangalore,Fashion,Watch,Philips,"Shenoy, Venkatesh and Brar",104371,85,29,4.4
6610,Mangalore,Fashion,Handbag,Lenovo,Bawa LLC,64488,204,19,3.8
6611,Mangalore,Fashion,Handbag,Mi,Chaudhry PLC,34699,457,261,4.7
6612,Mangalore,Fashion,Handbag,Prestige,"Barad, Sawhney and Swaminathan",127318,308,122,4.8
6613,Mangalore,Fashion,Handbag,Bajaj,"Kunda, De and Johal",116279,332,294,4.0
6614,Mangalore,Fashion,Handbag,Lenovo,"Goswami, Deshmukh and Malhotra",127988,267,164,3.8
6615,Mangalore,Fashion,Sunglasses,HP,Ghosh Inc,63156,64,4,4.3
6616,Mangalore,Fashion,Sunglasses,LG,"Kumar, Kannan and Dugar",13754,279,34,4.4
6617,Mangalore,Fashion,Sunglasses,Ikea,Lal-Sood,133861,400,333,4.8
6618,Mangalore,Fashion,Sunglasses,HP,Bobal LLC,107728,413,247,4.7
6619,Mangalore,Fashion,Sunglasses,Bajaj,"Venkataraman, Rastogi and Solanki",121639,91,32,3.9
6620,Mangalore,Home Appliances,Refrigerator,Sony,"Ghosh, Chakraborty and Seth",34278,88,10,3.8
6621,Mangalore,Home Appliances,Refrigerator,Ikea,Kamdar-Basak,104253,413,256,3.8
6622,Mangalore,Home Appliances,Refrigerator,Tata,Divan PLC,47843,442,358,4.8
6623,Mangalore,Home Appliances,Refrigerator,Godrej,Sankar Group,130178,47,25,4.1
6624,Mangalore,Home Appliances,Refrigerator,Philips,Halder Group,118817,144,140,4.5
6625,Mangalore,Home Appliances,Washing Machine,HP,Dhaliwal Group,64927,330,322,4.3
6626,Mangalore,Home Appliances,Washing Machine,Nike,Mane-Sodhi,67273,255,151,5.0
6627,Mangalore,Home Appliances,Washing Machine,HP,Talwar Ltd,122807,495,185,3.6
6628,Mangalore,Home Appliances,Washing Machine,Apple,Sankaran-Bose,128381,499,64,3.8
6629,Mangalore,Home Appliances,Washing Machine,Reliance,"Ramesh, Bath and Mahal",122732,72,53,3.6
6630,Mangalore,Home Appliances,Microwave,Boat,Sant-Dora,95266,221,181,4.5
6631,Mangalore,Home Appliances,Microwave,Samsung,"Kade, Rana and Loke",78303,304,142,4.3
6632,Mangalore,Home Appliances,Microwave,HP,Soman Inc,92580,24,6,3.6
6633,Mangalore,Home Appliances,Microwave,Dell,"Manne, Joshi and Chakraborty",36145,203,176,4.5
6634,Mangalore,Home Appliances,Microwave,Lenovo,Dada-Doshi,25754,383,12,4.5
6635,Mangalore,Home Appliances,Air Conditioner,Mi,Chaudry PLC,107612,157,15,4.7
6636,Mangalore,Home Appliances,Air Conditioner,Boat,"Ahuja, Sura and Brar",40475,436,374,4.8
6637,Mangalore,Home Appliances,Air Conditioner,Bajaj,Swamy LLC,33953,197,104,3.6
6638,Mangalore,Home Appliances,Air Conditioner,Sony,"Vala, Ramaswamy and Hari",97928,479,103,4.6
6639,Mangalore,Home Appliances,Air Conditioner,Prestige,"Saxena, Rajagopalan and Handa",98979,152,119,3.9
6640,Mangalore,Home Appliances,Mixer Grinder,Tata,"Hari, Din and Sahota",44203,256,171,3.7
6641,Mangalore,Home Appliances,Mixer Grinder,Nike,Bobal-Guha,34733,95,68,3.9
6642,Mangalore,Home Appliances,Mixer Grinder,Sony,Atwal-Biswas,25470,133,20,4.9
6643,Mangalore,Home Appliances,Mixer Grinder,Tata,Mahajan Ltd,112202,64,45,4.9
6644,Mangalore,Home Appliances,Mixer Grinder,Dell,Khare LLC,98333,351,76,4.6
6645,Mangalore,Home Appliances,Vacuum Cleaner,Boat,Baria Inc,94122,494,304,4.3
6646,Mangalore,Home Appliances,Vacuum Cleaner,Adidas,Atwal Group,36670,437,102,4.6
6647,Mangalore,Home Appliances,Vacuum Cleaner,Dell,Ramakrishnan Group,81176,82,47,4.0
6648,Mangalore,Home Appliances,Vacuum Cleaner,Adidas,"Kumer, Chaudhari and Trivedi",86188,264,188,4.0
6649,Mangalore,Home Appliances,Vacuum Cleaner,Samsung,"Sen, Gara and Bhatt",67048,500,192,4.5
6650,Mangalore,Home Appliances,Water Purifier,Lenovo,Chandran-Bhat,6527,125,42,4.0
6651,Mangalore,Home Appliances,Water Purifier,Tata,Seth Ltd,30694,209,180,4.0
6652,Mangalore,Home Appliances,Water Purifier,Philips,Saxena-Kakar,120386,155,77,4.8
6653,Mangalore,Home Appliances,Water Purifier,Nike,Shere-Arya,42258,214,181,3.9
6654,Mangalore,Home Appliances,Water Purifier,Godrej,"Tailor, Chauhan and Contractor",33775,336,261,4.7
6655,Mangalore,Groceries,Rice,Adidas,Shukla-Tank,46056,478,334,3.7
6656,Mangalore,Groceries,Rice,HP,"Chadha, Bala and Kalita",16710,430,210,3.9
6657,Mangalore,Groceries,Rice,Reliance,Yogi-Dasgupta,65889,441,242,4.0
6658,Mangalore,Groceries,Rice,Tata,Borde Inc,86447,229,228,3.9
6659,Mangalore,Groceries,Rice,Boat,Kalita and Sons,15359,300,55,4.1
6660,Mangalore,Groceries,Wheat Flour,Mi,Brar-Sen,107263,160,29,3.9
6661,Mangalore,Groceries,Wheat Flour,Lenovo,Gopal-Sachdev,131991,111,17,4.4
6662,Mangalore,Groceries,Wheat Flour,LG,Tata Group,61208,34,15,4.2
6663,Mangalore,Groceries,Wheat Flour,Mi,Bali-Ratta,111937,31,8,4.4
6664,Mangalore,Groceries,Wheat Flour,Boat,Sagar Ltd,126994,264,94,4.6
6665,Mangalore,Groceries,Cooking Oil,LG,"Yogi, Bakshi and Kapoor",14004,432,83,4.5
6666,Mangalore,Groceries,Cooking Oil,LG,Chandran-Bains,2917,176,150,4.9
6667,Mangalore,Groceries,Cooking Oil,Reliance,Choudhary Ltd,99989,179,143,4.9
6668,Mangalore,Groceries,Cooking Oil,Lenovo,"Ganesan, Raja and Hayre",94822,299,144,4.1
6669,Mangalore,Groceries,Cooking Oil,Dell,Singhal PLC,10049,45,2,4.0
6670,Mangalore,Groceries,Sugar,Adidas,Gola-Aggarwal,77691,409,111,4.9
6671,Mangalore,Groceries,Sugar,Mi,"Johal, Sodhi and Kohli",76770,498,171,4.9
6672,Mangalore,Groceries,Sugar,HP,Balay-Mangal,62834,152,102,4.8
6673,Mangalore,Groceries,Sugar,Lenovo,Bava-Ghose,114623,447,346,4.6
6674,Mangalore,Groceries,Sugar,Ikea,Vohra LLC,110974,268,145,4.9
6675,Mangalore,Groceries,Tea Powder,Prestige,Sachar-Vasa,50789,214,21,4.8
6676,Mangalore,Groceries,Tea Powder,Apple,"Gaba, Ahuja and Tella",43380,456,292,4.8
6677,Mangalore,Groceries,Tea Powder,Godrej,"Bhargava, Bhardwaj and Setty",13671,90,74,3.7
6678,Mangalore,Groceries,Tea Powder,Dell,Cherian-Ramachandran,27221,437,78,4.9
6679,Mangalore,Groceries,Tea Powder,Tata,Sami LLC,109628,322,82,4.6
6680,Mangalore,Groceries,Milk,Lenovo,"Kumer, Choudhary and Buch",64635,131,127,4.7
6681,Mangalore,Groceries,Milk,Philips,"Majumdar, Yadav and Mand",102908,292,65,4.0
6682,Mangalore,Groceries,Milk,Godrej,"Khurana, Chawla and Kapoor",103717,495,299,4.8
6683,Mangalore,Groceries,Milk,Bajaj,Balan Inc,87637,49,12,4.3
6684,Mangalore,Groceries,Milk,Tata,Mallick-Venkataraman,21708,73,70,4.0
6685,Mangalore,Groceries,Biscuits,HP,Sahota-Bhagat,133017,244,95,3.6
6686,Mangalore,Groceries,Biscuits,Boat,"Thakur, Chauhan and Lanka",149716,243,129,3.8
6687,Mangalore,Groceries,Biscuits,Samsung,"Subramaniam, Halder and Badami",72755,236,40,5.0
6688,Mangalore,Groceries,Biscuits,Bajaj,Tailor-Shankar,113886,385,151,4.9
6689,Mangalore,Groceries,Biscuits,Samsung,Bandi-Ghose,112363,335,228,3.8
6690,Mangalore,Sports,Cricket Bat,Samsung,Buch-Amble,82520,259,92,4.6
6691,Mangalore,Sports,Cricket Bat,Bajaj,Balakrishnan Inc,24443,376,197,4.6
6692,Mangalore,Sports,Cricket Bat,Philips,Ranganathan-Jha,123071,44,19,4.5
6693,Mangalore,Sports,Cricket Bat,Sony,Dalal-Saha,135304,344,118,3.8
6694,Mangalore,Sports,Cricket Bat,Adidas,Biswas-Atwal,125726,213,117,4.2
6695,Mangalore,Sports,Football,Reliance,Ganguly and Sons,127749,416,256,3.6
6696,Mangalore,Sports,Football,Mi,Balakrishnan and Sons,59905,381,39,3.8
6697,Mangalore,Sports,Football,Bajaj,"Chawla, Viswanathan and Taneja",6207,241,206,4.9
6698,Mangalore,Sports,Football,LG,Kanda Group,115522,26,11,4.3
6699,Mangalore,Sports,Football,Nike,Joshi Inc,111285,464,311,5.0
6700,Mangalore,Sports,Badminton Racket,HP,"Batta, Ramaswamy and Bajaj",72501,206,107,4.3
6701,Mangalore,Sports,Badminton Racket,Godrej,"Chad, Bhakta and Raj",94252,242,144,4.0
6702,Mangalore,Sports,Badminton Racket,Reliance,"Sheth, Anand and Sarma",112027,126,65,4.6
6703,Mangalore,Sports,Badminton Racket,HP,Sarkar-Walla,106023,499,242,3.9
6704,Mangalore,Sports,Badminton Racket,Bajaj,"Kanda, Chaudhary and Rao",127529,36,33,4.3
6705,Mangalore,Sports,Gym Gloves,Apple,Dhillon and Sons,139218,481,31,4.2
6706,Mangalore,Sports,Gym Gloves,Godrej,Sarraf Group,98549,322,196,4.9
6707,Mangalore,Sports,Gym Gloves,Philips,"Sibal, Bhakta and Sawhney",84705,488,345,4.1
6708,Mangalore,Sports,Gym Gloves,Philips,Basu-Kapoor,96202,44,28,5.0
6709,Mangalore,Sports,Gym Gloves,Godrej,Karnik PLC,43404,123,8,3.8
6710,Mangalore,Sports,Yoga Mat,Philips,Ramanathan-Vala,91224,371,70,3.5
6711,Mangalore,Sports,Yoga Mat,Dell,"Sheth, Sood and Zacharia",124226,145,90,4.8
6712,Mangalore,Sports,Yoga Mat,Boat,Maharaj Group,57806,421,234,4.3
6713,Mangalore,Sports,Yoga Mat,Dell,Reddy-Vora,858,264,37,4.1
6714,Mangalore,Sports,Yoga Mat,Nike,Raman-Doshi,34983,268,36,4.9
6715,Mangalore,Sports,Cycling Helmet,Bajaj,"Mallick, Rajagopalan and Shetty",56761,282,214,3.7
6716,Mangalore,Sports,Cycling Helmet,Godrej,"Bains, Krishnan and Mall",10524,317,149,4.8
6717,Mangalore,Sports,Cycling Helmet,Prestige,Gandhi-Malhotra,51117,180,73,4.0
6718,Mangalore,Sports,Cycling Helmet,Apple,"Sandhu, Deep and Dubey",93106,465,321,4.5
6719,Mangalore,Sports,Cycling Helmet,Nike,Buch Group,8395,391,312,4.6
6720,Mangalore,Beauty,Face Wash,Ikea,Deo Inc,40493,323,43,3.6
6721,Mangalore,Beauty,Face Wash,Godrej,"Dara, Ramesh and Khurana",58492,81,29,4.7
6722,Mangalore,Beauty,Face Wash,Samsung,"Verma, Karan and Khare",61241,344,27,4.9
6723,Mangalore,Beauty,Face Wash,Dell,Keer PLC,36429,59,40,4.0
6724,Mangalore,Beauty,Face Wash,Tata,Lata-Bakshi,46396,94,90,4.0
6725,Mangalore,Beauty,Lipstick,Puma,Basu Ltd,114577,190,16,4.9
6726,Mangalore,Beauty,Lipstick,Philips,Bhat-Singh,90159,345,51,4.6
6727,Mangalore,Beauty,Lipstick,Godrej,Tailor Ltd,78510,145,95,4.1
6728,Mangalore,Beauty,Lipstick,Boat,Lal PLC,115853,445,29,4.3
6729,Mangalore,Beauty,Lipstick,Apple,Khanna Group,87195,156,123,3.9
6730,Mangalore,Beauty,Perfume,Bajaj,Seth-Jain,30713,90,71,3.8
6731,Mangalore,Beauty,Perfume,Nike,Ratta LLC,92179,362,42,4.5
6732,Mangalore,Beauty,Perfume,LG,Sengupta-Dass,88884,277,219,3.7
6733,Mangalore,Beauty,Perfume,Mi,Jaggi and Sons,124607,126,65,4.5
6734,Mangalore,Beauty,Perfume,Mi,"Bhasin, Majumdar and Jaggi",80145,74,19,4.2
6735,Mangalore,Beauty,Shampoo,Bajaj,Hayer-Sood,33079,302,98,4.0
6736,Mangalore,Beauty,Shampoo,Sony,Arora-Madan,62497,138,21,4.5
6737,Mangalore,Beauty,Shampoo,Adidas,Sengupta Inc,60776,167,160,3.6
6738,Mangalore,Beauty,Shampoo,Samsung,Keer-Dewan,44024,411,349,3.8
6739,Mangalore,Beauty,Shampoo,Apple,Dubey-Kamdar,66721,448,406,4.5
6740,Mangalore,Beauty,Body Lotion,Nike,Varma Inc,141140,144,40,4.6
6741,Mangalore,Beauty,Body Lotion,Tata,Lall-Borah,140128,265,111,3.7
6742,Mangalore,Beauty,Body Lotion,Sony,"Mander, Sama and Deshpande",64298,54,38,4.6
6743,Mangalore,Beauty,Body Lotion,Godrej,Mani-Sengupta,28034,421,332,3.8
6744,Mangalore,Beauty,Body Lotion,LG,Walla Group,50269,70,44,3.6
6745,Mangalore,Beauty,Hair Dryer,Adidas,Ramanathan PLC,35322,378,313,3.6
6746,Mangalore,Beauty,Hair Dryer,Prestige,Sem-Baral,68230,296,3,3.9
6747,Mangalore,Beauty,Hair Dryer,Sony,"Kibe, Kumer and Shetty",113177,449,137,4.8
6748,Mangalore,Beauty,Hair Dryer,Dell,Kakar Inc,129176,370,314,4.8
6749,Mangalore,Beauty,Hair Dryer,Lenovo,"Savant, Wali and Sura",46986,149,123,4.0
6750,Noida,Electronics,Smartphone,Bajaj,"Mahal, Sehgal and Agarwal",29294,227,60,4.6
6751,Noida,Electronics,Smartphone,Dell,"Vaidya, Ganesan and Bhakta",148481,354,214,3.8
6752,Noida,Electronics,Smartphone,Godrej,Hegde-Babu,23151,339,4,5.0
6753,Noida,Electronics,Smartphone,Apple,"Jha, Doctor and Anne",34306,126,77,4.3
6754,Noida,Electronics,Smartphone,Samsung,Sha-Ganguly,46514,226,163,4.7
6755,Noida,Electronics,Laptop,Dell,Behl and Sons,14648,334,332,4.0
6756,Noida,Electronics,Laptop,Ikea,"Banik, Kibe and Venkataraman",99005,487,108,3.7
6757,Noida,Electronics,Laptop,Adidas,"Bhavsar, Yadav and Chanda",83302,95,20,3.7
6758,Noida,Electronics,Laptop,Apple,Basak LLC,19032,486,107,4.7
6759,Noida,Electronics,Laptop,HP,Mallick and Sons,20809,409,238,4.2
6760,Noida,Electronics,Smart TV,HP,Yadav Inc,48637,404,320,3.5
6761,Noida,Electronics,Smart TV,Samsung,"Sandal, Mann and Vyas",15180,185,148,4.8
6762,Noida,Electronics,Smart TV,LG,"Buch, Bains and Kulkarni",33488,426,378,4.0
6763,Noida,Electronics,Smart TV,Adidas,Choudhury PLC,51912,210,62,4.0
6764,Noida,Electronics,Smart TV,Adidas,Date Group,39480,32,21,3.5
6765,Noida,Electronics,Bluetooth Speaker,Ikea,"Madan, Sankar and Dutt",139479,402,53,4.5
6766,Noida,Electronics,Bluetooth Speaker,Prestige,"Varty, Mani and Rana",37542,476,130,4.7
6767,Noida,Electronics,Bluetooth Speaker,Philips,Borde-Reddy,21514,102,17,3.9
6768,Noida,Electronics,Bluetooth Speaker,Philips,"Aggarwal, Bhalla and Mammen",93751,30,28,3.5
6769,Noida,Electronics,Bluetooth Speaker,Tata,Dora PLC,63359,29,22,4.4
6770,Noida,Electronics,Tablet,Tata,Sarkar-Mangal,123669,414,285,5.0
6771,Noida,Electronics,Tablet,Lenovo,"Shanker, Kapadia and Mallick",6805,241,6,3.7
6772,Noida,Electronics,Tablet,Dell,Kumar Ltd,147075,122,81,4.5
6773,Noida,Electronics,Tablet,Godrej,Sarna-Aurora,63358,60,7,4.1
6774,Noida,Electronics,Tablet,Philips,Shan-Kaul,120418,151,124,4.6
6775,Noida,Electronics,Gaming Console,Lenovo,"Rau, Bhandari and Dewan",130159,13,11,4.0
6776,Noida,Electronics,Gaming Console,Sony,Vohra LLC,110367,146,4,4.9
6777,Noida,Electronics,Gaming Console,Reliance,Krishnan-Gour,26150,280,155,4.4
6778,Noida,Electronics,Gaming Console,Boat,"Jani, Dar and Lata",65802,329,270,4.2
6779,Noida,Electronics,Gaming Console,Adidas,Aurora-Bhalla,91435,71,52,4.8
6780,Noida,Electronics,Smart Watch,Lenovo,Sarkar-Madan,130867,99,44,3.9
6781,Noida,Electronics,Smart Watch,Bajaj,Karan Inc,44852,495,292,4.7
6782,Noida,Electronics,Smart Watch,LG,"Khare, Rege and Dewan",91963,140,54,3.6
6783,Noida,Electronics,Smart Watch,Philips,Goyal LLC,5347,145,107,4.4
6784,Noida,Electronics,Smart Watch,LG,Bakshi-D’Alia,142220,446,62,4.0
6785,Noida,Electronics,Headphones,Mi,"Bir, Kar and Kurian",100812,163,99,4.0
6786,Noida,Electronics,Headphones,Philips,"Sankaran, Hayer and Das",110939,158,108,4.5
6787,Noida,Electronics,Headphones,Lenovo,Bahl and Sons,145529,278,203,4.8
6788,Noida,Electronics,Headphones,Sony,Chauhan-Sidhu,68959,121,72,3.6
6789,Noida,Electronics,Headphones,Philips,"Anne, Soman and Dani",84881,229,77,4.8
6790,Noida,Furniture,Sofa,HP,Suresh Group,8930,491,85,4.9
6791,Noida,Furniture,Sofa,Apple,Dayal-Rau,75647,338,158,4.2
6792,Noida,Furniture,Sofa,HP,"Singh, Dave and Manda",140792,447,163,3.5
6793,Noida,Furniture,Sofa,Boat,"Ghosh, Roy and Bakshi",41773,96,27,3.9
6794,Noida,Furniture,Sofa,Sony,Dalal-Gour,101277,352,200,4.4
6795,Noida,Furniture,Dining Table,Sony,Wadhwa Inc,66386,203,134,3.7
6796,Noida,Furniture,Dining Table,Lenovo,Madan-Bhavsar,6093,52,17,4.9
6797,Noida,Furniture,Dining Table,Mi,Keer PLC,47183,175,2,4.6
6798,Noida,Furniture,Dining Table,Prestige,Dara-Madan,57271,331,137,4.9
6799,Noida,Furniture,Dining Table,Boat,"Banik, Tara and Dar",50415,146,118,3.5
6800,Noida,Furniture,Office Chair,Adidas,"Singh, Deshmukh and Chaudhari",131105,264,109,3.8
6801,Noida,Furniture,Office Chair,Samsung,"Badal, Mann and Issac",29518,383,96,4.0
6802,Noida,Furniture,Office Chair,Prestige,Khurana Group,123464,148,13,3.7
6803,Noida,Furniture,Office Chair,Ikea,"Maharaj, Sharaf and Kurian",28640,286,27,4.4
6804,Noida,Furniture,Office Chair,Tata,Sidhu LLC,112528,229,22,4.7
6805,Noida,Furniture,Bed,Tata,Loyal-Soman,143402,156,78,4.4
6806,Noida,Furniture,Bed,Adidas,"Ramakrishnan, Toor and Konda",14744,228,158,4.5
6807,Noida,Furniture,Bed,Nike,Chhabra-Choudhry,126113,406,338,4.2
6808,Noida,Furniture,Bed,Philips,"Chad, Ranganathan and Dada",129637,229,204,4.4
6809,Noida,Furniture,Bed,Ikea,Bir and Sons,117065,168,5,3.6
6810,Noida,Furniture,Wardrobe,LG,"Sami, Chhabra and Tandon",33574,292,113,4.9
6811,Noida,Furniture,Wardrobe,Mi,Rout and Sons,91052,165,149,3.6
6812,Noida,Furniture,Wardrobe,Puma,Kothari-Choudhary,106994,404,158,4.0
6813,Noida,Furniture,Wardrobe,HP,"Barman, Seshadri and Dey",113482,298,4,3.7
6814,Noida,Furniture,Wardrobe,Ikea,"Taneja, Contractor and Kapur",68087,494,28,4.7
6815,Noida,Furniture,Bookshelf,Adidas,"Wason, Mammen and Savant",20139,75,48,4.8
6816,Noida,Furniture,Bookshelf,LG,Kale-Khurana,135989,382,94,4.4
6817,Noida,Furniture,Bookshelf,LG,"Buch, Golla and Srinivasan",1627,58,5,4.8
6818,Noida,Furniture,Bookshelf,Sony,"Andra, Dasgupta and Anne",136680,467,304,4.4
6819,Noida,Furniture,Bookshelf,Adidas,Korpal Ltd,34438,271,108,4.7
6820,Noida,Furniture,Coffee Table,Boat,"Kashyap, Samra and Sur",79286,247,67,4.7
6821,Noida,Furniture,Coffee Table,Nike,Deol Inc,83787,90,83,3.9
6822,Noida,Furniture,Coffee Table,Tata,Doshi Inc,46389,369,268,3.8
6823,Noida,Furniture,Coffee Table,Sony,De PLC,71534,429,23,3.6
6824,Noida,Furniture,Coffee Table,Ikea,Lalla Group,91613,493,393,4.4
6825,Noida,Furniture,TV Unit,Adidas,Chadha-Garde,101435,76,51,4.0
6826,Noida,Furniture,TV Unit,Adidas,Sawhney-Doctor,149207,119,96,3.7
6827,Noida,Furniture,TV Unit,Samsung,Chokshi-Dalal,147925,184,116,5.0
6828,Noida,Furniture,TV Unit,Reliance,Sarma-Cherian,7031,260,231,3.7
6829,Noida,Furniture,TV Unit,Boat,Chandra-Garde,62685,112,112,3.8
6830,Noida,Fashion,T-Shirt,Tata,Bumb-Rao,80106,459,441,4.2
6831,Noida,Fashion,T-Shirt,Godrej,Bhatia Group,45650,381,177,4.1
6832,Noida,Fashion,T-Shirt,Dell,"Sood, Dara and Kaul",85710,357,19,4.4
6833,Noida,Fashion,T-Shirt,Lenovo,Doshi and Sons,118666,359,21,4.1
6834,Noida,Fashion,T-Shirt,Reliance,Iyer PLC,124784,99,95,4.8
6835,Noida,Fashion,Jeans,Prestige,Deshmukh-Sharma,55971,41,10,4.5
6836,Noida,Fashion,Jeans,Reliance,"Balakrishnan, Raj and Mander",5266,123,5,3.6
6837,Noida,Fashion,Jeans,LG,Dugal PLC,600,257,213,5.0
6838,Noida,Fashion,Jeans,Godrej,Ghose and Sons,56117,478,297,3.8
6839,Noida,Fashion,Jeans,Bajaj,"Buch, Kalita and Bhakta",46321,477,468,4.3
6840,Noida,Fashion,Kurti,Reliance,Bora PLC,56746,401,106,3.8
6841,Noida,Fashion,Kurti,Bajaj,Sant LLC,96119,69,47,3.5
6842,Noida,Fashion,Kurti,Nike,Suri-Tiwari,101530,498,496,4.0
6843,Noida,Fashion,Kurti,Tata,Boase Ltd,53945,18,18,4.3
6844,Noida,Fashion,Kurti,Prestige,Char-Lata,9544,42,10,4.9
6845,Noida,Fashion,Sneakers,Puma,"Dass, Sachar and Chowdhury",48363,51,8,4.1
6846,Noida,Fashion,Sneakers,Puma,Bora-Gera,118034,315,280,4.7
6847,Noida,Fashion,Sneakers,LG,Sarin PLC,65103,144,29,3.5
6848,Noida,Fashion,Sneakers,Philips,"Bawa, Borah and Lal",62976,20,19,4.3
6849,Noida,Fashion,Sneakers,Prestige,Bhavsar Inc,5825,312,185,4.8
6850,Noida,Fashion,Jacket,Samsung,Bhasin-Ravel,145267,161,10,4.5
6851,Noida,Fashion,Jacket,Philips,Basu-Thaman,75317,249,11,4.7
6852,Noida,Fashion,Jacket,Apple,Baria Group,128504,161,36,3.8
6853,Noida,Fashion,Jacket,Samsung,Mandal-Kala,124882,449,218,4.8
6854,Noida,Fashion,Jacket,Mi,Thaman-Agarwal,82063,369,314,4.0
6855,Noida,Fashion,Watch,Prestige,"Rattan, Sabharwal and Trivedi",90795,344,147,4.0
6856,Noida,Fashion,Watch,HP,Yadav Group,36314,180,165,3.7
6857,Noida,Fashion,Watch,Boat,Chakraborty-Aggarwal,9279,175,4,4.7
6858,Noida,Fashion,Watch,Godrej,"Sahni, Vohra and Soman",95373,162,16,4.9
6859,Noida,Fashion,Watch,Philips,Chauhan and Sons,68547,368,291,3.9
6860,Noida,Fashion,Handbag,LG,Rau Group,123060,290,151,4.4
6861,Noida,Fashion,Handbag,Ikea,Majumdar Group,61893,128,49,4.9
6862,Noida,Fashion,Handbag,Puma,Kapur-Sampath,4746,453,419,4.7
6863,Noida,Fashion,Handbag,Puma,Khanna-Magar,144959,449,16,4.0
6864,Noida,Fashion,Handbag,Lenovo,Suresh PLC,115238,142,102,4.5
6865,Noida,Fashion,Sunglasses,Tata,"Mallick, Sen and Kota",31910,304,111,4.6
6866,Noida,Fashion,Sunglasses,Sony,Bhat-Salvi,113770,417,100,3.8
6867,Noida,Fashion,Sunglasses,LG,Batta-Choudhry,52125,205,37,4.2
6868,Noida,Fashion,Sunglasses,Puma,Chadha-Ramesh,68678,485,10,4.9
6869,Noida,Fashion,Sunglasses,Philips,Vyas LLC,139881,482,23,4.4
6870,Noida,Home Appliances,Refrigerator,Ikea,"Rout, Mall and Khanna",141142,145,128,4.3
6871,Noida,Home Appliances,Refrigerator,Bajaj,Mammen-Loyal,47506,422,47,4.5
6872,Noida,Home Appliances,Refrigerator,Philips,"Dewan, Deshpande and Mahal",54610,197,107,4.4
6873,Noida,Home Appliances,Refrigerator,Tata,Sen-Kannan,29723,389,219,3.9
6874,Noida,Home Appliances,Refrigerator,Ikea,Kapadia LLC,118319,310,238,4.4
6875,Noida,Home Appliances,Washing Machine,HP,Bassi Inc,108704,354,261,4.2
6876,Noida,Home Appliances,Washing Machine,Prestige,"Badal, Loke and Brar",124930,298,254,4.9
6877,Noida,Home Appliances,Washing Machine,Reliance,Bajwa LLC,47300,428,319,3.6
6878,Noida,Home Appliances,Washing Machine,Mi,Krish and Sons,91035,372,133,4.3
6879,Noida,Home Appliances,Washing Machine,Boat,"Kumar, Varghese and Goda",147674,50,17,4.5
6880,Noida,Home Appliances,Microwave,Lenovo,Ahuja-Tank,33893,190,25,4.7
6881,Noida,Home Appliances,Microwave,Dell,"Walia, Bajaj and Khosla",58466,432,173,4.0
6882,Noida,Home Appliances,Microwave,Reliance,Anne Ltd,148081,200,7,3.9
6883,Noida,Home Appliances,Microwave,Philips,Koshy Inc,46450,229,144,3.5
6884,Noida,Home Appliances,Microwave,Mi,D’Alia-Baria,103139,56,40,3.8
6885,Noida,Home Appliances,Air Conditioner,Boat,"Kaul, Yogi and Bajaj",8186,68,42,4.1
6886,Noida,Home Appliances,Air Conditioner,Boat,Mannan-Khurana,38817,213,101,4.4
6887,Noida,Home Appliances,Air Conditioner,Philips,Ramaswamy-Sura,35856,53,45,4.1
6888,Noida,Home Appliances,Air Conditioner,Reliance,Sabharwal-Jain,68621,449,291,3.5
6889,Noida,Home Appliances,Air Conditioner,LG,Randhawa PLC,8537,376,184,3.9
6890,Noida,Home Appliances,Mixer Grinder,Sony,"Saran, Boase and Bandi",72789,434,43,3.5
6891,Noida,Home Appliances,Mixer Grinder,Tata,Rajan-Vaidya,1478,320,254,4.6
6892,Noida,Home Appliances,Mixer Grinder,Godrej,Sekhon and Sons,75558,89,50,5.0
6893,Noida,Home Appliances,Mixer Grinder,Reliance,Sami Group,100158,414,144,4.7
6894,Noida,Home Appliances,Mixer Grinder,Adidas,Shroff Ltd,31544,131,21,4.0
6895,Noida,Home Appliances,Vacuum Cleaner,Mi,Shukla Inc,82929,218,144,4.0
6896,Noida,Home Appliances,Vacuum Cleaner,Apple,"Loke, Vora and Kashyap",108176,105,81,4.4
6897,Noida,Home Appliances,Vacuum Cleaner,LG,"Krishnamurthy, Kapur and Comar",2674,186,172,3.6
6898,Noida,Home Appliances,Vacuum Cleaner,Adidas,Arora-Ravi,40425,143,134,4.3
6899,Noida,Home Appliances,Vacuum Cleaner,Boat,"Varghese, Wagle and Bali",121638,147,141,4.1
6900,Noida,Home Appliances,Water Purifier,Ikea,Chaudhry Group,19360,389,38,4.4
6901,Noida,Home Appliances,Water Purifier,Mi,"Rana, Walia and Date",73040,221,156,4.4
6902,Noida,Home Appliances,Water Purifier,Tata,Agate PLC,37366,210,77,4.3
6903,Noida,Home Appliances,Water Purifier,Apple,"Lata, Lala and Loke",80193,75,66,4.1
6904,Noida,Home Appliances,Water Purifier,Lenovo,"Kulkarni, Tak and Sarkar",19275,92,26,4.1
6905,Noida,Groceries,Rice,Bajaj,Deo-Kohli,50136,379,295,4.1
6906,Noida,Groceries,Rice,Reliance,Chopra-Chacko,17969,275,161,3.9
6907,Noida,Groceries,Rice,Philips,"Mammen, Gokhale and Kanda",39781,452,180,4.3
6908,Noida,Groceries,Rice,Bajaj,"Dhingra, Suri and Bail",83038,425,121,4.8
6909,Noida,Groceries,Rice,Samsung,"Jha, Sangha and Zachariah",146846,123,39,3.9
6910,Noida,Groceries,Wheat Flour,Reliance,Chauhan-Vig,72803,251,251,4.4
6911,Noida,Groceries,Wheat Flour,Dell,Toor Group,96476,443,189,4.8
6912,Noida,Groceries,Wheat Flour,Samsung,Batra-Singh,130642,342,319,4.6
6913,Noida,Groceries,Wheat Flour,Nike,Dhar Group,104252,20,4,4.1
6914,Noida,Groceries,Wheat Flour,Ikea,Kunda-Ravi,51457,400,309,4.2
6915,Noida,Groceries,Cooking Oil,Boat,Baria Group,76058,287,244,4.9
6916,Noida,Groceries,Cooking Oil,Samsung,"Kanda, Sarna and Karnik",4205,25,20,4.1
6917,Noida,Groceries,Cooking Oil,Apple,Biswas-Bava,142458,163,113,3.7
6918,Noida,Groceries,Cooking Oil,Mi,Bassi-Rastogi,107087,342,225,4.0
6919,Noida,Groceries,Cooking Oil,Sony,"Kant, Karpe and Raj",31319,217,208,4.9
6920,Noida,Groceries,Sugar,LG,"Kala, Warrior and Johal",126179,114,99,4.0
6921,Noida,Groceries,Sugar,Samsung,Bhasin-Sami,1082,462,124,4.9
6922,Noida,Groceries,Sugar,Ikea,"Sarna, Bakshi and Sur",11981,45,31,4.4
6923,Noida,Groceries,Sugar,Lenovo,"Madan, Sabharwal and Srinivasan",119951,184,131,4.1
6924,Noida,Groceries,Sugar,LG,Boase-Malhotra,111890,163,97,4.0
6925,Noida,Groceries,Tea Powder,Mi,Bobal Ltd,134148,226,1,4.4
6926,Noida,Groceries,Tea Powder,Godrej,Kapadia-Sahni,109576,436,279,4.9
6927,Noida,Groceries,Tea Powder,Boat,Kuruvilla-Jain,28270,292,176,3.5
6928,Noida,Groceries,Tea Powder,Prestige,Sachdev-Rau,133698,440,53,4.7
6929,Noida,Groceries,Tea Powder,LG,Kakar-Chadha,40650,17,1,4.7
6930,Noida,Groceries,Milk,Puma,"Bhalla, Sur and Savant",39405,421,209,4.3
6931,Noida,Groceries,Milk,Lenovo,"Rajagopalan, Amble and Ganesan",59939,401,21,4.6
6932,Noida,Groceries,Milk,Prestige,Suri-Ben,10371,311,257,4.6
6933,Noida,Groceries,Milk,Nike,Apte-Din,78692,125,19,4.6
6934,Noida,Groceries,Milk,Reliance,Mangat-Yogi,146043,44,31,3.7
6935,Noida,Groceries,Biscuits,Bajaj,"Sandal, Brahmbhatt and Dewan",26651,26,18,4.1
6936,Noida,Groceries,Biscuits,LG,Bajaj-Dhar,35210,336,88,4.1
6937,Noida,Groceries,Biscuits,Sony,Kata and Sons,99183,31,31,4.3
6938,Noida,Groceries,Biscuits,Philips,Chaudhuri-Gour,130320,470,302,3.7
6939,Noida,Groceries,Biscuits,Sony,Sen-Kanda,79873,430,110,4.3
6940,Noida,Sports,Cricket Bat,Philips,"Chad, Apte and Luthra",43695,197,57,3.6
6941,Noida,Sports,Cricket Bat,Adidas,Sarna Ltd,17883,477,76,3.8
6942,Noida,Sports,Cricket Bat,HP,"Contractor, Kuruvilla and Gera",40298,439,4,3.6
6943,Noida,Sports,Cricket Bat,Mi,Sodhi PLC,73841,326,323,4.5
6944,Noida,Sports,Cricket Bat,Philips,"Baria, Vasa and Sankaran",133284,88,23,4.3
6945,Noida,Sports,Football,Prestige,"Ganesh, Reddy and Lal",23197,345,237,4.3
6946,Noida,Sports,Football,Apple,"Roy, Sarkar and Chand",2240,74,16,4.3
6947,Noida,Sports,Football,LG,Sangha-Dixit,28968,46,30,4.1
6948,Noida,Sports,Football,Dell,Anne-Maharaj,31887,254,192,4.3
6949,Noida,Sports,Football,Samsung,Ratta-Sha,98823,126,13,3.8
6950,Noida,Sports,Badminton Racket,LG,Dutta-Chanda,90636,386,327,4.9
6951,Noida,Sports,Badminton Racket,HP,Bumb-Mane,58613,231,41,3.6
6952,Noida,Sports,Badminton Racket,Tata,"Khosla, Raj and Dani",42531,228,92,3.8
6953,Noida,Sports,Badminton Racket,Reliance,"Thakur, Sanghvi and Balakrishnan",89633,46,10,4.5
6954,Noida,Sports,Badminton Racket,Lenovo,"Gade, Krishna and Zachariah",65737,125,65,3.7
6955,Noida,Sports,Gym Gloves,HP,Kulkarni-Goyal,91930,187,21,4.6
6956,Noida,Sports,Gym Gloves,Reliance,Badal-Tailor,130721,80,8,3.8
6957,Noida,Sports,Gym Gloves,Reliance,Divan Inc,117510,453,132,4.7
6958,Noida,Sports,Gym Gloves,Lenovo,Balakrishnan-Arora,26748,487,365,4.2
6959,Noida,Sports,Gym Gloves,Godrej,Dhillon Inc,9626,305,192,4.1
6960,Noida,Sports,Yoga Mat,Dell,Magar-Kadakia,3782,144,144,4.6
6961,Noida,Sports,Yoga Mat,Lenovo,Tella and Sons,83664,335,126,4.5
6962,Noida,Sports,Yoga Mat,Philips,Malhotra-Dasgupta,19866,240,170,4.0
6963,Noida,Sports,Yoga Mat,Adidas,Bumb Inc,32295,371,312,3.6
6964,Noida,Sports,Yoga Mat,Philips,Lad and Sons,146529,134,73,4.8
6965,Noida,Sports,Cycling Helmet,Philips,Warrior-Chada,96007,36,12,4.7
6966,Noida,Sports,Cycling Helmet,Apple,Joshi-Sawhney,141041,328,322,5.0
6967,Noida,Sports,Cycling Helmet,Reliance,Ramesh-Divan,105750,383,35,4.5
6968,Noida,Sports,Cycling Helmet,Boat,Bir Group,129239,13,7,3.6
6969,Noida,Sports,Cycling Helmet,Apple,"Bava, Choudhury and Sagar",132319,98,56,4.6
6970,Noida,Beauty,Face Wash,Bajaj,Kalita PLC,12809,403,124,4.0
6971,Noida,Beauty,Face Wash,Tata,Goda-Chokshi,6370,497,157,4.5
6972,Noida,Beauty,Face Wash,Dell,Kant-Ray,82885,132,131,3.9
6973,Noida,Beauty,Face Wash,Godrej,"Bhargava, Bedi and Warrior",9878,250,114,4.4
6974,Noida,Beauty,Face Wash,Nike,Arora-Bassi,119827,13,10,4.2
6975,Noida,Beauty,Lipstick,Lenovo,Gandhi and Sons,75666,287,18,4.0
6976,Noida,Beauty,Lipstick,Puma,"Maharaj, Talwar and Sarkar",135068,23,8,4.7
6977,Noida,Beauty,Lipstick,Dell,Rout-Babu,86498,444,130,4.2
6978,Noida,Beauty,Lipstick,Adidas,"Sidhu, Warrior and Sandal",7908,130,27,4.9
6979,Noida,Beauty,Lipstick,Ikea,"Upadhyay, Zachariah and Tank",73625,197,194,4.2
6980,Noida,Beauty,Perfume,Mi,Dutta-Bora,1882,367,154,4.3
6981,Noida,Beauty,Perfume,LG,Dhaliwal PLC,106220,111,50,3.8
6982,Noida,Beauty,Perfume,Philips,"Dhar, Bir and Kannan",69790,52,4,4.3
6983,Noida,Beauty,Perfume,Philips,Bedi-Butala,12263,132,76,4.0
6984,Noida,Beauty,Perfume,Nike,Batta-Bansal,149232,303,112,4.3
6985,Noida,Beauty,Shampoo,HP,"Dyal, Anne and Dhar",94055,204,76,4.7
6986,Noida,Beauty,Shampoo,Ikea,Dass Ltd,99436,103,45,4.8
6987,Noida,Beauty,Shampoo,Adidas,Hans-Banerjee,49601,282,151,3.9
6988,Noida,Beauty,Shampoo,Mi,Edwin-Mangal,13223,336,320,4.3
6989,Noida,Beauty,Shampoo,Reliance,Rau-Sawhney,131279,172,12,4.7
6990,Noida,Beauty,Body Lotion,Sony,"Sibal, Bumb and Saha",7293,413,83,3.6
6991,Noida,Beauty,Body Lotion,Boat,Lall-Sem,147645,117,114,4.3
6992,Noida,Beauty,Body Lotion,Tata,"Bhat, Mane and Dave",73574,469,77,4.4
6993,Noida,Beauty,Body Lotion,Boat,Grewal-Chakraborty,91010,417,331,3.7
6994,Noida,Beauty,Body Lotion,Nike,Gara-Gade,58048,325,66,4.0
6995,Noida,Beauty,Hair Dryer,Reliance,Tandon LLC,113174,241,106,4.5
6996,Noida,Beauty,Hair Dryer,Reliance,"Sibal, Barad and Kaur",21899,347,84,4.6
6997,Noida,Beauty,Hair Dryer,Bajaj,"Mannan, Kashyap and Kibe",7189,150,23,4.4
6998,Noida,Beauty,Hair Dryer,Puma,Kuruvilla-Borde,35294,336,336,4.0
6999,Noida,Beauty,Hair Dryer,Samsung,Lata Group,29401,461,432,3.9
7000,Gurugram,Electronics,Smartphone,Puma,Jani Group,105284,22,21,4.1
7001,Gurugram,Electronics,Smartphone,Philips,Bajwa-Bansal,23344,483,391,4.5
7002,Gurugram,Electronics,Smartphone,Reliance,Taneja-Varty,93866,211,76,4.6
7003,Gurugram,Electronics,Smartphone,Samsung,Choudhry and Sons,34065,60,33,4.1
7004,Gurugram,Electronics,Smartphone,HP,"Gaba, Bir and Sen",46203,143,10,3.8
7005,Gurugram,Electronics,Laptop,Samsung,"Kumar, Bandi and Maharaj",119786,406,341,5.0
7006,Gurugram,Electronics,Laptop,Dell,"Uppal, Ranganathan and Basu",39965,440,433,4.6
7007,Gurugram,Electronics,Laptop,Bajaj,"Ganguly, Hegde and Barman",89762,484,290,3.7
7008,Gurugram,Electronics,Laptop,Godrej,Ramakrishnan Group,126326,255,229,4.1
7009,Gurugram,Electronics,Laptop,HP,Loyal-Aggarwal,73666,474,327,4.1
7010,Gurugram,Electronics,Smart TV,Adidas,"Raj, Chawla and Goda",100313,15,4,4.2
7011,Gurugram,Electronics,Smart TV,Samsung,Jaggi Ltd,84712,64,49,4.0
7012,Gurugram,Electronics,Smart TV,Bajaj,Cheema PLC,24308,360,102,4.1
7013,Gurugram,Electronics,Smart TV,Philips,"Varkey, Lad and Biswas",138100,212,96,4.9
7014,Gurugram,Electronics,Smart TV,Apple,Sekhon LLC,137981,170,98,5.0
7015,Gurugram,Electronics,Bluetooth Speaker,Lenovo,Hayre-Chandran,70577,178,44,4.6
7016,Gurugram,Electronics,Bluetooth Speaker,HP,Bedi Inc,12395,325,229,4.0
7017,Gurugram,Electronics,Bluetooth Speaker,Godrej,Dey-Bala,3179,199,139,3.8
7018,Gurugram,Electronics,Bluetooth Speaker,Nike,"Bail, Chawla and Raval",95870,220,135,4.6
7019,Gurugram,Electronics,Bluetooth Speaker,Lenovo,"Bali, Gopal and Batra",148572,201,14,4.9
7020,Gurugram,Electronics,Tablet,Prestige,Bora Group,52802,348,236,4.6
7021,Gurugram,Electronics,Tablet,Adidas,Soman and Sons,114845,79,52,4.8
7022,Gurugram,Electronics,Tablet,Nike,Lata Inc,98301,445,311,4.5
7023,Gurugram,Electronics,Tablet,Philips,Batra-Chana,93317,21,6,3.6
7024,Gurugram,Electronics,Tablet,Adidas,"Dutt, Reddy and Zacharia",141664,181,141,4.5
7025,Gurugram,Electronics,Gaming Console,Philips,Bal-Ahluwalia,45089,392,188,3.7
7026,Gurugram,Electronics,Gaming Console,Prestige,Kumar-Venkataraman,69603,63,60,4.2
7027,Gurugram,Electronics,Gaming Console,Apple,"Butala, Sabharwal and Thaker",95222,274,28,3.5
7028,Gurugram,Electronics,Gaming Console,Lenovo,Loke Ltd,19269,217,136,3.6
7029,Gurugram,Electronics,Gaming Console,Godrej,Seshadri-Ramesh,97124,194,181,4.3
7030,Gurugram,Electronics,Smart Watch,Lenovo,"Bora, Gole and Venkataraman",19619,111,51,4.1
7031,Gurugram,Electronics,Smart Watch,Apple,"Iyer, Kale and Sanghvi",97781,399,311,5.0
7032,Gurugram,Electronics,Smart Watch,Godrej,"Mallick, Arya and Chaudhary",107890,368,289,4.9
7033,Gurugram,Electronics,Smart Watch,Godrej,Jayaraman-Sinha,2941,425,142,4.1
7034,Gurugram,Electronics,Smart Watch,Apple,Bera-Babu,50602,372,78,3.6
7035,Gurugram,Electronics,Headphones,Dell,Thaker Inc,115431,156,84,4.7
7036,Gurugram,Electronics,Headphones,Nike,Rastogi Ltd,138854,286,100,4.5
7037,Gurugram,Electronics,Headphones,Apple,Kumer-Chokshi,97709,69,38,4.0
7038,Gurugram,Electronics,Headphones,Reliance,"Uppal, Sundaram and Comar",44613,120,21,4.4
7039,Gurugram,Electronics,Headphones,Sony,"Lad, Bhalla and Dora",45501,371,46,4.0
7040,Gurugram,Furniture,Sofa,Philips,Gandhi Group,124637,198,98,4.1
7041,Gurugram,Furniture,Sofa,Apple,Sarkar-Chaudhary,24629,437,102,3.6
7042,Gurugram,Furniture,Sofa,Puma,"Choudhury, Ratti and Ram",98257,327,179,4.1
7043,Gurugram,Furniture,Sofa,Nike,"Thaman, Bava and Joshi",118543,273,121,4.8
7044,Gurugram,Furniture,Sofa,Ikea,Viswanathan-Solanki,113967,51,3,4.7
7045,Gurugram,Furniture,Dining Table,Adidas,Kadakia Ltd,130108,298,272,4.4
7046,Gurugram,Furniture,Dining Table,Lenovo,Vohra LLC,144666,472,14,4.3
7047,Gurugram,Furniture,Dining Table,Tata,Keer Inc,114187,142,27,4.8
7048,Gurugram,Furniture,Dining Table,Godrej,Aggarwal and Sons,56147,236,134,4.8
7049,Gurugram,Furniture,Dining Table,HP,Gulati LLC,128342,472,212,3.6
7050,Gurugram,Furniture,Office Chair,Ikea,"Bhagat, Sura and Khosla",3935,19,8,3.7
7051,Gurugram,Furniture,Office Chair,Philips,Bassi and Sons,93387,76,56,4.3
7052,Gurugram,Furniture,Office Chair,Dell,Dayal-Gaba,32881,280,221,4.5
7053,Gurugram,Furniture,Office Chair,Ikea,"Sule, Singhal and Bava",110839,355,174,4.0
7054,Gurugram,Furniture,Office Chair,Lenovo,Krishnan Ltd,116153,160,101,3.5
7055,Gurugram,Furniture,Bed,Nike,"Vala, Behl and Sani",4655,220,153,4.7
7056,Gurugram,Furniture,Bed,Ikea,Rajagopal-Bora,40898,165,17,4.8
7057,Gurugram,Furniture,Bed,Godrej,Sahni PLC,114483,156,137,4.5
7058,Gurugram,Furniture,Bed,Tata,"Dara, Guha and Koshy",17747,464,117,4.1
7059,Gurugram,Furniture,Bed,Ikea,"Jhaveri, Subramaniam and Bhattacharyya",119876,370,93,4.6
7060,Gurugram,Furniture,Wardrobe,Reliance,"Sahota, Bhardwaj and Majumdar",38117,183,132,4.0
7061,Gurugram,Furniture,Wardrobe,LG,Behl LLC,129045,86,15,3.8
7062,Gurugram,Furniture,Wardrobe,Boat,Kohli LLC,96313,353,200,4.5
7063,Gurugram,Furniture,Wardrobe,Samsung,Sastry Ltd,25050,131,96,4.4
7064,Gurugram,Furniture,Wardrobe,Apple,Bobal LLC,45830,167,97,4.3
7065,Gurugram,Furniture,Bookshelf,Philips,Ray PLC,75853,235,41,3.5
7066,Gurugram,Furniture,Bookshelf,Dell,"Sekhon, Khare and Basu",44329,27,10,3.6
7067,Gurugram,Furniture,Bookshelf,Bajaj,"Iyer, Sani and Buch",141819,431,237,4.8
7068,Gurugram,Furniture,Bookshelf,Bajaj,"Rajagopal, Rout and Bawa",87673,484,441,4.2
7069,Gurugram,Furniture,Bookshelf,Tata,Borah Group,42794,418,87,4.1
7070,Gurugram,Furniture,Coffee Table,Boat,Banerjee Group,39965,366,186,3.9
7071,Gurugram,Furniture,Coffee Table,Tata,Shere-Sibal,52189,370,72,4.0
7072,Gurugram,Furniture,Coffee Table,Reliance,"Kakar, Chaudry and Ganesan",66686,379,25,3.9
7073,Gurugram,Furniture,Coffee Table,Mi,Raval-Khosla,132995,220,38,4.6
7074,Gurugram,Furniture,Coffee Table,Samsung,"Sachar, Kar and Deol",136217,174,71,4.8
7075,Gurugram,Furniture,TV Unit,Dell,Varughese-Sem,7034,131,70,4.9
7076,Gurugram,Furniture,TV Unit,Adidas,Mammen PLC,49162,397,275,4.1
7077,Gurugram,Furniture,TV Unit,Dell,Bhavsar-Shukla,142960,358,248,3.6
7078,Gurugram,Furniture,TV Unit,Bajaj,"Varkey, Balan and Bala",81110,207,178,4.6
7079,Gurugram,Furniture,TV Unit,Ikea,"Kanda, Mangal and Lall",72852,457,398,3.6
7080,Gurugram,Fashion,T-Shirt,Tata,Batta-Wable,46456,355,1,3.6
7081,Gurugram,Fashion,T-Shirt,Adidas,Saini-Mand,97707,325,283,4.2
7082,Gurugram,Fashion,T-Shirt,Sony,"Karpe, Ramachandran and Bassi",147068,406,118,4.0
7083,Gurugram,Fashion,T-Shirt,Adidas,Gandhi-Balasubramanian,2045,293,82,4.5
7084,Gurugram,Fashion,T-Shirt,Ikea,"Master, Lata and Chaudhary",138869,351,207,3.7
7085,Gurugram,Fashion,Jeans,Boat,De-Ray,80430,314,124,3.6
7086,Gurugram,Fashion,Jeans,Mi,"Rege, Dixit and Varughese",24778,479,475,4.6
7087,Gurugram,Fashion,Jeans,Tata,Date PLC,110936,414,301,3.9
7088,Gurugram,Fashion,Jeans,Mi,Bains-Rout,148763,83,4,4.9
7089,Gurugram,Fashion,Jeans,Dell,Chacko-Mahajan,40980,105,7,4.1
7090,Gurugram,Fashion,Kurti,Puma,"Bose, Bhatnagar and Mani",43102,475,332,5.0
7091,Gurugram,Fashion,Kurti,Adidas,"Tailor, Warrior and Sethi",19120,352,136,4.2
7092,Gurugram,Fashion,Kurti,Ikea,Sem Inc,31011,393,69,4.2
7093,Gurugram,Fashion,Kurti,Boat,"Sethi, Chanda and Varkey",136758,240,25,3.5
7094,Gurugram,Fashion,Kurti,Puma,Kunda PLC,81340,283,74,4.8
7095,Gurugram,Fashion,Sneakers,Samsung,Vohra and Sons,92974,20,2,3.7
7096,Gurugram,Fashion,Sneakers,Tata,Singh Inc,59316,62,61,4.4
7097,Gurugram,Fashion,Sneakers,Puma,"Bhargava, Loke and Badami",142302,326,97,3.6
7098,Gurugram,Fashion,Sneakers,Ikea,Saxena and Sons,75731,264,191,4.5
7099,Gurugram,Fashion,Sneakers,Apple,Bhalla-Gole,55887,314,295,4.9
7100,Gurugram,Fashion,Jacket,Boat,"Dash, Som and Sagar",11878,146,126,4.3
7101,Gurugram,Fashion,Jacket,Samsung,Sule PLC,137593,111,43,4.4
7102,Gurugram,Fashion,Jacket,Mi,"Chokshi, Dixit and Barad",140303,67,53,4.7
7103,Gurugram,Fashion,Jacket,Puma,Rastogi Inc,118081,107,19,4.8
7104,Gurugram,Fashion,Jacket,Prestige,"Rau, Dhillon and Sandhu",17024,186,2,4.7
7105,Gurugram,Fashion,Watch,Mi,Kamdar Group,60867,250,80,4.0
7106,Gurugram,Fashion,Watch,Reliance,Sarin Inc,64022,468,188,4.2
7107,Gurugram,Fashion,Watch,Philips,Sawhney-Vyas,120351,339,258,4.5
7108,Gurugram,Fashion,Watch,HP,Bhatnagar-Bhagat,144227,158,99,4.8
7109,Gurugram,Fashion,Watch,Sony,"Ranganathan, Sehgal and Deshmukh",91983,76,61,4.7
7110,Gurugram,Fashion,Handbag,Apple,Chanda-Kannan,126604,483,395,4.5
7111,Gurugram,Fashion,Handbag,Godrej,Wadhwa-Shankar,29146,460,384,4.7
7112,Gurugram,Fashion,Handbag,Samsung,"Kala, Raman and Krishna",75042,249,66,4.8
7113,Gurugram,Fashion,Handbag,Tata,Goda-Bansal,65719,334,287,4.2
7114,Gurugram,Fashion,Handbag,Ikea,Dora-Jayaraman,27730,243,15,3.6
7115,Gurugram,Fashion,Sunglasses,Reliance,Ramakrishnan-Bajaj,117318,149,145,4.1
7116,Gurugram,Fashion,Sunglasses,Reliance,Batta-Ranganathan,33915,57,20,5.0
7117,Gurugram,Fashion,Sunglasses,Tata,"Jhaveri, Shan and Issac",48806,21,10,4.8
7118,Gurugram,Fashion,Sunglasses,Tata,Sethi Inc,5735,424,256,3.6
7119,Gurugram,Fashion,Sunglasses,Lenovo,"Ahluwalia, Chaudry and Anne",48916,101,39,3.5
7120,Gurugram,Home Appliances,Refrigerator,Bajaj,Varghese-Gade,53820,402,221,3.7
7121,Gurugram,Home Appliances,Refrigerator,LG,"Kunda, Ghose and Gopal",115118,444,367,4.7
7122,Gurugram,Home Appliances,Refrigerator,Puma,"Tandon, Luthra and Korpal",7917,445,271,4.3
7123,Gurugram,Home Appliances,Refrigerator,Adidas,Sami-Golla,108024,359,175,4.8
7124,Gurugram,Home Appliances,Refrigerator,Philips,"Rao, Kala and Dhaliwal",108164,346,176,4.9
7125,Gurugram,Home Appliances,Washing Machine,Tata,"Raju, Agrawal and Sunder",4527,158,158,4.0
7126,Gurugram,Home Appliances,Washing Machine,Godrej,Konda Group,80785,450,259,4.7
7127,Gurugram,Home Appliances,Washing Machine,Adidas,Bhardwaj Group,61250,191,42,3.8
7128,Gurugram,Home Appliances,Washing Machine,Prestige,Batta Group,96886,77,49,4.4
7129,Gurugram,Home Appliances,Washing Machine,Reliance,Hayer Ltd,38938,360,302,4.1
7130,Gurugram,Home Appliances,Microwave,Puma,Halder-Butala,62274,189,66,4.1
7131,Gurugram,Home Appliances,Microwave,HP,Edwin-Sura,135116,40,14,3.5
7132,Gurugram,Home Appliances,Microwave,Adidas,"Acharya, Dyal and Rattan",109142,465,73,4.2
7133,Gurugram,Home Appliances,Microwave,Mi,"Rama, Raja and Bera",56621,81,27,4.3
7134,Gurugram,Home Appliances,Microwave,Reliance,Thakur-Kumer,104912,483,167,4.4
7135,Gurugram,Home Appliances,Air Conditioner,Godrej,Batta-Kara,123675,332,184,5.0
7136,Gurugram,Home Appliances,Air Conditioner,Tata,"Ghose, Dhingra and Balasubramanian",31799,185,170,4.6
7137,Gurugram,Home Appliances,Air Conditioner,Samsung,Rege Group,17505,237,71,4.8
7138,Gurugram,Home Appliances,Air Conditioner,Bajaj,"Kashyap, Srinivasan and Kannan",43833,275,222,4.9
7139,Gurugram,Home Appliances,Air Conditioner,Dell,Ranganathan-Kala,55033,18,1,4.7
7140,Gurugram,Home Appliances,Mixer Grinder,Tata,Samra-Gera,123833,96,80,4.1
7141,Gurugram,Home Appliances,Mixer Grinder,LG,"Mahal, Subramanian and Gola",122772,110,63,4.2
7142,Gurugram,Home Appliances,Mixer Grinder,Boat,Swamy and Sons,88691,247,91,3.8
7143,Gurugram,Home Appliances,Mixer Grinder,Tata,Sawhney Inc,144845,438,434,4.8
7144,Gurugram,Home Appliances,Mixer Grinder,Bajaj,Gandhi-Dash,3755,314,152,3.9
7145,Gurugram,Home Appliances,Vacuum Cleaner,Puma,Trivedi Inc,9428,149,39,3.8
7146,Gurugram,Home Appliances,Vacuum Cleaner,Tata,"Das, Dhillon and Mani",10017,119,85,4.5
7147,Gurugram,Home Appliances,Vacuum Cleaner,Puma,Chokshi Ltd,3233,157,93,4.7
7148,Gurugram,Home Appliances,Vacuum Cleaner,Puma,"Tank, Sarna and Dayal",15634,316,48,3.6
7149,Gurugram,Home Appliances,Vacuum Cleaner,Apple,"Khurana, Devi and Banik",40177,263,33,3.9
7150,Gurugram,Home Appliances,Water Purifier,Bajaj,Kala-Rege,57950,305,174,3.9
7151,Gurugram,Home Appliances,Water Purifier,Dell,"Sachdeva, Grewal and Choudhry",74344,215,1,4.2
7152,Gurugram,Home Appliances,Water Purifier,Sony,"Sarkar, Chaudhari and Sanghvi",90685,84,64,4.2
7153,Gurugram,Home Appliances,Water Purifier,Bajaj,Babu-Subramaniam,29515,329,2,4.3
7154,Gurugram,Home Appliances,Water Purifier,Lenovo,Verma-Sahota,79296,85,69,4.7
7155,Gurugram,Groceries,Rice,LG,"Ahluwalia, Mand and Trivedi",144846,283,111,4.1
7156,Gurugram,Groceries,Rice,Lenovo,Dugar PLC,110626,447,253,4.5
7157,Gurugram,Groceries,Rice,Ikea,"Sethi, Mann and Gupta",21635,75,59,4.0
7158,Gurugram,Groceries,Rice,Reliance,Bhardwaj-Kalla,103901,217,205,3.7
7159,Gurugram,Groceries,Rice,Adidas,"Kant, Bhatnagar and Jain",43889,361,56,4.2
7160,Gurugram,Groceries,Wheat Flour,HP,Varkey-Wason,121479,41,25,4.9
7161,Gurugram,Groceries,Wheat Flour,Nike,"Konda, Ramanathan and Rout",102212,240,158,4.1
7162,Gurugram,Groceries,Wheat Flour,Bajaj,Krishnan-Seth,4412,480,254,3.5
7163,Gurugram,Groceries,Wheat Flour,Boat,Apte PLC,141609,338,9,3.9
7164,Gurugram,Groceries,Wheat Flour,HP,"Bumb, Kata and Basu",23442,446,364,4.4
7165,Gurugram,Groceries,Cooking Oil,Reliance,Wason LLC,72649,228,200,3.8
7166,Gurugram,Groceries,Cooking Oil,Lenovo,"Rout, Chopra and Kohli",144333,226,157,4.2
7167,Gurugram,Groceries,Cooking Oil,Prestige,Master Inc,119884,366,81,4.3
7168,Gurugram,Groceries,Cooking Oil,Sony,Badal LLC,46810,303,288,4.1
7169,Gurugram,Groceries,Cooking Oil,Lenovo,"Samra, Reddy and Grover",14048,173,127,4.1
7170,Gurugram,Groceries,Sugar,Apple,Reddy-Mall,31659,213,91,3.6
7171,Gurugram,Groceries,Sugar,Philips,Sankaran-Banerjee,90554,197,88,4.1
7172,Gurugram,Groceries,Sugar,Ikea,"Srinivas, Dalal and Sharaf",62219,340,174,4.3
7173,Gurugram,Groceries,Sugar,Sony,Kamdar LLC,39808,363,154,3.9
7174,Gurugram,Groceries,Sugar,Reliance,Handa and Sons,66722,101,13,4.3
7175,Gurugram,Groceries,Tea Powder,Reliance,Gill Ltd,116307,406,97,4.1
7176,Gurugram,Groceries,Tea Powder,Nike,Karnik Group,107338,176,147,4.6
7177,Gurugram,Groceries,Tea Powder,Tata,"Bhargava, Dayal and Ganesan",57448,93,14,3.6
7178,Gurugram,Groceries,Tea Powder,Boat,"Shere, Desai and Kalita",138715,281,42,3.7
7179,Gurugram,Groceries,Tea Powder,Tata,"Soman, Chhabra and Behl",28387,371,191,4.1
7180,Gurugram,Groceries,Milk,LG,Madan-Ganesan,24062,71,38,4.4
7181,Gurugram,Groceries,Milk,Dell,Raj-Agate,39692,58,52,4.7
7182,Gurugram,Groceries,Milk,Samsung,Buch-Hayre,118842,109,4,4.8
7183,Gurugram,Groceries,Milk,Samsung,Shukla Inc,35686,346,69,3.9
7184,Gurugram,Groceries,Milk,Apple,Grewal Group,11614,393,212,4.7
7185,Gurugram,Groceries,Biscuits,Sony,Saini-Khanna,19960,316,22,3.8
7186,Gurugram,Groceries,Biscuits,Puma,Mander PLC,44937,308,35,3.8
7187,Gurugram,Groceries,Biscuits,Bajaj,Balan LLC,114380,463,3,4.8
7188,Gurugram,Groceries,Biscuits,Boat,Swaminathan-Mander,144373,337,328,4.8
7189,Gurugram,Groceries,Biscuits,Philips,Tailor Inc,71156,236,207,4.9
7190,Gurugram,Sports,Cricket Bat,Boat,Bhat-Sem,94975,169,155,4.7
7191,Gurugram,Sports,Cricket Bat,Puma,"Ratti, Vohra and Bhatia",22049,341,270,4.6
7192,Gurugram,Sports,Cricket Bat,Godrej,"Andra, Chauhan and Soni",106002,238,237,3.7
7193,Gurugram,Sports,Cricket Bat,Prestige,"Gala, Kapur and Magar",119121,232,156,4.8
7194,Gurugram,Sports,Cricket Bat,Samsung,Bobal-Wali,88726,460,141,4.7
7195,Gurugram,Sports,Football,Puma,Contractor PLC,92822,132,30,4.7
7196,Gurugram,Sports,Football,Lenovo,Sachdev Inc,115611,435,306,3.7
7197,Gurugram,Sports,Football,Lenovo,"Kant, Badami and Kashyap",71365,276,275,3.9
7198,Gurugram,Sports,Football,Bajaj,Keer Ltd,122673,116,11,3.9
7199,Gurugram,Sports,Football,Reliance,"Dada, Brahmbhatt and Sem",124544,278,162,4.4
7200,Gurugram,Sports,Badminton Racket,Puma,"Gill, Thakur and Tripathi",12104,221,204,4.5
7201,Gurugram,Sports,Badminton Racket,Godrej,Ray-Srinivas,30305,244,12,3.9
7202,Gurugram,Sports,Badminton Racket,Mi,Sule-Lala,57155,84,23,3.5
7203,Gurugram,Sports,Badminton Racket,Reliance,Bansal PLC,110833,95,34,4.5
7204,Gurugram,Sports,Badminton Racket,HP,"Warrior, Sen and Thakur",17203,462,146,4.5
7205,Gurugram,Sports,Gym Gloves,Tata,Behl Group,131516,51,28,4.7
7206,Gurugram,Sports,Gym Gloves,Adidas,Saxena Ltd,101248,193,84,3.6
7207,Gurugram,Sports,Gym Gloves,Sony,"Kapur, Sahota and Srinivas",124633,170,161,3.7
7208,Gurugram,Sports,Gym Gloves,LG,Sekhon-Chacko,130213,468,174,4.9
7209,Gurugram,Sports,Gym Gloves,Lenovo,"Dhar, Balan and Halder",113216,393,117,3.9
7210,Gurugram,Sports,Yoga Mat,Apple,"Lad, Bandi and Sur",39367,147,60,4.3
7211,Gurugram,Sports,Yoga Mat,Lenovo,Kohli-Sehgal,89187,64,11,4.1
7212,Gurugram,Sports,Yoga Mat,LG,Som-Sani,98404,486,395,3.9
7213,Gurugram,Sports,Yoga Mat,Bajaj,Kulkarni Ltd,119143,11,3,4.2
7214,Gurugram,Sports,Yoga Mat,Dell,"Balakrishnan, Mandal and Shukla",113361,437,7,4.6
7215,Gurugram,Sports,Cycling Helmet,Samsung,Batra-Sandal,15462,464,205,4.9
7216,Gurugram,Sports,Cycling Helmet,Adidas,Kala Ltd,124868,357,355,4.7
7217,Gurugram,Sports,Cycling Helmet,Adidas,Chandra-Savant,148632,41,28,4.2
7218,Gurugram,Sports,Cycling Helmet,Bajaj,"Sangha, Loke and Walia",103934,239,175,3.7
7219,Gurugram,Sports,Cycling Helmet,HP,Zacharia Inc,41399,410,97,3.6
7220,Gurugram,Beauty,Face Wash,Samsung,Ganguly-Sane,42696,377,47,4.3
7221,Gurugram,Beauty,Face Wash,HP,Kapadia-Dhingra,77264,383,216,4.5
7222,Gurugram,Beauty,Face Wash,Apple,Dhingra Ltd,79030,489,318,4.0
7223,Gurugram,Beauty,Face Wash,Samsung,"Sankar, Vora and Samra",110046,82,61,4.3
7224,Gurugram,Beauty,Face Wash,Ikea,Srivastava Group,51416,179,60,3.6
7225,Gurugram,Beauty,Lipstick,Sony,"Joshi, Deo and Mani",64221,81,32,4.3
7226,Gurugram,Beauty,Lipstick,Apple,Korpal-Mallick,3834,133,113,3.5
7227,Gurugram,Beauty,Lipstick,LG,Gara Ltd,5395,218,39,4.6
7228,Gurugram,Beauty,Lipstick,Adidas,Tak-Ahluwalia,4086,353,232,3.6
7229,Gurugram,Beauty,Lipstick,HP,Khatri-Kalla,141909,377,159,4.9
7230,Gurugram,Beauty,Perfume,Nike,Kannan-Sekhon,139741,305,133,4.3
7231,Gurugram,Beauty,Perfume,Adidas,Comar-Behl,129363,311,21,4.5
7232,Gurugram,Beauty,Perfume,Apple,Venkatesh and Sons,23763,85,31,5.0
7233,Gurugram,Beauty,Perfume,Godrej,"Toor, Kale and Sankar",52349,390,255,4.6
7234,Gurugram,Beauty,Perfume,Godrej,Aggarwal-Varkey,130646,389,5,4.8
7235,Gurugram,Beauty,Shampoo,LG,"Balakrishnan, Issac and Dugal",42349,192,28,4.4
7236,Gurugram,Beauty,Shampoo,Ikea,Bhatia-Datta,97507,434,413,3.9
7237,Gurugram,Beauty,Shampoo,Prestige,Bawa Ltd,5545,189,58,3.9
7238,Gurugram,Beauty,Shampoo,Prestige,Dewan-Karnik,19960,117,60,4.8
7239,Gurugram,Beauty,Shampoo,Dell,"Saini, Rout and Jha",63775,462,33,4.2
7240,Gurugram,Beauty,Body Lotion,Puma,Tak and Sons,128359,61,3,4.5
7241,Gurugram,Beauty,Body Lotion,Philips,Bandi and Sons,19502,275,25,3.7
7242,Gurugram,Beauty,Body Lotion,Dell,Sule Group,64246,470,55,4.1
7243,Gurugram,Beauty,Body Lotion,Dell,"Mani, Sibal and Chandran",52836,89,42,4.2
7244,Gurugram,Beauty,Body Lotion,Apple,"Dhillon, Bassi and Arya",38788,243,167,4.0
7245,Gurugram,Beauty,Hair Dryer,Mi,Chacko Group,122304,471,220,4.3
7246,Gurugram,Beauty,Hair Dryer,Boat,Boase-Bains,22063,388,302,4.4
7247,Gurugram,Beauty,Hair Dryer,Boat,Amble-Bhatnagar,8647,226,129,3.5
7248,Gurugram,Beauty,Hair Dryer,Tata,Yogi LLC,101267,368,305,4.7
7249,Gurugram,Beauty,Hair Dryer,Bajaj,Garg-Ravi,104916,211,37,4.5
7250,Thiruvananthapuram,Electronics,Smartphone,Dell,"Swamy, Ravi and Devi",51123,237,82,4.1
7251,Thiruvananthapuram,Electronics,Smartphone,Godrej,"Bala, Din and Kaul",37857,276,107,4.6
7252,Thiruvananthapuram,Electronics,Smartphone,Tata,Madan-Kulkarni,127026,293,33,4.2
7253,Thiruvananthapuram,Electronics,Smartphone,Adidas,Lad Group,8990,122,49,4.4
7254,Thiruvananthapuram,Electronics,Smartphone,Mi,"Datta, Yohannan and Sanghvi",45659,270,81,3.6
7255,Thiruvananthapuram,Electronics,Laptop,Tata,Sandhu LLC,88848,149,119,4.4
7256,Thiruvananthapuram,Electronics,Laptop,Reliance,Majumdar LLC,29202,420,186,4.8
7257,Thiruvananthapuram,Electronics,Laptop,Puma,"Sarma, Raj and Sawhney",134658,18,10,4.2
7258,Thiruvananthapuram,Electronics,Laptop,Philips,"Sampath, Dar and Dugar",116952,297,287,4.5
7259,Thiruvananthapuram,Electronics,Laptop,Apple,"Jhaveri, Ramachandran and Sengupta",124867,390,66,3.6
7260,Thiruvananthapuram,Electronics,Smart TV,Samsung,"Tella, Sarraf and Dar",62767,440,207,4.2
7261,Thiruvananthapuram,Electronics,Smart TV,Bajaj,Banik-Seshadri,133109,470,358,5.0
7262,Thiruvananthapuram,Electronics,Smart TV,Puma,"Aurora, Roy and Wagle",120455,284,169,3.7
7263,Thiruvananthapuram,Electronics,Smart TV,Bajaj,"Bhagat, Kota and Iyer",46116,422,190,4.6
7264,Thiruvananthapuram,Electronics,Smart TV,Nike,"Krishnamurthy, Dugar and Sha",121720,51,14,4.8
7265,Thiruvananthapuram,Electronics,Bluetooth Speaker,HP,Char Group,137716,65,63,4.8
7266,Thiruvananthapuram,Electronics,Bluetooth Speaker,Dell,Ranganathan Inc,109526,358,41,3.7
7267,Thiruvananthapuram,Electronics,Bluetooth Speaker,Apple,Hans-Wagle,134137,166,47,4.9
7268,Thiruvananthapuram,Electronics,Bluetooth Speaker,Dell,"Som, Setty and Dey",61340,53,36,4.5
7269,Thiruvananthapuram,Electronics,Bluetooth Speaker,Samsung,Sane and Sons,700,241,125,5.0
7270,Thiruvananthapuram,Electronics,Tablet,Puma,"Kibe, Koshy and Maharaj",4764,299,168,4.6
7271,Thiruvananthapuram,Electronics,Tablet,Nike,"Kothari, Korpal and Ben",123208,192,63,4.9
7272,Thiruvananthapuram,Electronics,Tablet,Tata,Deshmukh Group,122454,68,14,3.6
7273,Thiruvananthapuram,Electronics,Tablet,Tata,Dhaliwal Inc,29602,74,51,4.9
7274,Thiruvananthapuram,Electronics,Tablet,Nike,Sen Inc,13851,29,12,4.2
7275,Thiruvananthapuram,Electronics,Gaming Console,Ikea,Sen Ltd,125520,17,13,4.2
7276,Thiruvananthapuram,Electronics,Gaming Console,Puma,Bhatt-Kapoor,111140,178,45,3.8
7277,Thiruvananthapuram,Electronics,Gaming Console,Samsung,"Banerjee, Mallick and Shroff",55270,293,121,3.6
7278,Thiruvananthapuram,Electronics,Gaming Console,Godrej,"Ram, Ravel and Kapoor",86863,406,66,4.5
7279,Thiruvananthapuram,Electronics,Gaming Console,Mi,Rajagopal-Walla,80385,244,231,3.6
7280,Thiruvananthapuram,Electronics,Smart Watch,Samsung,Chada LLC,86949,111,77,4.5
7281,Thiruvananthapuram,Electronics,Smart Watch,Bajaj,"Saini, Lad and Gopal",21696,369,39,4.5
7282,Thiruvananthapuram,Electronics,Smart Watch,Philips,Rama Group,31022,473,231,4.7
7283,Thiruvananthapuram,Electronics,Smart Watch,Boat,"Bansal, Chopra and Sridhar",86721,300,126,3.8
7284,Thiruvananthapuram,Electronics,Smart Watch,Tata,"De, Yadav and Loke",136829,378,130,4.6
7285,Thiruvananthapuram,Electronics,Headphones,Reliance,Karpe PLC,97115,55,12,4.3
7286,Thiruvananthapuram,Electronics,Headphones,Apple,Ramanathan and Sons,108722,32,14,4.4
7287,Thiruvananthapuram,Electronics,Headphones,Nike,"Mangal, Sastry and Baral",69352,217,18,3.7
7288,Thiruvananthapuram,Electronics,Headphones,Godrej,Amble and Sons,70498,228,8,3.6
7289,Thiruvananthapuram,Electronics,Headphones,Samsung,Cheema-Chaudry,12240,130,46,4.4
7290,Thiruvananthapuram,Furniture,Sofa,Philips,Chahal-Kalita,63397,461,438,4.4
7291,Thiruvananthapuram,Furniture,Sofa,Puma,"Setty, Varkey and Walla",103614,187,140,4.2
7292,Thiruvananthapuram,Furniture,Sofa,Puma,"Yadav, Kapoor and Sengupta",128549,156,62,4.0
7293,Thiruvananthapuram,Furniture,Sofa,Lenovo,"Gupta, Bhasin and Vyas",51707,38,28,3.8
7294,Thiruvananthapuram,Furniture,Sofa,Samsung,Mann-Wason,49692,428,208,4.0
7295,Thiruvananthapuram,Furniture,Dining Table,Boat,Kalita Inc,66944,54,6,4.8
7296,Thiruvananthapuram,Furniture,Dining Table,Lenovo,Bhatti-Dhawan,67007,32,17,4.2
7297,Thiruvananthapuram,Furniture,Dining Table,HP,Kale Ltd,1237,172,170,4.3
7298,Thiruvananthapuram,Furniture,Dining Table,Dell,"Raju, Tailor and Gill",129134,380,352,4.9
7299,Thiruvananthapuram,Furniture,Dining Table,Reliance,"Ben, Desai and Mammen",57332,406,65,3.6
7300,Thiruvananthapuram,Furniture,Office Chair,Nike,Sarkar LLC,135792,160,79,4.9
7301,Thiruvananthapuram,Furniture,Office Chair,Adidas,Date-Gulati,69740,287,37,4.1
7302,Thiruvananthapuram,Furniture,Office Chair,Bajaj,Ranganathan PLC,139570,288,8,4.4
7303,Thiruvananthapuram,Furniture,Office Chair,Apple,Bose Inc,55600,203,5,4.2
7304,Thiruvananthapuram,Furniture,Office Chair,Reliance,"Roy, Varughese and Kannan",100362,383,265,4.8
7305,Thiruvananthapuram,Furniture,Bed,Apple,"Edwin, Gokhale and Comar",145577,340,286,4.8
7306,Thiruvananthapuram,Furniture,Bed,Adidas,"Walla, Biswas and Banik",140835,134,53,4.7
7307,Thiruvananthapuram,Furniture,Bed,Mi,"Sangha, Dave and Yohannan",2759,264,169,4.0
7308,Thiruvananthapuram,Furniture,Bed,Lenovo,Shere-Hegde,124719,388,300,3.6
7309,Thiruvananthapuram,Furniture,Bed,Mi,"Edwin, Sarna and Chana",24016,425,70,3.8
7310,Thiruvananthapuram,Furniture,Wardrobe,Mi,"Dara, Date and Chacko",39917,266,104,4.0
7311,Thiruvananthapuram,Furniture,Wardrobe,Ikea,Dugal-Kale,131850,461,420,4.6
7312,Thiruvananthapuram,Furniture,Wardrobe,Ikea,"Rege, Batra and Gola",60373,313,173,4.8
7313,Thiruvananthapuram,Furniture,Wardrobe,Boat,Bhasin-Johal,34842,430,150,4.4
7314,Thiruvananthapuram,Furniture,Wardrobe,Reliance,Sibal-Gandhi,136369,112,104,4.5
7315,Thiruvananthapuram,Furniture,Bookshelf,Dell,Kurian Inc,43838,177,113,4.7
7316,Thiruvananthapuram,Furniture,Bookshelf,Apple,Tella-Babu,13253,63,13,4.4
7317,Thiruvananthapuram,Furniture,Bookshelf,Dell,Deshpande-Joshi,39041,226,40,5.0
7318,Thiruvananthapuram,Furniture,Bookshelf,Philips,Chauhan Group,32209,51,33,4.2
7319,Thiruvananthapuram,Furniture,Bookshelf,Lenovo,Chowdhury LLC,144999,11,8,4.1
7320,Thiruvananthapuram,Furniture,Coffee Table,HP,Kanda Group,54082,214,127,3.9
7321,Thiruvananthapuram,Furniture,Coffee Table,Ikea,Gokhale-Kalita,26584,207,142,4.4
7322,Thiruvananthapuram,Furniture,Coffee Table,Samsung,Chakrabarti-Zachariah,76668,33,33,3.6
7323,Thiruvananthapuram,Furniture,Coffee Table,Ikea,Bora-Bal,1175,69,30,4.6
7324,Thiruvananthapuram,Furniture,Coffee Table,Godrej,"Karan, Bandi and Uppal",96054,285,169,4.6
7325,Thiruvananthapuram,Furniture,TV Unit,Samsung,Kapur Inc,76959,462,13,3.9
7326,Thiruvananthapuram,Furniture,TV Unit,Dell,Kanda Inc,12557,190,48,4.0
7327,Thiruvananthapuram,Furniture,TV Unit,Ikea,Chacko-Kara,111716,446,59,4.3
7328,Thiruvananthapuram,Furniture,TV Unit,Adidas,Shan Group,134891,416,336,3.7
7329,Thiruvananthapuram,Furniture,TV Unit,Sony,"Sarna, Kapoor and Dora",19306,475,125,4.1
7330,Thiruvananthapuram,Fashion,T-Shirt,Mi,"Atwal, Mannan and Shanker",76825,92,58,4.4
7331,Thiruvananthapuram,Fashion,T-Shirt,Prestige,"Aurora, Gulati and Varughese",106748,298,103,3.9
7332,Thiruvananthapuram,Fashion,T-Shirt,Philips,Dora Inc,118215,398,100,4.3
7333,Thiruvananthapuram,Fashion,T-Shirt,Bajaj,"Tata, Verma and Dugal",112978,171,163,4.7
7334,Thiruvananthapuram,Fashion,T-Shirt,Samsung,Shukla-Rao,134120,412,110,4.4
7335,Thiruvananthapuram,Fashion,Jeans,Reliance,Dugar Group,27654,389,52,4.9
7336,Thiruvananthapuram,Fashion,Jeans,Dell,Boase-Taneja,108649,316,146,4.2
7337,Thiruvananthapuram,Fashion,Jeans,Philips,Hari and Sons,82269,343,159,4.4
7338,Thiruvananthapuram,Fashion,Jeans,Bajaj,Goswami-Raj,54376,43,3,4.5
7339,Thiruvananthapuram,Fashion,Jeans,Boat,Badal Ltd,56489,332,161,4.7
7340,Thiruvananthapuram,Fashion,Kurti,Godrej,"Varughese, Kibe and Bala",34835,34,26,3.8
7341,Thiruvananthapuram,Fashion,Kurti,Dell,Ahluwalia-Banerjee,32182,192,103,4.4
7342,Thiruvananthapuram,Fashion,Kurti,Adidas,Jha Ltd,67257,163,36,4.8
7343,Thiruvananthapuram,Fashion,Kurti,Godrej,Bala Group,63158,298,2,3.7
7344,Thiruvananthapuram,Fashion,Kurti,HP,"Sheth, Karan and Khatri",117804,266,183,4.5
7345,Thiruvananthapuram,Fashion,Sneakers,HP,Mani-Deshmukh,95385,402,51,4.1
7346,Thiruvananthapuram,Fashion,Sneakers,Dell,Sahota-Divan,131353,130,51,4.5
7347,Thiruvananthapuram,Fashion,Sneakers,Philips,Bawa Ltd,31363,160,27,4.9
7348,Thiruvananthapuram,Fashion,Sneakers,Sony,Din-Seth,145425,298,234,3.7
7349,Thiruvananthapuram,Fashion,Sneakers,Philips,Shroff-Chad,11370,311,21,4.9
7350,Thiruvananthapuram,Fashion,Jacket,Bajaj,Karan-Garg,135549,204,108,3.8
7351,Thiruvananthapuram,Fashion,Jacket,Bajaj,Chopra and Sons,16920,94,71,4.7
7352,Thiruvananthapuram,Fashion,Jacket,Sony,Kannan and Sons,91874,53,11,4.1
7353,Thiruvananthapuram,Fashion,Jacket,Puma,Sastry-Dara,136772,208,197,4.8
7354,Thiruvananthapuram,Fashion,Jacket,Apple,Keer-Vora,144014,341,311,5.0
7355,Thiruvananthapuram,Fashion,Watch,Puma,Kar PLC,53273,280,42,4.3
7356,Thiruvananthapuram,Fashion,Watch,LG,Saran and Sons,53770,59,36,4.6
7357,Thiruvananthapuram,Fashion,Watch,LG,Buch-Dixit,118952,18,3,4.3
7358,Thiruvananthapuram,Fashion,Watch,Boat,Gole LLC,4450,464,243,4.7
7359,Thiruvananthapuram,Fashion,Watch,Adidas,Saini Ltd,143820,97,64,4.1
7360,Thiruvananthapuram,Fashion,Handbag,Adidas,Subramaniam-Badal,74460,314,223,4.6
7361,Thiruvananthapuram,Fashion,Handbag,HP,"Mahajan, Dube and Raman",148011,491,1,4.6
7362,Thiruvananthapuram,Fashion,Handbag,Adidas,Arya-Sunder,86382,328,86,4.6
7363,Thiruvananthapuram,Fashion,Handbag,LG,Sandal-Shukla,148003,76,18,4.8
7364,Thiruvananthapuram,Fashion,Handbag,Apple,Sood PLC,128911,225,213,5.0
7365,Thiruvananthapuram,Fashion,Sunglasses,Reliance,"Yohannan, Hayer and Chacko",68066,451,260,3.9
7366,Thiruvananthapuram,Fashion,Sunglasses,Tata,Thakkar PLC,40786,399,117,5.0
7367,Thiruvananthapuram,Fashion,Sunglasses,Tata,"Chaudhary, Garde and Verma",148596,319,221,4.0
7368,Thiruvananthapuram,Fashion,Sunglasses,Reliance,Zacharia-Khatri,145959,133,129,4.8
7369,Thiruvananthapuram,Fashion,Sunglasses,Prestige,Soni-Mander,59003,347,320,4.8
7370,Thiruvananthapuram,Home Appliances,Refrigerator,Philips,Venkatesh LLC,113361,416,27,4.0
7371,Thiruvananthapuram,Home Appliances,Refrigerator,Nike,Tank PLC,78276,260,174,4.9
7372,Thiruvananthapuram,Home Appliances,Refrigerator,Prestige,Balan Group,59336,244,58,4.8
7373,Thiruvananthapuram,Home Appliances,Refrigerator,Ikea,Kata and Sons,78267,137,101,3.5
7374,Thiruvananthapuram,Home Appliances,Refrigerator,Boat,Barad Ltd,34121,129,73,4.4
7375,Thiruvananthapuram,Home Appliances,Washing Machine,Lenovo,Bandi-Varkey,22074,281,112,4.2
7376,Thiruvananthapuram,Home Appliances,Washing Machine,Lenovo,Bera Ltd,20477,81,61,4.5
7377,Thiruvananthapuram,Home Appliances,Washing Machine,Reliance,Sandal-Saini,97434,320,164,4.7
7378,Thiruvananthapuram,Home Appliances,Washing Machine,Godrej,Chaudhry Inc,7357,166,5,4.8
7379,Thiruvananthapuram,Home Appliances,Washing Machine,Sony,Kalita-Madan,61027,198,143,4.0
7380,Thiruvananthapuram,Home Appliances,Microwave,Dell,Lata Ltd,84455,48,11,3.8
7381,Thiruvananthapuram,Home Appliances,Microwave,Sony,"Chokshi, Sami and Agate",8938,67,56,4.0
7382,Thiruvananthapuram,Home Appliances,Microwave,Philips,Sant Inc,31341,496,370,4.0
7383,Thiruvananthapuram,Home Appliances,Microwave,Philips,Chauhan-Bassi,141688,188,172,4.5
7384,Thiruvananthapuram,Home Appliances,Microwave,Samsung,Raman-Wadhwa,51084,152,18,4.3
7385,Thiruvananthapuram,Home Appliances,Air Conditioner,Sony,Chandran LLC,9308,51,31,4.8
7386,Thiruvananthapuram,Home Appliances,Air Conditioner,Adidas,Varma PLC,104353,15,13,3.7
7387,Thiruvananthapuram,Home Appliances,Air Conditioner,Philips,Balan-Baria,67270,175,71,3.5
7388,Thiruvananthapuram,Home Appliances,Air Conditioner,Dell,"Bhasin, Ramakrishnan and Dugal",19253,85,33,3.5
7389,Thiruvananthapuram,Home Appliances,Air Conditioner,Prestige,Gandhi-Bains,80162,284,92,4.8
7390,Thiruvananthapuram,Home Appliances,Mixer Grinder,Adidas,"Dyal, Gopal and Randhawa",67139,401,329,4.1
7391,Thiruvananthapuram,Home Appliances,Mixer Grinder,Puma,Kade-Sani,37242,431,256,3.7
7392,Thiruvananthapuram,Home Appliances,Mixer Grinder,Mi,"Bhavsar, Bose and Kala",7300,293,108,3.7
7393,Thiruvananthapuram,Home Appliances,Mixer Grinder,Philips,Krishnan LLC,147186,456,32,4.4
7394,Thiruvananthapuram,Home Appliances,Mixer Grinder,Puma,Randhawa Group,59661,40,1,3.7
7395,Thiruvananthapuram,Home Appliances,Vacuum Cleaner,Samsung,Guha PLC,117534,489,175,4.5
7396,Thiruvananthapuram,Home Appliances,Vacuum Cleaner,Apple,Mangat-Barad,78170,144,24,4.2
7397,Thiruvananthapuram,Home Appliances,Vacuum Cleaner,Sony,Chhabra and Sons,87706,124,78,4.9
7398,Thiruvananthapuram,Home Appliances,Vacuum Cleaner,Lenovo,Rastogi PLC,107883,231,132,4.7
7399,Thiruvananthapuram,Home Appliances,Vacuum Cleaner,Adidas,Dalal Ltd,17157,210,146,4.9
7400,Thiruvananthapuram,Home Appliances,Water Purifier,Tata,Apte and Sons,49196,444,182,4.8
7401,Thiruvananthapuram,Home Appliances,Water Purifier,Dell,Rout-Chad,115941,19,10,4.1
7402,Thiruvananthapuram,Home Appliances,Water Purifier,Philips,Chaudry Ltd,107495,447,165,4.1
7403,Thiruvananthapuram,Home Appliances,Water Purifier,Prestige,"Vora, Mammen and Lad",35595,352,317,3.8
7404,Thiruvananthapuram,Home Appliances,Water Purifier,Puma,Dar-Handa,85706,370,4,4.0
7405,Thiruvananthapuram,Groceries,Rice,Puma,"Tripathi, Chhabra and Gupta",82096,68,47,3.9
7406,Thiruvananthapuram,Groceries,Rice,Philips,Cherian-Dhar,3965,86,7,4.5
7407,Thiruvananthapuram,Groceries,Rice,Prestige,"Taneja, Chakraborty and Dada",88286,94,92,4.1
7408,Thiruvananthapuram,Groceries,Rice,Mi,Borah-Deshmukh,77278,301,185,3.9
7409,Thiruvananthapuram,Groceries,Rice,Bajaj,Verma LLC,36202,63,16,3.9
7410,Thiruvananthapuram,Groceries,Wheat Flour,LG,Vig-Char,73059,492,120,4.4
7411,Thiruvananthapuram,Groceries,Wheat Flour,Dell,Wali and Sons,148860,175,6,4.2
7412,Thiruvananthapuram,Groceries,Wheat Flour,Godrej,Dani-Comar,133174,356,315,5.0
7413,Thiruvananthapuram,Groceries,Wheat Flour,Sony,Deep-Dutt,44672,21,2,4.9
7414,Thiruvananthapuram,Groceries,Wheat Flour,Boat,Trivedi Ltd,49518,270,46,4.7
7415,Thiruvananthapuram,Groceries,Cooking Oil,Prestige,"Baria, Kar and Sane",69048,456,277,3.5
7416,Thiruvananthapuram,Groceries,Cooking Oil,Reliance,Thaman-Talwar,60379,64,18,5.0
7417,Thiruvananthapuram,Groceries,Cooking Oil,Puma,Bains-Bobal,63864,162,8,4.0
7418,Thiruvananthapuram,Groceries,Cooking Oil,Bajaj,"Khatri, Basu and Bhasin",71097,384,60,4.2
7419,Thiruvananthapuram,Groceries,Cooking Oil,Mi,"Gala, Balay and Deshmukh",21469,127,39,4.8
7420,Thiruvananthapuram,Groceries,Sugar,Bajaj,Bahl LLC,15774,33,27,4.6
7421,Thiruvananthapuram,Groceries,Sugar,Lenovo,Luthra-Ratta,7392,225,64,3.5
7422,Thiruvananthapuram,Groceries,Sugar,Nike,"Yohannan, Banik and Date",118539,186,84,4.6
7423,Thiruvananthapuram,Groceries,Sugar,Lenovo,Warrior-Banik,98679,367,91,4.5
7424,Thiruvananthapuram,Groceries,Sugar,Boat,Krishnamurthy Group,68037,82,4,4.4
7425,Thiruvananthapuram,Groceries,Tea Powder,Prestige,Dhaliwal-Upadhyay,57618,440,149,4.4
7426,Thiruvananthapuram,Groceries,Tea Powder,Nike,"Sarma, Saini and Swaminathan",7061,42,29,3.5
7427,Thiruvananthapuram,Groceries,Tea Powder,Tata,"Sura, Bumb and D’Alia",133524,89,4,4.1
7428,Thiruvananthapuram,Groceries,Tea Powder,Godrej,Gopal Ltd,57098,306,302,4.2
7429,Thiruvananthapuram,Groceries,Tea Powder,Prestige,Bhandari Ltd,29799,331,323,3.9
7430,Thiruvananthapuram,Groceries,Milk,LG,"Shroff, Sarkar and Dugal",9485,341,40,4.3
7431,Thiruvananthapuram,Groceries,Milk,Lenovo,"Jhaveri, Mallick and Saraf",126981,387,184,4.7
7432,Thiruvananthapuram,Groceries,Milk,Philips,Sachar-Gola,10447,235,182,4.7
7433,Thiruvananthapuram,Groceries,Milk,Tata,Chowdhury-Gara,105239,93,63,4.9
7434,Thiruvananthapuram,Groceries,Milk,Apple,"Babu, Bala and Garde",59448,23,1,3.7
7435,Thiruvananthapuram,Groceries,Biscuits,Reliance,Lal LLC,83606,489,182,3.8
7436,Thiruvananthapuram,Groceries,Biscuits,Bajaj,Balan-Bobal,33994,18,6,4.2
7437,Thiruvananthapuram,Groceries,Biscuits,Lenovo,Wadhwa-Ramesh,110046,185,23,4.2
7438,Thiruvananthapuram,Groceries,Biscuits,Ikea,Borah Ltd,19351,112,64,3.9
7439,Thiruvananthapuram,Groceries,Biscuits,Boat,"Kurian, Gara and Kamdar",37200,196,54,3.9
7440,Thiruvananthapuram,Sports,Cricket Bat,Reliance,Apte Inc,74692,258,54,4.7
7441,Thiruvananthapuram,Sports,Cricket Bat,Dell,Barman Ltd,138740,214,122,4.5
7442,Thiruvananthapuram,Sports,Cricket Bat,Godrej,Gopal Ltd,149818,13,13,4.0
7443,Thiruvananthapuram,Sports,Cricket Bat,Apple,Bhatti Inc,26266,481,5,3.8
7444,Thiruvananthapuram,Sports,Cricket Bat,Mi,"Sharaf, Mammen and Master",134511,341,319,3.6
7445,Thiruvananthapuram,Sports,Football,Lenovo,"Mammen, Bajaj and Ben",31023,242,107,4.3
7446,Thiruvananthapuram,Sports,Football,Boat,"Loyal, Vala and Sabharwal",67285,312,297,4.4
7447,Thiruvananthapuram,Sports,Football,Philips,Andra Inc,137616,487,401,3.9
7448,Thiruvananthapuram,Sports,Football,Sony,"Majumdar, Khare and Barad",30273,151,131,4.0
7449,Thiruvananthapuram,Sports,Football,HP,"Som, Dugal and Wagle",39782,327,114,3.9
7450,Thiruvananthapuram,Sports,Badminton Racket,Dell,Sane-Kaul,138346,274,126,4.2
7451,Thiruvananthapuram,Sports,Badminton Racket,Bajaj,"Kalita, Varma and Tiwari",22661,420,341,4.6
7452,Thiruvananthapuram,Sports,Badminton Racket,Lenovo,Kunda and Sons,69010,353,98,4.1
7453,Thiruvananthapuram,Sports,Badminton Racket,Mi,"Kothari, Gupta and Toor",144527,312,169,3.9
7454,Thiruvananthapuram,Sports,Badminton Racket,Tata,"Mani, Toor and Anne",74402,63,42,3.9
7455,Thiruvananthapuram,Sports,Gym Gloves,Dell,Kunda Ltd,119449,110,85,4.9
7456,Thiruvananthapuram,Sports,Gym Gloves,Lenovo,Sandhu Ltd,63589,256,234,4.2
7457,Thiruvananthapuram,Sports,Gym Gloves,Samsung,Balakrishnan-Bajaj,18055,14,4,4.1
7458,Thiruvananthapuram,Sports,Gym Gloves,HP,"Gera, Talwar and Jaggi",4155,245,97,4.0
7459,Thiruvananthapuram,Sports,Gym Gloves,Sony,"Kadakia, Mannan and Singh",128973,360,176,3.8
7460,Thiruvananthapuram,Sports,Yoga Mat,Apple,"Kunda, Mangat and Chand",146178,435,92,3.7
7461,Thiruvananthapuram,Sports,Yoga Mat,Lenovo,Yogi-Lalla,6003,459,88,4.4
7462,Thiruvananthapuram,Sports,Yoga Mat,Tata,Ratta-Hayer,139705,60,2,4.2
7463,Thiruvananthapuram,Sports,Yoga Mat,Bajaj,"Hari, Sarma and Dora",14135,103,12,4.2
7464,Thiruvananthapuram,Sports,Yoga Mat,Nike,Khurana-Anand,13123,379,294,4.2
7465,Thiruvananthapuram,Sports,Cycling Helmet,Boat,Bhatnagar Group,21173,397,313,4.2
7466,Thiruvananthapuram,Sports,Cycling Helmet,Boat,Swamy LLC,101405,493,330,3.6
7467,Thiruvananthapuram,Sports,Cycling Helmet,Dell,Lad-Chatterjee,50384,288,35,3.6
7468,Thiruvananthapuram,Sports,Cycling Helmet,Sony,Tata Group,38940,109,68,4.9
7469,Thiruvananthapuram,Sports,Cycling Helmet,Apple,Badal-Sastry,133630,115,67,4.2
7470,Thiruvananthapuram,Beauty,Face Wash,Nike,Krishnamurthy Ltd,34570,171,15,4.4
7471,Thiruvananthapuram,Beauty,Face Wash,Adidas,Bhavsar-Srinivas,121322,390,157,4.2
7472,Thiruvananthapuram,Beauty,Face Wash,Godrej,Mandal-Dayal,134940,276,87,3.5
7473,Thiruvananthapuram,Beauty,Face Wash,Sony,Madan and Sons,49672,339,311,4.9
7474,Thiruvananthapuram,Beauty,Face Wash,Nike,Roy PLC,84927,171,66,3.7
7475,Thiruvananthapuram,Beauty,Lipstick,Tata,"Sankaran, Jayaraman and Reddy",71477,20,15,4.9
7476,Thiruvananthapuram,Beauty,Lipstick,Boat,Dass PLC,94042,42,19,4.9
7477,Thiruvananthapuram,Beauty,Lipstick,Nike,Bora-Jayaraman,76833,85,46,4.9
7478,Thiruvananthapuram,Beauty,Lipstick,Apple,Choudhry PLC,18122,185,42,4.0
7479,Thiruvananthapuram,Beauty,Lipstick,LG,"Srivastava, Lala and Keer",74415,140,59,4.7
7480,Thiruvananthapuram,Beauty,Perfume,Adidas,"Goswami, Salvi and Sani",130768,169,77,3.8
7481,Thiruvananthapuram,Beauty,Perfume,Godrej,"Varughese, Kota and Keer",125022,463,148,4.4
7482,Thiruvananthapuram,Beauty,Perfume,Mi,Thakkar LLC,812,227,90,4.0
7483,Thiruvananthapuram,Beauty,Perfume,Prestige,Date Ltd,144433,343,270,4.7
7484,Thiruvananthapuram,Beauty,Perfume,Lenovo,Dasgupta PLC,17054,368,227,4.3
7485,Thiruvananthapuram,Beauty,Shampoo,Tata,Bora-Behl,68615,361,225,3.9
7486,Thiruvananthapuram,Beauty,Shampoo,Prestige,"Zachariah, Ganesh and Mander",81712,337,135,4.6
7487,Thiruvananthapuram,Beauty,Shampoo,Adidas,"Johal, Viswanathan and Goda",81261,63,62,4.2
7488,Thiruvananthapuram,Beauty,Shampoo,Ikea,Madan-Raja,58486,139,134,4.6
7489,Thiruvananthapuram,Beauty,Shampoo,Mi,"Bora, Dhingra and Dave",81190,500,289,5.0
7490,Thiruvananthapuram,Beauty,Body Lotion,Dell,Sridhar-Kamdar,142271,35,13,4.8
7491,Thiruvananthapuram,Beauty,Body Lotion,Boat,Khare Inc,131982,257,91,4.4
7492,Thiruvananthapuram,Beauty,Body Lotion,Prestige,"Kapoor, Bassi and Kashyap",115067,297,181,3.9
7493,Thiruvananthapuram,Beauty,Body Lotion,Samsung,"Srinivasan, Saha and Bedi",128941,241,213,3.7
7494,Thiruvananthapuram,Beauty,Body Lotion,Philips,Gulati-Varughese,77240,37,21,4.3
7495,Thiruvananthapuram,Beauty,Hair Dryer,Mi,Karnik LLC,143156,36,17,4.0
7496,Thiruvananthapuram,Beauty,Hair Dryer,Reliance,Varughese-Kota,126688,320,157,4.7
7497,Thiruvananthapuram,Beauty,Hair Dryer,Tata,"Mani, Koshy and Bhatnagar",73636,458,131,3.6
7498,Thiruvananthapuram,Beauty,Hair Dryer,Boat,Mand-Kibe,4813,336,206,4.7
7499,Thiruvananthapuram,Beauty,Hair Dryer,Godrej,Mannan-Som,71380,43,36,4.9
7500,Chandigarh,Electronics,Smartphone,Boat,Dayal-Sagar,6271,117,36,3.9
7501,Chandigarh,Electronics,Smartphone,Godrej,"Sant, Bhatnagar and Comar",115085,410,28,4.3
7502,Chandigarh,Electronics,Smartphone,Apple,Ravi-Anand,128637,61,6,4.8
7503,Chandigarh,Electronics,Smartphone,Bajaj,"Seth, Badami and Mander",59765,147,136,4.2
7504,Chandigarh,Electronics,Smartphone,Sony,"Balan, Bhattacharyya and Kaul",66415,295,83,4.3
7505,Chandigarh,Electronics,Laptop,Mi,Sengupta-Bhattacharyya,90493,377,102,3.7
7506,Chandigarh,Electronics,Laptop,Prestige,Maharaj-Trivedi,114324,152,61,4.5
7507,Chandigarh,Electronics,Laptop,HP,Ranganathan-Sethi,125407,202,70,3.8
7508,Chandigarh,Electronics,Laptop,Adidas,Chhabra-Deol,44535,220,5,4.7
7509,Chandigarh,Electronics,Laptop,Ikea,"Walla, Dhawan and Kapadia",105416,418,354,4.8
7510,Chandigarh,Electronics,Smart TV,Sony,"Chandran, Dugar and Swaminathan",29442,387,278,4.4
7511,Chandigarh,Electronics,Smart TV,LG,Ranganathan Group,36247,423,204,4.2
7512,Chandigarh,Electronics,Smart TV,Adidas,"Sekhon, Dasgupta and Borde",11306,369,368,3.6
7513,Chandigarh,Electronics,Smart TV,Samsung,Korpal LLC,36850,353,327,4.0
7514,Chandigarh,Electronics,Smart TV,Lenovo,"Bhatia, Kar and Aurora",24186,133,43,4.2
7515,Chandigarh,Electronics,Bluetooth Speaker,Nike,Saini-Borra,60877,330,108,4.8
7516,Chandigarh,Electronics,Bluetooth Speaker,Boat,"Magar, Bir and Buch",84704,162,108,5.0
7517,Chandigarh,Electronics,Bluetooth Speaker,Adidas,Varkey PLC,119481,496,339,4.1
7518,Chandigarh,Electronics,Bluetooth Speaker,HP,Tank Group,21825,97,42,3.6
7519,Chandigarh,Electronics,Bluetooth Speaker,Boat,Zacharia Group,58621,411,35,3.6
7520,Chandigarh,Electronics,Tablet,Tata,Mani-Verma,80462,276,159,4.3
7521,Chandigarh,Electronics,Tablet,Godrej,"Chad, Ramaswamy and Basak",40050,212,138,4.2
7522,Chandigarh,Electronics,Tablet,Samsung,Taneja-Dugal,119475,63,6,3.5
7523,Chandigarh,Electronics,Tablet,Adidas,Korpal PLC,75666,452,223,3.6
7524,Chandigarh,Electronics,Tablet,Puma,"Tripathi, Kaul and Bandi",62391,380,146,3.9
7525,Chandigarh,Electronics,Gaming Console,Prestige,Gour-Cherian,138982,331,187,4.3
7526,Chandigarh,Electronics,Gaming Console,Nike,Choudhury Ltd,128170,92,65,3.7
7527,Chandigarh,Electronics,Gaming Console,Apple,Desai-Butala,103568,387,203,4.0
7528,Chandigarh,Electronics,Gaming Console,Mi,"Srinivas, Ramaswamy and Suri",11687,270,36,4.6
7529,Chandigarh,Electronics,Gaming Console,HP,Manda Group,12594,410,44,3.9
7530,Chandigarh,Electronics,Smart Watch,Boat,Vig and Sons,38723,273,143,4.8
7531,Chandigarh,Electronics,Smart Watch,Philips,"Kaur, Bahl and Chand",118711,116,21,4.7
7532,Chandigarh,Electronics,Smart Watch,Puma,"Sharaf, Jayaraman and Mani",88755,331,62,4.3
7533,Chandigarh,Electronics,Smart Watch,Mi,Sarkar-Garde,68041,340,105,4.6
7534,Chandigarh,Electronics,Smart Watch,Tata,Tata-Goel,83312,114,23,4.6
7535,Chandigarh,Electronics,Headphones,LG,Agarwal-Kadakia,41732,259,208,3.5
7536,Chandigarh,Electronics,Headphones,HP,Saxena-Sawhney,128157,470,366,4.8
7537,Chandigarh,Electronics,Headphones,Nike,Walla-Chahal,111405,280,57,4.7
7538,Chandigarh,Electronics,Headphones,Prestige,Kamdar-Sridhar,59175,367,227,4.5
7539,Chandigarh,Electronics,Headphones,Samsung,"Bumb, Upadhyay and Loyal",38734,111,44,4.2
7540,Chandigarh,Furniture,Sofa,Philips,"Dugar, Rege and Ravi",140676,228,191,3.9
7541,Chandigarh,Furniture,Sofa,Apple,Varughese and Sons,36882,30,7,4.3
7542,Chandigarh,Furniture,Sofa,Lenovo,Dhaliwal Inc,40809,236,66,4.4
7543,Chandigarh,Furniture,Sofa,Philips,"Rout, Ravel and Chandra",125416,42,27,3.7
7544,Chandigarh,Furniture,Sofa,Mi,Kurian-Kumer,42122,247,188,4.2
7545,Chandigarh,Furniture,Dining Table,HP,"Venkataraman, Vasa and Boase",45295,241,170,4.4
7546,Chandigarh,Furniture,Dining Table,LG,D’Alia Inc,143657,343,241,4.0
7547,Chandigarh,Furniture,Dining Table,Nike,"Gokhale, Chandra and Goyal",64684,219,83,4.3
7548,Chandigarh,Furniture,Dining Table,Dell,Tandon-Chopra,78259,377,126,4.0
7549,Chandigarh,Furniture,Dining Table,Reliance,"Ahluwalia, Varty and Aurora",49752,188,69,4.8
7550,Chandigarh,Furniture,Office Chair,Mi,Dutt PLC,14256,230,73,3.7
7551,Chandigarh,Furniture,Office Chair,Reliance,Anand-Ramanathan,7221,254,183,4.2
7552,Chandigarh,Furniture,Office Chair,Mi,Deshmukh-Varghese,106597,352,88,4.6
7553,Chandigarh,Furniture,Office Chair,Lenovo,Chokshi and Sons,16038,327,219,4.3
7554,Chandigarh,Furniture,Office Chair,Tata,"Lad, Sunder and Devi",132597,445,443,3.7
7555,Chandigarh,Furniture,Bed,Adidas,Rajan and Sons,26487,314,105,3.7
7556,Chandigarh,Furniture,Bed,Ikea,"Kapur, Kannan and Khurana",111237,355,1,4.2
7557,Chandigarh,Furniture,Bed,Philips,"Sachdeva, Mahajan and Lanka",139165,52,23,4.9
7558,Chandigarh,Furniture,Bed,Samsung,Varkey Group,72450,161,74,3.5
7559,Chandigarh,Furniture,Bed,Mi,"Din, Dalal and Das",58213,134,101,3.8
7560,Chandigarh,Furniture,Wardrobe,HP,"Wali, Luthra and Shanker",143262,34,19,3.8
7561,Chandigarh,Furniture,Wardrobe,Philips,Varghese and Sons,107886,457,436,3.5
7562,Chandigarh,Furniture,Wardrobe,Apple,Contractor LLC,73547,92,49,4.0
7563,Chandigarh,Furniture,Wardrobe,Dell,"Bir, Ratti and Bahl",77700,432,139,4.3
7564,Chandigarh,Furniture,Wardrobe,Dell,Wadhwa-Bali,131796,92,21,3.7
7565,Chandigarh,Furniture,Bookshelf,Apple,Venkataraman Group,79714,167,11,3.8
7566,Chandigarh,Furniture,Bookshelf,Godrej,Randhawa-Barad,53997,71,56,4.2
7567,Chandigarh,Furniture,Bookshelf,Godrej,"Sandal, Mani and Jani",52059,270,135,4.3
7568,Chandigarh,Furniture,Bookshelf,HP,Wali Ltd,6966,112,101,4.0
7569,Chandigarh,Furniture,Bookshelf,Mi,Vyas and Sons,12497,490,29,4.1
7570,Chandigarh,Furniture,Coffee Table,Samsung,"Choudhry, Saxena and Vasa",82769,470,189,3.8
7571,Chandigarh,Furniture,Coffee Table,LG,Varughese Inc,87382,47,34,4.8
7572,Chandigarh,Furniture,Coffee Table,Samsung,Kumer-Garg,120865,274,269,4.4
7573,Chandigarh,Furniture,Coffee Table,Mi,"Sachar, Dani and Sastry",71358,264,142,4.6
7574,Chandigarh,Furniture,Coffee Table,Reliance,Dara LLC,94871,111,46,3.7
7575,Chandigarh,Furniture,TV Unit,Ikea,Zacharia-Manne,79418,431,341,3.5
7576,Chandigarh,Furniture,TV Unit,HP,Wadhwa Ltd,106502,213,147,4.1
7577,Chandigarh,Furniture,TV Unit,Apple,Varkey-Sur,54225,459,308,4.6
7578,Chandigarh,Furniture,TV Unit,Tata,Arya-Dara,138128,286,204,4.0
7579,Chandigarh,Furniture,TV Unit,Dell,Garg-Chanda,117032,169,164,3.7
7580,Chandigarh,Fashion,T-Shirt,Lenovo,Mand-Sandhu,81950,224,168,4.4
7581,Chandigarh,Fashion,T-Shirt,Sony,Kale Inc,110432,82,40,4.2
7582,Chandigarh,Fashion,T-Shirt,Mi,Gera-Tank,2478,129,22,4.9
7583,Chandigarh,Fashion,T-Shirt,Prestige,Dugar-Ramachandran,104875,154,40,4.5
7584,Chandigarh,Fashion,T-Shirt,Apple,Rajan-Rattan,49235,202,95,4.6
7585,Chandigarh,Fashion,Jeans,Prestige,Shan-Das,72101,160,25,4.9
7586,Chandigarh,Fashion,Jeans,Prestige,"Reddy, Goyal and Jain",106999,466,436,3.9
7587,Chandigarh,Fashion,Jeans,Bajaj,Srinivas Group,49616,185,179,4.9
7588,Chandigarh,Fashion,Jeans,Prestige,Lal PLC,115022,341,142,4.4
7589,Chandigarh,Fashion,Jeans,Bajaj,Doctor-Saxena,127549,407,120,4.6
7590,Chandigarh,Fashion,Kurti,Sony,Varughese-Sami,93278,384,20,4.6
7591,Chandigarh,Fashion,Kurti,HP,Soni-Cheema,111215,124,47,4.0
7592,Chandigarh,Fashion,Kurti,Philips,Bhatt LLC,46507,23,8,4.6
7593,Chandigarh,Fashion,Kurti,Apple,Sarin and Sons,80150,295,269,3.7
7594,Chandigarh,Fashion,Kurti,LG,Chad PLC,64006,97,19,4.1
7595,Chandigarh,Fashion,Sneakers,Boat,Bedi-Sarkar,31244,319,2,4.9
7596,Chandigarh,Fashion,Sneakers,LG,Thakkar and Sons,149200,194,45,4.1
7597,Chandigarh,Fashion,Sneakers,Boat,"Sanghvi, Date and Kaul",121147,96,95,3.7
7598,Chandigarh,Fashion,Sneakers,Puma,Bobal PLC,113726,128,12,4.1
7599,Chandigarh,Fashion,Sneakers,Ikea,Chandra-Walia,27799,214,138,4.8
7600,Chandigarh,Fashion,Jacket,Philips,"Gour, Kamdar and Vig",81388,75,55,4.6
7601,Chandigarh,Fashion,Jacket,Puma,Sule-Kohli,17811,57,8,4.5
7602,Chandigarh,Fashion,Jacket,HP,"Anand, Saraf and Goyal",106203,498,154,4.1
7603,Chandigarh,Fashion,Jacket,Sony,"Baria, Kumer and Tandon",30699,267,232,4.1
7604,Chandigarh,Fashion,Jacket,Samsung,Bhagat Ltd,33750,170,4,4.4
7605,Chandigarh,Fashion,Watch,Godrej,Lanka-Gaba,70923,398,46,5.0
7606,Chandigarh,Fashion,Watch,Prestige,Kumar-Dhillon,25002,410,31,3.9
7607,Chandigarh,Fashion,Watch,Prestige,Dalal LLC,11236,216,191,4.2
7608,Chandigarh,Fashion,Watch,Samsung,Sura and Sons,144576,59,23,3.8
7609,Chandigarh,Fashion,Watch,Godrej,"Mani, Gandhi and Sami",137574,66,61,4.4
7610,Chandigarh,Fashion,Handbag,Samsung,Singhal Group,111546,95,38,3.7
7611,Chandigarh,Fashion,Handbag,Mi,Chaudry Ltd,87555,51,12,4.7
7612,Chandigarh,Fashion,Handbag,Samsung,Char-Gopal,129880,452,337,4.4
7613,Chandigarh,Fashion,Handbag,Philips,Chadha and Sons,126401,452,169,3.8
7614,Chandigarh,Fashion,Handbag,Mi,Kapur PLC,25146,266,79,5.0
7615,Chandigarh,Fashion,Sunglasses,Dell,"Bhargava, Srivastava and Varughese",75183,47,37,4.9
7616,Chandigarh,Fashion,Sunglasses,LG,Banik-Jha,59090,137,99,3.6
7617,Chandigarh,Fashion,Sunglasses,Reliance,Cherian-Dash,75654,471,29,3.9
7618,Chandigarh,Fashion,Sunglasses,Ikea,Keer-Goda,30892,23,7,4.3
7619,Chandigarh,Fashion,Sunglasses,Apple,Singh and Sons,76371,271,129,3.7
7620,Chandigarh,Home Appliances,Refrigerator,Godrej,Seshadri LLC,145107,341,88,4.4
7621,Chandigarh,Home Appliances,Refrigerator,Bajaj,Gara Inc,89928,497,164,4.2
7622,Chandigarh,Home Appliances,Refrigerator,LG,Toor and Sons,129784,405,239,3.8
7623,Chandigarh,Home Appliances,Refrigerator,Apple,Dhar Inc,100357,41,1,3.9
7624,Chandigarh,Home Appliances,Refrigerator,Apple,"Goswami, Dara and Suresh",71587,36,2,4.6
7625,Chandigarh,Home Appliances,Washing Machine,Lenovo,Vyas Group,70545,291,148,4.7
7626,Chandigarh,Home Appliances,Washing Machine,Ikea,Kapoor LLC,120239,138,112,4.6
7627,Chandigarh,Home Appliances,Washing Machine,Dell,Mangal-Tata,105446,185,135,4.4
7628,Chandigarh,Home Appliances,Washing Machine,Samsung,Doctor PLC,18721,162,125,4.2
7629,Chandigarh,Home Appliances,Washing Machine,Philips,Kala-Sundaram,108045,269,37,5.0
7630,Chandigarh,Home Appliances,Microwave,Ikea,"Som, Aggarwal and Vala",51350,443,272,4.2
7631,Chandigarh,Home Appliances,Microwave,Dell,Lala PLC,42113,263,108,4.3
7632,Chandigarh,Home Appliances,Microwave,Apple,"Sani, Bajwa and Sethi",14870,105,78,3.9
7633,Chandigarh,Home Appliances,Microwave,LG,Sharma PLC,119372,129,58,4.0
7634,Chandigarh,Home Appliances,Microwave,Reliance,Ranganathan-Bhagat,99527,268,71,4.4
7635,Chandigarh,Home Appliances,Air Conditioner,Sony,"Shah, Rana and Kadakia",5827,221,114,3.6
7636,Chandigarh,Home Appliances,Air Conditioner,Sony,"Lad, Goda and Dyal",98867,66,17,3.9
7637,Chandigarh,Home Appliances,Air Conditioner,Dell,Issac Inc,125184,481,213,4.7
7638,Chandigarh,Home Appliances,Air Conditioner,Mi,Magar-Korpal,10200,440,94,4.7
7639,Chandigarh,Home Appliances,Air Conditioner,Godrej,Ramaswamy PLC,114683,239,143,3.8
7640,Chandigarh,Home Appliances,Mixer Grinder,Sony,Sama-Desai,148858,299,175,4.3
7641,Chandigarh,Home Appliances,Mixer Grinder,HP,Maharaj-Bora,81109,444,265,4.5
7642,Chandigarh,Home Appliances,Mixer Grinder,Apple,Shanker Inc,100632,432,376,4.5
7643,Chandigarh,Home Appliances,Mixer Grinder,Tata,Sant-Chaudhari,145426,495,25,4.7
7644,Chandigarh,Home Appliances,Mixer Grinder,Sony,Ben Ltd,102950,239,223,3.6
7645,Chandigarh,Home Appliances,Vacuum Cleaner,Ikea,Bandi Inc,65823,119,83,4.1
7646,Chandigarh,Home Appliances,Vacuum Cleaner,Apple,Raj-Batra,146426,440,352,4.8
7647,Chandigarh,Home Appliances,Vacuum Cleaner,LG,Jhaveri-Mann,48510,372,156,4.0
7648,Chandigarh,Home Appliances,Vacuum Cleaner,Prestige,"Seshadri, Srivastava and Sidhu",44888,432,76,4.0
7649,Chandigarh,Home Appliances,Vacuum Cleaner,HP,"Vasa, Bains and Desai",74281,426,42,4.9
7650,Chandigarh,Home Appliances,Water Purifier,Adidas,Trivedi-Jayaraman,94771,35,31,5.0
7651,Chandigarh,Home Appliances,Water Purifier,Bajaj,Choudhry Inc,36833,227,114,4.0
7652,Chandigarh,Home Appliances,Water Purifier,Prestige,Mahal-Wali,40262,269,101,4.5
7653,Chandigarh,Home Appliances,Water Purifier,Adidas,Bhatt PLC,21515,428,271,5.0
7654,Chandigarh,Home Appliances,Water Purifier,Philips,"Hans, Suri and Basak",102451,471,312,4.9
7655,Chandigarh,Groceries,Rice,Tata,"Venkataraman, Sangha and Ramakrishnan",107915,389,325,3.5
7656,Chandigarh,Groceries,Rice,Tata,"Butala, Gade and Aggarwal",53946,433,176,3.7
7657,Chandigarh,Groceries,Rice,Adidas,Magar-Madan,25543,39,25,4.9
7658,Chandigarh,Groceries,Rice,Tata,Mannan-Brahmbhatt,143439,491,106,3.5
7659,Chandigarh,Groceries,Rice,Mi,Mander-Barad,62730,448,310,3.8
7660,Chandigarh,Groceries,Wheat Flour,LG,Iyer PLC,71241,175,52,3.8
7661,Chandigarh,Groceries,Wheat Flour,Puma,Sidhu Inc,89506,16,11,4.7
7662,Chandigarh,Groceries,Wheat Flour,Samsung,Chauhan-Balay,137470,70,5,4.9
7663,Chandigarh,Groceries,Wheat Flour,Mi,Ramachandran LLC,102488,42,13,4.7
7664,Chandigarh,Groceries,Wheat Flour,Sony,Handa and Sons,32532,162,132,4.1
7665,Chandigarh,Groceries,Cooking Oil,Mi,Varkey-Sawhney,87133,393,78,4.9
7666,Chandigarh,Groceries,Cooking Oil,Apple,"Doctor, Bhagat and Bala",124124,97,53,4.6
7667,Chandigarh,Groceries,Cooking Oil,Tata,"Bal, Bora and Sankaran",28847,470,386,4.9
7668,Chandigarh,Groceries,Cooking Oil,LG,Chakrabarti-Sheth,73697,235,125,4.1
7669,Chandigarh,Groceries,Cooking Oil,Philips,"Toor, Dayal and Tiwari",46271,471,226,4.1
7670,Chandigarh,Groceries,Sugar,Tata,Batta-Chowdhury,72885,296,13,4.6
7671,Chandigarh,Groceries,Sugar,Apple,Dave-Gill,50036,302,36,3.8
7672,Chandigarh,Groceries,Sugar,Nike,Doctor Inc,4086,231,168,4.9
7673,Chandigarh,Groceries,Sugar,Apple,Kapur-Baral,34098,53,9,4.8
7674,Chandigarh,Groceries,Sugar,Bajaj,"Bhasin, Virk and Zachariah",60714,299,115,4.2
7675,Chandigarh,Groceries,Tea Powder,Puma,"Master, Agate and Dash",47476,429,325,4.3
7676,Chandigarh,Groceries,Tea Powder,Nike,Krishna-Chanda,148058,357,43,3.8
7677,Chandigarh,Groceries,Tea Powder,Philips,Mahajan-Shanker,24598,441,140,3.8
7678,Chandigarh,Groceries,Tea Powder,Boat,"Wable, Bera and Banerjee",116000,26,23,4.9
7679,Chandigarh,Groceries,Tea Powder,LG,"Sood, Kata and Sood",86029,412,117,4.7
7680,Chandigarh,Groceries,Milk,HP,Khosla Group,140924,114,20,4.1
7681,Chandigarh,Groceries,Milk,Dell,Chad-Viswanathan,140491,238,148,3.8
7682,Chandigarh,Groceries,Milk,Ikea,Randhawa-Dutt,34337,82,69,5.0
7683,Chandigarh,Groceries,Milk,Tata,Sarma Inc,137308,191,101,4.1
7684,Chandigarh,Groceries,Milk,Godrej,Mandal Ltd,69538,329,32,3.8
7685,Chandigarh,Groceries,Biscuits,Ikea,Edwin-Sinha,135897,382,243,3.6
7686,Chandigarh,Groceries,Biscuits,Ikea,"Grover, Chaudhari and Kant",120533,236,40,4.4
7687,Chandigarh,Groceries,Biscuits,Samsung,Tripathi and Sons,4683,121,17,4.9
7688,Chandigarh,Groceries,Biscuits,Bajaj,Raja and Sons,29395,453,104,3.6
7689,Chandigarh,Groceries,Biscuits,Nike,Gola-Behl,134238,313,91,4.3
7690,Chandigarh,Sports,Cricket Bat,HP,Deol PLC,140575,188,42,4.4
7691,Chandigarh,Sports,Cricket Bat,Tata,"Tank, Yogi and Baria",107315,98,93,3.9
7692,Chandigarh,Sports,Cricket Bat,Dell,Joshi-Kale,13772,237,191,4.1
7693,Chandigarh,Sports,Cricket Bat,Tata,Kothari-Doctor,109059,61,9,4.7
7694,Chandigarh,Sports,Cricket Bat,Adidas,"Sekhon, Roy and Sethi",128924,469,50,4.9
7695,Chandigarh,Sports,Football,Prestige,Samra-Saini,86567,408,51,4.8
7696,Chandigarh,Sports,Football,Mi,"Batta, Sibal and Walla",67945,59,8,3.7
7697,Chandigarh,Sports,Football,Samsung,Zacharia-Sagar,119155,442,185,4.8
7698,Chandigarh,Sports,Football,Dell,"Andra, Chatterjee and Sankaran",124381,428,3,3.9
7699,Chandigarh,Sports,Football,Samsung,Sunder and Sons,76464,86,68,5.0
7700,Chandigarh,Sports,Badminton Racket,Samsung,"Malhotra, Vig and Banik",35681,60,19,4.8
7701,Chandigarh,Sports,Badminton Racket,Puma,Doshi Group,77257,112,69,4.1
7702,Chandigarh,Sports,Badminton Racket,Adidas,"Khalsa, Salvi and Dhar",92927,467,291,4.5
7703,Chandigarh,Sports,Badminton Racket,Dell,Deo LLC,86943,426,308,4.5
7704,Chandigarh,Sports,Badminton Racket,Mi,Ganesh Inc,97164,376,206,4.6
7705,Chandigarh,Sports,Gym Gloves,Bajaj,Soni LLC,129175,178,101,4.9
7706,Chandigarh,Sports,Gym Gloves,Tata,Madan-Vala,101753,224,113,4.8
7707,Chandigarh,Sports,Gym Gloves,Adidas,Rattan-Sunder,102395,364,309,4.4
7708,Chandigarh,Sports,Gym Gloves,Godrej,Bajaj Inc,112458,233,10,4.5
7709,Chandigarh,Sports,Gym Gloves,Nike,Brahmbhatt and Sons,16802,97,52,4.2
7710,Chandigarh,Sports,Yoga Mat,Ikea,"Saxena, Sami and Ramakrishnan",21841,153,24,3.8
7711,Chandigarh,Sports,Yoga Mat,HP,"Handa, Goel and Vig",146687,403,161,4.3
7712,Chandigarh,Sports,Yoga Mat,Puma,"Dugar, Desai and Kala",140768,246,19,3.8
7713,Chandigarh,Sports,Yoga Mat,Dell,"Tak, Boase and Verma",22583,78,77,3.8
7714,Chandigarh,Sports,Yoga Mat,Nike,"Tara, Chad and Sha",86418,421,219,3.6
7715,Chandigarh,Sports,Cycling Helmet,HP,Dalal Ltd,42350,360,304,3.7
7716,Chandigarh,Sports,Cycling Helmet,Puma,Sarraf and Sons,144257,483,139,3.7
7717,Chandigarh,Sports,Cycling Helmet,Mi,Biswas Ltd,2983,168,107,4.2
7718,Chandigarh,Sports,Cycling Helmet,Sony,Chana and Sons,56959,34,25,4.6
7719,Chandigarh,Sports,Cycling Helmet,Adidas,Bhardwaj-Contractor,31413,305,59,4.0
7720,Chandigarh,Beauty,Face Wash,Adidas,Chada Inc,46067,406,392,4.7
7721,Chandigarh,Beauty,Face Wash,Samsung,Bumb-Sant,118618,150,33,4.1
7722,Chandigarh,Beauty,Face Wash,Mi,Bava-Bala,11473,386,287,3.8
7723,Chandigarh,Beauty,Face Wash,LG,Behl LLC,141014,50,24,4.4
7724,Chandigarh,Beauty,Face Wash,Apple,Kumar LLC,45527,301,131,4.0
7725,Chandigarh,Beauty,Lipstick,Puma,Gupta Inc,35828,402,388,4.7
7726,Chandigarh,Beauty,Lipstick,Philips,Kumer-Andra,148216,99,54,3.9
7727,Chandigarh,Beauty,Lipstick,Samsung,Trivedi-Handa,7360,175,5,3.9
7728,Chandigarh,Beauty,Lipstick,Godrej,"Chadha, Seth and Anand",91087,484,137,4.8
7729,Chandigarh,Beauty,Lipstick,Lenovo,Gill Group,26092,473,391,3.8
7730,Chandigarh,Beauty,Perfume,Tata,"Dhawan, Vasa and Warrior",20917,271,224,3.7
7731,Chandigarh,Beauty,Perfume,Boat,Krishna LLC,47034,210,10,4.1
7732,Chandigarh,Beauty,Perfume,Sony,Dewan-Goda,58186,132,49,3.8
7733,Chandigarh,Beauty,Perfume,Samsung,Krishna-Lanka,61555,55,30,4.1
7734,Chandigarh,Beauty,Perfume,Bajaj,Arya-Kashyap,29873,416,184,4.0
7735,Chandigarh,Beauty,Shampoo,Boat,Acharya Inc,57697,368,245,4.9
7736,Chandigarh,Beauty,Shampoo,Samsung,Sangha and Sons,109543,13,10,4.6
7737,Chandigarh,Beauty,Shampoo,Nike,"Sekhon, Kapur and De",47644,69,22,4.9
7738,Chandigarh,Beauty,Shampoo,Puma,Goswami Group,41326,392,311,4.9
7739,Chandigarh,Beauty,Shampoo,Prestige,Doshi Ltd,75396,178,4,4.0
7740,Chandigarh,Beauty,Body Lotion,Apple,Atwal-Dutta,121830,311,15,3.6
7741,Chandigarh,Beauty,Body Lotion,Reliance,"Bhargava, Thakkar and Dash",64780,118,74,4.1
7742,Chandigarh,Beauty,Body Lotion,Sony,Khurana Inc,130268,458,203,3.6
7743,Chandigarh,Beauty,Body Lotion,Sony,"Vasa, Shenoy and Dube",47317,46,3,3.7
7744,Chandigarh,Beauty,Body Lotion,Ikea,Kashyap-Dora,1554,148,8,4.3
7745,Chandigarh,Beauty,Hair Dryer,Sony,"Sunder, Kashyap and Bhakta",127557,108,82,3.8
7746,Chandigarh,Beauty,Hair Dryer,Prestige,"Dyal, Gade and Salvi",57912,257,88,4.1
7747,Chandigarh,Beauty,Hair Dryer,Nike,Bail PLC,146959,261,152,4.2
7748,Chandigarh,Beauty,Hair Dryer,Lenovo,"Deo, Korpal and Rajan",77078,440,346,4.9
7749,Chandigarh,Beauty,Hair Dryer,HP,Zacharia PLC,53426,78,16,4.9
7750,Goa,Electronics,Smartphone,Sony,"Ramesh, Mall and Rege",112844,416,357,5.0
7751,Goa,Electronics,Smartphone,Prestige,Thaker-Ramakrishnan,34110,295,183,4.5
7752,Goa,Electronics,Smartphone,Samsung,Suri-Jha,149100,49,18,3.6
7753,Goa,Electronics,Smartphone,Lenovo,"Dyal, Sura and Kunda",96346,11,9,4.0
7754,Goa,Electronics,Smartphone,Sony,Sandal-Dhar,74316,186,68,3.6
7755,Goa,Electronics,Laptop,Puma,"Kunda, Chaudhary and Soman",41639,445,326,4.3
7756,Goa,Electronics,Laptop,Philips,Biswas and Sons,82858,136,84,4.1
7757,Goa,Electronics,Laptop,Tata,"Vyas, Datta and Vala",125544,203,103,4.9
7758,Goa,Electronics,Laptop,Puma,Tella Inc,120708,394,154,4.1
7759,Goa,Electronics,Laptop,HP,"Acharya, Tara and Iyer",59752,86,13,4.1
7760,Goa,Electronics,Smart TV,LG,Bhatt Group,17425,247,4,3.6
7761,Goa,Electronics,Smart TV,Prestige,"Dhingra, Mani and Taneja",29759,61,46,3.8
7762,Goa,Electronics,Smart TV,Nike,Sibal-Lanka,104675,93,25,4.7
7763,Goa,Electronics,Smart TV,Samsung,Gala-Srinivas,51185,483,470,3.6
7764,Goa,Electronics,Smart TV,Sony,Sanghvi PLC,110838,196,97,4.4
7765,Goa,Electronics,Bluetooth Speaker,Nike,"Bawa, Sathe and Balan",117122,130,116,3.7
7766,Goa,Electronics,Bluetooth Speaker,Dell,Gulati-Koshy,109859,425,112,3.7
7767,Goa,Electronics,Bluetooth Speaker,Puma,"Chana, Sengupta and Goyal",29625,51,25,4.5
7768,Goa,Electronics,Bluetooth Speaker,Bajaj,Vala-Golla,103619,388,282,4.2
7769,Goa,Electronics,Bluetooth Speaker,Prestige,Maharaj-Chhabra,92429,226,34,3.9
7770,Goa,Electronics,Tablet,Philips,Chaudhuri Inc,133797,242,14,4.2
7771,Goa,Electronics,Tablet,Mi,Sahota PLC,54786,206,104,4.6
7772,Goa,Electronics,Tablet,Bajaj,Konda and Sons,54406,169,165,3.9
7773,Goa,Electronics,Tablet,Mi,"Uppal, Sundaram and Kant",138419,333,291,4.7
7774,Goa,Electronics,Tablet,Philips,Basu-Dewan,53308,467,189,4.3
7775,Goa,Electronics,Gaming Console,LG,Rattan-Rana,112529,497,496,4.3
7776,Goa,Electronics,Gaming Console,Puma,Kapadia PLC,149845,312,12,4.4
7777,Goa,Electronics,Gaming Console,Puma,"Wali, Raja and Sundaram",49103,415,17,4.1
7778,Goa,Electronics,Gaming Console,Lenovo,Jhaveri-Badami,95179,56,10,4.0
7779,Goa,Electronics,Gaming Console,Ikea,"Chaudhuri, Ghosh and Cherian",96092,118,30,4.0
7780,Goa,Electronics,Smart Watch,Philips,Sodhi-Ahuja,127099,308,228,4.1
7781,Goa,Electronics,Smart Watch,Mi,"Kala, Seshadri and Sheth",32711,37,36,4.2
7782,Goa,Electronics,Smart Watch,Tata,"Dugar, Edwin and Kumar",146887,25,20,3.5
7783,Goa,Electronics,Smart Watch,Ikea,"Gala, Kurian and Trivedi",138911,205,22,3.5
7784,Goa,Electronics,Smart Watch,Godrej,"Jayaraman, Viswanathan and Choudhry",66606,324,59,4.4
7785,Goa,Electronics,Headphones,Apple,Rau-Jaggi,23501,180,58,4.9
7786,Goa,Electronics,Headphones,HP,Ravel-Zacharia,42698,396,250,4.6
7787,Goa,Electronics,Headphones,Adidas,Hora and Sons,142637,254,99,4.0
7788,Goa,Electronics,Headphones,Puma,Shankar-Goyal,129607,475,81,4.6
7789,Goa,Electronics,Headphones,Boat,"Gaba, Bassi and Samra",108825,302,88,4.9
7790,Goa,Furniture,Sofa,Puma,Mani and Sons,85664,93,72,4.7
7791,Goa,Furniture,Sofa,Adidas,"Johal, Goda and Chadha",147156,156,132,3.9
7792,Goa,Furniture,Sofa,Dell,Doctor Inc,75478,127,64,5.0
7793,Goa,Furniture,Sofa,Adidas,Kanda-Bava,17749,117,97,3.8
7794,Goa,Furniture,Sofa,Nike,Balan LLC,81761,142,48,3.7
7795,Goa,Furniture,Dining Table,Godrej,"Sibal, Krishnamurthy and Sastry",118296,65,63,4.8
7796,Goa,Furniture,Dining Table,Philips,Sanghvi Ltd,121480,465,64,3.5
7797,Goa,Furniture,Dining Table,Samsung,"Lanka, Chokshi and Gaba",71964,203,5,4.5
7798,Goa,Furniture,Dining Table,Bajaj,"Chander, Khatri and Wagle",69225,454,213,4.4
7799,Goa,Furniture,Dining Table,Lenovo,Wason-Raval,12703,40,1,3.9
7800,Goa,Furniture,Office Chair,Puma,Deol Group,10884,466,187,4.2
7801,Goa,Furniture,Office Chair,Sony,Devi LLC,122080,301,94,4.0
7802,Goa,Furniture,Office Chair,Mi,Das and Sons,68220,242,217,4.2
7803,Goa,Furniture,Office Chair,Apple,Bhatia and Sons,123955,204,155,4.5
7804,Goa,Furniture,Office Chair,HP,Wagle Group,10626,485,465,4.9
7805,Goa,Furniture,Bed,Nike,Karnik Ltd,20598,91,75,3.8
7806,Goa,Furniture,Bed,HP,"Bir, Dhingra and Sodhi",103587,486,383,3.6
7807,Goa,Furniture,Bed,Bajaj,Issac LLC,91911,350,265,4.5
7808,Goa,Furniture,Bed,Tata,Chauhan Inc,108946,247,137,4.3
7809,Goa,Furniture,Bed,Mi,"Barad, Edwin and Thaman",106844,41,40,4.1
7810,Goa,Furniture,Wardrobe,Puma,"Atwal, Rout and Subramanian",93254,331,257,4.8
7811,Goa,Furniture,Wardrobe,Sony,Mammen Inc,111603,110,46,4.9
7812,Goa,Furniture,Wardrobe,Boat,Kibe-Venkataraman,10228,268,33,4.4
7813,Goa,Furniture,Wardrobe,Ikea,Sandhu-Kalla,135208,360,185,4.8
7814,Goa,Furniture,Wardrobe,Sony,Ganesh Inc,68279,174,25,4.4
7815,Goa,Furniture,Bookshelf,Samsung,Behl Ltd,116089,327,89,5.0
7816,Goa,Furniture,Bookshelf,Prestige,Swaminathan-Saini,84191,111,106,4.8
7817,Goa,Furniture,Bookshelf,Dell,"Kothari, Srinivas and Saha",22675,340,176,4.0
7818,Goa,Furniture,Bookshelf,Mi,Yohannan-Sama,126460,493,211,3.6
7819,Goa,Furniture,Bookshelf,Philips,Dar Ltd,36620,140,78,4.7
7820,Goa,Furniture,Coffee Table,Ikea,Sastry Inc,120991,232,4,4.0
7821,Goa,Furniture,Coffee Table,Godrej,"Lalla, Venkatesh and Babu",1810,87,23,3.9
7822,Goa,Furniture,Coffee Table,HP,"Hora, Kala and Keer",54667,486,437,3.7
7823,Goa,Furniture,Coffee Table,Lenovo,"Tella, Ben and Sridhar",54490,358,328,4.7
7824,Goa,Furniture,Coffee Table,Samsung,Karpe Group,136749,198,91,4.6
7825,Goa,Furniture,TV Unit,Mi,"Chanda, Thakur and Khanna",86948,31,29,3.7
7826,Goa,Furniture,TV Unit,Godrej,"Chaudhary, Suri and Kalla",33827,121,99,3.7
7827,Goa,Furniture,TV Unit,LG,"Singhal, Sengupta and Din",84785,492,47,4.4
7828,Goa,Furniture,TV Unit,Samsung,Lal-Lad,148464,492,450,4.1
7829,Goa,Furniture,TV Unit,Samsung,"Goel, Varkey and Rana",135204,241,150,4.8
7830,Goa,Fashion,T-Shirt,Samsung,"Kuruvilla, Som and Seth",39624,67,58,3.5
7831,Goa,Fashion,T-Shirt,Ikea,Balasubramanian-Gandhi,59609,371,187,4.4
7832,Goa,Fashion,T-Shirt,HP,"Ramachandran, Krishnamurthy and Joshi",78218,376,275,4.8
7833,Goa,Fashion,T-Shirt,Godrej,Rattan PLC,10384,253,225,4.0
7834,Goa,Fashion,T-Shirt,Puma,Issac Group,87041,393,14,3.6
7835,Goa,Fashion,Jeans,Adidas,"Saraf, Upadhyay and Vohra",34902,491,122,4.9
7836,Goa,Fashion,Jeans,Philips,"Suri, Choudhry and Sura",24966,302,24,4.4
7837,Goa,Fashion,Jeans,HP,Date-Thaman,18043,19,5,4.8
7838,Goa,Fashion,Jeans,Samsung,Rana Inc,46145,289,276,3.6
7839,Goa,Fashion,Jeans,Nike,Gour Group,129526,125,106,4.1
7840,Goa,Fashion,Kurti,Philips,Golla and Sons,108328,313,239,4.3
7841,Goa,Fashion,Kurti,Ikea,"Lall, Warrior and Virk",24728,471,318,4.5
7842,Goa,Fashion,Kurti,Samsung,Goswami-Tripathi,17038,380,323,4.1
7843,Goa,Fashion,Kurti,Mi,"Khatri, Rana and Ramanathan",147643,338,140,4.0
7844,Goa,Fashion,Kurti,Boat,Toor-Rao,43050,308,43,3.6
7845,Goa,Fashion,Sneakers,Samsung,"D’Alia, Dey and Bhagat",138775,123,53,3.7
7846,Goa,Fashion,Sneakers,Nike,"Talwar, Devi and Dayal",116093,499,195,3.9
7847,Goa,Fashion,Sneakers,Lenovo,Vasa-Kalla,68093,428,29,4.1
7848,Goa,Fashion,Sneakers,Samsung,Hora-Sethi,86991,116,4,4.6
7849,Goa,Fashion,Sneakers,Prestige,Jain-Doshi,25423,162,154,4.1
7850,Goa,Fashion,Jacket,Boat,Ahluwalia-Sarna,140681,132,105,4.5
7851,Goa,Fashion,Jacket,Bajaj,"Chauhan, Mall and Bains",114629,407,149,4.7
7852,Goa,Fashion,Jacket,Apple,Sha-Luthra,132617,483,128,4.7
7853,Goa,Fashion,Jacket,Dell,Mahal-Sawhney,114612,102,4,3.6
7854,Goa,Fashion,Jacket,Sony,Rama-Salvi,90348,102,1,4.6
7855,Goa,Fashion,Watch,Samsung,"De, Dada and Reddy",67971,343,116,4.3
7856,Goa,Fashion,Watch,Mi,"Thaman, Buch and Saxena",113951,192,135,3.5
7857,Goa,Fashion,Watch,Apple,"Sawhney, Rajagopal and Edwin",141111,342,331,4.8
7858,Goa,Fashion,Watch,Prestige,Chand and Sons,72668,370,131,4.5
7859,Goa,Fashion,Watch,Apple,Manne-Brahmbhatt,78739,19,12,4.5
7860,Goa,Fashion,Handbag,Puma,"Chandra, Sibal and Kar",148118,277,151,4.1
7861,Goa,Fashion,Handbag,Apple,Chowdhury-Yohannan,134305,406,183,4.0
7862,Goa,Fashion,Handbag,HP,Deo Ltd,103687,75,59,3.6
7863,Goa,Fashion,Handbag,Godrej,"Garg, Keer and Tara",72168,123,20,3.5
7864,Goa,Fashion,Handbag,HP,Mammen Group,130561,105,98,3.8
7865,Goa,Fashion,Sunglasses,Bajaj,Raman LLC,64201,67,63,3.8
7866,Goa,Fashion,Sunglasses,Lenovo,"Madan, Khalsa and Chandra",40362,122,81,4.8
7867,Goa,Fashion,Sunglasses,Bajaj,Kothari Ltd,68706,160,154,3.7
7868,Goa,Fashion,Sunglasses,Philips,"Majumdar, Biswas and Randhawa",38635,173,89,4.8
7869,Goa,Fashion,Sunglasses,Bajaj,Edwin Inc,29419,398,341,5.0
7870,Goa,Home Appliances,Refrigerator,Adidas,"Karan, Khanna and Sengupta",97343,209,87,4.3
7871,Goa,Home Appliances,Refrigerator,Boat,Ravel-Sharaf,123388,63,24,4.4
7872,Goa,Home Appliances,Refrigerator,Adidas,"Suri, Krishnamurthy and Bava",31097,449,308,4.8
7873,Goa,Home Appliances,Refrigerator,Dell,"Bir, Bedi and Vyas",3523,226,83,4.0
7874,Goa,Home Appliances,Refrigerator,HP,Anand-Bandi,69196,446,150,4.5
7875,Goa,Home Appliances,Washing Machine,Lenovo,"Seth, Subramanian and Rana",2871,199,18,4.4
7876,Goa,Home Appliances,Washing Machine,Samsung,"Dewan, Wable and Som",118156,471,104,3.9
7877,Goa,Home Appliances,Washing Machine,Ikea,Sarna LLC,4561,17,6,3.7
7878,Goa,Home Appliances,Washing Machine,Samsung,Kaul-Chandran,72111,161,116,4.7
7879,Goa,Home Appliances,Washing Machine,Samsung,Badal-Vig,26376,12,11,4.3
7880,Goa,Home Appliances,Microwave,Ikea,Sidhu-Kakar,65178,450,354,4.1
7881,Goa,Home Appliances,Microwave,Samsung,Baral LLC,88908,157,122,4.5
7882,Goa,Home Appliances,Microwave,Philips,Agrawal LLC,52061,312,280,3.9
7883,Goa,Home Appliances,Microwave,Puma,Suri-Bala,16708,40,39,3.6
7884,Goa,Home Appliances,Microwave,Sony,"Gill, Majumdar and Sur",78685,213,57,4.0
7885,Goa,Home Appliances,Air Conditioner,Sony,"Dhingra, Bassi and Wason",148801,304,121,4.7
7886,Goa,Home Appliances,Air Conditioner,Mi,"Singh, Andra and Subramaniam",37686,167,138,5.0
7887,Goa,Home Appliances,Air Conditioner,HP,Varkey Group,70030,131,57,3.7
7888,Goa,Home Appliances,Air Conditioner,HP,"Dutta, Subramanian and Tailor",68320,67,47,3.7
7889,Goa,Home Appliances,Air Conditioner,Dell,Bhargava-Sehgal,99649,136,101,4.2
7890,Goa,Home Appliances,Mixer Grinder,Reliance,Sahni Ltd,40805,431,280,4.8
7891,Goa,Home Appliances,Mixer Grinder,Sony,"Raman, Sekhon and Devan",102205,24,19,5.0
7892,Goa,Home Appliances,Mixer Grinder,Dell,Karan LLC,33293,172,77,4.4
7893,Goa,Home Appliances,Mixer Grinder,Mi,Bhandari-Kara,51486,78,17,4.1
7894,Goa,Home Appliances,Mixer Grinder,HP,Majumdar-Chahal,127022,438,230,4.8
7895,Goa,Home Appliances,Vacuum Cleaner,Adidas,Dube-Chauhan,126350,493,435,4.4
7896,Goa,Home Appliances,Vacuum Cleaner,Samsung,Gill-Sastry,56673,194,142,4.8
7897,Goa,Home Appliances,Vacuum Cleaner,Samsung,Mani Group,132365,336,257,4.9
7898,Goa,Home Appliances,Vacuum Cleaner,Adidas,"Luthra, Khalsa and Kumer",44622,242,228,3.7
7899,Goa,Home Appliances,Vacuum Cleaner,Samsung,Sama Inc,49725,328,282,4.4
7900,Goa,Home Appliances,Water Purifier,Bajaj,"Solanki, Handa and Chahal",76063,130,32,3.9
7901,Goa,Home Appliances,Water Purifier,Ikea,"Raval, Shetty and Virk",52816,44,14,4.2
7902,Goa,Home Appliances,Water Purifier,Dell,Loyal-Sankaran,115323,22,6,4.3
7903,Goa,Home Appliances,Water Purifier,Boat,Devi and Sons,45623,320,277,3.8
7904,Goa,Home Appliances,Water Purifier,Dell,Saran-Manda,12784,363,361,4.4
7905,Goa,Groceries,Rice,Apple,Dani PLC,63089,496,441,4.8
7906,Goa,Groceries,Rice,Samsung,Verma-Khalsa,135930,15,5,3.9
7907,Goa,Groceries,Rice,Boat,"Dayal, Bhasin and Halder",99901,238,37,3.8
7908,Goa,Groceries,Rice,Mi,Brahmbhatt-Thaker,74109,135,120,3.8
7909,Goa,Groceries,Rice,Apple,"Bakshi, Char and Johal",59354,321,236,4.2
7910,Goa,Groceries,Wheat Flour,Lenovo,Devi Ltd,137373,98,55,4.1
7911,Goa,Groceries,Wheat Flour,Mi,Ranganathan Group,117286,102,17,4.6
7912,Goa,Groceries,Wheat Flour,Mi,"Zacharia, Raju and Balan",55666,307,28,4.8
7913,Goa,Groceries,Wheat Flour,Samsung,Doshi-Srinivas,20247,90,70,4.1
7914,Goa,Groceries,Wheat Flour,HP,Upadhyay PLC,134209,375,289,3.7
7915,Goa,Groceries,Cooking Oil,Puma,Gade-Varma,146694,133,33,4.3
7916,Goa,Groceries,Cooking Oil,Reliance,"Bahri, Ravel and Vyas",54760,60,17,3.8
7917,Goa,Groceries,Cooking Oil,Tata,Shanker-Bahri,98310,346,162,3.9
7918,Goa,Groceries,Cooking Oil,Godrej,Chhabra-Gopal,116389,157,70,4.1
7919,Goa,Groceries,Cooking Oil,Dell,Agate-Kota,124940,220,78,4.3
7920,Goa,Groceries,Sugar,Prestige,"Bahri, Chandran and Dayal",106282,218,48,4.8
7921,Goa,Groceries,Sugar,Adidas,Chaudry-Sundaram,124086,304,183,4.2
7922,Goa,Groceries,Sugar,HP,Gill-Kurian,32842,44,26,4.4
7923,Goa,Groceries,Sugar,Reliance,Madan Group,2069,493,450,4.8
7924,Goa,Groceries,Sugar,Puma,"Lall, Ghose and Balay",17096,25,6,4.9
7925,Goa,Groceries,Tea Powder,Tata,Hora LLC,7169,391,381,4.8
7926,Goa,Groceries,Tea Powder,Nike,Rastogi and Sons,86581,213,38,4.6
7927,Goa,Groceries,Tea Powder,LG,Krish LLC,74387,227,61,4.9
7928,Goa,Groceries,Tea Powder,Dell,"Halder, Jhaveri and Bhatt",72299,403,213,4.9
7929,Goa,Groceries,Tea Powder,Sony,Dalal-De,47774,460,455,4.5
7930,Goa,Groceries,Milk,Philips,Gaba and Sons,87579,248,79,4.8
7931,Goa,Groceries,Milk,Prestige,Sidhu-Barad,3115,386,109,4.3
7932,Goa,Groceries,Milk,LG,Bhasin PLC,110471,465,260,4.3
7933,Goa,Groceries,Milk,Nike,Madan LLC,60785,300,50,4.6
7934,Goa,Groceries,Milk,Tata,Magar Group,9984,109,54,4.5
7935,Goa,Groceries,Biscuits,Tata,Golla-Chaudhary,99429,128,36,3.7
7936,Goa,Groceries,Biscuits,Godrej,Gandhi-Chauhan,40548,451,369,3.9
7937,Goa,Groceries,Biscuits,Sony,Rastogi-Din,6734,27,20,4.1
7938,Goa,Groceries,Biscuits,Mi,Raval-Mann,80929,32,14,4.1
7939,Goa,Groceries,Biscuits,LG,Mander-Choudhury,29190,191,82,4.1
7940,Goa,Sports,Cricket Bat,Sony,Andra-Madan,3654,108,104,3.7
7941,Goa,Sports,Cricket Bat,LG,Dasgupta-Karpe,130718,126,118,4.7
7942,Goa,Sports,Cricket Bat,HP,Loke-Dhar,31465,141,120,4.7
7943,Goa,Sports,Cricket Bat,LG,Ratta Inc,97615,253,44,4.3
7944,Goa,Sports,Cricket Bat,Lenovo,Baral-Zacharia,53237,128,72,4.9
7945,Goa,Sports,Football,Puma,Dugar Ltd,16568,362,30,3.8
7946,Goa,Sports,Football,Godrej,Dani-Sarma,3718,191,157,4.3
7947,Goa,Sports,Football,Samsung,"Bhakta, Hora and Choudhury",53685,436,220,4.3
7948,Goa,Sports,Football,Mi,Borde PLC,4783,17,2,4.2
7949,Goa,Sports,Football,Godrej,Sidhu LLC,8374,12,5,4.1
7950,Goa,Sports,Badminton Racket,Dell,"Sawhney, Char and Manda",124198,398,8,4.7
7951,Goa,Sports,Badminton Racket,LG,Dyal Inc,82159,190,148,4.0
7952,Goa,Sports,Badminton Racket,Reliance,Varghese Inc,25091,19,12,3.7
7953,Goa,Sports,Badminton Racket,Philips,"Kar, Kota and Grewal",137563,194,142,4.1
7954,Goa,Sports,Badminton Racket,Puma,Chaudhari-Sama,19800,185,157,3.6
7955,Goa,Sports,Gym Gloves,Puma,Ramaswamy-Sodhi,16687,335,254,4.9
7956,Goa,Sports,Gym Gloves,Tata,Jhaveri-Bhasin,2713,305,110,4.1
7957,Goa,Sports,Gym Gloves,Sony,Behl-Ghose,95835,422,249,4.8
7958,Goa,Sports,Gym Gloves,Tata,Khurana-Mani,24925,59,52,4.0
7959,Goa,Sports,Gym Gloves,Mi,Sachdev LLC,8634,177,32,4.8
7960,Goa,Sports,Yoga Mat,Prestige,Dayal-Dutta,17687,50,22,4.1
7961,Goa,Sports,Yoga Mat,Prestige,Toor-Trivedi,7066,164,71,4.0
7962,Goa,Sports,Yoga Mat,Mi,Varkey Inc,103462,145,130,4.6
7963,Goa,Sports,Yoga Mat,Boat,"Balay, Jain and Doshi",66793,156,14,4.4
7964,Goa,Sports,Yoga Mat,Lenovo,Ahuja-Behl,94913,138,27,4.6
7965,Goa,Sports,Cycling Helmet,Ikea,Vyas-Dhar,145897,129,19,4.1
7966,Goa,Sports,Cycling Helmet,Adidas,"Raju, Butala and Konda",100262,135,97,4.2
7967,Goa,Sports,Cycling Helmet,Lenovo,"Madan, Chand and Konda",129763,296,13,4.9
7968,Goa,Sports,Cycling Helmet,Ikea,Gandhi-Yadav,125769,463,320,4.7
7969,Goa,Sports,Cycling Helmet,Lenovo,Ramachandran-Shanker,54395,266,136,4.5
7970,Goa,Beauty,Face Wash,Tata,Bhargava Group,27164,136,86,4.2
7971,Goa,Beauty,Face Wash,Samsung,"Roy, Kumar and Dutta",82229,373,294,4.8
7972,Goa,Beauty,Face Wash,LG,"Biswas, Bandi and Sagar",41258,203,83,4.1
7973,Goa,Beauty,Face Wash,Godrej,Khatri PLC,35511,394,91,3.7
7974,Goa,Beauty,Face Wash,Reliance,Sheth-Swaminathan,63092,329,150,4.6
7975,Goa,Beauty,Lipstick,Lenovo,Venkatesh and Sons,131826,114,50,4.0
7976,Goa,Beauty,Lipstick,Lenovo,"Wali, Bala and Chaudhary",78666,493,427,4.3
7977,Goa,Beauty,Lipstick,Prestige,"Bains, Edwin and Cheema",25565,63,56,4.4
7978,Goa,Beauty,Lipstick,Dell,Andra-Vaidya,145140,353,177,3.7
7979,Goa,Beauty,Lipstick,HP,Baria-Krishnan,133477,320,247,4.4
7980,Goa,Beauty,Perfume,Apple,Amble-Bora,33607,397,43,3.8
7981,Goa,Beauty,Perfume,Sony,Krishnamurthy PLC,133228,379,181,4.1
7982,Goa,Beauty,Perfume,HP,Saraf-Ramakrishnan,55658,206,169,4.5
7983,Goa,Beauty,Perfume,Ikea,"Kothari, Bansal and Sunder",86553,161,138,3.9
7984,Goa,Beauty,Perfume,Ikea,Tailor-Lala,36739,284,116,4.7
7985,Goa,Beauty,Shampoo,Puma,Baral Ltd,120321,138,94,4.4
7986,Goa,Beauty,Shampoo,Reliance,"Bajwa, Jayaraman and Rau",135096,45,7,3.8
7987,Goa,Beauty,Shampoo,Nike,"Bir, Setty and Andra",14275,460,380,4.8
7988,Goa,Beauty,Shampoo,Mi,Bhat and Sons,56496,89,28,3.9
7989,Goa,Beauty,Shampoo,Boat,Sharma PLC,138071,277,217,3.9
7990,Goa,Beauty,Body Lotion,Mi,Mander Group,61555,36,2,3.9
7991,Goa,Beauty,Body Lotion,Bajaj,"Saran, Mannan and Devan",122939,275,10,4.4
7992,Goa,Beauty,Body Lotion,Sony,Sharma-Sehgal,141037,356,72,3.8
7993,Goa,Beauty,Body Lotion,Godrej,Kumer Inc,73169,169,42,4.8
7994,Goa,Beauty,Body Lotion,Mi,Atwal Inc,67168,478,351,4.1
7995,Goa,Beauty,Hair Dryer,Philips,Singh Ltd,30560,119,14,4.9
7996,Goa,Beauty,Hair Dryer,Adidas,Gandhi PLC,54570,238,154,4.0
7997,Goa,Beauty,Hair Dryer,Dell,"Keer, Bhatt and Kuruvilla",27322,224,167,4.0
7998,Goa,Beauty,Hair Dryer,Tata,Maharaj and Sons,90716,122,53,4.2
7999,Goa,Beauty,Hair Dryer,HP,Bhatti LLC,102795,427,179,4.1
8000,Varanasi,Electronics,Smartphone,Boat,Bal and Sons,92322,359,255,3.9
8001,Varanasi,Electronics,Smartphone,Sony,"Sidhu, Chawla and Manda",64861,369,96,4.2
8002,Varanasi,Electronics,Smartphone,Lenovo,Cheema-Agate,100435,197,190,3.9
8003,Varanasi,Electronics,Smartphone,Philips,"Samra, Rajagopal and Desai",4375,41,9,4.4
8004,Varanasi,Electronics,Smartphone,Mi,Vala Group,2324,123,97,4.6
8005,Varanasi,Electronics,Laptop,Samsung,"Balasubramanian, Doshi and Gokhale",36221,30,27,3.5
8006,Varanasi,Electronics,Laptop,Reliance,Borde-Jain,114480,49,30,3.6
8007,Varanasi,Electronics,Laptop,Samsung,Deo PLC,38096,419,180,4.0
8008,Varanasi,Electronics,Laptop,HP,Wali and Sons,113080,453,335,4.3
8009,Varanasi,Electronics,Laptop,Reliance,"Mall, Chowdhury and Bakshi",40267,280,5,4.1
8010,Varanasi,Electronics,Smart TV,Lenovo,Rastogi PLC,31636,159,65,4.1
8011,Varanasi,Electronics,Smart TV,Lenovo,"Halder, Rana and Dhar",14516,337,70,4.3
8012,Varanasi,Electronics,Smart TV,Ikea,Sarma Inc,55551,30,8,4.7
8013,Varanasi,Electronics,Smart TV,Reliance,Kade and Sons,3790,310,209,4.5
8014,Varanasi,Electronics,Smart TV,Puma,"Shankar, Divan and Sha",121244,216,140,4.3
8015,Varanasi,Electronics,Bluetooth Speaker,LG,"Shukla, Kade and Tank",54018,189,28,4.8
8016,Varanasi,Electronics,Bluetooth Speaker,Adidas,"Konda, Sagar and Bakshi",109156,44,14,4.3
8017,Varanasi,Electronics,Bluetooth Speaker,Mi,Bassi PLC,147933,408,179,4.1
8018,Varanasi,Electronics,Bluetooth Speaker,Ikea,"Sachar, Gill and Seth",46415,321,67,5.0
8019,Varanasi,Electronics,Bluetooth Speaker,HP,Warrior-Kade,76524,268,138,4.8
8020,Varanasi,Electronics,Tablet,Samsung,Bal-Biswas,130633,107,86,3.7
8021,Varanasi,Electronics,Tablet,Adidas,Sastry PLC,142087,470,461,4.1
8022,Varanasi,Electronics,Tablet,Lenovo,Lad-Sahni,70394,322,304,4.7
8023,Varanasi,Electronics,Tablet,HP,"Kamdar, Chacko and Agate",96562,58,56,4.4
8024,Varanasi,Electronics,Tablet,Sony,Sant Ltd,116538,155,14,4.7
8025,Varanasi,Electronics,Gaming Console,Reliance,Kashyap PLC,136284,30,20,3.8
8026,Varanasi,Electronics,Gaming Console,Ikea,Dugal PLC,49819,119,70,4.8
8027,Varanasi,Electronics,Gaming Console,Samsung,Hayre-Din,321,418,120,4.3
8028,Varanasi,Electronics,Gaming Console,Puma,"Soni, Sachdeva and Ratta",31187,210,175,3.7
8029,Varanasi,Electronics,Gaming Console,Adidas,"Sundaram, Singh and Salvi",46544,329,181,3.9
8030,Varanasi,Electronics,Smart Watch,HP,Sarin-Kibe,115519,287,188,4.6
8031,Varanasi,Electronics,Smart Watch,Lenovo,Arora-Devi,36944,446,430,4.6
8032,Varanasi,Electronics,Smart Watch,Philips,Bera-Walia,94860,327,58,4.7
8033,Varanasi,Electronics,Smart Watch,Bajaj,"Babu, Kanda and Bhagat",67093,206,64,4.2
8034,Varanasi,Electronics,Smart Watch,Bajaj,Lalla PLC,134179,49,35,4.0
8035,Varanasi,Electronics,Headphones,Reliance,Sarkar-Bhatti,141742,320,137,4.9
8036,Varanasi,Electronics,Headphones,Adidas,Ahuja-Gade,120471,200,77,3.8
8037,Varanasi,Electronics,Headphones,Mi,"Ravel, Vala and Sandhu",106309,263,103,4.5
8038,Varanasi,Electronics,Headphones,Samsung,"Ray, Saran and Din",73737,209,195,4.0
8039,Varanasi,Electronics,Headphones,Mi,Wali-Kara,81765,421,261,3.6
8040,Varanasi,Furniture,Sofa,Mi,Deep LLC,46029,326,132,4.3
8041,Varanasi,Furniture,Sofa,Reliance,Dey-Rajan,91786,164,34,4.0
8042,Varanasi,Furniture,Sofa,Mi,Ranganathan-Walla,132617,240,74,4.7
8043,Varanasi,Furniture,Sofa,Boat,Gill LLC,78650,398,376,4.2
8044,Varanasi,Furniture,Sofa,Sony,"Bhattacharyya, Krishna and Desai",10008,308,39,4.1
8045,Varanasi,Furniture,Dining Table,Lenovo,Dalal-Kapoor,31084,247,157,4.8
8046,Varanasi,Furniture,Dining Table,LG,Banerjee Inc,44108,465,444,4.2
8047,Varanasi,Furniture,Dining Table,Dell,Suri-Raja,141577,229,118,4.1
8048,Varanasi,Furniture,Dining Table,Sony,Bhasin Group,62836,288,18,3.7
8049,Varanasi,Furniture,Dining Table,Dell,Krishnamurthy-De,71554,459,156,4.4
8050,Varanasi,Furniture,Office Chair,Dell,Dara-De,101083,490,184,4.1
8051,Varanasi,Furniture,Office Chair,Boat,Gandhi-Salvi,7416,159,10,3.8
8052,Varanasi,Furniture,Office Chair,Lenovo,Sane-Kaur,43540,416,413,4.3
8053,Varanasi,Furniture,Office Chair,Puma,"Iyer, Sangha and Chakraborty",146663,88,50,5.0
8054,Varanasi,Furniture,Office Chair,Apple,Dora LLC,29098,328,215,4.3
8055,Varanasi,Furniture,Bed,Lenovo,Ravi-Bhatnagar,56160,205,120,4.7
8056,Varanasi,Furniture,Bed,Bajaj,Sur-Gade,56789,180,132,4.7
8057,Varanasi,Furniture,Bed,Reliance,Kashyap-Kaul,72789,114,108,4.5
8058,Varanasi,Furniture,Bed,Apple,Magar Ltd,34404,119,75,4.9
8059,Varanasi,Furniture,Bed,Godrej,Bahl Ltd,106380,371,68,5.0
8060,Varanasi,Furniture,Wardrobe,Boat,Karpe-Sangha,139096,319,88,4.6
8061,Varanasi,Furniture,Wardrobe,LG,Dani-Manne,9333,247,105,4.9
8062,Varanasi,Furniture,Wardrobe,Tata,Keer Inc,86089,34,25,4.7
8063,Varanasi,Furniture,Wardrobe,Tata,Manne LLC,45448,61,28,3.9
8064,Varanasi,Furniture,Wardrobe,Prestige,"Shah, Borah and Madan",18482,396,342,3.6
8065,Varanasi,Furniture,Bookshelf,Dell,"Taneja, Rana and Kar",23176,81,4,4.6
8066,Varanasi,Furniture,Bookshelf,Dell,"Wagle, Raman and Dada",93107,109,34,4.1
8067,Varanasi,Furniture,Bookshelf,Sony,"Shan, Kuruvilla and Thaker",12188,28,25,4.3
8068,Varanasi,Furniture,Bookshelf,Philips,"Ramachandran, Cheema and Doshi",7589,459,436,3.7
8069,Varanasi,Furniture,Bookshelf,Reliance,Bhatti Inc,20425,190,49,3.5
8070,Varanasi,Furniture,Coffee Table,Tata,Loke-Tandon,94639,42,8,3.6
8071,Varanasi,Furniture,Coffee Table,Samsung,"Khanna, Ramakrishnan and Hans",109139,483,324,4.3
8072,Varanasi,Furniture,Coffee Table,Lenovo,"Rout, Sampath and Sanghvi",3310,40,20,3.7
8073,Varanasi,Furniture,Coffee Table,Ikea,Bahri PLC,19318,144,62,4.2
8074,Varanasi,Furniture,Coffee Table,Apple,Banik Inc,93712,80,47,4.2
8075,Varanasi,Furniture,TV Unit,Bajaj,Sheth-Tella,75223,113,7,4.8
8076,Varanasi,Furniture,TV Unit,Tata,Bir Inc,63836,500,346,3.6
8077,Varanasi,Furniture,TV Unit,Ikea,Doctor PLC,26883,383,165,4.9
8078,Varanasi,Furniture,TV Unit,Godrej,Dasgupta-Sethi,42722,297,126,4.4
8079,Varanasi,Furniture,TV Unit,Lenovo,"Chaudry, Bhasin and Bath",34628,116,21,3.9
8080,Varanasi,Fashion,T-Shirt,Samsung,Vyas-Dhar,134086,140,18,4.6
8081,Varanasi,Fashion,T-Shirt,Nike,Taneja PLC,24974,168,40,4.2
8082,Varanasi,Fashion,T-Shirt,Reliance,Chaudhary-Dhar,19084,381,79,4.2
8083,Varanasi,Fashion,T-Shirt,Nike,"Hans, Kunda and Guha",10737,374,208,3.9
8084,Varanasi,Fashion,T-Shirt,Nike,Handa Group,121860,269,172,4.5
8085,Varanasi,Fashion,Jeans,Samsung,"Jha, Rajan and Wason",93978,179,152,3.7
8086,Varanasi,Fashion,Jeans,Puma,Bora-Balay,97338,337,255,4.1
8087,Varanasi,Fashion,Jeans,HP,"Bhagat, Lal and Karpe",65911,82,34,3.8
8088,Varanasi,Fashion,Jeans,Ikea,Borah Ltd,91441,344,301,3.8
8089,Varanasi,Fashion,Jeans,Reliance,"Bera, Vig and Sengupta",62622,152,125,4.3
8090,Varanasi,Fashion,Kurti,Adidas,Ganesh-Bala,21278,367,332,4.5
8091,Varanasi,Fashion,Kurti,Philips,Randhawa PLC,52020,262,33,4.5
8092,Varanasi,Fashion,Kurti,Boat,Soni-Dara,83970,215,151,3.5
8093,Varanasi,Fashion,Kurti,Mi,"Roy, Seshadri and Sur",129889,445,231,4.6
8094,Varanasi,Fashion,Kurti,Adidas,Sagar-Warrior,23730,197,119,4.7
8095,Varanasi,Fashion,Sneakers,HP,Bedi PLC,88877,306,79,4.4
8096,Varanasi,Fashion,Sneakers,Nike,Brar Ltd,70723,250,24,3.7
8097,Varanasi,Fashion,Sneakers,LG,"Doshi, Sundaram and Ravel",141517,181,176,3.7
8098,Varanasi,Fashion,Sneakers,Dell,"Bhatia, Chahal and Dubey",97584,99,79,3.9
8099,Varanasi,Fashion,Sneakers,Reliance,"D’Alia, Buch and Bhatnagar",125139,268,58,4.0
8100,Varanasi,Fashion,Jacket,Puma,Manne-Mangat,92998,273,248,4.8
8101,Varanasi,Fashion,Jacket,Tata,Subramanian-Choudhury,108985,176,14,3.8
8102,Varanasi,Fashion,Jacket,Dell,Varghese-Mannan,87287,126,34,3.7
8103,Varanasi,Fashion,Jacket,Puma,"Goel, Garg and Seth",53784,314,59,4.1
8104,Varanasi,Fashion,Jacket,Godrej,Venkataraman PLC,9444,446,242,4.5
8105,Varanasi,Fashion,Watch,Godrej,"Kalita, Khalsa and Raju",3145,278,150,4.6
8106,Varanasi,Fashion,Watch,Nike,"Bobal, Kohli and Ahluwalia",55032,482,328,4.6
8107,Varanasi,Fashion,Watch,Mi,"Tank, Barman and Dugar",76885,451,150,3.7
8108,Varanasi,Fashion,Watch,HP,Gara-Kale,320,121,62,4.6
8109,Varanasi,Fashion,Watch,Prestige,Setty-Reddy,148657,469,436,4.1
8110,Varanasi,Fashion,Handbag,Tata,Tella-Dugal,66433,271,227,3.8
8111,Varanasi,Fashion,Handbag,Adidas,"Iyengar, Seshadri and Borra",9997,24,9,3.8
8112,Varanasi,Fashion,Handbag,Sony,Aggarwal-Banerjee,12758,95,35,4.4
8113,Varanasi,Fashion,Handbag,Lenovo,Chowdhury-Trivedi,88888,143,22,4.1
8114,Varanasi,Fashion,Handbag,Adidas,Ramachandran PLC,76806,356,325,4.1
8115,Varanasi,Fashion,Sunglasses,Ikea,"Iyengar, Yadav and Shetty",52176,485,381,4.6
8116,Varanasi,Fashion,Sunglasses,Puma,Keer-Balan,38257,440,207,3.9
8117,Varanasi,Fashion,Sunglasses,Apple,Bhagat-Goyal,32798,260,160,4.4
8118,Varanasi,Fashion,Sunglasses,Lenovo,"Hegde, Varkey and Dada",3492,288,268,4.9
8119,Varanasi,Fashion,Sunglasses,Sony,Vala LLC,128291,247,147,3.6
8120,Varanasi,Home Appliances,Refrigerator,Philips,Ganesh-Wason,131358,325,240,3.6
8121,Varanasi,Home Appliances,Refrigerator,HP,Tella-Hayer,80152,15,13,4.8
8122,Varanasi,Home Appliances,Refrigerator,Godrej,Dugal and Sons,65591,468,294,4.3
8123,Varanasi,Home Appliances,Refrigerator,Philips,Garg PLC,128134,423,116,3.7
8124,Varanasi,Home Appliances,Refrigerator,Prestige,Baral and Sons,142716,165,51,3.9
8125,Varanasi,Home Appliances,Washing Machine,Dell,Bumb-Chakrabarti,104054,214,74,4.8
8126,Varanasi,Home Appliances,Washing Machine,Apple,Datta-Wagle,2103,308,183,4.1
8127,Varanasi,Home Appliances,Washing Machine,Puma,Agate PLC,21897,148,72,4.0
8128,Varanasi,Home Appliances,Washing Machine,Sony,"Dhaliwal, Suri and Bains",103389,230,84,3.8
8129,Varanasi,Home Appliances,Washing Machine,Sony,Bora LLC,27775,114,19,4.2
8130,Varanasi,Home Appliances,Microwave,HP,"Lall, Balan and Kari",128516,349,346,4.4
8131,Varanasi,Home Appliances,Microwave,Ikea,"Rattan, Sridhar and Jain",5627,217,158,4.9
8132,Varanasi,Home Appliances,Microwave,Bajaj,Mannan Group,144412,280,237,4.7
8133,Varanasi,Home Appliances,Microwave,Nike,Din PLC,71425,183,137,4.4
8134,Varanasi,Home Appliances,Microwave,Samsung,"Dara, Gupta and Mangat",13374,180,152,3.8
8135,Varanasi,Home Appliances,Air Conditioner,Sony,Shetty Inc,97453,182,91,4.8
8136,Varanasi,Home Appliances,Air Conditioner,Prestige,"Vig, Chander and Vala",28967,40,2,3.6
8137,Varanasi,Home Appliances,Air Conditioner,Apple,"Kara, Kakar and Konda",79218,216,122,4.1
8138,Varanasi,Home Appliances,Air Conditioner,Nike,"Deshpande, Bajaj and Dewan",28731,125,97,4.9
8139,Varanasi,Home Appliances,Air Conditioner,HP,Loyal-Goel,57599,131,15,4.8
8140,Varanasi,Home Appliances,Mixer Grinder,Lenovo,"Hegde, Sidhu and Uppal",97372,156,12,4.1
8141,Varanasi,Home Appliances,Mixer Grinder,LG,Chatterjee Group,50707,374,133,4.1
8142,Varanasi,Home Appliances,Mixer Grinder,Apple,Agarwal-Chana,128424,275,274,4.3
8143,Varanasi,Home Appliances,Mixer Grinder,Boat,"Shah, Deep and Batta",20890,40,17,3.9
8144,Varanasi,Home Appliances,Mixer Grinder,Apple,"Subramanian, Batra and Hora",138051,328,87,4.5
8145,Varanasi,Home Appliances,Vacuum Cleaner,Prestige,Doshi PLC,110091,201,47,4.8
8146,Varanasi,Home Appliances,Vacuum Cleaner,Boat,Badami and Sons,133216,327,152,4.0
8147,Varanasi,Home Appliances,Vacuum Cleaner,Lenovo,Iyengar and Sons,49594,28,16,3.6
8148,Varanasi,Home Appliances,Vacuum Cleaner,Sony,"Vig, Bhagat and Sodhi",113090,40,26,4.9
8149,Varanasi,Home Appliances,Vacuum Cleaner,Reliance,"Sandal, Gole and Chatterjee",20026,213,134,4.9
8150,Varanasi,Home Appliances,Water Purifier,Boat,"Amble, Deshpande and Devi",60795,385,77,3.8
8151,Varanasi,Home Appliances,Water Purifier,Apple,Lad Group,133444,339,244,3.7
8152,Varanasi,Home Appliances,Water Purifier,Samsung,Tank Inc,26625,393,7,4.0
8153,Varanasi,Home Appliances,Water Purifier,Boat,Chahal Ltd,6619,98,44,4.5
8154,Varanasi,Home Appliances,Water Purifier,HP,Ray Group,1806,378,48,4.0
8155,Varanasi,Groceries,Rice,Apple,Kapoor Ltd,101924,209,73,4.5
8156,Varanasi,Groceries,Rice,Puma,Divan-Suresh,148836,38,21,5.0
8157,Varanasi,Groceries,Rice,Samsung,Basak LLC,101825,219,194,4.6
8158,Varanasi,Groceries,Rice,Tata,Agate LLC,136869,204,108,3.8
8159,Varanasi,Groceries,Rice,Apple,Ben Inc,122747,357,278,3.7
8160,Varanasi,Groceries,Wheat Flour,LG,Khalsa Inc,140591,54,24,4.7
8161,Varanasi,Groceries,Wheat Flour,Mi,"Rattan, Bhasin and Krishna",66090,151,86,3.5
8162,Varanasi,Groceries,Wheat Flour,Puma,"Gokhale, Bail and Chaudhari",103365,486,162,4.5
8163,Varanasi,Groceries,Wheat Flour,Nike,Butala-Loyal,65643,450,367,4.2
8164,Varanasi,Groceries,Wheat Flour,Philips,"Dugar, Bose and Vyas",64471,373,74,4.2
8165,Varanasi,Groceries,Cooking Oil,Lenovo,Deo-Garg,91947,463,287,4.9
8166,Varanasi,Groceries,Cooking Oil,Lenovo,Ramanathan-Das,42738,242,137,3.9
8167,Varanasi,Groceries,Cooking Oil,HP,"Sethi, Varty and Dey",44103,169,61,4.8
8168,Varanasi,Groceries,Cooking Oil,Boat,"Batra, Balakrishnan and Kapoor",37460,202,15,4.3
8169,Varanasi,Groceries,Cooking Oil,Lenovo,"Khare, Ganguly and Hegde",21119,264,82,4.8
8170,Varanasi,Groceries,Sugar,Apple,Baria-Sha,107542,137,86,3.6
8171,Varanasi,Groceries,Sugar,Lenovo,Sathe-Vaidya,104360,438,105,4.2
8172,Varanasi,Groceries,Sugar,Lenovo,Bali-Dewan,107795,260,181,4.2
8173,Varanasi,Groceries,Sugar,Lenovo,Tandon Ltd,22832,57,4,3.8
8174,Varanasi,Groceries,Sugar,Bajaj,Dewan-Aurora,139753,101,9,4.6
8175,Varanasi,Groceries,Tea Powder,LG,"Dhar, Bansal and Majumdar",21408,420,131,4.7
8176,Varanasi,Groceries,Tea Powder,Apple,"Bail, Ranganathan and Mane",84917,227,221,4.7
8177,Varanasi,Groceries,Tea Powder,Ikea,Buch LLC,47489,172,41,5.0
8178,Varanasi,Groceries,Tea Powder,Dell,Yohannan-Keer,90811,374,369,3.5
8179,Varanasi,Groceries,Tea Powder,Apple,Sani-Bhakta,39754,469,233,4.3
8180,Varanasi,Groceries,Milk,Prestige,Solanki-Krishnamurthy,9924,30,13,4.5
8181,Varanasi,Groceries,Milk,Sony,Atwal-Mallick,50687,223,59,5.0
8182,Varanasi,Groceries,Milk,Nike,Gopal-Sunder,117791,219,89,4.9
8183,Varanasi,Groceries,Milk,Mi,"Butala, Bains and Srinivas",78456,57,47,3.6
8184,Varanasi,Groceries,Milk,Prestige,"Hora, Krishna and Amble",19781,234,7,4.9
8185,Varanasi,Groceries,Biscuits,Samsung,Taneja LLC,108303,18,9,3.8
8186,Varanasi,Groceries,Biscuits,HP,Khanna LLC,125562,246,75,4.9
8187,Varanasi,Groceries,Biscuits,Dell,"Bhatti, Mani and Karan",45083,121,77,3.9
8188,Varanasi,Groceries,Biscuits,Boat,Rajan-Sami,146369,338,313,4.0
8189,Varanasi,Groceries,Biscuits,Nike,Batta-Ganesan,129562,190,70,3.6
8190,Varanasi,Sports,Cricket Bat,Lenovo,Sandal Inc,307,487,294,4.5
8191,Varanasi,Sports,Cricket Bat,Reliance,Gera-Kunda,73540,79,12,3.6
8192,Varanasi,Sports,Cricket Bat,Boat,Kala Group,55179,449,72,4.9
8193,Varanasi,Sports,Cricket Bat,Tata,Joshi Group,11187,121,96,4.8
8194,Varanasi,Sports,Cricket Bat,Bajaj,Dhaliwal-Swamy,37277,400,114,4.6
8195,Varanasi,Sports,Football,Samsung,Jhaveri-Karnik,105123,393,29,4.0
8196,Varanasi,Sports,Football,Dell,"Dalal, Sarma and Contractor",68236,397,39,4.5
8197,Varanasi,Sports,Football,Tata,"Doctor, Swamy and Kuruvilla",136009,458,182,4.7
8198,Varanasi,Sports,Football,Godrej,Hari-Bains,18729,278,254,3.7
8199,Varanasi,Sports,Football,Adidas,"Desai, Srivastava and Raval",146153,246,160,3.7
8200,Varanasi,Sports,Badminton Racket,Samsung,Chana Group,93047,95,22,4.6
8201,Varanasi,Sports,Badminton Racket,Lenovo,"Varghese, Chakrabarti and Dugar",132643,354,215,4.0
8202,Varanasi,Sports,Badminton Racket,Reliance,"Kata, Buch and Maharaj",16084,436,156,5.0
8203,Varanasi,Sports,Badminton Racket,Sony,Ahluwalia Inc,149852,479,79,5.0
8204,Varanasi,Sports,Badminton Racket,Adidas,Bhatia Group,139769,231,176,4.8
8205,Varanasi,Sports,Gym Gloves,Lenovo,"Ratta, Chada and Sama",73938,461,393,4.9
8206,Varanasi,Sports,Gym Gloves,Puma,"Kapoor, Ahuja and Balasubramanian",124820,48,24,4.3
8207,Varanasi,Sports,Gym Gloves,Tata,Wali-Bakshi,143808,455,355,4.8
8208,Varanasi,Sports,Gym Gloves,Ikea,"Sem, Madan and Sane",25593,141,104,4.6
8209,Varanasi,Sports,Gym Gloves,Bajaj,Bajaj-Sankar,9557,252,241,4.4
8210,Varanasi,Sports,Yoga Mat,Adidas,"Kalita, Gaba and Garg",57434,86,59,4.0
8211,Varanasi,Sports,Yoga Mat,Puma,Dubey-Arora,67049,336,232,4.5
8212,Varanasi,Sports,Yoga Mat,HP,"Kalla, Dubey and Sarraf",100387,134,125,3.9
8213,Varanasi,Sports,Yoga Mat,LG,Baral-Tiwari,14383,240,39,4.7
8214,Varanasi,Sports,Yoga Mat,Sony,Mander-Gokhale,72179,455,421,4.0
8215,Varanasi,Sports,Cycling Helmet,HP,Ganesan Inc,101267,190,78,4.2
8216,Varanasi,Sports,Cycling Helmet,Apple,"Contractor, Khatri and Saran",128171,340,240,4.7
8217,Varanasi,Sports,Cycling Helmet,HP,"Shroff, Kale and Sahni",111921,473,417,4.9
8218,Varanasi,Sports,Cycling Helmet,Prestige,Chowdhury Ltd,19018,323,110,4.5
8219,Varanasi,Sports,Cycling Helmet,Bajaj,Chada-Ray,41645,454,320,4.3
8220,Varanasi,Beauty,Face Wash,Prestige,Shroff-Basu,80449,75,50,3.7
8221,Varanasi,Beauty,Face Wash,Adidas,"Khalsa, Bhalla and Mand",39994,43,43,4.2
8222,Varanasi,Beauty,Face Wash,Lenovo,"Zacharia, Bedi and Ben",70848,38,15,3.5
8223,Varanasi,Beauty,Face Wash,Godrej,Sampath Inc,58064,430,323,5.0
8224,Varanasi,Beauty,Face Wash,Apple,Mall LLC,34719,183,183,3.6
8225,Varanasi,Beauty,Lipstick,Apple,Kannan-Ratti,34817,289,113,3.9
8226,Varanasi,Beauty,Lipstick,Sony,"Goyal, Bandi and Comar",57851,128,59,3.7
8227,Varanasi,Beauty,Lipstick,Prestige,"Tata, Sehgal and Singhal",93445,322,288,3.7
8228,Varanasi,Beauty,Lipstick,Sony,Soman-Kata,122451,108,78,4.5
8229,Varanasi,Beauty,Lipstick,Godrej,Raval-Bhardwaj,9493,442,341,5.0
8230,Varanasi,Beauty,Perfume,Philips,Bail-Gola,67601,221,112,3.6
8231,Varanasi,Beauty,Perfume,Lenovo,Jhaveri LLC,21909,492,100,3.6
8232,Varanasi,Beauty,Perfume,HP,"Vig, Wagle and Ganesan",82410,379,229,4.5
8233,Varanasi,Beauty,Perfume,Godrej,"Ahluwalia, Boase and Viswanathan",114994,36,21,4.8
8234,Varanasi,Beauty,Perfume,Lenovo,Kale Ltd,18170,413,177,4.3
8235,Varanasi,Beauty,Shampoo,Lenovo,"Sachdeva, Kanda and Chhabra",27085,401,333,3.7
8236,Varanasi,Beauty,Shampoo,Godrej,"Barad, Hari and Suresh",114580,473,16,4.3
8237,Varanasi,Beauty,Shampoo,Apple,Bail-Karpe,90002,291,284,4.1
8238,Varanasi,Beauty,Shampoo,Adidas,"Bhat, De and Dugal",86301,169,25,3.9
8239,Varanasi,Beauty,Shampoo,HP,Loke-Gandhi,148670,46,15,4.4
8240,Varanasi,Beauty,Body Lotion,HP,Varughese-Chawla,142396,134,98,3.5
8241,Varanasi,Beauty,Body Lotion,Bajaj,Sha and Sons,111390,339,108,3.8
8242,Varanasi,Beauty,Body Lotion,Samsung,Kuruvilla-Sabharwal,124827,406,95,3.8
8243,Varanasi,Beauty,Body Lotion,Godrej,"Kaur, Goda and Shroff",4146,48,3,4.3
8244,Varanasi,Beauty,Body Lotion,Prestige,Tara-Sundaram,107764,208,150,3.9
8245,Varanasi,Beauty,Hair Dryer,Boat,Grewal Inc,106320,96,57,3.8
8246,Varanasi,Beauty,Hair Dryer,Samsung,Anand PLC,145671,166,70,4.9
8247,Varanasi,Beauty,Hair Dryer,Philips,Ray Inc,43717,56,3,4.3
8248,Varanasi,Beauty,Hair Dryer,Prestige,D’Alia-Tandon,40823,219,139,3.9
8249,Varanasi,Beauty,Hair Dryer,Sony,Rajagopalan and Sons,60683,495,206,4.1
8250,Amritsar,Electronics,Smartphone,Dell,Krishna-Ranganathan,132316,338,165,3.6
8251,Amritsar,Electronics,Smartphone,Philips,Saxena Group,116465,184,89,4.1
8252,Amritsar,Electronics,Smartphone,Godrej,Kala LLC,56178,296,138,4.4
8253,Amritsar,Electronics,Smartphone,Mi,"Tara, Chand and Subramaniam",140298,340,138,4.9
8254,Amritsar,Electronics,Smartphone,Nike,"Gandhi, Manda and Srinivas",80982,168,115,4.1
8255,Amritsar,Electronics,Laptop,Lenovo,"Iyer, Bajwa and Keer",43444,85,7,3.7
8256,Amritsar,Electronics,Laptop,Dell,Vasa-Kumar,58828,20,3,4.6
8257,Amritsar,Electronics,Laptop,Dell,"Dubey, Ramachandran and Srivastava",86416,242,26,4.5
8258,Amritsar,Electronics,Laptop,Bajaj,Kala Group,114650,224,85,3.5
8259,Amritsar,Electronics,Laptop,Reliance,Warrior PLC,126608,354,208,4.4
8260,Amritsar,Electronics,Smart TV,Godrej,"Jaggi, Dhaliwal and Raman",92604,322,74,3.6
8261,Amritsar,Electronics,Smart TV,Adidas,Swamy-Dar,147670,67,54,3.8
8262,Amritsar,Electronics,Smart TV,Lenovo,"Sarkar, Arya and Mani",44283,113,32,4.0
8263,Amritsar,Electronics,Smart TV,HP,Dhillon-Luthra,18265,394,245,4.0
8264,Amritsar,Electronics,Smart TV,HP,Mahajan Inc,794,98,81,3.6
8265,Amritsar,Electronics,Bluetooth Speaker,Reliance,Zacharia-Ravel,16880,389,6,4.2
8266,Amritsar,Electronics,Bluetooth Speaker,Prestige,Mall-Kara,76679,360,318,3.9
8267,Amritsar,Electronics,Bluetooth Speaker,HP,Madan LLC,95401,31,7,3.7
8268,Amritsar,Electronics,Bluetooth Speaker,Tata,"Kamdar, Baria and Keer",38417,254,247,4.7
8269,Amritsar,Electronics,Bluetooth Speaker,Apple,"Ganesan, Jain and Kibe",26366,433,202,4.4
8270,Amritsar,Electronics,Tablet,Nike,"Bava, Krishna and Swamy",84404,285,153,4.6
8271,Amritsar,Electronics,Tablet,Philips,Yadav-Saraf,123483,155,28,3.8
8272,Amritsar,Electronics,Tablet,Nike,Chander Group,120041,285,236,4.9
8273,Amritsar,Electronics,Tablet,Reliance,"Kulkarni, Sathe and Ghosh",123116,297,137,4.8
8274,Amritsar,Electronics,Tablet,Philips,Kant Inc,464,447,331,3.7
8275,Amritsar,Electronics,Gaming Console,Mi,Vohra-Thaker,38793,52,4,4.5
8276,Amritsar,Electronics,Gaming Console,Dell,Dewan Ltd,3049,446,34,4.1
8277,Amritsar,Electronics,Gaming Console,HP,Banik-Sant,88051,183,2,4.2
8278,Amritsar,Electronics,Gaming Console,HP,Som LLC,75823,364,328,3.9
8279,Amritsar,Electronics,Gaming Console,Godrej,Sahota Group,15366,257,155,4.8
8280,Amritsar,Electronics,Smart Watch,Philips,Ben-Bhandari,117683,208,189,4.5
8281,Amritsar,Electronics,Smart Watch,Dell,"Choudhury, Raval and Sama",46021,467,330,4.6
8282,Amritsar,Electronics,Smart Watch,Mi,Kohli and Sons,95569,409,307,4.6
8283,Amritsar,Electronics,Smart Watch,Godrej,Kanda Inc,140313,352,15,4.3
8284,Amritsar,Electronics,Smart Watch,Sony,Contractor-Ray,90092,255,70,3.8
8285,Amritsar,Electronics,Headphones,Tata,Barad Group,75947,419,95,4.8
8286,Amritsar,Electronics,Headphones,Mi,Gandhi-Dewan,85319,495,471,4.6
8287,Amritsar,Electronics,Headphones,Apple,Tiwari and Sons,91909,115,86,4.4
8288,Amritsar,Electronics,Headphones,Adidas,Kurian-Soman,42078,24,12,4.9
8289,Amritsar,Electronics,Headphones,Mi,Iyengar Group,147088,126,105,4.2
8290,Amritsar,Furniture,Sofa,Samsung,Baria-Tank,94848,395,314,3.9
8291,Amritsar,Furniture,Sofa,Mi,Karan Ltd,136145,302,159,4.7
8292,Amritsar,Furniture,Sofa,Mi,Loyal-Sekhon,25329,51,51,4.1
8293,Amritsar,Furniture,Sofa,Dell,"Thakkar, Master and Dhar",15352,431,254,4.1
8294,Amritsar,Furniture,Sofa,Samsung,Shan-Bahl,123982,372,11,3.5
8295,Amritsar,Furniture,Dining Table,Boat,Wable Ltd,48774,387,219,4.2
8296,Amritsar,Furniture,Dining Table,Godrej,"Amble, Bera and Halder",105425,282,14,4.4
8297,Amritsar,Furniture,Dining Table,Philips,Zachariah PLC,129265,320,225,4.8
8298,Amritsar,Furniture,Dining Table,Mi,Joshi-Halder,69700,266,194,4.6
8299,Amritsar,Furniture,Dining Table,Boat,"Seshadri, Reddy and Master",16045,373,352,3.5
8300,Amritsar,Furniture,Office Chair,Philips,Gala-Anand,29666,255,52,4.8
8301,Amritsar,Furniture,Office Chair,Adidas,Mane-Lalla,10036,447,37,3.7
8302,Amritsar,Furniture,Office Chair,HP,"Srivastava, Sood and Virk",117786,346,284,4.0
8303,Amritsar,Furniture,Office Chair,LG,Mallick-Dayal,100295,65,3,4.0
8304,Amritsar,Furniture,Office Chair,LG,"Edwin, Wali and Majumdar",84218,166,106,4.9
8305,Amritsar,Furniture,Bed,Apple,Swamy-Talwar,16911,299,25,5.0
8306,Amritsar,Furniture,Bed,Samsung,"Swamy, Vala and Bath",72219,93,19,4.3
8307,Amritsar,Furniture,Bed,Adidas,"Keer, Mangal and Malhotra",99136,400,79,3.6
8308,Amritsar,Furniture,Bed,Philips,Srinivas-Shenoy,38757,497,40,4.7
8309,Amritsar,Furniture,Bed,Boat,Taneja-Hans,114571,101,65,3.7
8310,Amritsar,Furniture,Wardrobe,LG,Ramesh-Srinivas,14367,81,5,3.6
8311,Amritsar,Furniture,Wardrobe,Bajaj,Chada Group,79092,279,8,4.1
8312,Amritsar,Furniture,Wardrobe,Puma,Dugar LLC,108108,325,208,4.2
8313,Amritsar,Furniture,Wardrobe,Lenovo,Karpe Group,90917,155,22,4.6
8314,Amritsar,Furniture,Wardrobe,Boat,Krishnan-Dutt,72581,490,468,5.0
8315,Amritsar,Furniture,Bookshelf,Philips,Shanker Group,142748,357,256,4.1
8316,Amritsar,Furniture,Bookshelf,Adidas,Rana-Wali,40093,496,301,4.3
8317,Amritsar,Furniture,Bookshelf,Nike,Kuruvilla-Bose,56056,97,8,3.7
8318,Amritsar,Furniture,Bookshelf,Godrej,Gopal LLC,46707,429,149,4.1
8319,Amritsar,Furniture,Bookshelf,Ikea,Saini-Dalal,137334,498,71,4.7
8320,Amritsar,Furniture,Coffee Table,Reliance,Korpal-Rout,82909,65,9,4.4
8321,Amritsar,Furniture,Coffee Table,Lenovo,Bajaj and Sons,45285,346,309,3.6
8322,Amritsar,Furniture,Coffee Table,Boat,Barad Inc,100905,34,15,4.3
8323,Amritsar,Furniture,Coffee Table,Bajaj,Ravi Group,25396,420,233,4.0
8324,Amritsar,Furniture,Coffee Table,LG,Kothari-Dani,50842,202,152,4.7
8325,Amritsar,Furniture,TV Unit,Nike,Seshadri Group,72650,45,21,4.0
8326,Amritsar,Furniture,TV Unit,Boat,"Kadakia, Chadha and Gala",85265,61,37,4.3
8327,Amritsar,Furniture,TV Unit,Tata,Dewan Inc,35910,115,96,4.1
8328,Amritsar,Furniture,TV Unit,Reliance,Chowdhury LLC,53589,459,283,5.0
8329,Amritsar,Furniture,TV Unit,Prestige,"Bhatia, Krishnamurthy and Vohra",68549,424,51,4.4
8330,Amritsar,Fashion,T-Shirt,Samsung,"Kothari, Anand and Ratti",144319,251,7,3.7
8331,Amritsar,Fashion,T-Shirt,Philips,"Saini, Behl and Sastry",17593,299,203,4.9
8332,Amritsar,Fashion,T-Shirt,Ikea,"Mangat, Edwin and Chanda",105987,190,113,4.5
8333,Amritsar,Fashion,T-Shirt,Philips,"Sura, Atwal and Chakraborty",51950,323,21,3.6
8334,Amritsar,Fashion,T-Shirt,Samsung,"Bhatnagar, Dar and Brar",15409,397,166,4.4
8335,Amritsar,Fashion,Jeans,Samsung,Hayer-Jhaveri,69559,390,66,3.8
8336,Amritsar,Fashion,Jeans,Adidas,Raval Ltd,120399,403,36,3.5
8337,Amritsar,Fashion,Jeans,Lenovo,"Bose, Issac and Khalsa",92173,499,278,3.5
8338,Amritsar,Fashion,Jeans,Ikea,Seshadri-Saini,49648,281,270,3.9
8339,Amritsar,Fashion,Jeans,Boat,Tandon-Jha,108714,410,311,4.4
8340,Amritsar,Fashion,Kurti,Reliance,"Sibal, Yohannan and Kota",106944,335,109,4.9
8341,Amritsar,Fashion,Kurti,Prestige,Sagar PLC,134329,481,173,4.9
8342,Amritsar,Fashion,Kurti,Samsung,Atwal Group,79280,109,68,4.4
8343,Amritsar,Fashion,Kurti,Tata,Yohannan Group,98363,294,263,3.6
8344,Amritsar,Fashion,Kurti,Bajaj,Mall Ltd,12167,357,115,4.1
8345,Amritsar,Fashion,Sneakers,Adidas,"Kamdar, Mannan and Kar",57870,77,73,4.0
8346,Amritsar,Fashion,Sneakers,Dell,"Bajaj, Chawla and Roy",119451,42,22,4.0
8347,Amritsar,Fashion,Sneakers,Sony,Sura-Hayre,87030,144,26,4.9
8348,Amritsar,Fashion,Sneakers,Bajaj,Randhawa Inc,91232,336,156,4.9
8349,Amritsar,Fashion,Sneakers,HP,"Shroff, Mann and Sankar",50911,75,2,4.5
8350,Amritsar,Fashion,Jacket,Puma,Vala Ltd,129696,406,225,3.7
8351,Amritsar,Fashion,Jacket,Dell,Gokhale-Mall,133861,278,203,3.7
8352,Amritsar,Fashion,Jacket,Apple,"Dugar, Chand and Date",130452,139,130,3.7
8353,Amritsar,Fashion,Jacket,Boat,"Ramachandran, Arora and Rao",29207,405,62,3.7
8354,Amritsar,Fashion,Jacket,Tata,Yohannan Inc,91838,231,43,3.8
8355,Amritsar,Fashion,Watch,Adidas,Vaidya-Sahota,61403,192,123,4.9
8356,Amritsar,Fashion,Watch,Samsung,Vaidya-Mangat,100472,416,274,3.8
8357,Amritsar,Fashion,Watch,Samsung,Bhatt-Srivastava,125866,219,158,3.5
8358,Amritsar,Fashion,Watch,Apple,Kade-Sridhar,7850,456,268,4.2
8359,Amritsar,Fashion,Watch,Dell,Basak Inc,4407,199,26,4.2
8360,Amritsar,Fashion,Handbag,Lenovo,"Thaker, Srivastava and Krishnamurthy",37614,68,63,3.6
8361,Amritsar,Fashion,Handbag,Apple,Badami-Bail,88879,429,177,3.9
8362,Amritsar,Fashion,Handbag,Mi,Gaba and Sons,45407,176,41,4.0
8363,Amritsar,Fashion,Handbag,Apple,Deshpande PLC,142692,207,47,3.9
8364,Amritsar,Fashion,Handbag,Apple,Kapoor Group,102083,21,6,4.0
8365,Amritsar,Fashion,Sunglasses,Godrej,Varghese-Sathe,42998,208,79,4.2
8366,Amritsar,Fashion,Sunglasses,Prestige,"Tailor, Kapadia and Char",79578,319,219,5.0
8367,Amritsar,Fashion,Sunglasses,HP,Sawhney-Sidhu,91546,68,64,3.7
8368,Amritsar,Fashion,Sunglasses,Nike,Mahal-Singhal,123276,161,126,4.2
8369,Amritsar,Fashion,Sunglasses,Ikea,Hegde-Doctor,63350,255,137,4.5
8370,Amritsar,Home Appliances,Refrigerator,Nike,Lad LLC,38724,452,83,3.6
8371,Amritsar,Home Appliances,Refrigerator,HP,"Bhandari, Thaman and Bakshi",131641,355,238,4.4
8372,Amritsar,Home Appliances,Refrigerator,Bajaj,"Bhakta, Chandran and Shroff",133014,285,214,4.8
8373,Amritsar,Home Appliances,Refrigerator,HP,"Mane, Bhardwaj and Bahri",67211,38,30,3.9
8374,Amritsar,Home Appliances,Refrigerator,Dell,"Loke, Contractor and Rastogi",142664,82,48,3.6
8375,Amritsar,Home Appliances,Washing Machine,Godrej,"Rout, Choudhury and Das",25860,193,153,3.7
8376,Amritsar,Home Appliances,Washing Machine,Lenovo,"Acharya, Ghose and Verma",65968,372,217,5.0
8377,Amritsar,Home Appliances,Washing Machine,Boat,Borra Ltd,67239,187,166,4.3
8378,Amritsar,Home Appliances,Washing Machine,Godrej,"Barman, Kurian and Dugar",78197,136,9,4.9
8379,Amritsar,Home Appliances,Washing Machine,Nike,"Vig, Loyal and Dhillon",124620,430,69,3.6
8380,Amritsar,Home Appliances,Microwave,HP,"Vaidya, Chakrabarti and Khanna",13214,239,18,3.8
8381,Amritsar,Home Appliances,Microwave,Bajaj,Sangha and Sons,20543,462,371,4.4
8382,Amritsar,Home Appliances,Microwave,Boat,Sarma Inc,65874,153,59,4.9
8383,Amritsar,Home Appliances,Microwave,Samsung,Sarkar-Mann,38518,212,128,4.7
8384,Amritsar,Home Appliances,Microwave,Bajaj,Walla and Sons,70190,133,53,4.6
8385,Amritsar,Home Appliances,Air Conditioner,Nike,Bhatia-Mannan,9473,269,155,4.0
8386,Amritsar,Home Appliances,Air Conditioner,Philips,Sarkar Inc,17475,44,30,3.5
8387,Amritsar,Home Appliances,Air Conditioner,Godrej,"Chander, Dhaliwal and Krishna",11371,281,93,4.4
8388,Amritsar,Home Appliances,Air Conditioner,Samsung,Dhar-Butala,1820,163,135,4.5
8389,Amritsar,Home Appliances,Air Conditioner,Mi,Bose-Bera,65666,93,73,4.6
8390,Amritsar,Home Appliances,Mixer Grinder,Dell,"Bora, Chaudhari and Kuruvilla",21641,239,163,4.4
8391,Amritsar,Home Appliances,Mixer Grinder,Adidas,Sethi Inc,38657,491,198,4.0
8392,Amritsar,Home Appliances,Mixer Grinder,Nike,Shankar PLC,54527,336,118,4.9
8393,Amritsar,Home Appliances,Mixer Grinder,HP,"Bains, Ratta and Chadha",87551,290,82,4.9
8394,Amritsar,Home Appliances,Mixer Grinder,Sony,Badal and Sons,21922,227,148,3.9
8395,Amritsar,Home Appliances,Vacuum Cleaner,HP,Lall PLC,54191,392,41,3.5
8396,Amritsar,Home Appliances,Vacuum Cleaner,Philips,"Grewal, Ranganathan and Kaul",83082,333,74,4.6
8397,Amritsar,Home Appliances,Vacuum Cleaner,Nike,Kapur LLC,51603,18,8,5.0
8398,Amritsar,Home Appliances,Vacuum Cleaner,Sony,Loke-Ganesan,100452,376,148,4.3
8399,Amritsar,Home Appliances,Vacuum Cleaner,Nike,Bassi-Gara,147514,253,172,4.3
8400,Amritsar,Home Appliances,Water Purifier,Sony,"Dutta, Chandran and Toor",108419,482,405,3.6
8401,Amritsar,Home Appliances,Water Purifier,Philips,Subramanian and Sons,37785,229,25,4.4
8402,Amritsar,Home Appliances,Water Purifier,HP,Sant and Sons,122687,408,397,4.3
8403,Amritsar,Home Appliances,Water Purifier,Godrej,Saini Ltd,141731,446,321,4.1
8404,Amritsar,Home Appliances,Water Purifier,Boat,Andra and Sons,42042,245,1,4.5
8405,Amritsar,Groceries,Rice,Ikea,Lala PLC,68364,364,199,3.7
8406,Amritsar,Groceries,Rice,Apple,"Johal, Agrawal and Randhawa",14262,124,67,4.3
8407,Amritsar,Groceries,Rice,Tata,Dhingra and Sons,136907,494,133,4.3
8408,Amritsar,Groceries,Rice,Puma,Konda-Doctor,53887,262,85,4.2
8409,Amritsar,Groceries,Rice,Lenovo,Ratti LLC,93737,205,183,3.9
8410,Amritsar,Groceries,Wheat Flour,Ikea,"Singhal, Deshpande and Babu",83299,484,214,3.7
8411,Amritsar,Groceries,Wheat Flour,Samsung,"Shroff, Rajan and Sami",98646,80,39,4.5
8412,Amritsar,Groceries,Wheat Flour,Sony,Sridhar Inc,121602,475,366,4.7
8413,Amritsar,Groceries,Wheat Flour,Lenovo,Wadhwa and Sons,103916,410,82,3.7
8414,Amritsar,Groceries,Wheat Flour,Reliance,Tak-Raju,23736,450,229,4.4
8415,Amritsar,Groceries,Cooking Oil,Sony,"Chaudhari, Sant and Sandal",52471,215,211,4.4
8416,Amritsar,Groceries,Cooking Oil,LG,Mangat and Sons,143940,331,309,3.8
8417,Amritsar,Groceries,Cooking Oil,Ikea,"Boase, Varughese and Sinha",106772,38,36,4.7
8418,Amritsar,Groceries,Cooking Oil,Bajaj,Bhatti Ltd,46139,249,154,4.1
8419,Amritsar,Groceries,Cooking Oil,Bajaj,Hora PLC,57080,163,57,3.8
8420,Amritsar,Groceries,Sugar,Sony,Balan-Mani,121061,435,16,4.5
8421,Amritsar,Groceries,Sugar,Ikea,Bhagat-Madan,130594,230,7,3.6
8422,Amritsar,Groceries,Sugar,Samsung,Dube Ltd,12224,167,82,3.6
8423,Amritsar,Groceries,Sugar,Boat,"Bajaj, Agrawal and Karpe",121584,48,36,4.1
8424,Amritsar,Groceries,Sugar,Adidas,Sekhon-Khurana,142347,25,18,4.0
8425,Amritsar,Groceries,Tea Powder,Lenovo,Chawla-Trivedi,4672,78,65,4.9
8426,Amritsar,Groceries,Tea Powder,Ikea,Subramaniam Ltd,134742,180,162,4.5
8427,Amritsar,Groceries,Tea Powder,Sony,Dada-Dhingra,100254,463,247,4.7
8428,Amritsar,Groceries,Tea Powder,Lenovo,Issac-Bhatt,79698,321,232,4.3
8429,Amritsar,Groceries,Tea Powder,Tata,Venkatesh-Kunda,80192,259,105,4.5
8430,Amritsar,Groceries,Milk,Ikea,Kalita Inc,42392,128,118,4.2
8431,Amritsar,Groceries,Milk,Philips,Chaudhuri-Swaminathan,33785,76,52,3.7
8432,Amritsar,Groceries,Milk,Lenovo,Lal Group,25370,99,41,3.7
8433,Amritsar,Groceries,Milk,Reliance,"Ganesh, Joshi and Sengupta",137250,421,240,4.5
8434,Amritsar,Groceries,Milk,Bajaj,"Bala, Dhaliwal and Dugar",87126,185,112,4.3
8435,Amritsar,Groceries,Biscuits,Puma,Rajagopal LLC,73834,185,47,4.3
8436,Amritsar,Groceries,Biscuits,Nike,Sahota-Karpe,118361,486,252,4.3
8437,Amritsar,Groceries,Biscuits,Ikea,"Walla, Agrawal and Kurian",132340,472,226,3.6
8438,Amritsar,Groceries,Biscuits,Tata,Loke PLC,29641,35,21,4.0
8439,Amritsar,Groceries,Biscuits,Dell,Loke-Sankar,60059,242,44,4.9
8440,Amritsar,Sports,Cricket Bat,Lenovo,Yogi-Uppal,73724,469,80,4.5
8441,Amritsar,Sports,Cricket Bat,Reliance,Tak-Grewal,59474,324,96,4.3
8442,Amritsar,Sports,Cricket Bat,Tata,Soni LLC,79179,28,12,4.4
8443,Amritsar,Sports,Cricket Bat,Godrej,Chopra-Chahal,81761,376,375,4.4
8444,Amritsar,Sports,Cricket Bat,Lenovo,"Iyengar, Bakshi and Kibe",19459,243,170,4.8
8445,Amritsar,Sports,Football,Tata,Din-Thaker,5603,493,303,3.6
8446,Amritsar,Sports,Football,Philips,Krishnan-Bhatnagar,30506,164,145,4.2
8447,Amritsar,Sports,Football,HP,Sankaran Inc,113484,453,76,4.4
8448,Amritsar,Sports,Football,Ikea,Luthra-Boase,27258,439,48,4.6
8449,Amritsar,Sports,Football,Puma,Kaur-Kara,75512,310,140,4.9
8450,Amritsar,Sports,Badminton Racket,Adidas,Sunder Inc,81876,290,117,3.8
8451,Amritsar,Sports,Badminton Racket,Reliance,Barad Inc,93725,316,157,4.0
8452,Amritsar,Sports,Badminton Racket,Ikea,Bhakta PLC,138918,106,56,3.8
8453,Amritsar,Sports,Badminton Racket,Tata,Dalal-Samra,48586,462,150,4.1
8454,Amritsar,Sports,Badminton Racket,Philips,Sanghvi LLC,62826,77,54,3.6
8455,Amritsar,Sports,Gym Gloves,Philips,Hegde PLC,126822,242,53,4.6
8456,Amritsar,Sports,Gym Gloves,Adidas,"Chada, Mani and De",117476,129,118,3.7
8457,Amritsar,Sports,Gym Gloves,Reliance,Chadha-Hari,133751,169,72,4.8
8458,Amritsar,Sports,Gym Gloves,Bajaj,Bobal-Wable,6212,62,10,4.6
8459,Amritsar,Sports,Gym Gloves,Dell,Sastry Group,125242,214,31,4.2
8460,Amritsar,Sports,Yoga Mat,Nike,Sant-Rastogi,138332,469,212,5.0
8461,Amritsar,Sports,Yoga Mat,Reliance,Ramanathan LLC,57967,257,193,4.2
8462,Amritsar,Sports,Yoga Mat,Philips,"Garde, Bora and Lala",46209,39,30,3.9
8463,Amritsar,Sports,Yoga Mat,Sony,Kar-Khanna,142695,248,225,4.5
8464,Amritsar,Sports,Yoga Mat,Tata,Kapoor-Dash,20099,432,252,4.8
8465,Amritsar,Sports,Cycling Helmet,Dell,Rattan Group,91448,376,78,3.9
8466,Amritsar,Sports,Cycling Helmet,LG,Sehgal Group,111855,278,248,4.7
8467,Amritsar,Sports,Cycling Helmet,Tata,"Sabharwal, Badami and Mangat",118964,76,60,4.4
8468,Amritsar,Sports,Cycling Helmet,Ikea,Shere-Agarwal,90162,265,196,4.2
8469,Amritsar,Sports,Cycling Helmet,Lenovo,Mammen Inc,105953,248,140,3.8
8470,Amritsar,Beauty,Face Wash,Godrej,"Seth, Gala and Wali",34331,468,284,4.6
8471,Amritsar,Beauty,Face Wash,Bajaj,"Dhawan, Venkataraman and Hans",47789,242,143,4.5
8472,Amritsar,Beauty,Face Wash,HP,"Borde, Gole and Dua",55386,477,60,3.7
8473,Amritsar,Beauty,Face Wash,Prestige,Kapadia-Varughese,79627,183,27,4.7
8474,Amritsar,Beauty,Face Wash,Dell,Chokshi Inc,111935,489,373,4.6
8475,Amritsar,Beauty,Lipstick,Nike,Shroff PLC,132052,329,313,4.8
8476,Amritsar,Beauty,Lipstick,LG,Atwal-Walla,90391,242,190,4.8
8477,Amritsar,Beauty,Lipstick,Tata,"Saran, Dar and Boase",43235,367,288,3.9
8478,Amritsar,Beauty,Lipstick,HP,Shukla and Sons,128289,171,51,3.6
8479,Amritsar,Beauty,Lipstick,Samsung,"Gokhale, Handa and Sehgal",76457,411,123,3.5
8480,Amritsar,Beauty,Perfume,Mi,Tak-Amble,52586,78,12,4.4
8481,Amritsar,Beauty,Perfume,Prestige,Taneja-Dani,63855,359,344,4.4
8482,Amritsar,Beauty,Perfume,Prestige,Sanghvi PLC,90910,154,107,4.1
8483,Amritsar,Beauty,Perfume,Boat,Balasubramanian Group,124103,344,27,4.4
8484,Amritsar,Beauty,Perfume,Bajaj,Rau Ltd,12034,143,3,4.1
8485,Amritsar,Beauty,Shampoo,LG,"Kale, Kapadia and Tiwari",65150,302,171,3.8
8486,Amritsar,Beauty,Shampoo,Sony,"Loyal, Dugar and Dube",115637,141,83,4.3
8487,Amritsar,Beauty,Shampoo,Tata,Malhotra-Dutta,82819,64,14,4.7
8488,Amritsar,Beauty,Shampoo,Reliance,Salvi-Bhattacharyya,58488,115,89,4.7
8489,Amritsar,Beauty,Shampoo,Dell,Chaudhari Inc,30275,474,297,4.8
8490,Amritsar,Beauty,Body Lotion,Ikea,"Ganguly, Varty and Banik",128094,294,166,3.6
8491,Amritsar,Beauty,Body Lotion,Nike,Bath-Rajagopalan,60092,366,312,4.9
8492,Amritsar,Beauty,Body Lotion,Sony,Contractor Ltd,81091,297,204,4.5
8493,Amritsar,Beauty,Body Lotion,Prestige,Dua PLC,90432,183,7,4.2
8494,Amritsar,Beauty,Body Lotion,Philips,Edwin-Shan,50361,274,120,4.9
8495,Amritsar,Beauty,Hair Dryer,Boat,Shenoy Group,99839,199,15,4.7
8496,Amritsar,Beauty,Hair Dryer,Puma,Babu-Guha,47345,239,221,4.8
8497,Amritsar,Beauty,Hair Dryer,Samsung,Goswami PLC,52278,120,102,3.7
8498,Amritsar,Beauty,Hair Dryer,Philips,Ravi-Uppal,48481,165,95,4.0
8499,Amritsar,Beauty,Hair Dryer,Apple,Shere-Mani,1162,312,181,4.9
