Order_ID,Customer_Name,City,State,Category,Product_Name,Quantity,Price_Per_Unit,Total_Amount,Payment_Method,Delivery_Status,Order_Date
ORD00001,Gokul Borde,Chandigarh,Chandigarh,Groceries,Juice,2,17214.97,34429.94,UPI,Cancelled,2025-09-10
ORD00002,Hrishita Lata,Indore,Madhya Pradesh,Sports,Yoga Mat,6,70460.44,422762.64,Credit Card,Pending,2025-12-12
ORD00003,Saanvi Yohannan,Mysuru,Karnataka,Fashion,Shoes,4,68747.9,274991.6,Credit Card,Delivered,2025-03-31
ORD00004,Advik Sood,Hyderabad,Telangana,Home Appliances,AC,1,62036.57,62036.57,Debit Card,Cancelled,2025-09-05
ORD00005,Amani Chad,Chandigarh,Chandigarh,Sports,Yoga Mat,6,47264.75,283588.5,Cash,Shipped,2025-08-02
ORD00006,Pihu Ratta,Jaipur,Rajasthan,Electronics,Laptop,1,13836.87,13836.87,Credit Card,Shipped,2024-10-14
ORD00007,Akarsh Joshi,Mumbai,Maharashtra,Furniture,Chair,2,28345.04,56690.08,UPI,Cancelled,2024-12-22
ORD00008,Mannat Aggarwal,Jaipur,Rajasthan,Electronics,Mobile,2,97829.7,195659.4,Debit Card,Delivered,2025-01-31
ORD00009,Devansh Ray,Delhi,Delhi,Furniture,Wardrobe,7,73954.8,517683.6,UPI,Cancelled,2025-04-15
ORD00010,Divij Dubey,Kolkata,West Bengal,Home Appliances,Fan,1,98292.97,98292.97,Cash,Cancelled,2026-01-09
ORD00011,Rhea Das,Surat,Gujarat,Home Appliances,Refrigerator,9,5386.89,48482.01,Debit Card,Pending,2024-06-28
ORD00012,Inaaya  Wason,Nagpur,Maharashtra,Groceries,Rice,1,61448.65,61448.65,Debit Card,Shipped,2025-11-04
ORD00013,Taimur Mannan,Patna,Bihar,Sports,Yoga Mat,7,13541.57,94790.99,Net Banking,Delivered,2025-02-05
ORD00014,Rasha Krish,Guwahati,Assam,Furniture,Bed,5,74058.91,370294.55,Net Banking,Cancelled,2024-11-04
ORD00015,Amani Gala,Noida,Uttar Pradesh,Fashion,Watch,1,80418.61,80418.61,Net Banking,Shipped,2024-07-19
ORD00016,Anahita Gill,Kolkata,West Bengal,Fashion,Shoes,7,39023.37,273163.59,Credit Card,Delivered,2025-12-09
ORD00017,Shlok Bumb,Jaipur,Rajasthan,Electronics,Smart TV,10,22608.1,226081.0,UPI,Delivered,2024-05-14
ORD00018,Himmat Sami,Surat,Gujarat,Fashion,Watch,3,48378.6,145135.8,Debit Card,Cancelled,2025-06-08
ORD00019,Armaan Sethi,Pune,Maharashtra,Beauty,Lipstick,4,6863.34,27453.36,UPI,Delivered,2024-11-13
ORD00020,Uthkarsh Manda,Patna,Bihar,Fashion,Shoes,6,76219.5,457317.0,Cash,Shipped,2025-07-11
ORD00021,Damini Char,Chandigarh,Chandigarh,Beauty,Lipstick,10,57674.3,576743.0,UPI,Delivered,2024-12-10
ORD00022,Samar Shan,Mysuru,Karnataka,Home Appliances,Fan,1,42463.31,42463.31,Cash,Pending,2025-06-26
ORD00023,Anvi Sahni,Coimbatore,Tamil Nadu,Furniture,Wardrobe,7,57463.12,402241.84,Credit Card,Shipped,2026-03-10
ORD00024,Kiaan Ghose,Guwahati,Assam,Home Appliances,AC,3,64439.66,193318.98,Credit Card,Cancelled,2025-10-03
ORD00025,Nehmat Biswas,Chennai,Tamil Nadu,Fashion,T-Shirt,7,40701.12,284907.84,Net Banking,Cancelled,2026-02-27
ORD00026,Vanya Manda,Jaipur,Rajasthan,Electronics,Camera,2,33112.56,66225.12,Debit Card,Pending,2026-02-09
ORD00027,Navya Deshmukh,Noida,Uttar Pradesh,Home Appliances,Fan,10,65848.53,658485.3,Debit Card,Cancelled,2025-08-23
ORD00028,Zain Taneja,Hyderabad,Telangana,Fashion,Shoes,8,84957.17,679657.36,Debit Card,Cancelled,2025-02-22
ORD00029,Sumer Venkatesh,Patna,Bihar,Furniture,Wardrobe,4,25202.45,100809.8,Cash,Delivered,2025-03-23
ORD00030,Kismat Chand,Jaipur,Rajasthan,Electronics,Headphones,5,43894.99,219474.95,Cash,Cancelled,2025-10-23
ORD00031,Ela Edwin,Noida,Uttar Pradesh,Furniture,Chair,2,43675.93,87351.86,Cash,Shipped,2024-12-17
ORD00032,Hrishita Walia,Mumbai,Maharashtra,Groceries,Rice,10,28105.59,281055.9,Debit Card,Shipped,2025-09-27
ORD00033,Stuvan Khalsa,Nagpur,Maharashtra,Beauty,Perfume,6,5301.84,31811.04,Net Banking,Delivered,2025-08-26
ORD00034,Advik Goel,Jaipur,Rajasthan,Groceries,Oil,8,17252.95,138023.6,UPI,Pending,2026-04-07
ORD00035,Hansh Ganesan,Lucknow,Uttar Pradesh,Electronics,Camera,3,64408.71,193226.13,Cash,Pending,2025-01-25
ORD00036,Aniruddh Kothari,Visakhapatnam,Andhra Pradesh,Furniture,Dining Table,4,78460.33,313841.32,Credit Card,Shipped,2025-01-01
ORD00037,Ojas Divan,Ranchi,Jharkhand,Books,History Book,7,15778.48,110449.36,Debit Card,Pending,2025-09-11
ORD00038,Siya Comar,Bengaluru,Karnataka,Electronics,Camera,7,45785.83,320500.81,Net Banking,Delivered,2025-03-28
ORD00039,Anya Andra,Jaipur,Rajasthan,Books,Biography,6,84331.05,505986.3,Cash,Pending,2025-08-22
ORD00040,Samiha Sura,Bengaluru,Karnataka,Electronics,Mobile,9,22305.27,200747.43,Net Banking,Pending,2025-06-12
ORD00041,Chirag Tandon,Kolkata,West Bengal,Sports,Tennis Racket,6,45236.34,271418.04,UPI,Cancelled,2025-08-18
ORD00042,Kavya Tank,Mysuru,Karnataka,Sports,Cricket Bat,5,54041.5,270207.5,Cash,Cancelled,2024-07-16
ORD00043,Vivaan Tripathi,Ranchi,Jharkhand,Fashion,Jacket,2,74405.73,148811.46,Debit Card,Delivered,2025-09-10
ORD00044,Gokul Bhardwaj,Nagpur,Maharashtra,Books,Comics,9,54614.47,491530.23,Credit Card,Shipped,2025-01-13
ORD00045,Oorja Sekhon,Vadodara,Gujarat,Beauty,Lipstick,9,62035.02,558315.18,Cash,Shipped,2025-10-14
ORD00046,Sara Bahri,Guwahati,Assam,Fashion,Shoes,7,43864.43,307051.01,Net Banking,Shipped,2024-10-17
ORD00047,Yasmin Mahal,Nagpur,Maharashtra,Groceries,Rice,1,36688.43,36688.43,UPI,Pending,2025-06-11
ORD00048,Darshit Borde,Bhopal,Madhya Pradesh,Home Appliances,AC,2,22587.63,45175.26,UPI,Delivered,2024-11-15
ORD00049,Raghav Sem,Delhi,Delhi,Sports,Football,9,56995.42,512958.78,Net Banking,Shipped,2025-12-29
ORD00050,Bhavin Chakrabarti,Bhopal,Madhya Pradesh,Fashion,Shoes,7,1609.3,11265.1,Credit Card,Pending,2024-09-14
ORD00051,Vihaan Mammen,Chennai,Tamil Nadu,Electronics,Mobile,10,6998.25,69982.5,Net Banking,Cancelled,2024-06-27
ORD00052,Zain Dua,Patna,Bihar,Fashion,Jacket,10,31648.64,316486.4,Cash,Delivered,2026-03-04
ORD00053,Raghav Bora,Hyderabad,Telangana,Sports,Cricket Bat,2,17291.52,34583.04,Net Banking,Cancelled,2024-07-29
ORD00054,Lakshit Bora,Chennai,Tamil Nadu,Books,Science Book,10,42594.56,425945.6,Credit Card,Delivered,2026-04-13
ORD00055,Nirvaan Kunda,Visakhapatnam,Andhra Pradesh,Furniture,Dining Table,10,93180.7,931807.0,Credit Card,Pending,2025-08-09
ORD00056,Tarini Ramesh,Chandigarh,Chandigarh,Books,Science Book,3,29865.39,89596.17,Debit Card,Shipped,2026-02-22
ORD00057,Jhanvi Dhingra,Hyderabad,Telangana,Beauty,Shampoo,8,67990.44,543923.52,Debit Card,Cancelled,2024-12-17
ORD00058,Kartik Chacko,Jaipur,Rajasthan,Beauty,Shampoo,5,57591.12,287955.6,Net Banking,Pending,2026-01-05
ORD00059,Gatik Kothari,Hyderabad,Telangana,Fashion,T-Shirt,7,7986.45,55905.15,Net Banking,Cancelled,2025-05-21
ORD00060,Riya Vaidya,Visakhapatnam,Andhra Pradesh,Fashion,Jacket,7,50237.44,351662.08,Net Banking,Delivered,2025-10-18
ORD00061,Anika Guha,Kolkata,West Bengal,Furniture,Wardrobe,4,85199.99,340799.96,UPI,Pending,2026-03-19
ORD00062,Pihu Mahal,Ranchi,Jharkhand,Books,Comics,1,83469.94,83469.94,Cash,Delivered,2025-05-08
ORD00063,Ishaan Thakur,Hyderabad,Telangana,Furniture,Dining Table,7,74052.25,518365.75,UPI,Shipped,2025-09-07
ORD00064,Rania Hari,Mumbai,Maharashtra,Fashion,T-Shirt,8,75283.89,602271.12,Net Banking,Delivered,2026-03-08
ORD00065,Purab Iyengar,Guwahati,Assam,Electronics,Camera,10,84628.15,846281.5,Credit Card,Cancelled,2025-05-31
ORD00066,Saanvi Taneja,Visakhapatnam,Andhra Pradesh,Fashion,Shoes,8,71575.15,572601.2,Credit Card,Pending,2024-11-29
ORD00067,Rania Buch,Chennai,Tamil Nadu,Groceries,Snacks,8,23330.37,186642.96,UPI,Cancelled,2026-03-31
ORD00068,Veer Kuruvilla,Surat,Gujarat,Home Appliances,Washing Machine,2,90860.0,181720.0,Debit Card,Cancelled,2024-12-11
ORD00069,Himmat Goda,Indore,Madhya Pradesh,Furniture,Wardrobe,5,44876.82,224384.1,Credit Card,Shipped,2024-05-12
ORD00070,Alia Gandhi,Vadodara,Gujarat,Sports,Cricket Bat,6,88052.55,528315.3,Net Banking,Shipped,2025-04-19
ORD00071,Alia Sahni,Kochi,Kerala,Books,History Book,6,48430.75,290584.5,Cash,Pending,2024-08-02
ORD00072,Tanya Garde,Nagpur,Maharashtra,Beauty,Shampoo,5,23889.35,119446.75,Credit Card,Delivered,2024-10-24
ORD00073,Nakul D’Alia,Lucknow,Uttar Pradesh,Books,History Book,5,91608.23,458041.15,UPI,Delivered,2026-01-24
ORD00074,Abram Dayal,Chennai,Tamil Nadu,Electronics,Mobile,7,58778.85,411451.95,UPI,Pending,2025-11-24
ORD00075,Akarsh Amble,Guwahati,Assam,Home Appliances,AC,6,53164.96,318989.76,Net Banking,Cancelled,2026-03-17
ORD00076,Pihu Singhal,Chandigarh,Chandigarh,Home Appliances,Microwave,9,57360.13,516241.17,Credit Card,Pending,2025-06-22
ORD00077,Gokul Chaudhry,Guwahati,Assam,Electronics,Laptop,8,74702.4,597619.2,Net Banking,Pending,2024-09-09
ORD00078,Kiaan Suri,Chandigarh,Chandigarh,Home Appliances,Washing Machine,3,8215.74,24647.22,Debit Card,Cancelled,2024-05-06
ORD00079,Adira Upadhyay,Kolkata,West Bengal,Beauty,Lipstick,3,4619.76,13859.28,Cash,Cancelled,2025-01-17
ORD00080,Anaya Uppal,Coimbatore,Tamil Nadu,Electronics,Headphones,6,24328.8,145972.8,Credit Card,Cancelled,2025-02-14
ORD00081,Divit Chandran,Ranchi,Jharkhand,Electronics,Headphones,4,3642.87,14571.48,Debit Card,Shipped,2025-07-19
ORD00082,Amira Toor,Patna,Bihar,Home Appliances,Washing Machine,7,75265.25,526856.75,Net Banking,Shipped,2024-05-30
ORD00083,Shalv Hegde,Kochi,Kerala,Groceries,Juice,4,83482.44,333929.76,Debit Card,Shipped,2025-05-21
ORD00084,Tarini Edwin,Surat,Gujarat,Sports,Yoga Mat,6,31099.24,186595.44,Net Banking,Pending,2026-02-08
ORD00085,Shanaya Brar,Kochi,Kerala,Electronics,Mobile,1,56426.69,56426.69,Debit Card,Shipped,2025-03-22
ORD00086,Sara Kapoor,Ranchi,Jharkhand,Furniture,Dining Table,8,83214.18,665713.44,Credit Card,Cancelled,2025-10-13
ORD00087,Badal Sathe,Coimbatore,Tamil Nadu,Books,Novel,4,518.52,2074.08,Debit Card,Delivered,2024-06-20
ORD00088,Aradhya Srinivas,Patna,Bihar,Home Appliances,Refrigerator,10,1972.33,19723.3,Net Banking,Delivered,2025-06-15
ORD00089,Urvi Sane,Guwahati,Assam,Home Appliances,Microwave,1,57934.79,57934.79,UPI,Delivered,2026-03-18
ORD00090,Prisha Devan,Ranchi,Jharkhand,Furniture,Wardrobe,4,6869.25,27477.0,Net Banking,Delivered,2026-01-03
ORD00091,Ishaan Chacko,Visakhapatnam,Andhra Pradesh,Sports,Cricket Bat,3,20852.59,62557.77,Credit Card,Delivered,2024-08-19
ORD00092,Reyansh Chaudhary,Coimbatore,Tamil Nadu,Beauty,Perfume,3,5951.63,17854.89,Cash,Pending,2025-12-10
ORD00093,Dishani Sodhi,Ahmedabad,Gujarat,Books,Biography,5,40222.42,201112.1,Credit Card,Cancelled,2026-03-28
ORD00094,Drishya Subramaniam,Ranchi,Jharkhand,Furniture,Sofa,10,30860.18,308601.8,Credit Card,Shipped,2025-09-18
ORD00095,Nishith Wali,Jaipur,Rajasthan,Electronics,Camera,10,64124.69,641246.9,Cash,Cancelled,2025-02-14
ORD00096,Kimaya Sheth,Delhi,Delhi,Electronics,Camera,3,82506.86,247520.58,Net Banking,Shipped,2025-04-23
ORD00097,Keya Baral,Mumbai,Maharashtra,Groceries,Snacks,8,77144.54,617156.32,Net Banking,Shipped,2025-12-16
ORD00098,Anahita Chaudhary,Mumbai,Maharashtra,Sports,Cricket Bat,1,20586.09,20586.09,Cash,Pending,2024-08-07
ORD00099,Renee Sarin,Bhopal,Madhya Pradesh,Groceries,Rice,3,56840.63,170521.89,UPI,Cancelled,2026-03-20
ORD00100,Kimaya Khalsa,Indore,Madhya Pradesh,Sports,Tennis Racket,1,71172.0,71172.0,Cash,Cancelled,2026-01-30
ORD00101,Oorja Devi,Delhi,Delhi,Sports,Cricket Bat,4,7189.93,28759.72,UPI,Pending,2025-06-05
ORD00102,Pari Som,Kolkata,West Bengal,Fashion,Shoes,5,76885.99,384429.95,Net Banking,Cancelled,2025-01-15
ORD00103,Kimaya Agate,Ahmedabad,Gujarat,Books,Science Book,7,68346.42,478424.94,UPI,Cancelled,2024-12-16
ORD00104,Rhea Das,Indore,Madhya Pradesh,Furniture,Sofa,2,56171.34,112342.68,Net Banking,Pending,2024-06-20
ORD00105,Anaya Ahuja,Bhopal,Madhya Pradesh,Home Appliances,Refrigerator,10,95452.21,954522.1,Debit Card,Shipped,2026-03-20
ORD00106,Yashvi Sarna,Bhopal,Madhya Pradesh,Electronics,Smart TV,4,40951.29,163805.16,Debit Card,Delivered,2025-08-28
ORD00107,Jayan Dada,Chandigarh,Chandigarh,Groceries,Rice,3,51373.44,154120.32,Cash,Shipped,2025-05-26
ORD00108,Mohanlal Reddy,Chennai,Tamil Nadu,Home Appliances,Washing Machine,2,38801.16,77602.32,UPI,Pending,2025-06-21
ORD00109,Urvi Rau,Kolkata,West Bengal,Electronics,Headphones,8,8652.21,69217.68,Credit Card,Cancelled,2024-06-12
ORD00110,Ishita Kannan,Mumbai,Maharashtra,Fashion,Jacket,2,62850.58,125701.16,Net Banking,Delivered,2024-05-27
ORD00111,Eva Venkataraman,Mumbai,Maharashtra,Books,Novel,9,72767.41,654906.69,Credit Card,Delivered,2024-10-29
ORD00112,Vedika Ravi,Chandigarh,Chandigarh,Groceries,Juice,1,42728.27,42728.27,Net Banking,Shipped,2025-11-11
ORD00113,Samaira Balasubramanian,Vadodara,Gujarat,Books,Science Book,4,21830.54,87322.16,Net Banking,Cancelled,2024-10-19
ORD00114,Yashvi Bhavsar,Lucknow,Uttar Pradesh,Home Appliances,Washing Machine,4,83858.04,335432.16,Net Banking,Shipped,2026-04-06
ORD00115,Tushar Datta,Kolkata,West Bengal,Groceries,Milk,6,90757.85,544547.1,Debit Card,Cancelled,2025-12-22
ORD00116,Hunar Samra,Pune,Maharashtra,Home Appliances,Refrigerator,1,3550.17,3550.17,Net Banking,Delivered,2024-06-30
ORD00117,Nitya Biswas,Coimbatore,Tamil Nadu,Home Appliances,Washing Machine,4,5170.85,20683.4,Debit Card,Cancelled,2024-11-10
ORD00118,Arnav Tara,Delhi,Delhi,Sports,Yoga Mat,10,59444.43,594444.3,Debit Card,Delivered,2026-04-02
ORD00119,Indrans Master,Kolkata,West Bengal,Fashion,Jeans,7,58820.99,411746.93,Net Banking,Delivered,2026-02-09
ORD00120,Advika Sachar,Surat,Gujarat,Fashion,Watch,3,26847.43,80542.29,Net Banking,Cancelled,2026-03-10
ORD00121,Riya Deshpande,Noida,Uttar Pradesh,Furniture,Bed,7,87430.66,612014.62,Debit Card,Delivered,2025-09-21
ORD00122,Taimur Srinivasan,Vadodara,Gujarat,Sports,Football,1,60178.26,60178.26,Net Banking,Cancelled,2025-06-14
ORD00123,Jhanvi Som,Kochi,Kerala,Beauty,Cream,10,69289.17,692891.7,Debit Card,Cancelled,2025-03-29
ORD00124,Yuvaan Johal,Bengaluru,Karnataka,Home Appliances,Microwave,4,70143.14,280572.56,Debit Card,Delivered,2024-09-20
ORD00125,Zoya Deol,Lucknow,Uttar Pradesh,Groceries,Oil,5,30528.68,152643.4,Debit Card,Delivered,2025-10-05
ORD00126,Hiran Bhatt,Chennai,Tamil Nadu,Furniture,Bed,4,3567.93,14271.72,Cash,Cancelled,2025-10-05
ORD00127,Ira Goda,Noida,Uttar Pradesh,Beauty,Shampoo,8,54536.96,436295.68,Cash,Pending,2025-02-12
ORD00128,Indrans Chahal,Pune,Maharashtra,Home Appliances,Fan,10,8545.77,85457.7,Cash,Shipped,2024-09-09
ORD00129,Dhanush Sodhi,Visakhapatnam,Andhra Pradesh,Sports,Football,7,48699.84,340898.88,UPI,Delivered,2024-09-22
ORD00130,Fateh Mangal,Guwahati,Assam,Sports,Tennis Racket,5,10011.21,50056.05,Cash,Shipped,2025-07-09
ORD00131,Himmat Mann,Delhi,Delhi,Furniture,Dining Table,4,3535.29,14141.16,Credit Card,Shipped,2025-12-09
ORD00132,Dishani Varma,Delhi,Delhi,Furniture,Wardrobe,8,21159.47,169275.76,Debit Card,Shipped,2024-05-16
ORD00133,Aradhya Lalla,Guwahati,Assam,Furniture,Wardrobe,5,30163.3,150816.5,Debit Card,Delivered,2025-11-10
ORD00134,Saira Khalsa,Jaipur,Rajasthan,Fashion,Jacket,8,44508.11,356064.88,Net Banking,Cancelled,2024-10-27
ORD00135,Ira Viswanathan,Jaipur,Rajasthan,Fashion,T-Shirt,1,97409.18,97409.18,Debit Card,Pending,2025-02-10
ORD00136,Dishani Rao,Ranchi,Jharkhand,Furniture,Dining Table,8,92049.05,736392.4,Net Banking,Delivered,2026-02-28
ORD00137,Rania Tella,Ranchi,Jharkhand,Fashion,T-Shirt,3,25996.29,77988.87,Cash,Pending,2025-10-03
ORD00138,Ryan Jayaraman,Ranchi,Jharkhand,Sports,Cricket Bat,3,19423.98,58271.94,Credit Card,Shipped,2025-05-02
ORD00139,Tara Bhandari,Vadodara,Gujarat,Electronics,Mobile,10,14244.8,142448.0,Debit Card,Delivered,2025-07-30
ORD00140,Eshani Wable,Ahmedabad,Gujarat,Groceries,Snacks,3,67807.53,203422.59,Debit Card,Delivered,2024-11-05
ORD00141,Mohanlal Chaudhary,Jaipur,Rajasthan,Groceries,Rice,7,86337.84,604364.88,UPI,Shipped,2026-01-25
ORD00142,Stuvan Dhar,Indore,Madhya Pradesh,Books,Novel,3,63279.97,189839.91,Debit Card,Delivered,2025-05-18
ORD00143,Vihaan Wali,Kolkata,West Bengal,Fashion,Watch,10,53413.9,534139.0,Cash,Delivered,2026-01-22
ORD00144,Pranay Mane,Surat,Gujarat,Books,Science Book,8,96691.03,773528.24,UPI,Shipped,2026-03-13
ORD00145,Ivana Badami,Lucknow,Uttar Pradesh,Fashion,Shoes,8,54854.32,438834.56,Cash,Pending,2025-05-06
ORD00146,Ira Gopal,Ranchi,Jharkhand,Furniture,Sofa,3,25792.0,77376.0,Cash,Pending,2025-05-29
ORD00147,Fateh Swamy,Bengaluru,Karnataka,Furniture,Dining Table,10,52828.85,528288.5,Cash,Shipped,2024-10-09
ORD00148,Nitya Sarraf,Noida,Uttar Pradesh,Home Appliances,Microwave,9,72657.85,653920.65,Cash,Cancelled,2025-08-04
ORD00149,Darshit Goswami,Delhi,Delhi,Sports,Football,1,76441.92,76441.92,Net Banking,Shipped,2024-08-30
ORD00150,Priyansh Dugar,Chandigarh,Chandigarh,Home Appliances,Refrigerator,8,5237.7,41901.6,Cash,Shipped,2025-03-07
ORD00151,Ranbir Vyas,Chennai,Tamil Nadu,Fashion,Jacket,3,69975.65,209926.95,Credit Card,Delivered,2025-04-12
ORD00152,Nehmat Badami,Lucknow,Uttar Pradesh,Furniture,Wardrobe,2,52618.44,105236.88,Cash,Delivered,2024-09-15
ORD00153,Yuvaan Tiwari,Lucknow,Uttar Pradesh,Fashion,Jeans,9,58334.5,525010.5,Cash,Shipped,2025-03-18
ORD00154,Bhamini Ramesh,Bhopal,Madhya Pradesh,Groceries,Oil,7,31909.34,223365.38,Debit Card,Pending,2025-10-20
ORD00155,Pihu Suresh,Surat,Gujarat,Beauty,Cream,4,18517.09,74068.36,Debit Card,Delivered,2024-09-14
ORD00156,Madhup Saxena,Visakhapatnam,Andhra Pradesh,Books,Comics,5,13542.32,67711.6,Cash,Cancelled,2026-02-08
ORD00157,Dhanuk Wable,Vadodara,Gujarat,Home Appliances,AC,9,59753.47,537781.23,UPI,Shipped,2025-04-01
ORD00158,Drishya Bahri,Pune,Maharashtra,Fashion,Watch,6,41369.97,248219.82,Credit Card,Cancelled,2025-06-08
ORD00159,Hazel Ratti,Ahmedabad,Gujarat,Books,Biography,5,65309.07,326545.35,Debit Card,Cancelled,2025-07-02
ORD00160,Krish Chadha,Coimbatore,Tamil Nadu,Books,Biography,1,64343.43,64343.43,Credit Card,Shipped,2024-07-19
ORD00161,Lakshit Iyengar,Surat,Gujarat,Groceries,Milk,5,11334.11,56670.55,UPI,Pending,2024-05-06
ORD00162,Suhana Luthra,Pune,Maharashtra,Beauty,Cream,2,4677.63,9355.26,Net Banking,Cancelled,2026-03-03
ORD00163,Samar Sidhu,Hyderabad,Telangana,Furniture,Sofa,4,33144.33,132577.32,Net Banking,Pending,2025-08-27
ORD00164,Advika Mammen,Coimbatore,Tamil Nadu,Books,Novel,9,52211.17,469900.53,Cash,Cancelled,2024-05-25
ORD00165,Rohan Badami,Pune,Maharashtra,Electronics,Laptop,7,71274.78,498923.46,Net Banking,Cancelled,2025-03-26
ORD00166,Yakshit Ben,Guwahati,Assam,Books,Science Book,2,27201.83,54403.66,Debit Card,Shipped,2026-02-01
ORD00167,Misha Bedi,Coimbatore,Tamil Nadu,Furniture,Chair,9,69965.47,629689.23,Credit Card,Cancelled,2025-10-20
ORD00168,Umang Vala,Nagpur,Maharashtra,Books,History Book,6,89029.71,534178.26,Debit Card,Shipped,2025-09-10
ORD00169,Arhaan Chauhan,Chandigarh,Chandigarh,Home Appliances,AC,7,46295.19,324066.33,UPI,Delivered,2025-02-17
ORD00170,Jhanvi Seshadri,Guwahati,Assam,Books,Novel,9,49684.58,447161.22,Cash,Pending,2026-04-04
ORD00171,Ivana Dani,Visakhapatnam,Andhra Pradesh,Sports,Gym Bag,5,46473.56,232367.8,Credit Card,Cancelled,2025-02-24
ORD00172,Rasha Kala,Bengaluru,Karnataka,Furniture,Wardrobe,9,95953.29,863579.61,UPI,Cancelled,2025-11-24
ORD00173,Divyansh Din,Mysuru,Karnataka,Electronics,Smart TV,9,25514.6,229631.4,Cash,Pending,2024-08-27
ORD00174,Samaira Handa,Visakhapatnam,Andhra Pradesh,Sports,Football,8,56901.37,455210.96,UPI,Cancelled,2025-03-14
ORD00175,Aarush Manne,Chennai,Tamil Nadu,Groceries,Rice,6,93621.15,561726.9,UPI,Cancelled,2025-05-07
ORD00176,Raghav Wali,Mysuru,Karnataka,Electronics,Camera,7,63066.72,441467.04,Debit Card,Shipped,2025-08-08
ORD00177,Siya Bhardwaj,Patna,Bihar,Fashion,Jeans,10,3645.47,36454.7,Credit Card,Shipped,2026-01-12
ORD00178,Jivin Master,Jaipur,Rajasthan,Groceries,Rice,3,33698.03,101094.09,Debit Card,Pending,2024-12-18
ORD00179,Pari Dar,Pune,Maharashtra,Beauty,Cream,3,68682.86,206048.58,Cash,Pending,2025-05-02
ORD00180,Kismat Chahal,Ranchi,Jharkhand,Home Appliances,Refrigerator,7,62306.67,436146.69,Net Banking,Delivered,2025-05-29
ORD00181,Mannat Halder,Kochi,Kerala,Electronics,Headphones,7,54157.86,379105.02,Cash,Pending,2026-04-21
ORD00182,Renee Dass,Nagpur,Maharashtra,Groceries,Oil,4,11882.0,47528.0,UPI,Delivered,2024-06-30
ORD00183,Dhanush Rau,Hyderabad,Telangana,Beauty,Face Wash,3,11526.95,34580.85,Cash,Delivered,2026-03-06
ORD00184,Zaina Saraf,Mysuru,Karnataka,Sports,Tennis Racket,10,92296.0,922960.0,Credit Card,Pending,2026-04-30
ORD00185,Ryan Sant,Vadodara,Gujarat,Beauty,Shampoo,9,69362.69,624264.21,Credit Card,Pending,2025-11-26
ORD00186,Vidur Sura,Hyderabad,Telangana,Sports,Tennis Racket,6,48926.64,293559.84,Debit Card,Pending,2025-10-22
ORD00187,Hridaan Chhabra,Mumbai,Maharashtra,Fashion,Jeans,1,47795.31,47795.31,Debit Card,Delivered,2024-12-26
ORD00188,Saksham Saraf,Visakhapatnam,Andhra Pradesh,Fashion,Jacket,8,6585.88,52687.04,Credit Card,Pending,2024-05-10
ORD00189,Samaira Dewan,Indore,Madhya Pradesh,Beauty,Shampoo,8,95683.81,765470.48,Debit Card,Shipped,2025-10-07
ORD00190,Lagan Doctor,Guwahati,Assam,Books,Biography,2,52429.26,104858.52,Debit Card,Delivered,2026-05-03
ORD00191,Kanav Bedi,Indore,Madhya Pradesh,Books,History Book,5,92192.57,460962.85,Credit Card,Delivered,2025-06-29
ORD00192,Aaina Balakrishnan,Jaipur,Rajasthan,Beauty,Lipstick,6,69363.24,416179.44,UPI,Pending,2025-03-28
ORD00193,Ryan Tara,Indore,Madhya Pradesh,Fashion,Shoes,4,7854.05,31416.2,Credit Card,Delivered,2025-03-26
ORD00194,Manjari Sawhney,Patna,Bihar,Sports,Tennis Racket,2,40778.95,81557.9,UPI,Pending,2024-10-16
ORD00195,Vanya Kashyap,Ranchi,Jharkhand,Groceries,Milk,1,41546.63,41546.63,Debit Card,Pending,2025-08-03
ORD00196,Mannat Sheth,Chandigarh,Chandigarh,Groceries,Oil,1,3716.39,3716.39,Debit Card,Cancelled,2024-05-24
ORD00197,Umang Bhatti,Jaipur,Rajasthan,Electronics,Mobile,7,72242.69,505698.83,Net Banking,Delivered,2025-04-06
ORD00198,Hazel Vaidya,Kolkata,West Bengal,Sports,Yoga Mat,1,71025.37,71025.37,UPI,Shipped,2024-07-27
ORD00199,Suhana Koshy,Coimbatore,Tamil Nadu,Beauty,Cream,7,31862.48,223037.36,Debit Card,Shipped,2025-01-14
ORD00200,Ojas Lalla,Ranchi,Jharkhand,Fashion,Jacket,3,23662.68,70988.04,Debit Card,Delivered,2026-04-04
ORD00201,Tiya Sachar,Delhi,Delhi,Home Appliances,Fan,7,95747.71,670233.97,Debit Card,Cancelled,2024-06-28
ORD00202,Baiju Kale,Lucknow,Uttar Pradesh,Sports,Football,10,52812.16,528121.6,Cash,Delivered,2024-06-23
ORD00203,Faiyaz Madan,Chandigarh,Chandigarh,Sports,Cricket Bat,7,86999.1,608993.7,Cash,Shipped,2025-06-12
ORD00204,Sana Acharya,Bengaluru,Karnataka,Fashion,Shoes,5,88731.74,443658.7,Debit Card,Shipped,2026-03-02
ORD00205,Alisha Gour,Jaipur,Rajasthan,Groceries,Snacks,9,63561.81,572056.29,UPI,Cancelled,2026-01-09
ORD00206,Emir Ravi,Bengaluru,Karnataka,Sports,Yoga Mat,2,32397.68,64795.36,Debit Card,Cancelled,2025-06-04
ORD00207,Anika Chander,Mumbai,Maharashtra,Groceries,Rice,5,27282.87,136414.35,UPI,Shipped,2026-03-05
ORD00208,Renee Dara,Pune,Maharashtra,Beauty,Shampoo,7,86227.27,603590.89,UPI,Delivered,2025-10-08
ORD00209,Aarna Bava,Bhopal,Madhya Pradesh,Furniture,Bed,10,84589.04,845890.4,Credit Card,Shipped,2024-06-08
ORD00210,Raunak Uppal,Surat,Gujarat,Groceries,Juice,7,83489.07,584423.49,Debit Card,Cancelled,2025-08-19
ORD00211,Damini Luthra,Patna,Bihar,Books,Biography,7,68034.05,476238.35,Cash,Shipped,2026-02-18
ORD00212,Indranil Ganesh,Visakhapatnam,Andhra Pradesh,Electronics,Laptop,5,15013.17,75065.85,Credit Card,Cancelled,2025-08-27
ORD00213,Amira Randhawa,Jaipur,Rajasthan,Books,History Book,9,71869.67,646827.03,Net Banking,Shipped,2025-09-27
ORD00214,Devansh Talwar,Bhopal,Madhya Pradesh,Groceries,Rice,9,16201.66,145814.94,Net Banking,Cancelled,2024-08-31
ORD00215,Hrishita Bhatnagar,Mysuru,Karnataka,Books,Biography,2,45117.06,90234.12,Cash,Cancelled,2024-12-25
ORD00216,Sahil Chander,Ahmedabad,Gujarat,Fashion,T-Shirt,6,59369.5,356217.0,Debit Card,Shipped,2025-12-21
ORD00217,Aaryahi Batta,Vadodara,Gujarat,Home Appliances,Microwave,1,92124.8,92124.8,Net Banking,Delivered,2026-05-06
ORD00218,Anahita Ramanathan,Mumbai,Maharashtra,Home Appliances,Microwave,8,61904.57,495236.56,UPI,Pending,2026-02-19
ORD00219,Khushi Toor,Vadodara,Gujarat,Books,Novel,3,26379.14,79137.42,UPI,Cancelled,2025-01-19
ORD00220,Lagan Bahri,Visakhapatnam,Andhra Pradesh,Sports,Yoga Mat,8,31172.98,249383.84,UPI,Cancelled,2024-05-19
ORD00221,Elakshi Toor,Guwahati,Assam,Fashion,Jacket,5,75780.57,378902.85,Credit Card,Cancelled,2025-01-31
ORD00222,Shanaya Banik,Lucknow,Uttar Pradesh,Fashion,Jeans,2,82897.83,165795.66,UPI,Shipped,2026-02-24
ORD00223,Samarth Tailor,Lucknow,Uttar Pradesh,Groceries,Snacks,3,30826.79,92480.37,Debit Card,Shipped,2024-07-23
ORD00224,Hrishita Chada,Mysuru,Karnataka,Sports,Gym Bag,10,9231.64,92316.4,Cash,Pending,2025-03-29
ORD00225,Umang Tara,Coimbatore,Tamil Nadu,Electronics,Camera,9,50741.6,456674.4,Debit Card,Pending,2026-04-28
ORD00226,Arnav Mani,Ahmedabad,Gujarat,Home Appliances,Microwave,5,80659.77,403298.85,Net Banking,Shipped,2024-08-02
ORD00227,Ahana  Bhatt,Bhopal,Madhya Pradesh,Fashion,Jeans,6,84472.78,506836.68,Debit Card,Shipped,2025-10-17
ORD00228,Aayush Chaudhuri,Mysuru,Karnataka,Beauty,Face Wash,1,26409.47,26409.47,Net Banking,Pending,2025-06-13
ORD00229,Ryan Ranganathan,Delhi,Delhi,Groceries,Oil,6,90986.21,545917.26,UPI,Pending,2025-03-04
ORD00230,Renee Golla,Noida,Uttar Pradesh,Beauty,Face Wash,5,76126.73,380633.65,Credit Card,Pending,2025-06-14
ORD00231,Parinaaz Soni,Indore,Madhya Pradesh,Home Appliances,Fan,8,83321.39,666571.12,Net Banking,Delivered,2025-11-07
ORD00232,Amani Swamy,Coimbatore,Tamil Nadu,Electronics,Laptop,1,51001.48,51001.48,Cash,Pending,2025-11-03
ORD00233,Aniruddh Magar,Noida,Uttar Pradesh,Groceries,Rice,8,44699.44,357595.52,UPI,Cancelled,2024-11-12
ORD00234,Samiha Sawhney,Delhi,Delhi,Home Appliances,Washing Machine,4,13110.55,52442.2,Debit Card,Shipped,2024-11-29
ORD00235,Ira Dar,Hyderabad,Telangana,Electronics,Laptop,3,87942.73,263828.19,Credit Card,Pending,2025-11-09
ORD00236,Hiran Chokshi,Nagpur,Maharashtra,Beauty,Lipstick,8,10910.07,87280.56,UPI,Pending,2024-12-10
ORD00237,Aarav Dar,Surat,Gujarat,Furniture,Chair,7,61990.52,433933.64,UPI,Delivered,2024-11-03
ORD00238,Zoya Jani,Visakhapatnam,Andhra Pradesh,Furniture,Sofa,7,85715.93,600011.51,Net Banking,Delivered,2024-11-17
ORD00239,Taran Lad,Noida,Uttar Pradesh,Electronics,Camera,2,60094.71,120189.42,Net Banking,Cancelled,2024-07-06
ORD00240,Shaan Lalla,Vadodara,Gujarat,Beauty,Lipstick,10,83950.5,839505.0,UPI,Cancelled,2024-10-20
ORD00241,Akarsh Hayer,Delhi,Delhi,Sports,Football,6,71185.13,427110.78,Debit Card,Delivered,2024-12-25
ORD00242,Raghav Kade,Chandigarh,Chandigarh,Groceries,Juice,4,62036.5,248146.0,Net Banking,Shipped,2024-12-03
ORD00243,Jayesh Atwal,Pune,Maharashtra,Furniture,Dining Table,1,88209.12,88209.12,Debit Card,Shipped,2025-11-20
ORD00244,Samarth Yogi,Kochi,Kerala,Fashion,Watch,6,37443.69,224662.14,Debit Card,Delivered,2024-09-02
ORD00245,Parinaaz Madan,Lucknow,Uttar Pradesh,Fashion,Watch,6,87923.26,527539.56,Cash,Delivered,2024-11-04
ORD00246,Bhamini Sheth,Guwahati,Assam,Books,Comics,1,58209.14,58209.14,Credit Card,Shipped,2025-12-15
ORD00247,Arnav Kumer,Vadodara,Gujarat,Beauty,Shampoo,4,76360.71,305442.84,Net Banking,Shipped,2024-09-17
ORD00248,Divit Yohannan,Coimbatore,Tamil Nadu,Furniture,Chair,5,27646.67,138233.35,UPI,Shipped,2026-02-02
ORD00249,Vihaan Lad,Mumbai,Maharashtra,Home Appliances,Fan,9,88479.23,796313.07,Cash,Delivered,2024-12-16
ORD00250,Alisha Chadha,Kolkata,West Bengal,Sports,Football,4,56840.04,227360.16,UPI,Cancelled,2025-01-08
ORD00251,Akarsh Sundaram,Pune,Maharashtra,Fashion,Jeans,7,13951.44,97660.08,UPI,Pending,2024-10-17
ORD00252,Zara Goda,Coimbatore,Tamil Nadu,Beauty,Lipstick,7,89529.21,626704.47,Cash,Pending,2024-05-23
ORD00253,Amani Magar,Bengaluru,Karnataka,Fashion,Watch,7,54137.53,378962.71,Credit Card,Delivered,2024-12-20
ORD00254,Adira Bhatt,Ranchi,Jharkhand,Beauty,Perfume,2,81042.87,162085.74,Cash,Shipped,2024-08-18
ORD00255,Saanvi Chand,Hyderabad,Telangana,Sports,Gym Bag,8,25764.83,206118.64,UPI,Shipped,2024-05-12
ORD00256,Kiaan Butala,Chandigarh,Chandigarh,Electronics,Headphones,9,79953.81,719584.29,Net Banking,Cancelled,2025-06-27
ORD00257,Aaina Maharaj,Patna,Bihar,Furniture,Bed,9,75920.65,683285.85,UPI,Shipped,2024-06-21
ORD00258,Taimur Dewan,Ranchi,Jharkhand,Furniture,Bed,8,76531.22,612249.76,Cash,Delivered,2024-08-24
ORD00259,Zaina Amble,Patna,Bihar,Sports,Yoga Mat,6,50601.63,303609.78,Net Banking,Shipped,2026-02-28
ORD00260,Dishani Ganesan,Vadodara,Gujarat,Groceries,Milk,6,74169.66,445017.96,Debit Card,Cancelled,2025-11-28
ORD00261,Kiara Wali,Nagpur,Maharashtra,Home Appliances,Microwave,2,99919.88,199839.76,Cash,Cancelled,2025-05-24
ORD00262,Adira Iyengar,Vadodara,Gujarat,Home Appliances,Refrigerator,1,62214.33,62214.33,UPI,Cancelled,2025-02-10
ORD00263,Neysa Boase,Visakhapatnam,Andhra Pradesh,Furniture,Bed,9,37222.42,335001.78,Cash,Pending,2025-07-29
ORD00264,Miraan Ranganathan,Bhopal,Madhya Pradesh,Sports,Cricket Bat,8,8477.25,67818.0,UPI,Pending,2026-03-16
ORD00265,Mamooty Sengupta,Delhi,Delhi,Books,History Book,1,62921.41,62921.41,Credit Card,Pending,2025-04-20
ORD00266,Heer D’Alia,Lucknow,Uttar Pradesh,Furniture,Wardrobe,2,34508.36,69016.72,Debit Card,Delivered,2024-08-08
ORD00267,Mahika Kuruvilla,Vadodara,Gujarat,Sports,Tennis Racket,8,13413.05,107304.4,Credit Card,Pending,2025-09-18
ORD00268,Mamooty Rajan,Noida,Uttar Pradesh,Books,Biography,5,35143.78,175718.9,Credit Card,Shipped,2025-08-23
ORD00269,Lavanya Sarraf,Visakhapatnam,Andhra Pradesh,Beauty,Perfume,8,27676.79,221414.32,Net Banking,Cancelled,2026-04-23
ORD00270,Kabir Choudhry,Vadodara,Gujarat,Beauty,Cream,10,93143.92,931439.2,UPI,Cancelled,2024-10-15
ORD00271,Vidur Rout,Ranchi,Jharkhand,Furniture,Sofa,6,41419.79,248518.74,UPI,Shipped,2025-04-19
ORD00272,Samarth Divan,Jaipur,Rajasthan,Books,Comics,5,56307.63,281538.15,UPI,Cancelled,2025-04-18
ORD00273,Siya Brahmbhatt,Chennai,Tamil Nadu,Groceries,Juice,9,39804.92,358244.28,Cash,Cancelled,2025-01-09
ORD00274,Oorja Sarma,Coimbatore,Tamil Nadu,Books,Biography,2,61147.47,122294.94,Credit Card,Cancelled,2024-11-03
ORD00275,Ayesha Seshadri,Ranchi,Jharkhand,Home Appliances,Refrigerator,2,92272.58,184545.16,Cash,Shipped,2025-05-19
ORD00276,Romil Dhawan,Indore,Madhya Pradesh,Books,Comics,3,6338.91,19016.73,Credit Card,Shipped,2025-08-25
ORD00277,Drishya Bhagat,Coimbatore,Tamil Nadu,Fashion,Shoes,4,19831.86,79327.44,UPI,Delivered,2025-07-25
ORD00278,Urvi Keer,Ahmedabad,Gujarat,Groceries,Juice,2,3988.12,7976.24,Net Banking,Pending,2024-09-11
ORD00279,Trisha Setty,Guwahati,Assam,Fashion,Watch,6,31788.03,190728.18,Debit Card,Delivered,2024-05-20
ORD00280,Zara Sama,Chennai,Tamil Nadu,Books,Comics,4,39525.96,158103.84,Cash,Shipped,2025-05-14
ORD00281,Ojas Deol,Bhopal,Madhya Pradesh,Home Appliances,Washing Machine,2,35460.7,70921.4,Cash,Shipped,2024-09-22
ORD00282,Kaira Rout,Guwahati,Assam,Electronics,Camera,10,11728.29,117282.9,Net Banking,Pending,2025-04-23
ORD00283,Stuvan Gola,Bhopal,Madhya Pradesh,Home Appliances,Microwave,4,88931.04,355724.16,Credit Card,Pending,2025-07-18
ORD00284,Indranil Chander,Mysuru,Karnataka,Beauty,Shampoo,3,399.67,1199.01,Credit Card,Delivered,2024-07-06
ORD00285,Zain Sekhon,Kolkata,West Bengal,Groceries,Oil,1,49607.4,49607.4,Cash,Delivered,2024-12-27
ORD00286,Tejas Vyas,Vadodara,Gujarat,Books,Novel,2,15656.99,31313.98,Debit Card,Cancelled,2025-06-16
ORD00287,Baiju Walla,Chennai,Tamil Nadu,Fashion,Watch,1,60296.1,60296.1,Debit Card,Cancelled,2025-10-17
ORD00288,Badal Gaba,Noida,Uttar Pradesh,Beauty,Face Wash,7,8711.46,60980.22,Cash,Pending,2026-04-04
ORD00289,Veer Kakar,Mumbai,Maharashtra,Sports,Yoga Mat,1,59828.55,59828.55,Credit Card,Cancelled,2025-06-14
ORD00290,Advik Sibal,Indore,Madhya Pradesh,Sports,Football,1,456.94,456.94,Cash,Cancelled,2026-04-21
ORD00291,Hazel Choudhary,Guwahati,Assam,Beauty,Shampoo,4,45619.28,182477.12,Debit Card,Shipped,2024-05-12
ORD00292,Raunak Keer,Visakhapatnam,Andhra Pradesh,Books,Biography,10,23085.08,230850.8,Debit Card,Pending,2025-09-18
ORD00293,Prisha Borra,Chennai,Tamil Nadu,Fashion,Jeans,3,30890.96,92672.88,Net Banking,Cancelled,2024-07-14
ORD00294,Renee Agrawal,Nagpur,Maharashtra,Home Appliances,Microwave,6,4705.84,28235.04,Cash,Pending,2025-11-22
ORD00295,Hrishita Gera,Hyderabad,Telangana,Home Appliances,Refrigerator,4,85954.3,343817.2,Debit Card,Pending,2024-07-13
ORD00296,Ehsaan Sharma,Mysuru,Karnataka,Beauty,Cream,1,71562.71,71562.71,Cash,Cancelled,2025-10-28
ORD00297,Mahika Baral,Ahmedabad,Gujarat,Furniture,Bed,8,2521.33,20170.64,Net Banking,Cancelled,2024-12-12
ORD00298,Raunak Sharma,Surat,Gujarat,Fashion,Jeans,4,31818.49,127273.96,Debit Card,Pending,2024-08-29
ORD00299,Jiya Barad,Bhopal,Madhya Pradesh,Furniture,Chair,9,49490.46,445414.14,Cash,Shipped,2025-09-09
ORD00300,Aaina Bawa,Mysuru,Karnataka,Home Appliances,Fan,4,79911.7,319646.8,Net Banking,Cancelled,2024-11-23
ORD00301,Anya Swaminathan,Pune,Maharashtra,Sports,Football,2,38568.49,77136.98,Debit Card,Delivered,2026-04-30
ORD00302,Kiara Saha,Lucknow,Uttar Pradesh,Home Appliances,Washing Machine,2,40062.65,80125.3,Debit Card,Delivered,2024-10-05
ORD00303,Uthkarsh Singhal,Bengaluru,Karnataka,Furniture,Wardrobe,8,83231.43,665851.44,Debit Card,Delivered,2026-03-21
ORD00304,Alisha Devi,Ranchi,Jharkhand,Groceries,Juice,7,94319.37,660235.59,UPI,Pending,2025-01-03
ORD00305,Aarna Shenoy,Ahmedabad,Gujarat,Beauty,Perfume,8,16303.86,130430.88,Cash,Pending,2025-01-29
ORD00306,Indranil Karpe,Coimbatore,Tamil Nadu,Sports,Cricket Bat,3,55806.31,167418.93,UPI,Shipped,2026-01-29
ORD00307,Myra Dugar,Patna,Bihar,Beauty,Face Wash,9,94050.01,846450.09,Credit Card,Cancelled,2025-08-26
ORD00308,Gatik Badal,Noida,Uttar Pradesh,Fashion,Shoes,8,24777.73,198221.84,Cash,Shipped,2025-01-25
ORD00309,Elakshi Venkatesh,Nagpur,Maharashtra,Fashion,Watch,4,3675.15,14700.6,Net Banking,Delivered,2025-10-09
ORD00310,Zaina Ray,Jaipur,Rajasthan,Furniture,Dining Table,6,78445.68,470674.08,Debit Card,Delivered,2024-07-14
ORD00311,Indrans Sodhi,Hyderabad,Telangana,Home Appliances,Fan,8,62510.85,500086.8,Net Banking,Shipped,2024-06-21
ORD00312,Yuvraj  Sant,Kochi,Kerala,Electronics,Mobile,3,36731.39,110194.17,Credit Card,Delivered,2025-01-02
ORD00313,Dhanuk Agrawal,Noida,Uttar Pradesh,Beauty,Face Wash,1,96948.93,96948.93,Debit Card,Delivered,2025-03-13
ORD00314,Devansh Bir,Nagpur,Maharashtra,Electronics,Camera,8,70820.49,566563.92,UPI,Pending,2024-06-25
ORD00315,Ahana  Mannan,Kochi,Kerala,Fashion,Shoes,8,95171.55,761372.4,Net Banking,Cancelled,2025-11-21
ORD00316,Onkar Walia,Noida,Uttar Pradesh,Sports,Tennis Racket,6,16737.42,100424.52,Credit Card,Shipped,2024-09-05
ORD00317,Vidur Gulati,Kolkata,West Bengal,Fashion,Shoes,9,14066.95,126602.55,UPI,Pending,2025-06-10
ORD00318,Anya Badal,Guwahati,Assam,Fashion,Shoes,2,41046.5,82093.0,Cash,Cancelled,2025-09-21
ORD00319,Uthkarsh Borah,Coimbatore,Tamil Nadu,Home Appliances,AC,4,32871.24,131484.96,Net Banking,Pending,2025-07-29
ORD00320,Gokul Dhingra,Jaipur,Rajasthan,Fashion,Jeans,2,53741.53,107483.06,Credit Card,Shipped,2025-04-23
ORD00321,Mamooty Mani,Chennai,Tamil Nadu,Sports,Cricket Bat,7,25769.22,180384.54,Cash,Delivered,2025-07-17
ORD00322,Zeeshan Bali,Ranchi,Jharkhand,Electronics,Laptop,5,57514.29,287571.45,Credit Card,Shipped,2024-11-27
ORD00323,Sara Chatterjee,Mysuru,Karnataka,Home Appliances,Washing Machine,1,93635.65,93635.65,Credit Card,Pending,2025-03-27
ORD00324,Ojas Sachar,Kochi,Kerala,Groceries,Milk,7,68674.59,480722.13,Cash,Delivered,2024-07-26
ORD00325,Miraan Luthra,Delhi,Delhi,Furniture,Wardrobe,6,52034.98,312209.88,Net Banking,Shipped,2024-08-13
ORD00326,Kaira Kapur,Hyderabad,Telangana,Groceries,Milk,3,33454.91,100364.73,Cash,Cancelled,2024-07-21
ORD00327,Tarini Contractor,Kochi,Kerala,Home Appliances,AC,4,46332.85,185331.4,UPI,Cancelled,2025-11-22
ORD00328,Zaina Anand,Lucknow,Uttar Pradesh,Books,Novel,9,10025.58,90230.22,Net Banking,Pending,2025-07-15
ORD00329,Ivan Bala,Noida,Uttar Pradesh,Sports,Tennis Racket,3,50177.59,150532.77,UPI,Delivered,2026-04-16
ORD00330,Indranil Karpe,Chandigarh,Chandigarh,Fashion,Jeans,4,50802.13,203208.52,Net Banking,Cancelled,2024-12-21
ORD00331,Kimaya Balay,Pune,Maharashtra,Furniture,Dining Table,5,41947.97,209739.85,Net Banking,Shipped,2025-05-10
ORD00332,Hiran Lalla,Chandigarh,Chandigarh,Books,Novel,5,99831.57,499157.85,Debit Card,Shipped,2024-12-25
ORD00333,Miraan Gour,Noida,Uttar Pradesh,Groceries,Rice,5,88345.3,441726.5,Debit Card,Shipped,2024-08-02
ORD00334,Yasmin Bhatnagar,Patna,Bihar,Sports,Yoga Mat,4,26926.14,107704.56,Debit Card,Delivered,2024-10-23
ORD00335,Yuvaan Baria,Noida,Uttar Pradesh,Fashion,Shoes,9,92707.23,834365.07,Debit Card,Cancelled,2025-12-19
ORD00336,Anvi Chatterjee,Guwahati,Assam,Home Appliances,Refrigerator,9,21311.79,191806.11,Credit Card,Shipped,2025-05-28
ORD00337,Samar Andra,Surat,Gujarat,Books,Biography,4,14480.1,57920.4,Debit Card,Delivered,2024-06-03
ORD00338,Amani Ganesan,Noida,Uttar Pradesh,Beauty,Cream,9,13177.41,118596.69,UPI,Pending,2025-07-07
ORD00339,Neysa Dave,Nagpur,Maharashtra,Furniture,Dining Table,1,86395.16,86395.16,UPI,Cancelled,2025-11-21
ORD00340,Mahika Doshi,Chandigarh,Chandigarh,Fashion,Jacket,1,78681.07,78681.07,Net Banking,Shipped,2025-01-23
ORD00341,Charvi Hayre,Guwahati,Assam,Home Appliances,Refrigerator,4,72443.18,289772.72,Net Banking,Shipped,2024-09-18
ORD00342,Yashvi Sen,Pune,Maharashtra,Groceries,Milk,3,43602.11,130806.33,Debit Card,Shipped,2024-10-20
ORD00343,Mannat Kade,Chandigarh,Chandigarh,Groceries,Snacks,3,19878.27,59634.81,Net Banking,Pending,2025-01-17
ORD00344,Zaina Chacko,Noida,Uttar Pradesh,Beauty,Cream,6,69836.7,419020.2,Credit Card,Pending,2024-11-21
ORD00345,Rasha Jani,Lucknow,Uttar Pradesh,Beauty,Perfume,5,380.3,1901.5,UPI,Pending,2024-08-22
ORD00346,Advik Chaudhuri,Lucknow,Uttar Pradesh,Electronics,Camera,5,47250.32,236251.6,Debit Card,Shipped,2024-06-30
ORD00347,Kiara Kapadia,Hyderabad,Telangana,Home Appliances,Fan,2,79952.23,159904.46,Cash,Delivered,2025-08-03
ORD00348,Eshani Sami,Mysuru,Karnataka,Furniture,Bed,8,29338.29,234706.32,Debit Card,Cancelled,2025-02-16
ORD00349,Alia Sharma,Chennai,Tamil Nadu,Home Appliances,AC,10,72851.44,728514.4,Cash,Shipped,2024-06-05
ORD00350,Kiara Dhaliwal,Visakhapatnam,Andhra Pradesh,Books,Science Book,2,33311.58,66623.16,UPI,Delivered,2025-06-09
ORD00351,Stuvan Som,Bhopal,Madhya Pradesh,Electronics,Headphones,5,1558.54,7792.7,Net Banking,Pending,2025-11-21
ORD00352,Nayantara Buch,Mumbai,Maharashtra,Sports,Tennis Racket,9,80984.27,728858.43,Cash,Shipped,2025-10-09
ORD00353,Kavya Sangha,Bengaluru,Karnataka,Beauty,Perfume,9,8012.04,72108.36,Net Banking,Shipped,2024-08-22
ORD00354,Saksham Cherian,Bengaluru,Karnataka,Sports,Football,5,34831.85,174159.25,Cash,Cancelled,2026-04-24
ORD00355,Khushi Contractor,Ranchi,Jharkhand,Groceries,Rice,2,48130.45,96260.9,Net Banking,Pending,2026-02-01
ORD00356,Samar Ramanathan,Delhi,Delhi,Furniture,Wardrobe,1,89630.8,89630.8,Debit Card,Cancelled,2025-07-16
ORD00357,Tara Barad,Visakhapatnam,Andhra Pradesh,Fashion,Jacket,1,47291.68,47291.68,Net Banking,Cancelled,2025-06-21
ORD00358,Sumer Chakrabarti,Delhi,Delhi,Fashion,Shoes,2,19529.56,39059.12,Credit Card,Cancelled,2025-07-03
ORD00359,Renee Wason,Noida,Uttar Pradesh,Sports,Cricket Bat,1,60620.18,60620.18,Cash,Cancelled,2024-05-29
ORD00360,Indrans Johal,Jaipur,Rajasthan,Sports,Yoga Mat,6,41287.43,247724.58,UPI,Cancelled,2024-07-14
ORD00361,Ela Ramachandran,Bhopal,Madhya Pradesh,Furniture,Dining Table,1,86999.82,86999.82,Cash,Pending,2026-01-30
ORD00362,Aniruddh Dubey,Patna,Bihar,Electronics,Laptop,5,40323.77,201618.85,UPI,Cancelled,2025-11-12
ORD00363,Pranay Bir,Lucknow,Uttar Pradesh,Furniture,Bed,3,95718.09,287154.27,Net Banking,Pending,2024-12-13
ORD00364,Anahi Sama,Pune,Maharashtra,Furniture,Bed,2,43975.1,87950.2,Cash,Delivered,2024-06-11
ORD00365,Samaira Chana,Mumbai,Maharashtra,Sports,Cricket Bat,8,55494.84,443958.72,Debit Card,Cancelled,2024-05-18
ORD00366,Manikya Wason,Surat,Gujarat,Fashion,Watch,3,98781.0,296343.0,UPI,Delivered,2025-02-06
ORD00367,Yashvi Sachdeva,Chandigarh,Chandigarh,Beauty,Face Wash,2,48469.96,96939.92,Net Banking,Delivered,2024-08-25
ORD00368,Yuvraj  Gill,Delhi,Delhi,Electronics,Mobile,7,32969.12,230783.84,Debit Card,Pending,2024-07-25
ORD00369,Piya Dubey,Visakhapatnam,Andhra Pradesh,Books,Novel,7,65101.87,455713.09,Credit Card,Cancelled,2024-08-06
ORD00370,Mannat Shan,Delhi,Delhi,Furniture,Chair,10,61332.92,613329.2,Net Banking,Pending,2025-10-18
ORD00371,Ahana  Borah,Pune,Maharashtra,Electronics,Camera,10,10297.35,102973.5,Net Banking,Pending,2024-06-20
ORD00372,Biju Tak,Jaipur,Rajasthan,Electronics,Headphones,1,86818.24,86818.24,UPI,Delivered,2026-04-11
ORD00373,Vaibhav Bhattacharyya,Hyderabad,Telangana,Home Appliances,AC,8,75331.85,602654.8,UPI,Cancelled,2025-07-24
ORD00374,Aarna Wali,Chandigarh,Chandigarh,Home Appliances,Washing Machine,1,48145.59,48145.59,Credit Card,Cancelled,2025-06-29
ORD00375,Prerak Dhawan,Coimbatore,Tamil Nadu,Beauty,Face Wash,10,22307.41,223074.1,Net Banking,Shipped,2024-05-31
ORD00376,Suhana Sibal,Jaipur,Rajasthan,Home Appliances,Fan,1,35796.12,35796.12,Debit Card,Cancelled,2025-04-10
ORD00377,Raunak Rau,Vadodara,Gujarat,Home Appliances,Fan,3,34363.55,103090.65,Credit Card,Shipped,2025-11-07
ORD00378,Neysa Bhatia,Vadodara,Gujarat,Home Appliances,Refrigerator,8,87135.72,697085.76,Debit Card,Delivered,2024-05-19
ORD00379,Ryan Shan,Pune,Maharashtra,Books,Comics,3,82021.79,246065.37,UPI,Shipped,2025-09-26
ORD00380,Lagan Dubey,Coimbatore,Tamil Nadu,Electronics,Laptop,4,65515.1,262060.4,Cash,Shipped,2025-11-28
ORD00381,Anay Chauhan,Chennai,Tamil Nadu,Home Appliances,Fan,1,51080.23,51080.23,Credit Card,Shipped,2024-05-29
ORD00382,Amira Chand,Nagpur,Maharashtra,Books,Science Book,5,46793.13,233965.65,Credit Card,Delivered,2024-10-31
ORD00383,Anahi Venkatesh,Jaipur,Rajasthan,Sports,Tennis Racket,9,70981.32,638831.88,UPI,Cancelled,2025-10-18
ORD00384,Vanya Banerjee,Vadodara,Gujarat,Sports,Yoga Mat,6,10464.43,62786.58,Credit Card,Pending,2025-12-11
ORD00385,Indrajit Chawla,Visakhapatnam,Andhra Pradesh,Home Appliances,AC,9,17615.52,158539.68,Net Banking,Delivered,2026-02-07
ORD00386,Arhaan Malhotra,Vadodara,Gujarat,Sports,Tennis Racket,7,5235.59,36649.13,Credit Card,Cancelled,2025-11-09
ORD00387,Anaya Barad,Mysuru,Karnataka,Beauty,Perfume,6,63451.79,380710.74,Cash,Pending,2024-05-25
ORD00388,Parinaaz Bora,Kolkata,West Bengal,Electronics,Mobile,6,41422.32,248533.92,Credit Card,Shipped,2025-11-05
ORD00389,Advik Dixit,Patna,Bihar,Furniture,Sofa,6,46221.87,277331.22,Debit Card,Shipped,2026-02-16
ORD00390,Hunar Rout,Bengaluru,Karnataka,Home Appliances,Washing Machine,4,49977.55,199910.2,Credit Card,Pending,2025-08-13
ORD00391,Kartik Devan,Surat,Gujarat,Books,Novel,10,914.57,9145.7,Cash,Cancelled,2025-01-04
ORD00392,Nitya Sanghvi,Hyderabad,Telangana,Groceries,Oil,9,36441.87,327976.83,Cash,Shipped,2024-05-17
ORD00393,Aarav Kant,Delhi,Delhi,Beauty,Lipstick,1,68454.48,68454.48,Cash,Pending,2026-04-09
ORD00394,Pihu Chadha,Kolkata,West Bengal,Electronics,Mobile,3,80589.56,241768.68,UPI,Cancelled,2026-04-25
ORD00395,Hiran De,Delhi,Delhi,Furniture,Sofa,1,49184.0,49184.0,Credit Card,Shipped,2025-03-19
ORD00396,Mishti Rana,Ahmedabad,Gujarat,Home Appliances,Microwave,4,85353.88,341415.52,Net Banking,Delivered,2025-08-25
ORD00397,Alia Warrior,Jaipur,Rajasthan,Fashion,Shoes,8,2169.86,17358.88,Cash,Shipped,2025-05-13
ORD00398,Nishith Sinha,Delhi,Delhi,Electronics,Smart TV,4,95913.75,383655.0,Net Banking,Shipped,2025-01-12
ORD00399,Darshit Dada,Indore,Madhya Pradesh,Groceries,Juice,2,38297.03,76594.06,Credit Card,Delivered,2025-10-19
ORD00400,Kashvi Ghosh,Vadodara,Gujarat,Groceries,Juice,7,46428.8,325001.6,Debit Card,Cancelled,2024-07-31
ORD00401,Navya Varghese,Kolkata,West Bengal,Sports,Yoga Mat,10,45376.9,453769.0,Debit Card,Shipped,2025-07-24
ORD00402,Vritika Choudhry,Kolkata,West Bengal,Beauty,Lipstick,4,1309.02,5236.08,Debit Card,Delivered,2026-03-06
ORD00403,Bhavin Bhargava,Bengaluru,Karnataka,Home Appliances,Microwave,10,96914.27,969142.7,Debit Card,Pending,2025-10-02
ORD00404,Saira Sunder,Ranchi,Jharkhand,Books,History Book,2,54572.05,109144.1,UPI,Delivered,2025-03-25
ORD00405,Trisha Chand,Patna,Bihar,Fashion,T-Shirt,6,13813.06,82878.36,Credit Card,Cancelled,2024-08-07
ORD00406,Biju Biswas,Noida,Uttar Pradesh,Electronics,Laptop,3,746.03,2238.09,Net Banking,Cancelled,2025-02-04
ORD00407,Parinaaz Bhalla,Mumbai,Maharashtra,Sports,Yoga Mat,4,49107.62,196430.48,Debit Card,Shipped,2026-04-21
ORD00408,Veer Din,Visakhapatnam,Andhra Pradesh,Furniture,Dining Table,9,34028.61,306257.49,Credit Card,Shipped,2024-07-26
ORD00409,Ivana Dass,Chennai,Tamil Nadu,Fashion,T-Shirt,4,6943.02,27772.08,Net Banking,Shipped,2025-11-11
ORD00410,Rasha Ben,Kochi,Kerala,Fashion,Jeans,9,55754.23,501788.07,Debit Card,Shipped,2024-09-29
ORD00411,Darshit Ben,Nagpur,Maharashtra,Furniture,Chair,3,26684.95,80054.85,Net Banking,Shipped,2024-11-23
ORD00412,Zara Iyengar,Ahmedabad,Gujarat,Books,Comics,5,38518.19,192590.95,Credit Card,Cancelled,2024-10-31
ORD00413,Sana Chacko,Bengaluru,Karnataka,Home Appliances,Washing Machine,3,70643.94,211931.82,Credit Card,Shipped,2024-07-11
ORD00414,Diya Gala,Indore,Madhya Pradesh,Books,Biography,10,95221.78,952217.8,Credit Card,Delivered,2025-09-28
ORD00415,Rati Srinivasan,Guwahati,Assam,Sports,Gym Bag,9,89500.5,805504.5,UPI,Shipped,2026-02-07
ORD00416,Diya Srinivasan,Chandigarh,Chandigarh,Sports,Gym Bag,6,28042.08,168252.48,UPI,Pending,2025-06-24
ORD00417,Tarini Chowdhury,Mumbai,Maharashtra,Home Appliances,Refrigerator,2,62644.49,125288.98,Net Banking,Pending,2024-07-29
ORD00418,Lagan Contractor,Indore,Madhya Pradesh,Furniture,Dining Table,1,64556.24,64556.24,Debit Card,Shipped,2024-05-19
ORD00419,Aarav Edwin,Bhopal,Madhya Pradesh,Books,Science Book,2,32860.99,65721.98,Credit Card,Cancelled,2024-06-19
ORD00420,Renee Sem,Indore,Madhya Pradesh,Furniture,Bed,5,91935.99,459679.95,UPI,Cancelled,2024-07-05
ORD00421,Bhavin Mannan,Vadodara,Gujarat,Groceries,Juice,7,57874.77,405123.39,Debit Card,Pending,2024-08-06
ORD00422,Nishith Gola,Ahmedabad,Gujarat,Sports,Gym Bag,9,46982.94,422846.46,Credit Card,Pending,2024-06-17
ORD00423,Divit Mani,Patna,Bihar,Furniture,Bed,4,7560.44,30241.76,Cash,Cancelled,2024-11-15
ORD00424,Kashvi Srivastava,Chennai,Tamil Nadu,Beauty,Face Wash,7,35708.18,249957.26,Net Banking,Delivered,2024-10-09
ORD00425,Pihu Maharaj,Pune,Maharashtra,Electronics,Mobile,6,28640.88,171845.28,Cash,Pending,2025-03-14
ORD00426,Nehmat Gopal,Ranchi,Jharkhand,Books,Novel,2,53611.87,107223.74,Cash,Cancelled,2025-04-28
ORD00427,Emir Chaudry,Kolkata,West Bengal,Electronics,Mobile,4,89585.8,358343.2,Cash,Pending,2024-10-21
ORD00428,Damini Sengupta,Kolkata,West Bengal,Beauty,Cream,8,75654.93,605239.44,Net Banking,Shipped,2026-01-16
ORD00429,Pihu Tandon,Kochi,Kerala,Home Appliances,Refrigerator,1,59611.29,59611.29,Debit Card,Delivered,2025-11-11
ORD00430,Nirvaan Saran,Surat,Gujarat,Beauty,Perfume,2,63086.82,126173.64,Cash,Shipped,2025-06-24
ORD00431,Keya Manne,Visakhapatnam,Andhra Pradesh,Fashion,Jacket,4,69934.49,279737.96,Net Banking,Shipped,2024-07-21
ORD00432,Yasmin Sha,Jaipur,Rajasthan,Electronics,Smart TV,3,72400.96,217202.88,Debit Card,Shipped,2025-12-16
ORD00433,Nitya Sathe,Coimbatore,Tamil Nadu,Books,Science Book,9,79085.38,711768.42,Credit Card,Shipped,2025-12-11
ORD00434,Drishya Sagar,Ranchi,Jharkhand,Sports,Gym Bag,6,53546.41,321278.46,Credit Card,Shipped,2025-05-31
ORD00435,Yasmin Khatri,Chandigarh,Chandigarh,Electronics,Headphones,5,42384.89,211924.45,Cash,Cancelled,2024-10-23
ORD00436,Yuvraj  Srivastava,Indore,Madhya Pradesh,Furniture,Dining Table,2,72290.11,144580.22,Net Banking,Cancelled,2024-12-10
ORD00437,Zeeshan Kumer,Ahmedabad,Gujarat,Fashion,Shoes,3,91521.32,274563.96,Cash,Cancelled,2024-06-27
ORD00438,Vidur Chakraborty,Indore,Madhya Pradesh,Books,Novel,8,6738.71,53909.68,Debit Card,Pending,2025-09-08
ORD00439,Saira Kaul,Jaipur,Rajasthan,Groceries,Juice,1,63289.03,63289.03,Credit Card,Pending,2024-10-07
ORD00440,Diya Shetty,Bengaluru,Karnataka,Sports,Tennis Racket,4,85052.03,340208.12,Net Banking,Cancelled,2025-05-04
ORD00441,Eshani Deol,Indore,Madhya Pradesh,Groceries,Juice,2,16602.21,33204.42,Net Banking,Cancelled,2025-05-04
ORD00442,Samiha Kota,Kochi,Kerala,Furniture,Sofa,10,21165.74,211657.4,Cash,Delivered,2025-08-08
ORD00443,Anvi Cherian,Kochi,Kerala,Home Appliances,Refrigerator,7,19124.61,133872.27,Debit Card,Cancelled,2024-10-09
ORD00444,Mahika Ramakrishnan,Coimbatore,Tamil Nadu,Groceries,Juice,4,7570.17,30280.68,UPI,Pending,2026-02-20
ORD00445,Lakshit Loyal,Bengaluru,Karnataka,Furniture,Dining Table,4,40610.24,162440.96,Debit Card,Delivered,2024-10-18
ORD00446,Riya Dara,Bengaluru,Karnataka,Beauty,Face Wash,5,49639.15,248195.75,Net Banking,Cancelled,2026-02-27
ORD00447,Nayantara Krishnamurthy,Surat,Gujarat,Home Appliances,Washing Machine,4,36118.26,144473.04,Cash,Delivered,2025-09-23
ORD00448,Arhaan Chadha,Nagpur,Maharashtra,Sports,Gym Bag,4,43522.47,174089.88,Debit Card,Pending,2024-07-19
ORD00449,Darshit Kala,Jaipur,Rajasthan,Furniture,Bed,4,40163.61,160654.44,UPI,Pending,2025-02-02
ORD00450,Seher Korpal,Kochi,Kerala,Books,Science Book,8,42466.76,339734.08,Net Banking,Pending,2026-02-19
ORD00451,Drishya Halder,Chennai,Tamil Nadu,Fashion,Jacket,5,64804.97,324024.85,Net Banking,Pending,2025-06-03
ORD00452,Prisha Dara,Kolkata,West Bengal,Beauty,Face Wash,2,52222.8,104445.6,Debit Card,Cancelled,2025-01-28
ORD00453,Pihu Rama,Kochi,Kerala,Books,Comics,7,57812.87,404690.09,Net Banking,Delivered,2025-02-06
ORD00454,Keya Karnik,Nagpur,Maharashtra,Books,Science Book,4,94244.67,376978.68,Net Banking,Cancelled,2024-05-14
ORD00455,Saksham Tak,Kochi,Kerala,Books,Comics,8,73704.7,589637.6,Cash,Cancelled,2024-05-10
ORD00456,Aaina Batra,Ahmedabad,Gujarat,Books,Science Book,9,30120.18,271081.62,Cash,Delivered,2025-11-27
ORD00457,Ehsaan Garg,Mumbai,Maharashtra,Furniture,Wardrobe,3,95771.71,287315.13,Net Banking,Delivered,2025-05-20
ORD00458,Rhea Shenoy,Ranchi,Jharkhand,Furniture,Bed,3,20812.98,62438.94,Credit Card,Shipped,2025-08-17
ORD00459,Manjari Desai,Visakhapatnam,Andhra Pradesh,Electronics,Laptop,7,80470.07,563290.49,Cash,Delivered,2025-10-04
ORD00460,Charvi Char,Delhi,Delhi,Beauty,Face Wash,10,75543.7,755437.0,UPI,Delivered,2025-02-13
ORD00461,Parinaaz Chaudhry,Visakhapatnam,Andhra Pradesh,Beauty,Perfume,9,69409.11,624681.99,Cash,Shipped,2026-02-08
ORD00462,Veer Shankar,Visakhapatnam,Andhra Pradesh,Home Appliances,Refrigerator,3,628.37,1885.11,UPI,Pending,2025-04-05
ORD00463,Rati Varughese,Chennai,Tamil Nadu,Books,Biography,3,54469.56,163408.68,Cash,Delivered,2025-08-12
ORD00464,Manikya Loke,Chandigarh,Chandigarh,Beauty,Face Wash,4,77671.25,310685.0,Net Banking,Delivered,2024-12-18
ORD00465,Mannat Dara,Kochi,Kerala,Beauty,Face Wash,5,46181.98,230909.9,Credit Card,Delivered,2025-08-20
ORD00466,Siya Sengupta,Kochi,Kerala,Groceries,Rice,6,24489.76,146938.56,Net Banking,Shipped,2024-09-09
ORD00467,Himmat Sankaran,Mysuru,Karnataka,Electronics,Smart TV,3,3693.56,11080.68,Credit Card,Cancelled,2025-03-23
ORD00468,Divit Bali,Bengaluru,Karnataka,Books,Comics,8,73926.72,591413.76,Credit Card,Shipped,2026-02-24
ORD00469,Elakshi Talwar,Nagpur,Maharashtra,Electronics,Smart TV,5,90273.2,451366.0,Debit Card,Pending,2024-07-04
ORD00470,Tushar Seshadri,Surat,Gujarat,Home Appliances,Washing Machine,5,20085.7,100428.5,Debit Card,Pending,2025-01-09
ORD00471,Taran Soman,Bhopal,Madhya Pradesh,Sports,Tennis Racket,8,68657.07,549256.56,UPI,Pending,2024-08-23
ORD00472,Navya Bose,Hyderabad,Telangana,Groceries,Oil,7,21334.65,149342.55,Credit Card,Delivered,2024-06-18
ORD00473,Vardaniya Shanker,Coimbatore,Tamil Nadu,Beauty,Shampoo,8,21436.3,171490.4,Cash,Shipped,2026-04-07
ORD00474,Elakshi Varghese,Vadodara,Gujarat,Sports,Tennis Racket,1,84214.94,84214.94,Net Banking,Delivered,2024-07-26
ORD00475,Yasmin Deep,Indore,Madhya Pradesh,Groceries,Juice,9,82711.32,744401.88,Net Banking,Delivered,2025-10-01
ORD00476,Taran Thaman,Jaipur,Rajasthan,Electronics,Headphones,4,20778.4,83113.6,Debit Card,Shipped,2025-02-27
ORD00477,Sumer Keer,Ahmedabad,Gujarat,Fashion,Jeans,3,91811.69,275435.07,Credit Card,Shipped,2024-06-05
ORD00478,Pranay Sethi,Kolkata,West Bengal,Electronics,Laptop,5,44608.08,223040.4,Credit Card,Cancelled,2025-05-21
ORD00479,Akarsh Deo,Hyderabad,Telangana,Home Appliances,Microwave,3,30396.25,91188.75,UPI,Pending,2025-09-07
ORD00480,Mehul Venkataraman,Jaipur,Rajasthan,Fashion,T-Shirt,9,82871.22,745840.98,Cash,Pending,2025-05-31
ORD00481,Ryan Choudhary,Coimbatore,Tamil Nadu,Sports,Cricket Bat,1,3597.73,3597.73,Cash,Cancelled,2024-08-25
ORD00482,Rasha Rau,Surat,Gujarat,Groceries,Milk,6,67944.32,407665.92,Cash,Delivered,2026-02-21
ORD00483,Hridaan Goda,Noida,Uttar Pradesh,Fashion,Watch,7,98800.0,691600.0,Credit Card,Delivered,2024-12-15
ORD00484,Hiran Reddy,Visakhapatnam,Andhra Pradesh,Books,History Book,4,73207.05,292828.2,Debit Card,Pending,2024-07-24
ORD00485,Mahika Shan,Lucknow,Uttar Pradesh,Home Appliances,Microwave,5,50602.13,253010.65,UPI,Pending,2026-01-08
ORD00486,Charvi Master,Lucknow,Uttar Pradesh,Home Appliances,Fan,9,4357.17,39214.53,Debit Card,Cancelled,2024-05-09
ORD00487,Oorja Bir,Coimbatore,Tamil Nadu,Fashion,Jeans,3,53471.58,160414.74,Net Banking,Pending,2025-04-24
ORD00488,Aradhya Buch,Surat,Gujarat,Fashion,Watch,7,52194.96,365364.72,UPI,Pending,2024-09-04
ORD00489,Yasmin Borde,Ranchi,Jharkhand,Beauty,Face Wash,7,24538.93,171772.51,UPI,Pending,2025-12-24
ORD00490,Amani Wason,Kochi,Kerala,Books,History Book,8,50746.4,405971.2,Cash,Delivered,2024-12-10
ORD00491,Jhanvi Saha,Ranchi,Jharkhand,Home Appliances,Microwave,7,77169.2,540184.4,Credit Card,Cancelled,2025-02-01
ORD00492,Ehsaan Sidhu,Kolkata,West Bengal,Sports,Yoga Mat,3,11769.47,35308.41,UPI,Pending,2025-02-24
ORD00493,Jayesh Ravi,Chennai,Tamil Nadu,Furniture,Dining Table,9,76296.63,686669.67,Debit Card,Cancelled,2024-10-10
ORD00494,Anahi Das,Bengaluru,Karnataka,Electronics,Headphones,2,99813.49,199626.98,UPI,Shipped,2025-06-13
ORD00495,Shanaya Wagle,Ranchi,Jharkhand,Books,History Book,4,13620.55,54482.2,Cash,Cancelled,2026-02-03
ORD00496,Shayak Jain,Mysuru,Karnataka,Furniture,Chair,10,54354.33,543543.3,Debit Card,Pending,2025-01-30
ORD00497,Reyansh Chauhan,Coimbatore,Tamil Nadu,Groceries,Rice,2,42346.22,84692.44,Debit Card,Shipped,2026-02-07
ORD00498,Abram Madan,Ahmedabad,Gujarat,Books,Novel,1,2126.8,2126.8,Debit Card,Pending,2026-03-20
ORD00499,Dishani Wali,Chandigarh,Chandigarh,Sports,Football,3,65047.36,195142.08,Debit Card,Pending,2025-10-02
ORD00500,Zoya Loke,Chennai,Tamil Nadu,Beauty,Lipstick,10,95120.86,951208.6,Cash,Cancelled,2024-09-21
ORD00501,Jhanvi Maharaj,Chennai,Tamil Nadu,Fashion,Jacket,2,66496.94,132993.88,UPI,Shipped,2026-03-06
ORD00502,Nayantara Thakkar,Chandigarh,Chandigarh,Electronics,Mobile,5,83844.09,419220.45,Cash,Cancelled,2025-07-26
ORD00503,Ryan Virk,Kolkata,West Bengal,Beauty,Cream,1,34137.05,34137.05,Debit Card,Delivered,2025-06-07
ORD00504,Advika Deep,Chandigarh,Chandigarh,Furniture,Wardrobe,9,91605.66,824450.94,Credit Card,Cancelled,2026-03-29
ORD00505,Kiara Dhawan,Surat,Gujarat,Fashion,T-Shirt,7,7567.37,52971.59,UPI,Cancelled,2025-10-02
ORD00506,Vanya Edwin,Guwahati,Assam,Groceries,Snacks,10,76917.98,769179.8,UPI,Cancelled,2024-06-07
ORD00507,Bhavin Salvi,Hyderabad,Telangana,Sports,Tennis Racket,7,25452.66,178168.62,UPI,Cancelled,2026-01-02
ORD00508,Himmat Choudhary,Indore,Madhya Pradesh,Fashion,Watch,5,24413.12,122065.6,Debit Card,Shipped,2025-04-18
ORD00509,Alisha Chatterjee,Nagpur,Maharashtra,Furniture,Sofa,8,10353.75,82830.0,Net Banking,Delivered,2026-01-02
ORD00510,Himmat Gulati,Patna,Bihar,Books,History Book,4,97382.48,389529.92,Credit Card,Pending,2024-07-21
ORD00511,Dharmajan Ray,Bhopal,Madhya Pradesh,Fashion,Shoes,7,66096.11,462672.77,Net Banking,Cancelled,2024-11-29
ORD00512,Nirvi Edwin,Kochi,Kerala,Books,Science Book,10,94577.57,945775.7,Net Banking,Shipped,2024-06-06
ORD00513,Madhup Doshi,Ahmedabad,Gujarat,Home Appliances,Fan,9,61871.67,556845.03,Credit Card,Delivered,2024-08-14
ORD00514,Anvi Yogi,Ranchi,Jharkhand,Groceries,Juice,1,5774.7,5774.7,Cash,Delivered,2024-11-25
ORD00515,Rati Keer,Coimbatore,Tamil Nadu,Sports,Yoga Mat,3,44220.29,132660.87,UPI,Cancelled,2025-03-18
ORD00516,Pihu Mall,Chandigarh,Chandigarh,Furniture,Sofa,3,48946.99,146840.97,Cash,Delivered,2025-08-08
ORD00517,Shamik Das,Guwahati,Assam,Books,History Book,7,97612.36,683286.52,UPI,Cancelled,2024-09-22
ORD00518,Chirag Sachar,Kochi,Kerala,Electronics,Smart TV,3,68781.78,206345.34,Net Banking,Cancelled,2025-07-14
ORD00519,Nirvi Gade,Ahmedabad,Gujarat,Electronics,Headphones,10,78419.44,784194.4,Debit Card,Cancelled,2025-01-29
ORD00520,Vidur Cherian,Vadodara,Gujarat,Home Appliances,Washing Machine,10,59637.72,596377.2,UPI,Delivered,2025-12-01
ORD00521,Taimur Bir,Surat,Gujarat,Beauty,Face Wash,4,50299.27,201197.08,Cash,Delivered,2024-10-08
ORD00522,Shlok Kala,Bengaluru,Karnataka,Fashion,T-Shirt,5,3548.67,17743.35,Net Banking,Delivered,2026-02-05
ORD00523,Navya Dhillon,Hyderabad,Telangana,Books,Comics,7,58794.5,411561.5,Debit Card,Delivered,2024-10-16
ORD00524,Yuvaan Varty,Surat,Gujarat,Groceries,Snacks,4,56141.19,224564.76,Cash,Delivered,2025-04-28
ORD00525,Saksham Lata,Patna,Bihar,Fashion,Watch,10,55385.62,553856.2,Debit Card,Shipped,2024-10-03
ORD00526,Indrans Chatterjee,Chennai,Tamil Nadu,Beauty,Face Wash,6,23882.87,143297.22,Credit Card,Shipped,2025-11-29
ORD00527,Yakshit Bakshi,Jaipur,Rajasthan,Sports,Tennis Racket,9,2615.73,23541.57,Cash,Cancelled,2025-05-24
ORD00528,Lakshay Sidhu,Delhi,Delhi,Sports,Football,3,13669.54,41008.62,Debit Card,Shipped,2025-10-22
ORD00529,Damini Reddy,Guwahati,Assam,Beauty,Lipstick,4,88494.73,353978.92,Debit Card,Delivered,2024-10-12
ORD00530,Aarush Sagar,Noida,Uttar Pradesh,Groceries,Snacks,2,75211.64,150423.28,Credit Card,Shipped,2024-08-31
ORD00531,Ojas Dhillon,Bengaluru,Karnataka,Sports,Tennis Racket,8,69694.89,557559.12,Debit Card,Delivered,2025-09-19
ORD00532,Vedika Soni,Ranchi,Jharkhand,Furniture,Sofa,6,56180.28,337081.68,Net Banking,Pending,2025-05-27
ORD00533,Divij Keer,Bhopal,Madhya Pradesh,Groceries,Snacks,9,13651.79,122866.11,Net Banking,Shipped,2026-04-27
ORD00534,Hazel Dayal,Jaipur,Rajasthan,Furniture,Dining Table,8,63273.99,506191.92,Net Banking,Delivered,2024-09-22
ORD00535,Zara Kara,Visakhapatnam,Andhra Pradesh,Sports,Gym Bag,9,75599.32,680393.88,Net Banking,Shipped,2025-04-19
ORD00536,Badal Sami,Bengaluru,Karnataka,Beauty,Face Wash,4,12321.21,49284.84,Cash,Pending,2025-04-20
ORD00537,Charvi Kakar,Ranchi,Jharkhand,Home Appliances,Washing Machine,4,75557.06,302228.24,Credit Card,Shipped,2025-12-18
ORD00538,Sana Devan,Kochi,Kerala,Electronics,Camera,10,41023.53,410235.3,Credit Card,Shipped,2025-07-27
ORD00539,Veer Shere,Mysuru,Karnataka,Beauty,Face Wash,8,83167.13,665337.04,Credit Card,Delivered,2026-02-12
ORD00540,Mannat Dara,Kolkata,West Bengal,Furniture,Wardrobe,5,92086.71,460433.55,Net Banking,Delivered,2024-05-18
ORD00541,Hansh Ramanathan,Delhi,Delhi,Books,Comics,7,97965.03,685755.21,Debit Card,Shipped,2025-12-17
ORD00542,Rati Chanda,Indore,Madhya Pradesh,Sports,Football,6,12644.29,75865.74,Net Banking,Pending,2025-07-14
ORD00543,Eva Lal,Hyderabad,Telangana,Home Appliances,Refrigerator,4,78375.24,313500.96,Credit Card,Pending,2024-11-13
ORD00544,Hunar Bakshi,Surat,Gujarat,Electronics,Headphones,5,22282.07,111410.35,Net Banking,Cancelled,2024-10-31
ORD00545,Krish Grover,Pune,Maharashtra,Furniture,Chair,5,50071.72,250358.6,UPI,Shipped,2026-02-03
ORD00546,Hridaan Basu,Guwahati,Assam,Groceries,Juice,7,63527.3,444691.1,Net Banking,Shipped,2024-05-20
ORD00547,Samaira Baria,Hyderabad,Telangana,Groceries,Milk,2,58666.29,117332.58,Net Banking,Pending,2025-01-21
ORD00548,Indrans Choudhury,Surat,Gujarat,Books,Comics,5,69032.8,345164.0,Net Banking,Pending,2025-06-26
ORD00549,Kimaya Gade,Kochi,Kerala,Sports,Football,4,17125.82,68503.28,UPI,Delivered,2025-10-26
ORD00550,Ryan Kuruvilla,Bengaluru,Karnataka,Electronics,Camera,2,35273.18,70546.36,Debit Card,Cancelled,2024-11-18
ORD00551,Anahi Soman,Nagpur,Maharashtra,Beauty,Shampoo,7,2887.37,20211.59,Net Banking,Delivered,2025-07-09
ORD00552,Armaan Wali,Patna,Bihar,Groceries,Snacks,3,7271.41,21814.23,Cash,Cancelled,2024-10-16
ORD00553,Fateh Gaba,Bhopal,Madhya Pradesh,Fashion,Jeans,3,53132.45,159397.35,Debit Card,Shipped,2024-09-22
ORD00554,Dharmajan Ganguly,Jaipur,Rajasthan,Fashion,Jeans,6,23395.23,140371.38,Net Banking,Cancelled,2025-11-25
ORD00555,Pihu Bhasin,Kochi,Kerala,Electronics,Laptop,8,85748.49,685987.92,Cash,Shipped,2024-07-15
ORD00556,Zaina Din,Kochi,Kerala,Books,Science Book,9,25146.71,226320.39,Debit Card,Pending,2025-01-23
ORD00557,Pranay Gole,Guwahati,Assam,Home Appliances,Fan,6,7452.56,44715.36,Debit Card,Shipped,2025-05-16
ORD00558,Riaan Salvi,Guwahati,Assam,Electronics,Mobile,2,83621.4,167242.8,UPI,Cancelled,2024-12-24
ORD00559,Kiara Uppal,Surat,Gujarat,Books,Biography,7,91927.73,643494.11,Credit Card,Shipped,2025-02-24
ORD00560,Kavya Chandran,Indore,Madhya Pradesh,Electronics,Headphones,9,79361.54,714253.86,Debit Card,Pending,2024-08-17
ORD00561,Tushar Ratti,Kochi,Kerala,Home Appliances,Fan,4,42868.59,171474.36,Debit Card,Delivered,2025-04-25
ORD00562,Anya Hans,Mysuru,Karnataka,Furniture,Chair,1,88524.8,88524.8,UPI,Shipped,2025-06-03
ORD00563,Jayan Sarkar,Indore,Madhya Pradesh,Furniture,Wardrobe,7,94054.31,658380.17,Net Banking,Delivered,2025-12-11
ORD00564,Anay Chanda,Chandigarh,Chandigarh,Fashion,T-Shirt,6,22449.87,134699.22,Credit Card,Shipped,2025-02-22
ORD00565,Nehmat Andra,Ahmedabad,Gujarat,Books,Comics,5,66252.09,331260.45,Credit Card,Delivered,2024-10-17
ORD00566,Ivana Divan,Guwahati,Assam,Furniture,Wardrobe,4,85832.74,343330.96,Net Banking,Shipped,2025-04-26
ORD00567,Veer Chaudry,Pune,Maharashtra,Electronics,Camera,6,10364.87,62189.22,Net Banking,Pending,2026-01-24
ORD00568,Nakul Varty,Hyderabad,Telangana,Furniture,Wardrobe,9,54622.62,491603.58,Credit Card,Shipped,2024-05-23
ORD00569,Dhanuk Luthra,Nagpur,Maharashtra,Electronics,Camera,7,76453.2,535172.4,Credit Card,Pending,2024-10-18
ORD00570,Azad Agrawal,Nagpur,Maharashtra,Fashion,Jacket,10,97470.71,974707.1,Credit Card,Pending,2024-07-13
ORD00571,Hunar Wali,Kochi,Kerala,Electronics,Camera,4,68849.14,275396.56,Cash,Pending,2025-03-14
ORD00572,Zaina Shetty,Chandigarh,Chandigarh,Home Appliances,AC,7,1318.45,9229.15,Debit Card,Cancelled,2025-12-13
ORD00573,Jayesh Saran,Guwahati,Assam,Fashion,Jeans,7,17641.8,123492.6,Credit Card,Shipped,2026-03-31
ORD00574,Eva Sane,Pune,Maharashtra,Home Appliances,Microwave,5,84429.96,422149.8,Credit Card,Shipped,2024-10-21
ORD00575,Divyansh Dada,Guwahati,Assam,Sports,Football,6,31102.31,186613.86,Cash,Pending,2025-02-23
ORD00576,Lavanya Kota,Guwahati,Assam,Books,Biography,10,47020.03,470200.3,Credit Card,Shipped,2024-10-01
ORD00577,Arnav Vala,Mumbai,Maharashtra,Fashion,Shoes,9,70943.1,638487.9,UPI,Pending,2026-03-04
ORD00578,Sumer Rao,Jaipur,Rajasthan,Furniture,Chair,3,77621.82,232865.46,UPI,Pending,2025-03-05
ORD00579,Manjari Saini,Hyderabad,Telangana,Electronics,Headphones,2,56738.22,113476.44,Cash,Shipped,2024-05-07
ORD00580,Badal Uppal,Ranchi,Jharkhand,Sports,Tennis Racket,2,80193.74,160387.48,Net Banking,Shipped,2025-02-26
ORD00581,Sahil Srivastava,Jaipur,Rajasthan,Beauty,Shampoo,1,51057.87,51057.87,UPI,Shipped,2024-11-27
ORD00582,Ranbir Jani,Lucknow,Uttar Pradesh,Fashion,Jacket,1,51643.69,51643.69,Cash,Pending,2024-10-30
ORD00583,Anvi Hayer,Vadodara,Gujarat,Home Appliances,Microwave,8,6081.98,48655.84,UPI,Shipped,2024-08-09
ORD00584,Zeeshan Rana,Kolkata,West Bengal,Fashion,Watch,4,20748.58,82994.32,Credit Card,Shipped,2025-10-18
ORD00585,Shaan Date,Nagpur,Maharashtra,Beauty,Shampoo,1,97247.55,97247.55,Net Banking,Shipped,2024-07-23
ORD00586,Samar Baral,Kochi,Kerala,Books,Comics,7,79197.53,554382.71,Debit Card,Delivered,2024-12-22
ORD00587,Aarush Varkey,Jaipur,Rajasthan,Beauty,Cream,1,50097.45,50097.45,Cash,Delivered,2024-12-15
ORD00588,Neelofar Chaudhary,Chandigarh,Chandigarh,Books,History Book,1,67137.88,67137.88,Net Banking,Delivered,2024-07-30
ORD00589,Azad Saxena,Kochi,Kerala,Home Appliances,AC,1,90434.19,90434.19,Cash,Delivered,2025-12-15
ORD00590,Prisha Chopra,Hyderabad,Telangana,Sports,Tennis Racket,2,54194.32,108388.64,Net Banking,Pending,2025-10-06
ORD00591,Himmat Krish,Mysuru,Karnataka,Furniture,Bed,10,26208.74,262087.4,Net Banking,Shipped,2025-10-31
ORD00592,Hansh Bhardwaj,Ranchi,Jharkhand,Electronics,Camera,7,26460.32,185222.24,UPI,Cancelled,2025-09-28
ORD00593,Zeeshan Atwal,Hyderabad,Telangana,Furniture,Chair,5,63584.7,317923.5,Cash,Shipped,2025-06-29
ORD00594,Kiara Sarma,Ranchi,Jharkhand,Groceries,Rice,6,46254.31,277525.86,Net Banking,Shipped,2025-08-16
ORD00595,Mahika Kulkarni,Visakhapatnam,Andhra Pradesh,Fashion,Jeans,10,31759.24,317592.4,UPI,Pending,2025-08-09
ORD00596,Seher Vaidya,Delhi,Delhi,Groceries,Milk,7,65937.45,461562.15,Debit Card,Delivered,2025-10-18
ORD00597,Divit Mangat,Delhi,Delhi,Furniture,Dining Table,7,12099.9,84699.3,Net Banking,Shipped,2025-04-25
ORD00598,Dishani Shroff,Surat,Gujarat,Home Appliances,Fan,2,19793.99,39587.98,Cash,Cancelled,2024-10-05
ORD00599,Zaina Dass,Bhopal,Madhya Pradesh,Beauty,Perfume,4,27020.36,108081.44,Debit Card,Shipped,2024-05-14
ORD00600,Onkar Kant,Surat,Gujarat,Home Appliances,Microwave,3,73107.74,219323.22,Net Banking,Cancelled,2025-10-21
ORD00601,Yashvi Gara,Chandigarh,Chandigarh,Home Appliances,Microwave,7,36614.47,256301.29,Credit Card,Shipped,2025-05-30
ORD00602,Samar Manne,Surat,Gujarat,Beauty,Face Wash,8,99515.49,796123.92,UPI,Delivered,2026-01-04
ORD00603,Zara Kade,Pune,Maharashtra,Electronics,Headphones,2,43815.25,87630.5,Net Banking,Delivered,2024-08-01
ORD00604,Nirvaan Thakur,Nagpur,Maharashtra,Books,Science Book,5,10393.49,51967.45,Net Banking,Shipped,2026-01-07
ORD00605,Nayantara Mandal,Visakhapatnam,Andhra Pradesh,Fashion,T-Shirt,7,87918.03,615426.21,UPI,Cancelled,2024-12-15
ORD00606,Aarush Khanna,Surat,Gujarat,Sports,Tennis Racket,8,17191.8,137534.4,Debit Card,Pending,2024-06-09
ORD00607,Anika Keer,Nagpur,Maharashtra,Books,Novel,4,4171.31,16685.24,Cash,Delivered,2025-05-03
ORD00608,Ojas D’Alia,Nagpur,Maharashtra,Books,Science Book,2,27032.61,54065.22,Net Banking,Shipped,2025-10-30
ORD00609,Myra Barman,Coimbatore,Tamil Nadu,Electronics,Headphones,8,35622.34,284978.72,Net Banking,Delivered,2024-11-03
ORD00610,Tarini Mannan,Noida,Uttar Pradesh,Groceries,Juice,9,1316.01,11844.09,UPI,Cancelled,2024-07-21
ORD00611,Mamooty Bal,Visakhapatnam,Andhra Pradesh,Groceries,Rice,9,26102.87,234925.83,Credit Card,Pending,2024-07-06
ORD00612,Adah Kunda,Bengaluru,Karnataka,Home Appliances,AC,6,69059.57,414357.42,Debit Card,Cancelled,2025-06-19
ORD00613,Mishti Ranganathan,Guwahati,Assam,Furniture,Wardrobe,1,86103.72,86103.72,Debit Card,Pending,2025-12-30
ORD00614,Aayush Gupta,Nagpur,Maharashtra,Beauty,Cream,3,26480.71,79442.13,Net Banking,Delivered,2025-04-25
ORD00615,Hunar Ram,Lucknow,Uttar Pradesh,Beauty,Lipstick,6,61764.85,370589.1,Credit Card,Delivered,2025-02-08
ORD00616,Mishti Bali,Bhopal,Madhya Pradesh,Groceries,Snacks,2,2659.62,5319.24,Net Banking,Pending,2024-07-14
ORD00617,Renee Dugar,Patna,Bihar,Sports,Football,10,14745.47,147454.7,Net Banking,Delivered,2024-07-20
ORD00618,Rania Ghose,Kolkata,West Bengal,Books,Comics,4,45621.68,182486.72,Net Banking,Delivered,2025-09-13
ORD00619,Vanya Keer,Indore,Madhya Pradesh,Furniture,Chair,1,62388.03,62388.03,Debit Card,Cancelled,2025-01-02
ORD00620,Lavanya Anand,Jaipur,Rajasthan,Beauty,Perfume,4,2779.29,11117.16,Debit Card,Cancelled,2024-10-23
ORD00621,Sumer Chada,Kochi,Kerala,Home Appliances,Microwave,8,62385.31,499082.48,Cash,Delivered,2025-04-30
ORD00622,Yuvaan Gill,Jaipur,Rajasthan,Home Appliances,AC,8,45750.33,366002.64,Cash,Cancelled,2025-09-03
ORD00623,Dhanush Mahajan,Jaipur,Rajasthan,Furniture,Dining Table,9,35640.63,320765.67,Debit Card,Delivered,2025-10-19
ORD00624,Ayesha Deo,Vadodara,Gujarat,Sports,Cricket Bat,10,67683.1,676831.0,Credit Card,Delivered,2026-02-03
ORD00625,Vaibhav Mahal,Kolkata,West Bengal,Home Appliances,Refrigerator,1,66210.37,66210.37,UPI,Pending,2026-03-09
ORD00626,Sara Anand,Mumbai,Maharashtra,Sports,Cricket Bat,3,88002.64,264007.92,UPI,Pending,2025-05-15
ORD00627,Ivana Chopra,Bhopal,Madhya Pradesh,Fashion,T-Shirt,4,82977.2,331908.8,Net Banking,Cancelled,2025-01-07
ORD00628,Krish Krishnan,Kolkata,West Bengal,Home Appliances,Washing Machine,5,66412.84,332064.2,UPI,Delivered,2024-11-06
ORD00629,Indrans Wable,Lucknow,Uttar Pradesh,Electronics,Camera,7,17123.54,119864.78,Credit Card,Pending,2025-04-25
ORD00630,Shanaya Chandran,Noida,Uttar Pradesh,Groceries,Snacks,7,72149.1,505043.7,Credit Card,Delivered,2025-12-23
ORD00631,Aarna D’Alia,Coimbatore,Tamil Nadu,Groceries,Juice,6,54148.68,324892.08,UPI,Delivered,2025-07-05
ORD00632,Alia Bava,Nagpur,Maharashtra,Electronics,Headphones,7,22255.97,155791.79,Debit Card,Delivered,2025-01-05
ORD00633,Nayantara Chandra,Visakhapatnam,Andhra Pradesh,Books,Novel,1,87805.35,87805.35,UPI,Shipped,2025-10-10
ORD00634,Fateh Desai,Jaipur,Rajasthan,Electronics,Mobile,5,45451.82,227259.1,Debit Card,Delivered,2025-03-10
ORD00635,Rasha Yohannan,Pune,Maharashtra,Furniture,Chair,10,40386.0,403860.0,Net Banking,Delivered,2026-03-14
ORD00636,Aaina Chandra,Chennai,Tamil Nadu,Furniture,Sofa,4,41334.96,165339.84,Cash,Delivered,2024-06-16
ORD00637,Uthkarsh Keer,Patna,Bihar,Groceries,Oil,9,51422.39,462801.51,Cash,Pending,2025-12-12
ORD00638,Kabir Wable,Vadodara,Gujarat,Electronics,Camera,6,61577.09,369462.54,Debit Card,Delivered,2024-12-23
ORD00639,Saira Sampath,Jaipur,Rajasthan,Home Appliances,Washing Machine,1,59616.81,59616.81,Cash,Pending,2025-02-14
ORD00640,Kaira Choudhry,Chennai,Tamil Nadu,Electronics,Headphones,7,31787.67,222513.69,Cash,Pending,2024-07-09
ORD00641,Renee Sachar,Hyderabad,Telangana,Books,Novel,3,75258.78,225776.34,Debit Card,Delivered,2024-05-30
ORD00642,Jayant Brahmbhatt,Vadodara,Gujarat,Fashion,Watch,4,72934.4,291737.6,Net Banking,Cancelled,2025-06-14
ORD00643,Divij Issac,Pune,Maharashtra,Home Appliances,Fan,6,51271.37,307628.22,Net Banking,Shipped,2025-01-26
ORD00644,Shaan Banerjee,Bengaluru,Karnataka,Furniture,Sofa,2,36976.15,73952.3,Debit Card,Delivered,2024-11-04
ORD00645,Kabir Zachariah,Kochi,Kerala,Books,Novel,9,45348.92,408140.28,UPI,Cancelled,2024-05-12
ORD00646,Nayantara Chandra,Coimbatore,Tamil Nadu,Beauty,Lipstick,5,49794.28,248971.4,UPI,Delivered,2025-02-19
ORD00647,Divij Malhotra,Visakhapatnam,Andhra Pradesh,Sports,Yoga Mat,6,45225.16,271350.96,Net Banking,Delivered,2025-09-01
ORD00648,Kimaya Sawhney,Patna,Bihar,Beauty,Cream,6,45191.65,271149.9,Debit Card,Shipped,2025-06-30
ORD00649,Taran Sachdeva,Pune,Maharashtra,Electronics,Mobile,6,39993.59,239961.54,Cash,Delivered,2025-06-27
ORD00650,Samarth Dewan,Visakhapatnam,Andhra Pradesh,Sports,Football,2,19090.02,38180.04,Credit Card,Shipped,2024-07-21
ORD00651,Jivin Sami,Surat,Gujarat,Sports,Football,1,93461.26,93461.26,UPI,Cancelled,2025-07-14
ORD00652,Rhea Bath,Visakhapatnam,Andhra Pradesh,Sports,Tennis Racket,2,72000.72,144001.44,Debit Card,Cancelled,2025-08-13
ORD00653,Misha Singh,Mysuru,Karnataka,Books,Science Book,1,23529.94,23529.94,UPI,Delivered,2025-05-20
ORD00654,Kiara Mand,Chandigarh,Chandigarh,Home Appliances,Washing Machine,9,20196.83,181771.47,Debit Card,Delivered,2025-01-06
ORD00655,Yuvraj  Majumdar,Kochi,Kerala,Beauty,Shampoo,1,5516.21,5516.21,Credit Card,Shipped,2025-06-21
ORD00656,Tarini Bava,Bengaluru,Karnataka,Electronics,Camera,6,90590.42,543542.52,Cash,Delivered,2025-12-28
ORD00657,Krish Banerjee,Jaipur,Rajasthan,Electronics,Mobile,10,35451.42,354514.2,Credit Card,Cancelled,2026-03-18
ORD00658,Aradhya Bedi,Coimbatore,Tamil Nadu,Sports,Football,2,39685.92,79371.84,Cash,Shipped,2024-05-07
ORD00659,Vidur Kara,Vadodara,Gujarat,Books,Biography,10,11217.15,112171.5,Cash,Shipped,2025-03-14
ORD00660,Eshani Suresh,Pune,Maharashtra,Books,History Book,5,68471.46,342357.3,UPI,Pending,2025-07-29
ORD00661,Yuvaan Kamdar,Delhi,Delhi,Books,Comics,2,53678.82,107357.64,Net Banking,Pending,2024-08-21
ORD00662,Miraan Ravi,Bhopal,Madhya Pradesh,Home Appliances,AC,6,77418.17,464509.02,Cash,Shipped,2024-11-26
ORD00663,Rohan Bava,Mysuru,Karnataka,Books,Science Book,6,72973.37,437840.22,UPI,Delivered,2025-04-04
ORD00664,Emir Sarma,Mysuru,Karnataka,Fashion,Shoes,5,90026.32,450131.6,UPI,Pending,2026-02-01
ORD00665,Yuvraj  Sha,Patna,Bihar,Groceries,Snacks,9,72874.21,655867.89,Credit Card,Shipped,2024-11-01
ORD00666,Prerak Shetty,Lucknow,Uttar Pradesh,Home Appliances,Fan,10,67543.97,675439.7,Credit Card,Shipped,2024-07-26
ORD00667,Keya Manne,Nagpur,Maharashtra,Fashion,Shoes,7,6918.97,48432.79,Net Banking,Delivered,2024-11-23
ORD00668,Arnav Rastogi,Ahmedabad,Gujarat,Electronics,Smart TV,7,56117.84,392824.88,Credit Card,Cancelled,2024-08-25
ORD00669,Rhea Bhatnagar,Patna,Bihar,Groceries,Rice,5,56603.25,283016.25,Debit Card,Pending,2026-04-26
ORD00670,Rasha Bassi,Pune,Maharashtra,Beauty,Lipstick,5,32611.51,163057.55,Debit Card,Cancelled,2025-10-08
ORD00671,Aradhya Tata,Chandigarh,Chandigarh,Home Appliances,Washing Machine,5,657.44,3287.2,UPI,Shipped,2025-01-14
ORD00672,Indranil Shroff,Kochi,Kerala,Books,Novel,4,33425.03,133700.12,Net Banking,Delivered,2025-12-11
ORD00673,Hazel Kari,Chennai,Tamil Nadu,Electronics,Mobile,10,71050.24,710502.4,Net Banking,Cancelled,2024-05-28
ORD00674,Sumer Sarkar,Mysuru,Karnataka,Groceries,Milk,3,51247.39,153742.17,UPI,Cancelled,2024-12-27
ORD00675,Sumer Maharaj,Coimbatore,Tamil Nadu,Home Appliances,Microwave,6,60404.81,362428.86,Debit Card,Delivered,2025-10-10
ORD00676,Abram Keer,Lucknow,Uttar Pradesh,Home Appliances,AC,2,27687.47,55374.94,Net Banking,Cancelled,2026-04-25
ORD00677,Anahi Gaba,Noida,Uttar Pradesh,Electronics,Mobile,2,85867.88,171735.76,Credit Card,Delivered,2025-06-29
ORD00678,Jayesh Biswas,Kolkata,West Bengal,Home Appliances,Washing Machine,3,99230.42,297691.26,Credit Card,Delivered,2024-09-12
ORD00679,Hazel Dhingra,Ahmedabad,Gujarat,Books,Science Book,6,22434.08,134604.48,Debit Card,Shipped,2025-11-23
ORD00680,Sahil Setty,Vadodara,Gujarat,Furniture,Sofa,9,5750.18,51751.62,UPI,Cancelled,2025-08-08
ORD00681,Ojas Bali,Lucknow,Uttar Pradesh,Books,Comics,9,76832.59,691493.31,Debit Card,Delivered,2025-03-07
ORD00682,Nitara Korpal,Ranchi,Jharkhand,Groceries,Oil,2,17835.35,35670.7,Net Banking,Pending,2024-10-07
ORD00683,Rania Dhar,Mysuru,Karnataka,Furniture,Chair,2,66131.86,132263.72,Debit Card,Cancelled,2024-07-13
ORD00684,Zain Gour,Pune,Maharashtra,Electronics,Mobile,4,71851.97,287407.88,Credit Card,Pending,2024-10-27
ORD00685,Ayesha Verma,Mumbai,Maharashtra,Sports,Cricket Bat,2,87717.7,175435.4,Net Banking,Pending,2025-01-03
ORD00686,Alisha Raval,Nagpur,Maharashtra,Home Appliances,Washing Machine,2,84309.01,168618.02,Credit Card,Delivered,2025-06-06
ORD00687,Aarna Kapoor,Coimbatore,Tamil Nadu,Sports,Yoga Mat,7,15807.34,110651.38,Cash,Cancelled,2025-04-22
ORD00688,Manjari Krish,Lucknow,Uttar Pradesh,Groceries,Oil,1,43996.64,43996.64,Cash,Shipped,2025-07-06
ORD00689,Diya Yogi,Guwahati,Assam,Beauty,Cream,3,64313.52,192940.56,UPI,Cancelled,2024-10-18
ORD00690,Armaan Agarwal,Kochi,Kerala,Fashion,Watch,2,22644.61,45289.22,Cash,Shipped,2025-03-18
ORD00691,Pari Kalla,Kolkata,West Bengal,Sports,Gym Bag,10,3372.23,33722.3,Cash,Shipped,2025-12-05
ORD00692,Biju Sheth,Surat,Gujarat,Groceries,Snacks,7,53327.03,373289.21,Debit Card,Cancelled,2024-10-03
ORD00693,Saira Basak,Visakhapatnam,Andhra Pradesh,Electronics,Laptop,6,27324.21,163945.26,Debit Card,Delivered,2026-03-05
ORD00694,Dishani Bali,Indore,Madhya Pradesh,Groceries,Oil,5,35503.2,177516.0,Net Banking,Delivered,2025-09-29
ORD00695,Saira Sarkar,Bhopal,Madhya Pradesh,Furniture,Sofa,7,25024.78,175173.46,Debit Card,Delivered,2024-09-10
ORD00696,Neysa Amble,Surat,Gujarat,Electronics,Camera,8,19761.78,158094.24,Credit Card,Delivered,2026-03-01
ORD00697,Ira Ghose,Delhi,Delhi,Home Appliances,AC,3,5716.74,17150.22,UPI,Shipped,2025-02-14
ORD00698,Chirag Sani,Bhopal,Madhya Pradesh,Fashion,Shoes,7,35697.73,249884.11,UPI,Cancelled,2025-09-15
ORD00699,Keya Ahuja,Vadodara,Gujarat,Fashion,Shoes,5,24689.94,123449.7,Debit Card,Cancelled,2025-02-04
ORD00700,Nayantara Sandal,Chennai,Tamil Nadu,Electronics,Laptop,8,83922.31,671378.48,Cash,Pending,2025-09-25
ORD00701,Purab Madan,Mysuru,Karnataka,Furniture,Wardrobe,8,96383.06,771064.48,Net Banking,Shipped,2026-01-02
ORD00702,Ritvik Vohra,Noida,Uttar Pradesh,Electronics,Camera,3,86289.67,258869.01,Credit Card,Delivered,2024-10-20
ORD00703,Mehul Chakrabarti,Visakhapatnam,Andhra Pradesh,Home Appliances,AC,8,84156.66,673253.28,UPI,Shipped,2024-10-23
ORD00704,Raunak Ramachandran,Jaipur,Rajasthan,Beauty,Face Wash,10,50543.21,505432.1,Credit Card,Shipped,2025-07-18
ORD00705,Zaina Bhalla,Ahmedabad,Gujarat,Beauty,Face Wash,3,42561.95,127685.85,Debit Card,Cancelled,2024-09-18
ORD00706,Rati Shanker,Nagpur,Maharashtra,Beauty,Face Wash,5,26594.19,132970.95,Cash,Pending,2024-06-21
ORD00707,Tiya Lall,Ahmedabad,Gujarat,Electronics,Mobile,6,51972.85,311837.1,UPI,Delivered,2025-06-24
ORD00708,Prisha Goel,Bhopal,Madhya Pradesh,Electronics,Headphones,8,59783.24,478265.92,Net Banking,Delivered,2026-04-08
ORD00709,Ivan Kalla,Hyderabad,Telangana,Sports,Gym Bag,2,84654.86,169309.72,Net Banking,Shipped,2025-06-04
ORD00710,Advika Bansal,Pune,Maharashtra,Furniture,Sofa,1,11870.05,11870.05,Cash,Delivered,2025-09-17
ORD00711,Zaina Rattan,Chennai,Tamil Nadu,Electronics,Smart TV,8,26677.75,213422.0,Credit Card,Cancelled,2024-09-20
ORD00712,Kiaan Dass,Coimbatore,Tamil Nadu,Fashion,Shoes,7,49561.97,346933.79,Debit Card,Delivered,2025-05-10
ORD00713,Faiyaz Bedi,Surat,Gujarat,Fashion,Watch,3,12471.21,37413.63,UPI,Pending,2025-11-15
ORD00714,Madhup Bir,Visakhapatnam,Andhra Pradesh,Books,Biography,7,36843.62,257905.34,Credit Card,Shipped,2024-10-09
ORD00715,Shanaya Rout,Nagpur,Maharashtra,Fashion,Shoes,1,57003.27,57003.27,Credit Card,Shipped,2024-09-04
ORD00716,Khushi Balan,Nagpur,Maharashtra,Fashion,Watch,4,38124.86,152499.44,Debit Card,Shipped,2026-02-20
ORD00717,Kiara Din,Chandigarh,Chandigarh,Sports,Football,4,27233.85,108935.4,UPI,Pending,2024-08-02
ORD00718,Bhamini Sandhu,Coimbatore,Tamil Nadu,Beauty,Lipstick,3,18144.41,54433.23,Cash,Delivered,2026-03-22
ORD00719,Eshani Ganesan,Indore,Madhya Pradesh,Home Appliances,AC,5,35088.42,175442.1,Cash,Pending,2025-02-02
ORD00720,Mishti Sodhi,Vadodara,Gujarat,Groceries,Oil,3,28404.83,85214.49,Cash,Pending,2026-04-27
ORD00721,Hazel Vyas,Lucknow,Uttar Pradesh,Books,Novel,1,5407.09,5407.09,Debit Card,Pending,2025-01-06
ORD00722,Amira Sandal,Ahmedabad,Gujarat,Electronics,Mobile,7,67082.9,469580.3,UPI,Shipped,2025-05-05
ORD00723,Reyansh Borah,Surat,Gujarat,Sports,Football,8,30857.06,246856.48,UPI,Cancelled,2025-08-24
ORD00724,Taran Keer,Vadodara,Gujarat,Beauty,Cream,5,77511.26,387556.3,Cash,Delivered,2025-04-25
ORD00725,Ranbir Raman,Mumbai,Maharashtra,Home Appliances,Refrigerator,3,21396.37,64189.11,Credit Card,Delivered,2024-12-29
ORD00726,Ryan Aggarwal,Delhi,Delhi,Fashion,Shoes,10,39796.21,397962.1,Credit Card,Delivered,2025-03-17
ORD00727,Trisha Contractor,Patna,Bihar,Furniture,Sofa,2,7557.28,15114.56,Credit Card,Cancelled,2025-08-30
ORD00728,Rohan Kalla,Delhi,Delhi,Home Appliances,Washing Machine,7,93903.2,657322.4,Credit Card,Delivered,2026-04-24
ORD00729,Urvi Sinha,Nagpur,Maharashtra,Books,Comics,7,64871.24,454098.68,Debit Card,Cancelled,2025-06-15
ORD00730,Keya Sharaf,Hyderabad,Telangana,Books,Science Book,9,37010.86,333097.74,Debit Card,Delivered,2025-05-07
ORD00731,Trisha Thaker,Vadodara,Gujarat,Books,History Book,7,5348.43,37439.01,Credit Card,Cancelled,2025-11-18
ORD00732,Neysa Kibe,Chennai,Tamil Nadu,Groceries,Rice,7,87951.77,615662.39,UPI,Cancelled,2025-01-30
ORD00733,Misha Sanghvi,Mumbai,Maharashtra,Books,Comics,7,11719.13,82033.91,Credit Card,Shipped,2025-03-17
ORD00734,Sana Choudhry,Nagpur,Maharashtra,Fashion,T-Shirt,10,38085.25,380852.5,Cash,Cancelled,2025-10-04
ORD00735,Veer Bal,Pune,Maharashtra,Fashion,T-Shirt,3,92476.75,277430.25,UPI,Delivered,2026-02-06
ORD00736,Taran Gole,Nagpur,Maharashtra,Sports,Yoga Mat,10,44438.48,444384.8,Debit Card,Cancelled,2024-11-06
ORD00737,Tushar Sem,Chennai,Tamil Nadu,Beauty,Cream,9,19634.21,176707.89,Debit Card,Delivered,2026-03-15
ORD00738,Aarush Gola,Hyderabad,Telangana,Books,Biography,6,49421.83,296530.98,Debit Card,Cancelled,2024-09-08
ORD00739,Aarna Dave,Bengaluru,Karnataka,Furniture,Sofa,6,6572.35,39434.1,UPI,Delivered,2024-12-18
ORD00740,Anaya Devan,Visakhapatnam,Andhra Pradesh,Sports,Yoga Mat,6,83267.48,499604.88,Credit Card,Delivered,2026-01-31
ORD00741,Ivana Rattan,Delhi,Delhi,Beauty,Shampoo,8,95934.01,767472.08,Debit Card,Cancelled,2025-04-14
ORD00742,Ehsaan Kaur,Bengaluru,Karnataka,Furniture,Bed,1,57185.86,57185.86,Cash,Pending,2025-11-26
ORD00743,Samarth Doshi,Kochi,Kerala,Beauty,Cream,3,44214.45,132643.35,Net Banking,Shipped,2024-06-20
ORD00744,Veer Gara,Noida,Uttar Pradesh,Furniture,Bed,2,13801.23,27602.46,Credit Card,Delivered,2024-10-15
ORD00745,Siya Vig,Indore,Madhya Pradesh,Fashion,Jacket,3,10577.56,31732.68,Cash,Pending,2025-04-24
ORD00746,Nirvaan Ramaswamy,Mysuru,Karnataka,Furniture,Dining Table,1,18519.04,18519.04,Net Banking,Shipped,2025-05-27
ORD00747,Stuvan Sodhi,Noida,Uttar Pradesh,Sports,Yoga Mat,5,5883.03,29415.15,Net Banking,Delivered,2024-07-30
ORD00748,Bhamini Bhargava,Mumbai,Maharashtra,Books,Science Book,3,37966.32,113898.96,Cash,Delivered,2024-11-21
ORD00749,Mishti Desai,Visakhapatnam,Andhra Pradesh,Sports,Gym Bag,5,43339.6,216698.0,Debit Card,Pending,2025-06-28
ORD00750,Devansh Aggarwal,Guwahati,Assam,Fashion,Shoes,6,7458.72,44752.32,Debit Card,Shipped,2025-12-28
ORD00751,Lakshay Kumer,Kochi,Kerala,Groceries,Snacks,10,66648.18,666481.8,Debit Card,Pending,2025-10-10
ORD00752,Ivana Bala,Jaipur,Rajasthan,Beauty,Face Wash,10,37339.52,373395.2,UPI,Shipped,2024-12-29
ORD00753,Tarini Sood,Bengaluru,Karnataka,Sports,Yoga Mat,7,82855.29,579987.03,Net Banking,Cancelled,2026-02-05
ORD00754,Shalv Rao,Jaipur,Rajasthan,Beauty,Perfume,7,53136.15,371953.05,Credit Card,Shipped,2026-02-06
ORD00755,Mishti Keer,Mumbai,Maharashtra,Groceries,Milk,6,7352.52,44115.12,Cash,Shipped,2026-01-31
ORD00756,Anahita Madan,Indore,Madhya Pradesh,Books,Comics,1,8871.26,8871.26,Debit Card,Cancelled,2025-08-04
ORD00757,Tiya Bal,Nagpur,Maharashtra,Furniture,Chair,7,86010.77,602075.39,UPI,Shipped,2025-12-25
ORD00758,Yashvi Sengupta,Visakhapatnam,Andhra Pradesh,Fashion,Jacket,3,98074.51,294223.53,Net Banking,Cancelled,2025-06-12
ORD00759,Tara Zachariah,Ranchi,Jharkhand,Books,Comics,1,94413.97,94413.97,Debit Card,Delivered,2025-06-27
ORD00760,Mamooty Atwal,Noida,Uttar Pradesh,Sports,Cricket Bat,6,51128.74,306772.44,Credit Card,Cancelled,2025-08-17
ORD00761,Sumer Gole,Bhopal,Madhya Pradesh,Electronics,Headphones,9,5336.67,48030.03,Cash,Shipped,2024-08-31
ORD00762,Ritvik Kala,Kolkata,West Bengal,Groceries,Juice,7,93653.52,655574.64,Net Banking,Cancelled,2025-09-15
ORD00763,Mahika Chaudhuri,Jaipur,Rajasthan,Furniture,Sofa,2,92654.64,185309.28,Credit Card,Shipped,2024-08-09
ORD00764,Aradhya Datta,Bengaluru,Karnataka,Sports,Gym Bag,5,75508.96,377544.8,Debit Card,Shipped,2026-02-25
ORD00765,Hazel Tank,Bhopal,Madhya Pradesh,Furniture,Dining Table,2,79032.13,158064.26,Net Banking,Shipped,2024-05-08
ORD00766,Reyansh Venkataraman,Surat,Gujarat,Books,Comics,5,65799.48,328997.4,UPI,Delivered,2025-07-02
ORD00767,Anaya Behl,Mysuru,Karnataka,Beauty,Perfume,8,37130.72,297045.76,Cash,Shipped,2024-06-29
ORD00768,Aarna Sandhu,Guwahati,Assam,Home Appliances,Fan,4,4953.71,19814.84,Net Banking,Shipped,2024-08-21
ORD00769,Anvi Ganguly,Kolkata,West Bengal,Sports,Yoga Mat,9,93491.85,841426.65,Cash,Pending,2024-09-01
ORD00770,Eva Choudhry,Delhi,Delhi,Books,Comics,4,82183.04,328732.16,Net Banking,Shipped,2025-10-20
ORD00771,Pari Agrawal,Mumbai,Maharashtra,Furniture,Bed,7,42786.38,299504.66,UPI,Shipped,2025-02-23
ORD00772,Pranay Banik,Chandigarh,Chandigarh,Beauty,Lipstick,8,78533.4,628267.2,UPI,Delivered,2025-09-28
ORD00773,Riya Raja,Patna,Bihar,Electronics,Mobile,8,39534.88,316279.04,UPI,Pending,2025-10-07
ORD00774,Nirvaan Aggarwal,Bhopal,Madhya Pradesh,Beauty,Lipstick,2,64634.23,129268.46,Net Banking,Cancelled,2025-03-26
ORD00775,Fateh Sarma,Ahmedabad,Gujarat,Home Appliances,Refrigerator,3,39839.47,119518.41,Credit Card,Delivered,2025-02-06
ORD00776,Kanav Kaur,Coimbatore,Tamil Nadu,Home Appliances,Washing Machine,2,60565.15,121130.3,Net Banking,Shipped,2026-04-29
ORD00777,Indrajit Barman,Kolkata,West Bengal,Electronics,Laptop,3,56034.18,168102.54,UPI,Cancelled,2026-01-11
ORD00778,Himmat Sanghvi,Ahmedabad,Gujarat,Home Appliances,Microwave,3,44691.63,134074.89,Credit Card,Cancelled,2025-06-22
ORD00779,Hridaan Lalla,Mysuru,Karnataka,Furniture,Chair,1,79012.92,79012.92,Net Banking,Cancelled,2024-11-15
ORD00780,Abram Kala,Ahmedabad,Gujarat,Groceries,Rice,6,51693.05,310158.3,Credit Card,Cancelled,2024-05-07
ORD00781,Aradhya Dara,Mysuru,Karnataka,Electronics,Headphones,2,69486.75,138973.5,Credit Card,Shipped,2024-12-09
ORD00782,Tarini Yogi,Chandigarh,Chandigarh,Beauty,Cream,10,89017.46,890174.6,UPI,Cancelled,2024-10-16
ORD00783,Lagan Mander,Chandigarh,Chandigarh,Home Appliances,Refrigerator,6,34136.59,204819.54,Net Banking,Pending,2024-09-14
ORD00784,Dishani Chakrabarti,Lucknow,Uttar Pradesh,Home Appliances,Refrigerator,4,89758.8,359035.2,Debit Card,Shipped,2024-08-31
ORD00785,Suhana Kaul,Kochi,Kerala,Fashion,Jeans,2,86416.47,172832.94,UPI,Delivered,2024-05-22
ORD00786,Mohanlal Bera,Lucknow,Uttar Pradesh,Fashion,Watch,4,98256.94,393027.76,Credit Card,Cancelled,2026-04-08
ORD00787,Sumer Rattan,Hyderabad,Telangana,Furniture,Chair,2,87977.72,175955.44,Debit Card,Cancelled,2025-12-26
ORD00788,Krish Gill,Bhopal,Madhya Pradesh,Books,Novel,7,60122.46,420857.22,Debit Card,Pending,2026-02-16
ORD00789,Navya Bhattacharyya,Chennai,Tamil Nadu,Groceries,Oil,5,76062.73,380313.65,Debit Card,Cancelled,2026-01-15
ORD00790,Fateh Agrawal,Ahmedabad,Gujarat,Groceries,Milk,3,92408.37,277225.11,Cash,Delivered,2025-08-18
ORD00791,Eshani Maharaj,Delhi,Delhi,Fashion,Shoes,4,77676.49,310705.96,UPI,Pending,2024-08-22
ORD00792,Heer Shah,Bengaluru,Karnataka,Sports,Cricket Bat,6,61150.29,366901.74,UPI,Shipped,2026-02-22
ORD00793,Pranay Agarwal,Patna,Bihar,Fashion,T-Shirt,7,58207.3,407451.1,Debit Card,Delivered,2024-06-26
ORD00794,Rhea Ghosh,Bhopal,Madhya Pradesh,Fashion,Shoes,6,36326.74,217960.44,Net Banking,Delivered,2026-03-21
ORD00795,Divit Contractor,Patna,Bihar,Beauty,Shampoo,10,85880.57,858805.7,Net Banking,Cancelled,2024-11-12
ORD00796,Siya Kaur,Coimbatore,Tamil Nadu,Groceries,Milk,7,43125.31,301877.17,Debit Card,Pending,2025-03-16
ORD00797,Myra Tak,Mumbai,Maharashtra,Furniture,Chair,3,92678.21,278034.63,Credit Card,Delivered,2025-11-10
ORD00798,Vaibhav Karpe,Hyderabad,Telangana,Home Appliances,AC,6,28476.15,170856.9,Debit Card,Pending,2025-07-03
ORD00799,Chirag Vala,Lucknow,Uttar Pradesh,Sports,Tennis Racket,4,15192.99,60771.96,Net Banking,Delivered,2025-02-22
ORD00800,Mohanlal Saraf,Delhi,Delhi,Home Appliances,Washing Machine,7,13228.56,92599.92,UPI,Cancelled,2025-01-26
ORD00801,Biju Samra,Vadodara,Gujarat,Sports,Cricket Bat,4,47133.2,188532.8,Cash,Shipped,2025-12-08
ORD00802,Zara Kurian,Delhi,Delhi,Home Appliances,Refrigerator,7,72415.9,506911.3,Credit Card,Pending,2025-01-12
ORD00803,Tushar Malhotra,Surat,Gujarat,Books,Comics,2,13923.84,27847.68,Debit Card,Delivered,2026-04-09
ORD00804,Mahika Dubey,Mysuru,Karnataka,Electronics,Smart TV,4,78743.75,314975.0,Debit Card,Pending,2024-11-21
ORD00805,Kiaan Khurana,Mysuru,Karnataka,Groceries,Juice,6,39025.52,234153.12,Net Banking,Delivered,2026-04-04
ORD00806,Yasmin Batta,Patna,Bihar,Furniture,Wardrobe,4,9597.6,38390.4,Credit Card,Pending,2026-02-19
ORD00807,Mannat Das,Lucknow,Uttar Pradesh,Sports,Cricket Bat,9,11518.74,103668.66,Cash,Shipped,2025-03-18
ORD00808,Purab Balakrishnan,Ahmedabad,Gujarat,Groceries,Rice,8,39343.21,314745.68,Net Banking,Delivered,2025-02-12
ORD00809,Dhanush Gera,Ahmedabad,Gujarat,Furniture,Bed,1,60714.13,60714.13,UPI,Shipped,2026-04-12
ORD00810,Kavya Bumb,Chandigarh,Chandigarh,Beauty,Shampoo,8,59291.16,474329.28,Debit Card,Cancelled,2025-04-24
ORD00811,Shaan Thakur,Ahmedabad,Gujarat,Fashion,Jacket,2,23127.76,46255.52,UPI,Shipped,2024-06-21
ORD00812,Kartik Sachar,Chandigarh,Chandigarh,Furniture,Bed,10,26449.24,264492.4,Debit Card,Pending,2024-08-29
ORD00813,Rhea Golla,Kochi,Kerala,Groceries,Oil,10,12701.53,127015.3,Net Banking,Delivered,2024-12-09
ORD00814,Dhanuk Datta,Chennai,Tamil Nadu,Books,Biography,8,6310.17,50481.36,UPI,Shipped,2025-06-26
ORD00815,Amira Chadha,Coimbatore,Tamil Nadu,Fashion,Jeans,4,68044.94,272179.76,Credit Card,Pending,2025-02-05
ORD00816,Dhruv Devan,Pune,Maharashtra,Furniture,Dining Table,6,77671.07,466026.42,UPI,Shipped,2026-03-26
ORD00817,Ojas Soman,Ranchi,Jharkhand,Sports,Gym Bag,1,22157.87,22157.87,Cash,Pending,2025-04-01
ORD00818,Jayant Dash,Kochi,Kerala,Groceries,Rice,8,69426.66,555413.28,Debit Card,Shipped,2024-05-25
ORD00819,Shanaya Kari,Vadodara,Gujarat,Furniture,Chair,5,35283.12,176415.6,Debit Card,Cancelled,2024-08-17
ORD00820,Kaira Acharya,Noida,Uttar Pradesh,Home Appliances,Refrigerator,9,20625.88,185632.92,UPI,Shipped,2026-04-20
ORD00821,Fateh Rau,Noida,Uttar Pradesh,Books,Comics,9,84737.84,762640.56,Debit Card,Shipped,2025-02-07
ORD00822,Miraan Sahota,Visakhapatnam,Andhra Pradesh,Fashion,Shoes,1,69000.93,69000.93,Credit Card,Cancelled,2025-02-03
ORD00823,Sara Bobal,Hyderabad,Telangana,Sports,Tennis Racket,3,27724.46,83173.38,Debit Card,Delivered,2025-04-28
ORD00824,Indrans Thaman,Ahmedabad,Gujarat,Beauty,Perfume,6,23157.44,138944.64,UPI,Delivered,2024-06-18
ORD00825,Anay Gaba,Chandigarh,Chandigarh,Books,Comics,6,97191.45,583148.7,Cash,Shipped,2025-10-09
ORD00826,Yasmin Verma,Patna,Bihar,Sports,Tennis Racket,2,50055.76,100111.52,UPI,Shipped,2025-09-30
ORD00827,Lavanya Salvi,Surat,Gujarat,Beauty,Shampoo,8,13612.29,108898.32,Net Banking,Delivered,2025-01-02
ORD00828,Stuvan Swamy,Ranchi,Jharkhand,Books,Novel,6,63046.05,378276.3,UPI,Pending,2024-07-04
ORD00829,Kaira Behl,Delhi,Delhi,Electronics,Camera,6,79803.87,478823.22,UPI,Shipped,2024-08-20
ORD00830,Hiran Sarma,Bhopal,Madhya Pradesh,Electronics,Laptop,5,94005.12,470025.6,UPI,Shipped,2024-09-13
ORD00831,Ela Krish,Ahmedabad,Gujarat,Groceries,Oil,10,53722.57,537225.7,UPI,Cancelled,2025-06-25
ORD00832,Keya Bera,Coimbatore,Tamil Nadu,Home Appliances,Refrigerator,8,17993.55,143948.4,UPI,Delivered,2025-03-07
ORD00833,Akarsh Keer,Chandigarh,Chandigarh,Beauty,Shampoo,1,76402.49,76402.49,UPI,Shipped,2026-03-15
ORD00834,Ritvik Kapoor,Vadodara,Gujarat,Books,Comics,10,98310.85,983108.5,Cash,Delivered,2025-01-16
ORD00835,Yashvi Bumb,Coimbatore,Tamil Nadu,Groceries,Oil,4,93223.6,372894.4,Debit Card,Cancelled,2025-03-18
ORD00836,Purab Baral,Mysuru,Karnataka,Books,History Book,9,77162.78,694465.02,Debit Card,Pending,2025-12-31
ORD00837,Fateh Gour,Vadodara,Gujarat,Home Appliances,AC,3,28803.12,86409.36,Cash,Delivered,2024-08-03
ORD00838,Vidur Badami,Ranchi,Jharkhand,Sports,Tennis Racket,6,66516.51,399099.06,Cash,Pending,2024-12-30
ORD00839,Anahita Ahluwalia,Vadodara,Gujarat,Electronics,Camera,9,88584.48,797260.32,Cash,Delivered,2026-01-23
ORD00840,Aarav Ray,Chennai,Tamil Nadu,Electronics,Mobile,4,95723.01,382892.04,Cash,Shipped,2026-04-02
ORD00841,Dishani Sunder,Visakhapatnam,Andhra Pradesh,Sports,Cricket Bat,6,16794.09,100764.54,Cash,Cancelled,2024-12-29
ORD00842,Chirag Bhatnagar,Noida,Uttar Pradesh,Home Appliances,Microwave,4,75830.03,303320.12,Net Banking,Cancelled,2025-10-09
ORD00843,Gokul Dutt,Bhopal,Madhya Pradesh,Books,Novel,3,63212.36,189637.08,Credit Card,Cancelled,2025-05-02
ORD00844,Tiya Shankar,Ranchi,Jharkhand,Sports,Football,2,69902.51,139805.02,Credit Card,Delivered,2026-01-03
ORD00845,Vanya Sagar,Indore,Madhya Pradesh,Beauty,Lipstick,2,57287.11,114574.22,UPI,Cancelled,2025-10-09
ORD00846,Vihaan Balasubramanian,Kochi,Kerala,Fashion,Jacket,3,12964.59,38893.77,Debit Card,Delivered,2025-07-04
ORD00847,Mannat Arora,Ahmedabad,Gujarat,Home Appliances,Fan,5,84501.12,422505.6,UPI,Cancelled,2024-05-25
ORD00848,Onkar Bath,Vadodara,Gujarat,Groceries,Snacks,6,89816.74,538900.44,Net Banking,Cancelled,2024-06-29
ORD00849,Kimaya Jayaraman,Mysuru,Karnataka,Books,History Book,3,87351.37,262054.11,Cash,Shipped,2026-01-05
ORD00850,Yashvi Thaker,Bengaluru,Karnataka,Home Appliances,Washing Machine,6,64464.94,386789.64,Debit Card,Cancelled,2025-09-24
ORD00851,Sahil Gour,Kochi,Kerala,Home Appliances,Microwave,6,57521.95,345131.7,Net Banking,Pending,2024-06-03
ORD00852,Nayantara Contractor,Surat,Gujarat,Beauty,Lipstick,10,36448.56,364485.6,UPI,Cancelled,2026-01-30
ORD00853,Hrishita Kuruvilla,Hyderabad,Telangana,Fashion,Watch,9,99869.81,898828.29,Cash,Pending,2025-05-23
ORD00854,Kabir Tata,Bhopal,Madhya Pradesh,Sports,Football,3,68076.2,204228.6,Debit Card,Pending,2026-01-10
ORD00855,Sahil Balan,Kolkata,West Bengal,Books,Comics,5,91786.97,458934.85,Debit Card,Pending,2025-01-07
ORD00856,Tanya Ramaswamy,Indore,Madhya Pradesh,Books,Science Book,9,696.12,6265.08,Debit Card,Shipped,2024-11-03
ORD00857,Stuvan Sura,Ranchi,Jharkhand,Fashion,T-Shirt,3,27913.55,83740.65,Credit Card,Shipped,2025-02-04
ORD00858,Ela Hayre,Visakhapatnam,Andhra Pradesh,Electronics,Headphones,5,27758.16,138790.8,Credit Card,Shipped,2024-08-09
ORD00859,Jivin Thakur,Ranchi,Jharkhand,Electronics,Camera,9,67851.17,610660.53,Net Banking,Shipped,2025-01-01
ORD00860,Kartik Chaudhry,Surat,Gujarat,Groceries,Milk,5,4653.62,23268.1,Net Banking,Pending,2026-03-10
ORD00861,Prisha Chakrabarti,Chandigarh,Chandigarh,Electronics,Mobile,4,18640.09,74560.36,Debit Card,Shipped,2025-11-05
ORD00862,Aarna Balay,Visakhapatnam,Andhra Pradesh,Groceries,Oil,4,41501.96,166007.84,UPI,Pending,2025-08-28
ORD00863,Yashvi Jaggi,Nagpur,Maharashtra,Groceries,Rice,10,37546.86,375468.6,Credit Card,Delivered,2024-06-28
ORD00864,Lavanya Deo,Chennai,Tamil Nadu,Sports,Tennis Racket,7,38500.96,269506.72,Credit Card,Delivered,2024-10-23
ORD00865,Trisha Swamy,Mumbai,Maharashtra,Books,Science Book,3,70848.16,212544.48,UPI,Pending,2024-07-21
ORD00866,Uthkarsh Thakkar,Indore,Madhya Pradesh,Groceries,Milk,8,87138.18,697105.44,Net Banking,Cancelled,2025-01-18
ORD00867,Bhamini Buch,Nagpur,Maharashtra,Books,History Book,10,11881.91,118819.1,Net Banking,Delivered,2024-09-26
ORD00868,Myra Deep,Kochi,Kerala,Groceries,Juice,10,31964.39,319643.9,Credit Card,Shipped,2024-07-16
ORD00869,Vanya Keer,Ranchi,Jharkhand,Books,Science Book,6,14253.37,85520.22,Debit Card,Cancelled,2025-08-10
ORD00870,Badal Chaudhari,Noida,Uttar Pradesh,Electronics,Smart TV,8,87622.63,700981.04,Credit Card,Cancelled,2024-11-13
ORD00871,Mehul Kunda,Vadodara,Gujarat,Beauty,Face Wash,6,16510.4,99062.4,Net Banking,Delivered,2024-06-20
ORD00872,Nitya Singh,Kochi,Kerala,Fashion,T-Shirt,4,53400.58,213602.32,Cash,Pending,2025-01-20
ORD00873,Tejas Tailor,Patna,Bihar,Furniture,Chair,3,70239.19,210717.57,Net Banking,Pending,2024-08-09
ORD00874,Riaan Rau,Bhopal,Madhya Pradesh,Home Appliances,Refrigerator,4,11129.76,44519.04,Net Banking,Pending,2024-08-08
ORD00875,Shayak Tata,Vadodara,Gujarat,Fashion,T-Shirt,4,51965.08,207860.32,UPI,Shipped,2026-03-13
ORD00876,Aarna Rattan,Mumbai,Maharashtra,Fashion,Shoes,5,70962.24,354811.2,Cash,Delivered,2025-10-21
ORD00877,Prisha Soman,Ranchi,Jharkhand,Sports,Cricket Bat,10,49973.61,499736.1,Net Banking,Pending,2025-11-26
ORD00878,Kabir Garde,Mumbai,Maharashtra,Fashion,T-Shirt,10,28388.89,283888.9,Cash,Cancelled,2026-01-13
ORD00879,Tara Basu,Noida,Uttar Pradesh,Beauty,Shampoo,2,64594.47,129188.94,UPI,Delivered,2024-12-04
ORD00880,Amani Sood,Ranchi,Jharkhand,Electronics,Smart TV,9,64184.78,577663.02,Debit Card,Cancelled,2026-02-16
ORD00881,Navya Bhat,Hyderabad,Telangana,Beauty,Lipstick,2,77097.07,154194.14,Net Banking,Cancelled,2025-01-08
ORD00882,Drishya Brahmbhatt,Ahmedabad,Gujarat,Sports,Cricket Bat,2,98668.16,197336.32,Net Banking,Shipped,2025-12-04
ORD00883,Himmat Venkatesh,Surat,Gujarat,Sports,Cricket Bat,8,29821.72,238573.76,Credit Card,Cancelled,2024-05-09
ORD00884,Lakshit Grewal,Ranchi,Jharkhand,Books,Novel,8,71045.47,568363.76,Net Banking,Delivered,2025-01-03
ORD00885,Adira Sama,Bhopal,Madhya Pradesh,Beauty,Shampoo,9,75855.4,682698.6,Credit Card,Shipped,2025-10-21
ORD00886,Lakshit Brar,Pune,Maharashtra,Beauty,Face Wash,8,87501.45,700011.6,Net Banking,Shipped,2026-03-02
ORD00887,Shray Vaidya,Guwahati,Assam,Sports,Gym Bag,7,81247.28,568730.96,Credit Card,Cancelled,2025-05-19
ORD00888,Vardaniya Subramaniam,Bengaluru,Karnataka,Home Appliances,Microwave,7,23553.72,164876.04,Credit Card,Cancelled,2025-09-19
ORD00889,Mehul Bhargava,Ahmedabad,Gujarat,Fashion,Watch,7,95582.68,669078.76,Net Banking,Shipped,2025-05-19
ORD00890,Ira Chandran,Kochi,Kerala,Fashion,Shoes,7,70809.86,495669.02,UPI,Cancelled,2025-03-29
ORD00891,Badal Goyal,Delhi,Delhi,Beauty,Shampoo,1,24066.59,24066.59,Credit Card,Pending,2025-01-22
ORD00892,Zoya Bhatnagar,Ranchi,Jharkhand,Sports,Football,1,15251.8,15251.8,Debit Card,Cancelled,2024-05-14
ORD00893,Yashvi Maharaj,Indore,Madhya Pradesh,Home Appliances,Washing Machine,4,65492.8,261971.2,UPI,Shipped,2024-11-18
ORD00894,Shray Vyas,Kolkata,West Bengal,Furniture,Sofa,5,96960.64,484803.2,Net Banking,Delivered,2025-01-10
ORD00895,Raghav Sura,Chandigarh,Chandigarh,Home Appliances,Microwave,2,83794.26,167588.52,Credit Card,Pending,2025-03-12
ORD00896,Badal Ray,Bengaluru,Karnataka,Electronics,Smart TV,2,35471.88,70943.76,UPI,Shipped,2025-03-28
ORD00897,Ahana  Bansal,Pune,Maharashtra,Fashion,Jacket,2,18568.23,37136.46,Cash,Delivered,2024-11-01
ORD00898,Anay Dugal,Nagpur,Maharashtra,Beauty,Perfume,8,94320.05,754560.4,Debit Card,Cancelled,2025-10-11
ORD00899,Ehsaan Bains,Chennai,Tamil Nadu,Books,Biography,6,697.48,4184.88,Credit Card,Pending,2026-02-04
ORD00900,Aarush Butala,Delhi,Delhi,Electronics,Smart TV,9,27698.38,249285.42,UPI,Cancelled,2025-02-15
ORD00901,Saksham Kapadia,Kolkata,West Bengal,Furniture,Dining Table,6,27834.47,167006.82,Credit Card,Pending,2025-10-07
ORD00902,Prerak Dash,Mumbai,Maharashtra,Beauty,Lipstick,9,82224.44,740019.96,UPI,Pending,2026-04-06
ORD00903,Priyansh Singh,Delhi,Delhi,Fashion,Watch,4,9262.01,37048.04,Credit Card,Cancelled,2025-09-05
ORD00904,Stuvan Chanda,Kochi,Kerala,Fashion,T-Shirt,1,79114.18,79114.18,Credit Card,Shipped,2024-12-30
ORD00905,Aarush Gour,Ranchi,Jharkhand,Fashion,T-Shirt,6,87516.43,525098.58,Net Banking,Shipped,2025-07-11
ORD00906,Devansh Khalsa,Delhi,Delhi,Fashion,Shoes,5,27392.64,136963.2,Credit Card,Shipped,2024-08-17
ORD00907,Rasha Biswas,Surat,Gujarat,Fashion,Jeans,10,40589.0,405890.0,Credit Card,Delivered,2025-10-04
ORD00908,Vihaan Kuruvilla,Mumbai,Maharashtra,Groceries,Milk,5,59674.79,298373.95,Debit Card,Delivered,2025-12-16
ORD00909,Sumer Shan,Guwahati,Assam,Furniture,Chair,4,45954.54,183818.16,Credit Card,Shipped,2025-05-15
ORD00910,Kashvi Loyal,Patna,Bihar,Groceries,Snacks,7,80919.1,566433.7,Cash,Shipped,2025-11-15
ORD00911,Mishti Chopra,Hyderabad,Telangana,Fashion,Shoes,2,80797.66,161595.32,UPI,Pending,2026-01-14
ORD00912,Chirag Sagar,Chennai,Tamil Nadu,Home Appliances,Refrigerator,6,7076.21,42457.26,Net Banking,Shipped,2024-08-24
ORD00913,Ela Sarma,Guwahati,Assam,Sports,Yoga Mat,3,62536.17,187608.51,UPI,Cancelled,2025-06-20
ORD00914,Raghav Dasgupta,Jaipur,Rajasthan,Furniture,Bed,8,32231.59,257852.72,Net Banking,Cancelled,2026-02-04
ORD00915,Nishith Kothari,Kochi,Kerala,Books,Comics,5,25178.38,125891.9,Cash,Pending,2025-11-12
ORD00916,Damini Upadhyay,Coimbatore,Tamil Nadu,Sports,Football,9,39890.04,359010.36,Debit Card,Cancelled,2024-06-09
ORD00917,Mohanlal Thakkar,Chennai,Tamil Nadu,Beauty,Shampoo,5,68689.82,343449.1,Credit Card,Cancelled,2025-06-20
ORD00918,Anvi Hora,Guwahati,Assam,Beauty,Shampoo,10,21354.88,213548.8,Credit Card,Pending,2024-06-22
ORD00919,Aaina Rajan,Mysuru,Karnataka,Electronics,Mobile,1,58580.35,58580.35,Credit Card,Cancelled,2026-03-24
ORD00920,Rania Bhatt,Surat,Gujarat,Beauty,Shampoo,7,98454.2,689179.4,Credit Card,Shipped,2024-10-13
ORD00921,Siya Sandal,Lucknow,Uttar Pradesh,Electronics,Smart TV,10,54882.06,548820.6,Cash,Cancelled,2025-05-21
ORD00922,Manikya Dara,Indore,Madhya Pradesh,Furniture,Chair,6,61670.44,370022.64,Credit Card,Pending,2024-06-16
ORD00923,Kiara Chokshi,Noida,Uttar Pradesh,Sports,Yoga Mat,2,2325.66,4651.32,Cash,Delivered,2024-10-11
ORD00924,Sara Singh,Ranchi,Jharkhand,Home Appliances,Fan,10,61901.21,619012.1,Credit Card,Delivered,2024-11-03
ORD00925,Romil Sanghvi,Indore,Madhya Pradesh,Sports,Football,7,32187.35,225311.45,Debit Card,Shipped,2026-01-11
ORD00926,Ojas Karnik,Coimbatore,Tamil Nadu,Books,Comics,5,22016.19,110080.95,Net Banking,Shipped,2025-11-15
ORD00927,Sara Wable,Vadodara,Gujarat,Furniture,Chair,4,60562.31,242249.24,UPI,Delivered,2024-06-16
ORD00928,Shaan Saraf,Indore,Madhya Pradesh,Home Appliances,AC,3,50457.51,151372.53,Cash,Pending,2024-07-23
ORD00929,Darshit Sibal,Ranchi,Jharkhand,Fashion,Shoes,7,31456.12,220192.84,Net Banking,Shipped,2025-02-28
ORD00930,Rohan Edwin,Kochi,Kerala,Fashion,Watch,9,28309.33,254783.97,UPI,Pending,2025-06-25
ORD00931,Gatik Ravel,Jaipur,Rajasthan,Furniture,Bed,4,96570.47,386281.88,Cash,Cancelled,2026-04-23
ORD00932,Pihu Hans,Hyderabad,Telangana,Fashion,Jacket,7,37291.89,261043.23,Debit Card,Pending,2025-10-26
ORD00933,Tanya Tata,Surat,Gujarat,Furniture,Chair,5,43033.77,215168.85,Net Banking,Cancelled,2025-05-17
ORD00934,Siya Rastogi,Bhopal,Madhya Pradesh,Beauty,Cream,5,93413.34,467066.7,Cash,Pending,2025-10-04
ORD00935,Pari Randhawa,Kochi,Kerala,Sports,Tennis Racket,1,72821.19,72821.19,Cash,Cancelled,2024-08-20
ORD00936,Taran Kala,Mumbai,Maharashtra,Beauty,Perfume,7,10019.98,70139.86,Debit Card,Shipped,2024-05-18
ORD00937,Tushar Shroff,Noida,Uttar Pradesh,Groceries,Milk,10,26593.87,265938.7,Cash,Delivered,2025-01-13
ORD00938,Kismat Deshpande,Mumbai,Maharashtra,Home Appliances,Refrigerator,10,13789.3,137893.0,Net Banking,Shipped,2025-06-15
ORD00939,Jayesh Khurana,Pune,Maharashtra,Fashion,Jeans,10,64232.24,642322.4,Debit Card,Shipped,2024-11-18
ORD00940,Heer Mangat,Vadodara,Gujarat,Home Appliances,Fan,9,33956.48,305608.32,Net Banking,Cancelled,2024-06-04
ORD00941,Vritika Sarraf,Vadodara,Gujarat,Books,History Book,3,34676.63,104029.89,UPI,Pending,2024-09-04
ORD00942,Madhup Jhaveri,Pune,Maharashtra,Books,Comics,2,14789.63,29579.26,Cash,Pending,2025-10-02
ORD00943,Rati Yadav,Bengaluru,Karnataka,Beauty,Perfume,4,5777.17,23108.68,Net Banking,Shipped,2025-10-30
ORD00944,Hrishita Sarin,Mysuru,Karnataka,Furniture,Dining Table,6,58281.63,349689.78,UPI,Cancelled,2024-05-08
ORD00945,Indrans Banerjee,Mumbai,Maharashtra,Beauty,Face Wash,2,33919.93,67839.86,UPI,Cancelled,2025-09-17
ORD00946,Stuvan Rege,Noida,Uttar Pradesh,Beauty,Shampoo,9,69946.68,629520.12,Credit Card,Cancelled,2025-02-16
ORD00947,Vidur Bora,Pune,Maharashtra,Groceries,Oil,4,89405.19,357620.76,Credit Card,Delivered,2026-01-05
ORD00948,Purab Basu,Delhi,Delhi,Electronics,Camera,7,97628.26,683397.82,Net Banking,Cancelled,2025-04-09
ORD00949,Vivaan Rajagopalan,Hyderabad,Telangana,Electronics,Smart TV,2,88857.9,177715.8,UPI,Cancelled,2025-07-21
ORD00950,Kavya Goel,Lucknow,Uttar Pradesh,Electronics,Mobile,4,25189.14,100756.56,UPI,Delivered,2025-05-28
ORD00951,Aaina Sidhu,Lucknow,Uttar Pradesh,Electronics,Laptop,2,35727.34,71454.68,Credit Card,Delivered,2026-01-31
ORD00952,Badal Butala,Bengaluru,Karnataka,Fashion,Shoes,3,58129.72,174389.16,Credit Card,Cancelled,2025-04-27
ORD00953,Vivaan Mammen,Noida,Uttar Pradesh,Beauty,Lipstick,2,83927.64,167855.28,Credit Card,Shipped,2025-10-05
ORD00954,Veer Desai,Chennai,Tamil Nadu,Home Appliances,Refrigerator,6,51789.36,310736.16,Net Banking,Cancelled,2025-11-04
ORD00955,Gokul Dube,Pune,Maharashtra,Fashion,T-Shirt,6,6227.15,37362.9,Net Banking,Delivered,2026-04-17
ORD00956,Veer Brar,Chandigarh,Chandigarh,Beauty,Lipstick,5,55614.52,278072.6,UPI,Cancelled,2026-02-25
ORD00957,Umang Varghese,Coimbatore,Tamil Nadu,Groceries,Milk,5,70218.0,351090.0,Credit Card,Shipped,2026-04-10
ORD00958,Aarush Choudhury,Delhi,Delhi,Electronics,Mobile,6,47393.98,284363.88,Credit Card,Cancelled,2025-09-26
ORD00959,Biju Korpal,Vadodara,Gujarat,Electronics,Laptop,4,51068.33,204273.32,Net Banking,Shipped,2025-08-26
ORD00960,Kashvi Bhandari,Mumbai,Maharashtra,Fashion,Jeans,4,41933.88,167735.52,Debit Card,Delivered,2025-05-29
ORD00961,Yuvaan Chaudhuri,Patna,Bihar,Home Appliances,Microwave,4,9414.7,37658.8,UPI,Shipped,2024-11-25
ORD00962,Sana Kamdar,Noida,Uttar Pradesh,Books,Biography,1,62743.51,62743.51,UPI,Pending,2024-12-31
ORD00963,Urvi Lala,Noida,Uttar Pradesh,Fashion,Watch,10,89827.07,898270.7,Debit Card,Pending,2024-11-15
ORD00964,Darshit Jha,Chennai,Tamil Nadu,Books,History Book,9,23096.99,207872.91,UPI,Shipped,2025-03-23
ORD00965,Kaira Bhattacharyya,Mumbai,Maharashtra,Fashion,T-Shirt,10,12257.42,122574.2,Cash,Shipped,2025-09-14
ORD00966,Baiju Bakshi,Kolkata,West Bengal,Books,Novel,5,28260.74,141303.7,Debit Card,Shipped,2025-09-18
ORD00967,Aarna Seth,Chandigarh,Chandigarh,Beauty,Cream,5,52699.28,263496.4,Debit Card,Cancelled,2024-10-29
ORD00968,Nishith Warrior,Mysuru,Karnataka,Groceries,Oil,5,46528.51,232642.55,Cash,Shipped,2024-10-04
ORD00969,Aarna Kanda,Bengaluru,Karnataka,Fashion,T-Shirt,9,88590.84,797317.56,Cash,Cancelled,2026-01-18
ORD00970,Vardaniya Anand,Kochi,Kerala,Furniture,Chair,5,15914.68,79573.4,Credit Card,Shipped,2025-07-03
ORD00971,Abram Chandra,Hyderabad,Telangana,Sports,Football,9,4148.05,37332.45,Cash,Pending,2025-06-03
ORD00972,Uthkarsh Suri,Guwahati,Assam,Groceries,Rice,1,10795.9,10795.9,Credit Card,Delivered,2025-08-26
ORD00973,Sumer Mallick,Surat,Gujarat,Beauty,Perfume,9,39941.41,359472.69,Cash,Shipped,2024-05-17
ORD00974,Vanya Sinha,Hyderabad,Telangana,Books,Biography,4,23638.94,94555.76,Cash,Pending,2026-03-12
ORD00975,Vanya Raman,Jaipur,Rajasthan,Furniture,Bed,10,72465.48,724654.8,UPI,Delivered,2025-12-30
ORD00976,Umang Ratti,Guwahati,Assam,Sports,Gym Bag,4,39990.36,159961.44,Cash,Cancelled,2024-12-15
ORD00977,Gokul Chaudhary,Mumbai,Maharashtra,Beauty,Shampoo,6,48520.47,291122.82,Debit Card,Shipped,2024-12-08
ORD00978,Samaira Choudhury,Lucknow,Uttar Pradesh,Books,Novel,3,44181.54,132544.62,Net Banking,Pending,2025-09-04
ORD00979,Anaya Chowdhury,Kolkata,West Bengal,Beauty,Perfume,8,44240.5,353924.0,Net Banking,Cancelled,2025-07-06
ORD00980,Rasha Setty,Visakhapatnam,Andhra Pradesh,Books,History Book,4,95977.2,383908.8,Debit Card,Pending,2026-01-01
ORD00981,Elakshi Vasa,Ahmedabad,Gujarat,Beauty,Shampoo,7,29662.6,207638.2,UPI,Shipped,2025-06-07
ORD00982,Farhan Tailor,Chandigarh,Chandigarh,Fashion,T-Shirt,1,75140.2,75140.2,Credit Card,Pending,2025-02-16
ORD00983,Hansh Kashyap,Delhi,Delhi,Books,Novel,6,89854.79,539128.74,Credit Card,Delivered,2024-10-06
ORD00984,Jhanvi Ram,Mysuru,Karnataka,Fashion,Shoes,4,86590.62,346362.48,Debit Card,Shipped,2026-01-11
ORD00985,Tiya Yadav,Pune,Maharashtra,Home Appliances,Fan,8,7937.7,63501.6,Cash,Shipped,2025-11-09
ORD00986,Uthkarsh Baral,Mysuru,Karnataka,Groceries,Snacks,7,40601.24,284208.68,UPI,Cancelled,2026-04-02
ORD00987,Manikya Lal,Lucknow,Uttar Pradesh,Sports,Football,6,74643.33,447859.98,Cash,Pending,2024-12-31
ORD00988,Aarna Bhatnagar,Noida,Uttar Pradesh,Groceries,Juice,9,94482.33,850340.97,Debit Card,Delivered,2024-07-20
ORD00989,Ranbir Mangat,Hyderabad,Telangana,Electronics,Camera,8,70938.54,567508.32,Credit Card,Pending,2025-05-02
ORD00990,Rhea Bal,Pune,Maharashtra,Furniture,Dining Table,6,83683.73,502102.38,Net Banking,Delivered,2025-12-19
ORD00991,Manikya Chand,Mumbai,Maharashtra,Furniture,Wardrobe,8,89293.72,714349.76,Cash,Delivered,2024-06-21
ORD00992,Siya Bhatt,Lucknow,Uttar Pradesh,Fashion,Watch,8,49014.91,392119.28,UPI,Pending,2025-01-03
ORD00993,Ojas Mannan,Visakhapatnam,Andhra Pradesh,Home Appliances,Washing Machine,4,22728.3,90913.2,Cash,Cancelled,2024-06-10
ORD00994,Ranbir Sankar,Bhopal,Madhya Pradesh,Sports,Football,2,34581.17,69162.34,Cash,Cancelled,2024-06-30
ORD00995,Divij Rout,Kochi,Kerala,Furniture,Chair,2,30360.75,60721.5,Credit Card,Pending,2026-01-23
ORD00996,Vritika Yogi,Nagpur,Maharashtra,Groceries,Milk,5,89803.05,449015.25,UPI,Pending,2024-05-30
ORD00997,Prisha Majumdar,Kochi,Kerala,Fashion,T-Shirt,3,3368.37,10105.11,Cash,Pending,2026-01-09
ORD00998,Advik Buch,Chennai,Tamil Nadu,Electronics,Headphones,2,34938.86,69877.72,Debit Card,Pending,2025-08-22
ORD00999,Farhan Sharma,Delhi,Delhi,Home Appliances,Microwave,5,61959.82,309799.1,Net Banking,Delivered,2025-12-01
ORD01000,Dhruv Bahri,Hyderabad,Telangana,Books,Comics,7,65998.18,461987.26,UPI,Shipped,2025-09-20
ORD01001,Chirag Chadha,Kolkata,West Bengal,Electronics,Camera,5,90632.84,453164.2,Credit Card,Delivered,2024-10-21
ORD01002,Vidur Shan,Pune,Maharashtra,Home Appliances,AC,3,293.8,881.4,UPI,Cancelled,2025-01-11
ORD01003,Lavanya Shankar,Guwahati,Assam,Fashion,Jacket,3,27667.01,83001.03,UPI,Shipped,2025-01-25
ORD01004,Rania Sibal,Guwahati,Assam,Electronics,Headphones,2,31963.04,63926.08,Net Banking,Pending,2025-12-25
ORD01005,Saanvi Doctor,Kochi,Kerala,Electronics,Camera,9,10824.5,97420.5,Debit Card,Pending,2024-07-20
ORD01006,Amani Randhawa,Bhopal,Madhya Pradesh,Groceries,Snacks,5,93789.61,468948.05,Net Banking,Delivered,2025-01-20
ORD01007,Renee Kumar,Patna,Bihar,Fashion,Jacket,5,34576.71,172883.55,UPI,Delivered,2024-10-27
ORD01008,Jivika Dara,Kolkata,West Bengal,Home Appliances,Washing Machine,3,50574.6,151723.8,Net Banking,Shipped,2025-11-06
ORD01009,Emir Toor,Ranchi,Jharkhand,Home Appliances,Washing Machine,2,87872.05,175744.1,Net Banking,Pending,2025-07-12
ORD01010,Navya Bose,Coimbatore,Tamil Nadu,Sports,Yoga Mat,5,99885.23,499426.15,Credit Card,Pending,2025-02-14
ORD01011,Uthkarsh Sathe,Chennai,Tamil Nadu,Home Appliances,Fan,7,71635.36,501447.52,Net Banking,Delivered,2024-12-24
ORD01012,Shanaya Taneja,Chennai,Tamil Nadu,Furniture,Dining Table,10,12608.65,126086.5,Cash,Delivered,2025-07-03
ORD01013,Jiya Tara,Ahmedabad,Gujarat,Sports,Tennis Racket,7,73349.61,513447.27,Cash,Pending,2025-10-13
ORD01014,Ishaan Bumb,Chandigarh,Chandigarh,Electronics,Laptop,3,21380.95,64142.85,Cash,Delivered,2025-07-28
ORD01015,Ryan Sharaf,Lucknow,Uttar Pradesh,Sports,Football,7,57012.42,399086.94,Cash,Cancelled,2024-11-07
ORD01016,Indranil Balasubramanian,Noida,Uttar Pradesh,Home Appliances,Refrigerator,1,35209.25,35209.25,Cash,Cancelled,2026-01-30
ORD01017,Urvi Sankar,Delhi,Delhi,Beauty,Lipstick,5,75401.08,377005.4,Debit Card,Cancelled,2024-06-23
ORD01018,Tejas Mander,Bhopal,Madhya Pradesh,Fashion,Shoes,1,30462.63,30462.63,Net Banking,Shipped,2025-03-07
ORD01019,Indrans Kapadia,Mysuru,Karnataka,Groceries,Juice,9,50169.16,451522.44,Credit Card,Pending,2026-03-01
ORD01020,Zeeshan Tailor,Bengaluru,Karnataka,Beauty,Perfume,5,81961.28,409806.4,Net Banking,Cancelled,2024-09-08
ORD01021,Anya Lata,Coimbatore,Tamil Nadu,Books,Biography,10,20411.99,204119.9,Net Banking,Shipped,2025-08-09
ORD01022,Jivika Sura,Bengaluru,Karnataka,Home Appliances,Microwave,6,28127.03,168762.18,Net Banking,Pending,2025-02-22
ORD01023,Parinaaz Choudhry,Hyderabad,Telangana,Furniture,Dining Table,4,93634.73,374538.92,UPI,Pending,2025-11-05
ORD01024,Divyansh Kashyap,Ranchi,Jharkhand,Groceries,Milk,6,98358.88,590153.28,Net Banking,Shipped,2024-12-01
ORD01025,Lakshay Sagar,Delhi,Delhi,Groceries,Snacks,7,58812.38,411686.66,Credit Card,Pending,2024-12-07
ORD01026,Purab Choudhary,Chandigarh,Chandigarh,Home Appliances,Refrigerator,3,42501.72,127505.16,Cash,Cancelled,2025-02-28
ORD01027,Mamooty Ratti,Guwahati,Assam,Books,Comics,1,40337.72,40337.72,UPI,Shipped,2025-04-28
ORD01028,Divyansh Loke,Mumbai,Maharashtra,Books,History Book,10,20651.16,206511.6,Net Banking,Cancelled,2025-07-03
ORD01029,Ranbir Chandra,Kochi,Kerala,Groceries,Snacks,5,39999.54,199997.7,Debit Card,Delivered,2024-10-13
ORD01030,Akarsh Kapadia,Lucknow,Uttar Pradesh,Home Appliances,Refrigerator,5,29421.74,147108.7,Cash,Delivered,2024-06-25
ORD01031,Raghav Ranganathan,Coimbatore,Tamil Nadu,Books,Comics,9,44637.97,401741.73,Cash,Pending,2025-03-23
ORD01032,Shayak Johal,Nagpur,Maharashtra,Furniture,Chair,5,30687.7,153438.5,UPI,Cancelled,2025-10-23
ORD01033,Vanya Shenoy,Nagpur,Maharashtra,Fashion,Watch,1,12193.34,12193.34,Cash,Pending,2024-11-05
ORD01034,Ishaan Zachariah,Chandigarh,Chandigarh,Furniture,Bed,3,22820.69,68462.07,Net Banking,Shipped,2024-09-11
ORD01035,Vedika Keer,Ranchi,Jharkhand,Beauty,Lipstick,5,59203.41,296017.05,Debit Card,Pending,2024-06-28
ORD01036,Aniruddh Krish,Pune,Maharashtra,Books,History Book,10,54179.07,541790.7,Net Banking,Delivered,2024-07-18
ORD01037,Baiju Thakkar,Noida,Uttar Pradesh,Home Appliances,Microwave,4,91398.82,365595.28,UPI,Cancelled,2025-04-13
ORD01038,Shaan Kamdar,Chandigarh,Chandigarh,Home Appliances,AC,4,7566.41,30265.64,Debit Card,Pending,2025-02-19
ORD01039,Hunar Bali,Hyderabad,Telangana,Electronics,Headphones,1,91569.42,91569.42,Credit Card,Cancelled,2024-06-09
ORD01040,Lavanya Zacharia,Lucknow,Uttar Pradesh,Home Appliances,Washing Machine,1,94485.94,94485.94,Cash,Cancelled,2025-06-28
ORD01041,Fateh Varghese,Coimbatore,Tamil Nadu,Beauty,Lipstick,2,13637.26,27274.52,Cash,Delivered,2024-09-07
ORD01042,Pari Rastogi,Guwahati,Assam,Home Appliances,AC,3,49442.88,148328.64,Debit Card,Cancelled,2024-09-06
ORD01043,Samarth Mahal,Jaipur,Rajasthan,Electronics,Headphones,6,76663.81,459982.86,UPI,Pending,2024-06-02
ORD01044,Anvi Swamy,Lucknow,Uttar Pradesh,Sports,Cricket Bat,8,77363.17,618905.36,UPI,Shipped,2024-05-31
ORD01045,Nayantara Sandhu,Lucknow,Uttar Pradesh,Books,Novel,2,66005.2,132010.4,Net Banking,Cancelled,2026-04-07
ORD01046,Madhav Barad,Mumbai,Maharashtra,Home Appliances,Washing Machine,1,69895.85,69895.85,Debit Card,Cancelled,2024-11-08
ORD01047,Aarna De,Kochi,Kerala,Electronics,Headphones,3,78241.58,234724.74,Net Banking,Pending,2024-12-06
ORD01048,Lakshay Rana,Ranchi,Jharkhand,Sports,Gym Bag,8,67530.99,540247.92,UPI,Delivered,2025-07-31
ORD01049,Yasmin Sidhu,Bhopal,Madhya Pradesh,Groceries,Oil,4,97553.91,390215.64,Credit Card,Shipped,2025-01-30
ORD01050,Indrajit Kapoor,Ranchi,Jharkhand,Home Appliances,Microwave,9,27607.51,248467.59,Credit Card,Delivered,2026-04-05
ORD01051,Ivana Gokhale,Jaipur,Rajasthan,Beauty,Shampoo,5,17626.09,88130.45,UPI,Delivered,2024-05-21
ORD01052,Misha Lall,Noida,Uttar Pradesh,Fashion,Watch,10,35545.8,355458.0,Cash,Shipped,2025-12-07
ORD01053,Azad Sood,Ahmedabad,Gujarat,Home Appliances,Washing Machine,7,13933.52,97534.64,Net Banking,Cancelled,2025-05-14
ORD01054,Aradhya Ratta,Nagpur,Maharashtra,Fashion,Jacket,10,66938.73,669387.3,UPI,Pending,2024-05-24
ORD01055,Biju Vala,Indore,Madhya Pradesh,Books,Science Book,10,48493.25,484932.5,Credit Card,Cancelled,2025-06-01
ORD01056,Vedika Bansal,Patna,Bihar,Books,Science Book,8,68936.42,551491.36,Debit Card,Shipped,2024-11-12
ORD01057,Riya Bhagat,Nagpur,Maharashtra,Fashion,Shoes,10,34151.87,341518.7,Credit Card,Shipped,2025-08-22
ORD01058,Aaryahi Kadakia,Visakhapatnam,Andhra Pradesh,Home Appliances,AC,9,44905.07,404145.63,Debit Card,Pending,2025-03-19
ORD01059,Raunak Chawla,Chennai,Tamil Nadu,Fashion,Jeans,6,55255.32,331531.92,Net Banking,Pending,2026-03-31
ORD01060,Dhruv Bains,Surat,Gujarat,Home Appliances,AC,1,25825.37,25825.37,Debit Card,Cancelled,2024-05-23
ORD01061,Neelofar Raval,Noida,Uttar Pradesh,Electronics,Camera,10,88319.0,883190.0,Credit Card,Shipped,2025-05-06
ORD01062,Taran Lalla,Kolkata,West Bengal,Sports,Cricket Bat,9,71107.1,639963.9,UPI,Shipped,2025-09-04
ORD01063,Prerak Chawla,Nagpur,Maharashtra,Electronics,Headphones,9,60667.45,546007.05,UPI,Shipped,2026-01-02
ORD01064,Samar Kumar,Hyderabad,Telangana,Electronics,Laptop,8,10504.57,84036.56,UPI,Cancelled,2025-08-31
ORD01065,Lavanya Ganesh,Coimbatore,Tamil Nadu,Home Appliances,AC,7,51409.37,359865.59,Credit Card,Delivered,2025-09-08
ORD01066,Anahi Wali,Guwahati,Assam,Groceries,Snacks,8,37204.27,297634.16,Credit Card,Cancelled,2024-11-11
ORD01067,Indrans Mangal,Bengaluru,Karnataka,Home Appliances,Refrigerator,8,44279.31,354234.48,Net Banking,Shipped,2025-11-24
ORD01068,Ahana  Sangha,Patna,Bihar,Sports,Tennis Racket,3,35569.33,106707.99,UPI,Delivered,2025-09-23
ORD01069,Fateh Arya,Chandigarh,Chandigarh,Fashion,Shoes,3,10029.71,30089.13,Credit Card,Pending,2025-04-10
ORD01070,Vritika Dugar,Visakhapatnam,Andhra Pradesh,Books,Novel,10,50226.75,502267.5,Credit Card,Pending,2024-07-24
ORD01071,Rati Roy,Delhi,Delhi,Home Appliances,Refrigerator,2,72046.27,144092.54,Cash,Shipped,2025-09-06
ORD01072,Samarth Uppal,Mysuru,Karnataka,Sports,Football,1,76658.42,76658.42,Cash,Pending,2026-04-18
ORD01073,Indrajit Ranganathan,Ahmedabad,Gujarat,Furniture,Bed,6,19936.44,119618.64,UPI,Delivered,2025-10-03
ORD01074,Pari Behl,Guwahati,Assam,Books,Novel,10,71320.23,713202.3,UPI,Shipped,2026-02-23
ORD01075,Lagan Gulati,Jaipur,Rajasthan,Groceries,Oil,6,5932.58,35595.48,Net Banking,Delivered,2024-10-31
ORD01076,Yuvraj  Bhagat,Chennai,Tamil Nadu,Electronics,Headphones,5,37694.24,188471.2,Cash,Shipped,2026-01-16
ORD01077,Kashvi Thaman,Chennai,Tamil Nadu,Beauty,Lipstick,5,61070.73,305353.65,Cash,Shipped,2025-03-19
ORD01078,Saksham Madan,Visakhapatnam,Andhra Pradesh,Furniture,Bed,4,59870.61,239482.44,Net Banking,Pending,2026-02-26
ORD01079,Rania Kunda,Jaipur,Rajasthan,Sports,Tennis Racket,6,32491.37,194948.22,Debit Card,Delivered,2024-11-19
ORD01080,Tara Walla,Kochi,Kerala,Books,Biography,1,80060.76,80060.76,Debit Card,Pending,2024-10-12
ORD01081,Jhanvi Goda,Chandigarh,Chandigarh,Fashion,T-Shirt,5,5774.27,28871.35,UPI,Delivered,2025-06-20
ORD01082,Ayesha Sibal,Patna,Bihar,Beauty,Lipstick,1,65627.19,65627.19,Debit Card,Shipped,2024-08-14
ORD01083,Anvi Bora,Bhopal,Madhya Pradesh,Beauty,Cream,2,99451.98,198903.96,Net Banking,Delivered,2025-03-05
ORD01084,Tiya Char,Ahmedabad,Gujarat,Beauty,Lipstick,4,7652.16,30608.64,Cash,Shipped,2024-07-26
ORD01085,Alisha Mand,Bhopal,Madhya Pradesh,Beauty,Cream,6,19545.22,117271.32,Credit Card,Pending,2025-01-18
ORD01086,Anahita Sodhi,Visakhapatnam,Andhra Pradesh,Home Appliances,Fan,8,41832.23,334657.84,Cash,Delivered,2024-10-25
ORD01087,Zoya Krishna,Delhi,Delhi,Books,Science Book,3,90224.12,270672.36,UPI,Delivered,2025-12-21
ORD01088,Jayant Goyal,Lucknow,Uttar Pradesh,Fashion,Jeans,8,98669.41,789355.28,Credit Card,Delivered,2025-02-04
ORD01089,Fateh Wagle,Noida,Uttar Pradesh,Sports,Tennis Racket,4,28019.29,112077.16,Credit Card,Pending,2025-11-15
ORD01090,Faiyaz Ravi,Ranchi,Jharkhand,Home Appliances,Washing Machine,3,81737.8,245213.4,UPI,Delivered,2025-06-23
ORD01091,Diya Rajagopal,Noida,Uttar Pradesh,Groceries,Juice,10,40060.84,400608.4,Debit Card,Delivered,2025-03-28
ORD01092,Rasha Sunder,Mysuru,Karnataka,Fashion,Jacket,9,82637.11,743733.99,UPI,Cancelled,2024-07-24
ORD01093,Saksham Ramaswamy,Chennai,Tamil Nadu,Electronics,Laptop,1,52125.07,52125.07,Cash,Pending,2025-04-26
ORD01094,Aarush Kannan,Indore,Madhya Pradesh,Furniture,Chair,3,23223.9,69671.7,Debit Card,Delivered,2024-07-12
ORD01095,Inaaya  Kale,Vadodara,Gujarat,Fashion,T-Shirt,4,63950.2,255800.8,Debit Card,Cancelled,2024-11-28
ORD01096,Faiyaz Din,Kolkata,West Bengal,Books,Biography,3,24039.65,72118.95,Credit Card,Cancelled,2026-01-16
ORD01097,Hazel Kannan,Vadodara,Gujarat,Electronics,Smart TV,8,68608.8,548870.4,Debit Card,Cancelled,2025-02-04
ORD01098,Kimaya Bahl,Jaipur,Rajasthan,Electronics,Laptop,9,13990.13,125911.17,Net Banking,Pending,2024-07-04
ORD01099,Nehmat Toor,Ranchi,Jharkhand,Home Appliances,Refrigerator,10,74531.6,745316.0,Net Banking,Delivered,2024-09-30
ORD01100,Ranbir Sridhar,Ahmedabad,Gujarat,Electronics,Smart TV,1,56555.22,56555.22,Credit Card,Pending,2025-06-20
ORD01101,Heer Barad,Kochi,Kerala,Furniture,Wardrobe,8,82891.44,663131.52,Cash,Pending,2025-04-07
ORD01102,Charvi Sani,Ranchi,Jharkhand,Home Appliances,Refrigerator,8,39355.29,314842.32,UPI,Shipped,2025-04-26
ORD01103,Yasmin Behl,Bengaluru,Karnataka,Groceries,Juice,1,71247.2,71247.2,Net Banking,Delivered,2026-03-16
ORD01104,Vivaan Agate,Kolkata,West Bengal,Groceries,Snacks,9,99642.79,896785.11,Cash,Cancelled,2025-10-26
ORD01105,Saksham Malhotra,Chandigarh,Chandigarh,Fashion,T-Shirt,3,34185.75,102557.25,Debit Card,Pending,2025-11-04
ORD01106,Veer Balan,Jaipur,Rajasthan,Sports,Cricket Bat,2,37238.73,74477.46,Cash,Pending,2024-10-17
ORD01107,Indrans Chand,Chandigarh,Chandigarh,Beauty,Perfume,6,35100.1,210600.6,Debit Card,Pending,2024-09-05
ORD01108,Mishti Tiwari,Kolkata,West Bengal,Electronics,Laptop,5,35104.42,175522.1,Credit Card,Pending,2025-04-14
ORD01109,Charvi Bala,Delhi,Delhi,Beauty,Shampoo,4,57094.96,228379.84,Net Banking,Shipped,2026-03-15
ORD01110,Anahita Gade,Chandigarh,Chandigarh,Home Appliances,AC,3,79616.52,238849.56,Credit Card,Delivered,2024-10-07
ORD01111,Neelofar Batra,Coimbatore,Tamil Nadu,Electronics,Camera,3,30339.04,91017.12,Credit Card,Pending,2025-07-27
ORD01112,Ishaan Chatterjee,Delhi,Delhi,Home Appliances,Washing Machine,2,83995.24,167990.48,Cash,Pending,2024-11-05
ORD01113,Bhavin Walia,Mysuru,Karnataka,Beauty,Perfume,5,82916.71,414583.55,Credit Card,Shipped,2024-12-07
ORD01114,Siya Dugal,Vadodara,Gujarat,Furniture,Chair,8,61104.84,488838.72,Credit Card,Pending,2025-08-14
ORD01115,Shamik Comar,Bhopal,Madhya Pradesh,Furniture,Bed,4,43732.03,174928.12,UPI,Pending,2025-10-25
ORD01116,Zoya Chakraborty,Bengaluru,Karnataka,Home Appliances,AC,1,81656.57,81656.57,Net Banking,Shipped,2026-02-17
ORD01117,Urvi Devi,Coimbatore,Tamil Nadu,Beauty,Face Wash,7,4932.8,34529.6,Debit Card,Shipped,2025-08-21
ORD01118,Mehul Rama,Ranchi,Jharkhand,Furniture,Wardrobe,3,92880.7,278642.1,Cash,Shipped,2025-05-31
ORD01119,Raunak Barad,Hyderabad,Telangana,Groceries,Snacks,9,64215.54,577939.86,Credit Card,Pending,2026-03-01
ORD01120,Vivaan Korpal,Chandigarh,Chandigarh,Furniture,Wardrobe,9,90687.96,816191.64,Debit Card,Shipped,2024-05-11
ORD01121,Manjari Ghosh,Bengaluru,Karnataka,Groceries,Milk,6,7865.64,47193.84,Net Banking,Cancelled,2025-05-13
ORD01122,Advik Ahluwalia,Visakhapatnam,Andhra Pradesh,Groceries,Snacks,5,56290.16,281450.8,Cash,Shipped,2025-04-02
ORD01123,Jayan Dey,Patna,Bihar,Books,Science Book,9,36424.8,327823.2,Debit Card,Pending,2025-06-10
ORD01124,Divyansh Ganguly,Nagpur,Maharashtra,Furniture,Wardrobe,8,99801.6,798412.8,Debit Card,Delivered,2024-06-27
ORD01125,Tara Batta,Coimbatore,Tamil Nadu,Sports,Football,5,55289.72,276448.6,Net Banking,Cancelled,2026-03-28
ORD01126,Lagan Rama,Delhi,Delhi,Home Appliances,AC,2,98022.74,196045.48,Debit Card,Shipped,2025-10-18
ORD01127,Shayak Balasubramanian,Chandigarh,Chandigarh,Home Appliances,Washing Machine,2,25847.92,51695.84,UPI,Delivered,2024-05-15
ORD01128,Rasha Sachdeva,Mumbai,Maharashtra,Home Appliances,Washing Machine,2,16881.73,33763.46,Debit Card,Shipped,2024-08-17
ORD01129,Rasha Jhaveri,Ahmedabad,Gujarat,Beauty,Cream,1,12092.38,12092.38,Cash,Cancelled,2026-03-23
ORD01130,Indrans Amble,Patna,Bihar,Furniture,Bed,1,61166.43,61166.43,Net Banking,Cancelled,2025-07-25
ORD01131,Indranil Bobal,Vadodara,Gujarat,Groceries,Snacks,4,72487.48,289949.92,Cash,Pending,2025-01-23
ORD01132,Parinaaz Borra,Chandigarh,Chandigarh,Fashion,Shoes,4,87764.29,351057.16,Debit Card,Shipped,2024-12-15
ORD01133,Kaira Ahluwalia,Mumbai,Maharashtra,Electronics,Camera,4,65455.69,261822.76,Cash,Shipped,2025-07-09
ORD01134,Sahil Barman,Lucknow,Uttar Pradesh,Fashion,Jeans,9,39030.01,351270.09,Credit Card,Pending,2025-10-25
ORD01135,Ira Vaidya,Chandigarh,Chandigarh,Groceries,Milk,8,28934.49,231475.92,Cash,Shipped,2025-08-13
ORD01136,Miraya Sarma,Kochi,Kerala,Groceries,Rice,10,20411.15,204111.5,Credit Card,Delivered,2026-01-13
ORD01137,Anaya Balakrishnan,Bhopal,Madhya Pradesh,Groceries,Juice,6,74023.43,444140.58,Cash,Delivered,2025-06-28
ORD01138,Stuvan Dash,Patna,Bihar,Beauty,Cream,8,9990.96,79927.68,UPI,Pending,2025-05-12
ORD01139,Zeeshan Aurora,Kochi,Kerala,Beauty,Cream,2,28011.65,56023.3,UPI,Shipped,2025-08-20
ORD01140,Dhanush Sha,Ranchi,Jharkhand,Beauty,Cream,6,67848.41,407090.46,Net Banking,Delivered,2026-03-22
ORD01141,Shlok Babu,Coimbatore,Tamil Nadu,Home Appliances,AC,9,87147.19,784324.71,UPI,Delivered,2024-12-20
ORD01142,Miraan Chauhan,Chandigarh,Chandigarh,Sports,Yoga Mat,4,16987.49,67949.96,Debit Card,Pending,2024-11-24
ORD01143,Khushi Mangat,Lucknow,Uttar Pradesh,Furniture,Chair,1,23606.93,23606.93,Debit Card,Cancelled,2025-01-13
ORD01144,Amira Bawa,Bengaluru,Karnataka,Furniture,Bed,6,36162.05,216972.3,UPI,Shipped,2024-05-06
ORD01145,Nirvi Barad,Pune,Maharashtra,Home Appliances,Refrigerator,9,22564.09,203076.81,Net Banking,Pending,2024-12-30
ORD01146,Mehul Shroff,Kolkata,West Bengal,Furniture,Chair,8,96357.46,770859.68,Debit Card,Pending,2024-09-09
ORD01147,Taimur Kala,Kolkata,West Bengal,Groceries,Juice,3,30539.82,91619.46,Net Banking,Shipped,2025-06-27
ORD01148,Baiju Shah,Guwahati,Assam,Beauty,Perfume,5,89421.66,447108.3,Cash,Cancelled,2024-12-12
ORD01149,Kanav Wadhwa,Kochi,Kerala,Sports,Tennis Racket,5,43785.15,218925.75,Credit Card,Shipped,2025-07-11
ORD01150,Dishani Tella,Bhopal,Madhya Pradesh,Beauty,Lipstick,1,60825.19,60825.19,Credit Card,Delivered,2026-01-23
ORD01151,Shanaya Dass,Vadodara,Gujarat,Furniture,Chair,4,42099.22,168396.88,Debit Card,Cancelled,2025-07-29
ORD01152,Saanvi Loyal,Lucknow,Uttar Pradesh,Electronics,Mobile,5,81390.14,406950.7,Net Banking,Pending,2025-11-15
ORD01153,Vihaan Sahota,Ahmedabad,Gujarat,Sports,Gym Bag,9,95036.39,855327.51,Net Banking,Cancelled,2025-11-30
ORD01154,Jivin Mannan,Surat,Gujarat,Furniture,Chair,10,5866.36,58663.6,Debit Card,Shipped,2025-01-15
ORD01155,Ivana Chakraborty,Pune,Maharashtra,Home Appliances,Fan,9,29148.94,262340.46,UPI,Delivered,2024-11-27
ORD01156,Divyansh Cherian,Bhopal,Madhya Pradesh,Electronics,Headphones,1,88291.53,88291.53,Debit Card,Delivered,2025-10-04
ORD01157,Mamooty Borde,Noida,Uttar Pradesh,Fashion,Shoes,8,33295.7,266365.6,UPI,Pending,2024-10-05
ORD01158,Nakul Bhasin,Bhopal,Madhya Pradesh,Furniture,Wardrobe,3,60868.75,182606.25,Credit Card,Pending,2025-05-05
ORD01159,Urvi Bhavsar,Noida,Uttar Pradesh,Fashion,Watch,2,83267.73,166535.46,Debit Card,Delivered,2025-07-12
ORD01160,Tarini Anand,Indore,Madhya Pradesh,Fashion,Jeans,2,75374.25,150748.5,UPI,Cancelled,2026-01-24
ORD01161,Nehmat Dhar,Vadodara,Gujarat,Fashion,Jacket,9,51991.36,467922.24,Credit Card,Shipped,2024-07-27
ORD01162,Yasmin Yogi,Delhi,Delhi,Home Appliances,AC,9,42890.68,386016.12,Debit Card,Shipped,2026-03-29
ORD01163,Jayan Deshpande,Guwahati,Assam,Fashion,Jacket,6,75784.49,454706.94,Debit Card,Shipped,2026-04-13
ORD01164,Ritvik Dass,Guwahati,Assam,Fashion,Jacket,10,96573.86,965738.6,UPI,Shipped,2024-09-16
ORD01165,Indrajit Choudhry,Kochi,Kerala,Home Appliances,Washing Machine,4,79997.27,319989.08,Debit Card,Shipped,2025-01-03
ORD01166,Nirvaan Varghese,Mumbai,Maharashtra,Home Appliances,Microwave,9,31535.52,283819.68,UPI,Shipped,2025-09-21
ORD01167,Diya Sodhi,Delhi,Delhi,Home Appliances,Fan,9,15677.73,141099.57,Cash,Shipped,2025-06-24
ORD01168,Shalv Handa,Vadodara,Gujarat,Sports,Gym Bag,9,98690.14,888211.26,Debit Card,Cancelled,2025-07-26
ORD01169,Myra Kalita,Pune,Maharashtra,Groceries,Juice,7,78545.41,549817.87,Debit Card,Shipped,2024-05-09
ORD01170,Priyansh Wable,Indore,Madhya Pradesh,Electronics,Smart TV,3,3425.09,10275.27,UPI,Pending,2024-06-15
ORD01171,Anay Ravel,Mumbai,Maharashtra,Furniture,Sofa,2,66114.11,132228.22,Credit Card,Shipped,2024-07-09
ORD01172,Saanvi Tara,Noida,Uttar Pradesh,Fashion,Jacket,5,34602.04,173010.2,Net Banking,Shipped,2026-04-18
ORD01173,Advika Setty,Ahmedabad,Gujarat,Sports,Gym Bag,1,56387.96,56387.96,Net Banking,Cancelled,2025-09-03
ORD01174,Gatik Kashyap,Chandigarh,Chandigarh,Beauty,Shampoo,10,49550.91,495509.1,Cash,Shipped,2025-06-07
ORD01175,Alisha Varghese,Ranchi,Jharkhand,Books,Science Book,3,9173.72,27521.16,Credit Card,Delivered,2024-06-20
ORD01176,Elakshi Acharya,Pune,Maharashtra,Beauty,Face Wash,7,2067.15,14470.05,Credit Card,Delivered,2024-11-06
ORD01177,Hansh Khare,Vadodara,Gujarat,Fashion,Watch,9,58278.75,524508.75,Debit Card,Shipped,2024-05-30
ORD01178,Ranbir Vala,Indore,Madhya Pradesh,Books,Comics,8,51339.14,410713.12,UPI,Delivered,2025-01-23
ORD01179,Nehmat Dube,Bengaluru,Karnataka,Electronics,Camera,3,94724.01,284172.03,Credit Card,Delivered,2024-09-10
ORD01180,Eva Buch,Guwahati,Assam,Sports,Football,6,17027.13,102162.78,UPI,Pending,2025-11-28
ORD01181,Tara Saran,Chandigarh,Chandigarh,Fashion,Watch,9,67587.16,608284.44,Credit Card,Cancelled,2024-06-07
ORD01182,Pranay Yadav,Nagpur,Maharashtra,Furniture,Wardrobe,10,97139.94,971399.4,UPI,Delivered,2025-03-31
ORD01183,Neysa Dani,Bhopal,Madhya Pradesh,Home Appliances,Washing Machine,3,37104.63,111313.89,Cash,Shipped,2026-03-15
ORD01184,Aarna Raja,Mysuru,Karnataka,Groceries,Snacks,5,41504.26,207521.3,Credit Card,Cancelled,2025-08-21
ORD01185,Aarav Dayal,Mysuru,Karnataka,Home Appliances,Washing Machine,10,40022.75,400227.5,UPI,Shipped,2024-08-24
ORD01186,Zeeshan Agarwal,Pune,Maharashtra,Books,History Book,5,80664.21,403321.05,Debit Card,Delivered,2024-11-28
ORD01187,Uthkarsh Srinivas,Delhi,Delhi,Books,History Book,4,20572.76,82291.04,Debit Card,Delivered,2025-04-05
ORD01188,Mishti Mannan,Kochi,Kerala,Furniture,Dining Table,10,99673.91,996739.1,Net Banking,Shipped,2025-06-18
ORD01189,Anay Date,Mysuru,Karnataka,Books,Science Book,6,12669.8,76018.8,Debit Card,Cancelled,2025-03-12
ORD01190,Reyansh Devan,Hyderabad,Telangana,Beauty,Face Wash,3,3985.18,11955.54,Net Banking,Pending,2025-07-26
ORD01191,Prisha Thaker,Mumbai,Maharashtra,Home Appliances,Microwave,3,27953.62,83860.86,Net Banking,Delivered,2025-01-04
ORD01192,Reyansh Singhal,Chennai,Tamil Nadu,Beauty,Perfume,8,38491.8,307934.4,Net Banking,Delivered,2024-12-24
ORD01193,Inaaya  Bhatia,Lucknow,Uttar Pradesh,Electronics,Camera,9,43522.6,391703.4,Cash,Cancelled,2025-12-31
ORD01194,Mohanlal Kapadia,Kolkata,West Bengal,Groceries,Juice,1,6143.84,6143.84,Credit Card,Delivered,2024-11-25
ORD01195,Alisha Halder,Mumbai,Maharashtra,Groceries,Snacks,1,31150.6,31150.6,UPI,Pending,2025-06-07
ORD01196,Shamik Kota,Hyderabad,Telangana,Fashion,Jacket,2,75841.5,151683.0,Net Banking,Delivered,2026-01-14
ORD01197,Tanya Dhar,Vadodara,Gujarat,Sports,Cricket Bat,3,97958.01,293874.03,Debit Card,Shipped,2025-12-20
ORD01198,Ranbir Wali,Mysuru,Karnataka,Home Appliances,Washing Machine,5,16864.51,84322.55,Credit Card,Shipped,2025-08-16
ORD01199,Adira Khanna,Indore,Madhya Pradesh,Sports,Tennis Racket,3,12236.85,36710.55,Cash,Pending,2026-01-08
ORD01200,Ayesha Kadakia,Visakhapatnam,Andhra Pradesh,Groceries,Snacks,5,47333.35,236666.75,UPI,Cancelled,2025-03-22
ORD01201,Ranbir Dalal,Nagpur,Maharashtra,Beauty,Face Wash,2,67553.95,135107.9,Credit Card,Cancelled,2024-12-20
ORD01202,Romil Rau,Lucknow,Uttar Pradesh,Home Appliances,Washing Machine,8,84473.08,675784.64,Cash,Pending,2024-08-30
ORD01203,Vihaan Devi,Vadodara,Gujarat,Sports,Cricket Bat,1,95108.64,95108.64,Cash,Pending,2025-06-09
ORD01204,Eva Sarkar,Jaipur,Rajasthan,Beauty,Lipstick,3,82276.15,246828.45,Cash,Cancelled,2024-10-28
ORD01205,Elakshi Sastry,Indore,Madhya Pradesh,Books,Comics,7,52062.13,364434.91,UPI,Shipped,2026-02-10
ORD01206,Kavya Chakrabarti,Vadodara,Gujarat,Books,Comics,10,86679.94,866799.4,Debit Card,Cancelled,2025-03-14
ORD01207,Purab Chanda,Noida,Uttar Pradesh,Groceries,Milk,7,55923.07,391461.49,UPI,Cancelled,2026-03-11
ORD01208,Kanav Sinha,Chennai,Tamil Nadu,Books,Novel,7,33851.38,236959.66,Net Banking,Cancelled,2025-08-09
ORD01209,Raghav Sule,Ahmedabad,Gujarat,Sports,Football,9,28204.23,253838.07,Credit Card,Delivered,2024-05-10
ORD01210,Yakshit Banerjee,Lucknow,Uttar Pradesh,Electronics,Smart TV,7,29335.0,205345.0,Debit Card,Cancelled,2024-08-23
ORD01211,Priyansh Sur,Delhi,Delhi,Beauty,Face Wash,10,14437.87,144378.7,Credit Card,Delivered,2025-05-26
ORD01212,Vedika Sawhney,Visakhapatnam,Andhra Pradesh,Books,Science Book,5,75965.49,379827.45,Debit Card,Delivered,2026-02-26
ORD01213,Taran Gaba,Jaipur,Rajasthan,Fashion,Watch,4,55367.03,221468.12,Credit Card,Delivered,2025-12-31
ORD01214,Fateh Grover,Jaipur,Rajasthan,Furniture,Sofa,6,32112.43,192674.58,Debit Card,Shipped,2025-04-04
ORD01215,Yakshit Warrior,Kochi,Kerala,Electronics,Laptop,6,53829.24,322975.44,Credit Card,Shipped,2025-09-10
ORD01216,Elakshi Konda,Hyderabad,Telangana,Sports,Gym Bag,5,23320.7,116603.5,UPI,Shipped,2025-04-13
ORD01217,Ojas Vohra,Bhopal,Madhya Pradesh,Groceries,Rice,5,48648.03,243240.15,Cash,Shipped,2025-06-24
ORD01218,Jhanvi Batta,Kolkata,West Bengal,Home Appliances,Fan,4,5496.69,21986.76,Credit Card,Delivered,2025-01-04
ORD01219,Biju Balakrishnan,Bhopal,Madhya Pradesh,Books,Comics,1,8336.85,8336.85,Cash,Pending,2025-11-09
ORD01220,Anvi Bhasin,Guwahati,Assam,Groceries,Milk,9,24525.14,220726.26,Credit Card,Delivered,2024-06-03
ORD01221,Trisha Buch,Pune,Maharashtra,Beauty,Shampoo,3,69919.25,209757.75,Net Banking,Cancelled,2024-06-11
ORD01222,Manikya Deep,Guwahati,Assam,Electronics,Laptop,7,47525.3,332677.1,Cash,Cancelled,2024-06-18
ORD01223,Prisha Kulkarni,Mysuru,Karnataka,Beauty,Perfume,5,55623.52,278117.6,Credit Card,Pending,2024-12-10
ORD01224,Emir Shan,Hyderabad,Telangana,Sports,Gym Bag,10,18656.82,186568.2,Net Banking,Cancelled,2025-04-30
ORD01225,Biju Rajan,Ranchi,Jharkhand,Home Appliances,Microwave,10,37501.63,375016.3,Cash,Pending,2026-03-30
ORD01226,Gokul Baria,Pune,Maharashtra,Groceries,Rice,2,10269.96,20539.92,Credit Card,Shipped,2026-03-08
ORD01227,Sumer Date,Bengaluru,Karnataka,Books,Novel,3,60136.12,180408.36,Cash,Delivered,2024-07-19
ORD01228,Reyansh Madan,Visakhapatnam,Andhra Pradesh,Groceries,Oil,8,12241.4,97931.2,Cash,Delivered,2025-03-24
ORD01229,Shray Kadakia,Delhi,Delhi,Groceries,Milk,6,22209.58,133257.48,Cash,Shipped,2025-05-07
ORD01230,Shayak Halder,Guwahati,Assam,Books,History Book,5,54405.09,272025.45,Net Banking,Shipped,2024-08-21
ORD01231,Biju Seshadri,Delhi,Delhi,Home Appliances,AC,5,76975.44,384877.2,Net Banking,Shipped,2025-11-08
ORD01232,Jayesh Hayre,Hyderabad,Telangana,Sports,Yoga Mat,3,57286.79,171860.37,Credit Card,Delivered,2026-03-31
ORD01233,Miraya Dey,Coimbatore,Tamil Nadu,Home Appliances,AC,2,79274.16,158548.32,Credit Card,Delivered,2025-06-25
ORD01234,Elakshi Chaudhry,Kolkata,West Bengal,Fashion,Watch,2,46156.53,92313.06,Cash,Delivered,2025-04-11
ORD01235,Shamik Ramanathan,Delhi,Delhi,Fashion,Watch,1,92292.01,92292.01,Net Banking,Pending,2024-12-14
ORD01236,Advik Deol,Coimbatore,Tamil Nadu,Sports,Yoga Mat,5,99888.82,499444.1,Net Banking,Pending,2024-12-06
ORD01237,Dhanuk Bakshi,Kochi,Kerala,Furniture,Sofa,5,3060.97,15304.85,Cash,Delivered,2025-09-24
ORD01238,Priyansh Chad,Visakhapatnam,Andhra Pradesh,Beauty,Perfume,8,56316.0,450528.0,Net Banking,Delivered,2025-07-07
ORD01239,Myra Seshadri,Patna,Bihar,Furniture,Bed,5,94946.27,474731.35,Debit Card,Delivered,2025-11-06
ORD01240,Eva Date,Delhi,Delhi,Beauty,Lipstick,4,29809.92,119239.68,Debit Card,Delivered,2025-09-04
ORD01241,Ira Sinha,Kochi,Kerala,Beauty,Shampoo,10,70096.87,700968.7,UPI,Pending,2024-10-22
ORD01242,Nayantara Bansal,Visakhapatnam,Andhra Pradesh,Groceries,Rice,8,71846.85,574774.8,Cash,Delivered,2024-06-23
ORD01243,Mamooty Bawa,Chennai,Tamil Nadu,Fashion,Watch,1,93148.03,93148.03,Debit Card,Shipped,2026-03-07
ORD01244,Lakshit Suresh,Coimbatore,Tamil Nadu,Sports,Cricket Bat,8,21169.52,169356.16,Credit Card,Shipped,2024-12-06
ORD01245,Amani Ramanathan,Coimbatore,Tamil Nadu,Sports,Tennis Racket,9,50252.18,452269.62,UPI,Delivered,2025-02-01
ORD01246,Veer Das,Delhi,Delhi,Sports,Yoga Mat,8,49133.91,393071.28,Credit Card,Delivered,2024-12-25
ORD01247,Prisha Sinha,Hyderabad,Telangana,Fashion,Shoes,4,14696.11,58784.44,Debit Card,Pending,2026-02-19
ORD01248,Mannat Baria,Lucknow,Uttar Pradesh,Electronics,Headphones,5,62694.49,313472.45,Debit Card,Pending,2025-03-01
ORD01249,Renee Kata,Noida,Uttar Pradesh,Electronics,Smart TV,8,70685.21,565481.68,UPI,Delivered,2025-03-12
ORD01250,Nirvi Gade,Chennai,Tamil Nadu,Books,Comics,4,45928.42,183713.68,UPI,Pending,2025-09-20
ORD01251,Sara Acharya,Noida,Uttar Pradesh,Groceries,Juice,6,71466.72,428800.32,Cash,Pending,2025-04-01
ORD01252,Mahika Chaudhary,Coimbatore,Tamil Nadu,Furniture,Wardrobe,1,79678.83,79678.83,Debit Card,Cancelled,2024-12-11
ORD01253,Tiya Kunda,Hyderabad,Telangana,Groceries,Milk,10,85035.35,850353.5,Net Banking,Pending,2025-01-11
ORD01254,Priyansh Shenoy,Surat,Gujarat,Sports,Cricket Bat,9,49344.91,444104.19,Cash,Pending,2025-06-12
ORD01255,Reyansh Gera,Indore,Madhya Pradesh,Furniture,Wardrobe,4,86049.81,344199.24,Net Banking,Pending,2025-12-14
ORD01256,Riaan Saini,Guwahati,Assam,Groceries,Juice,1,27861.84,27861.84,UPI,Shipped,2025-03-23
ORD01257,Shalv Rana,Chandigarh,Chandigarh,Fashion,Watch,6,60276.99,361661.94,Debit Card,Cancelled,2025-11-17
ORD01258,Nayantara Khanna,Lucknow,Uttar Pradesh,Home Appliances,Fan,10,69327.96,693279.6,Cash,Cancelled,2024-07-29
ORD01259,Rati Chaudhari,Noida,Uttar Pradesh,Furniture,Bed,7,96485.06,675395.42,Net Banking,Shipped,2024-10-07
ORD01260,Veer Saraf,Coimbatore,Tamil Nadu,Sports,Football,10,34963.22,349632.2,Credit Card,Shipped,2026-02-01
ORD01261,Ayesha Sachdeva,Chennai,Tamil Nadu,Electronics,Smart TV,1,34493.83,34493.83,Net Banking,Pending,2024-07-11
ORD01262,Vritika Das,Coimbatore,Tamil Nadu,Fashion,T-Shirt,2,97633.74,195267.48,UPI,Shipped,2024-05-15
ORD01263,Vedika Baral,Ranchi,Jharkhand,Home Appliances,Washing Machine,7,16514.72,115603.04,UPI,Delivered,2024-12-06
ORD01264,Suhana Basak,Pune,Maharashtra,Fashion,Watch,4,46286.94,185147.76,Cash,Shipped,2024-10-21
ORD01265,Myra Bhatti,Bhopal,Madhya Pradesh,Fashion,Shoes,7,35092.69,245648.83,Net Banking,Delivered,2025-08-18
ORD01266,Madhup Manne,Pune,Maharashtra,Electronics,Camera,9,76609.97,689489.73,UPI,Cancelled,2025-11-18
ORD01267,Hridaan Bhatnagar,Coimbatore,Tamil Nadu,Beauty,Cream,3,38925.71,116777.13,Debit Card,Pending,2026-01-16
ORD01268,Vritika Bhakta,Surat,Gujarat,Beauty,Shampoo,9,62988.59,566897.31,UPI,Pending,2025-03-23
ORD01269,Indranil Bora,Nagpur,Maharashtra,Groceries,Snacks,8,68862.18,550897.44,Net Banking,Cancelled,2025-11-26
ORD01270,Madhup Kalla,Jaipur,Rajasthan,Books,Comics,1,33295.64,33295.64,Net Banking,Shipped,2024-08-31
ORD01271,Hrishita Dube,Noida,Uttar Pradesh,Groceries,Milk,7,54030.67,378214.69,Net Banking,Delivered,2025-05-22
ORD01272,Arhaan Luthra,Hyderabad,Telangana,Furniture,Bed,7,89662.52,627637.64,UPI,Pending,2025-07-30
ORD01273,Ranbir Ravel,Pune,Maharashtra,Groceries,Oil,9,13929.28,125363.52,Cash,Pending,2025-10-05
ORD01274,Shalv Babu,Vadodara,Gujarat,Books,Biography,5,89251.88,446259.4,Debit Card,Pending,2025-02-12
ORD01275,Gokul Toor,Hyderabad,Telangana,Furniture,Bed,4,75531.59,302126.36,Net Banking,Shipped,2024-06-02
ORD01276,Hrishita Sidhu,Mumbai,Maharashtra,Electronics,Laptop,10,19911.89,199118.9,Debit Card,Cancelled,2026-03-10
ORD01277,Dhanuk Mallick,Kochi,Kerala,Home Appliances,Microwave,2,64341.09,128682.18,Debit Card,Delivered,2024-06-04
ORD01278,Krish Kurian,Mysuru,Karnataka,Home Appliances,Microwave,6,61150.08,366900.48,Cash,Pending,2024-08-04
ORD01279,Uthkarsh Lata,Pune,Maharashtra,Furniture,Dining Table,3,6712.43,20137.29,Cash,Shipped,2025-12-21
ORD01280,Sumer Subramanian,Indore,Madhya Pradesh,Books,Science Book,9,15710.9,141398.1,Debit Card,Shipped,2026-01-17
ORD01281,Saksham Karan,Indore,Madhya Pradesh,Fashion,Jacket,4,82323.7,329294.8,Net Banking,Pending,2024-07-27
ORD01282,Divit Bava,Nagpur,Maharashtra,Fashion,Watch,7,61577.15,431040.05,Debit Card,Delivered,2024-07-20
ORD01283,Advika Ghose,Mumbai,Maharashtra,Electronics,Laptop,10,59955.45,599554.5,Credit Card,Shipped,2025-07-17
ORD01284,Raghav Date,Indore,Madhya Pradesh,Beauty,Face Wash,9,63373.59,570362.31,Cash,Cancelled,2026-01-08
ORD01285,Purab Sathe,Bhopal,Madhya Pradesh,Books,Science Book,8,20138.26,161106.08,Cash,Pending,2025-01-18
ORD01286,Taimur Sarma,Bengaluru,Karnataka,Furniture,Bed,8,44332.42,354659.36,Net Banking,Cancelled,2026-02-19
ORD01287,Bhamini Kata,Noida,Uttar Pradesh,Home Appliances,Fan,4,52332.35,209329.4,Net Banking,Delivered,2025-07-15
ORD01288,Kanav Sahota,Kolkata,West Bengal,Groceries,Juice,2,16113.74,32227.48,UPI,Shipped,2025-07-03
ORD01289,Akarsh Lala,Lucknow,Uttar Pradesh,Electronics,Mobile,7,30675.03,214725.21,Cash,Pending,2024-11-10
ORD01290,Vidur Rajagopal,Chandigarh,Chandigarh,Beauty,Cream,10,65051.01,650510.1,Debit Card,Delivered,2026-02-07
ORD01291,Samar Balan,Visakhapatnam,Andhra Pradesh,Fashion,Shoes,1,1330.85,1330.85,Debit Card,Pending,2024-12-22
ORD01292,Divij Chakraborty,Nagpur,Maharashtra,Beauty,Perfume,5,3609.85,18049.25,Credit Card,Shipped,2025-07-20
ORD01293,Vidur Dua,Patna,Bihar,Sports,Gym Bag,4,43218.71,172874.84,Debit Card,Delivered,2025-06-30
ORD01294,Sahil Mannan,Mysuru,Karnataka,Sports,Football,2,35268.33,70536.66,Net Banking,Pending,2026-01-19
ORD01295,Kaira Dalal,Chandigarh,Chandigarh,Groceries,Juice,8,67845.84,542766.72,Net Banking,Delivered,2025-04-13
ORD01296,Ranbir Chander,Chandigarh,Chandigarh,Fashion,T-Shirt,2,75956.1,151912.2,Cash,Shipped,2025-09-07
ORD01297,Pranay Bobal,Noida,Uttar Pradesh,Fashion,Jeans,8,99981.88,799855.04,Credit Card,Shipped,2026-05-05
ORD01298,Anahita Wali,Delhi,Delhi,Home Appliances,Refrigerator,10,24947.59,249475.9,Debit Card,Delivered,2024-11-08
ORD01299,Yuvaan Yogi,Guwahati,Assam,Fashion,Watch,7,8967.81,62774.67,Net Banking,Delivered,2026-01-24
ORD01300,Miraan Vora,Chennai,Tamil Nadu,Sports,Football,9,23605.61,212450.49,Debit Card,Cancelled,2025-05-05
ORD01301,Tiya Tara,Pune,Maharashtra,Books,Biography,5,44596.98,222984.9,Debit Card,Cancelled,2025-04-30
ORD01302,Vidur Khosla,Patna,Bihar,Fashion,Jacket,2,29813.31,59626.62,Cash,Pending,2025-01-01
ORD01303,Aaina Sarin,Jaipur,Rajasthan,Beauty,Perfume,3,51782.09,155346.27,Net Banking,Delivered,2026-04-21
ORD01304,Zain Ratta,Nagpur,Maharashtra,Beauty,Shampoo,6,19282.82,115696.92,Credit Card,Pending,2025-12-03
ORD01305,Sahil Mane,Chandigarh,Chandigarh,Books,Comics,3,6026.75,18080.25,Cash,Cancelled,2025-03-06
ORD01306,Myra Sanghvi,Bengaluru,Karnataka,Home Appliances,Fan,8,92806.99,742455.92,Credit Card,Delivered,2026-03-10
ORD01307,Sara Johal,Vadodara,Gujarat,Fashion,Shoes,4,14167.41,56669.64,Net Banking,Shipped,2024-11-02
ORD01308,Badal Batra,Chennai,Tamil Nadu,Groceries,Oil,10,50008.4,500084.0,Credit Card,Cancelled,2024-11-27
ORD01309,Sara Tella,Surat,Gujarat,Electronics,Headphones,2,18496.14,36992.28,Debit Card,Cancelled,2026-02-15
ORD01310,Anay Arya,Kochi,Kerala,Books,Science Book,1,4344.26,4344.26,Net Banking,Cancelled,2025-09-16
ORD01311,Yasmin Vaidya,Guwahati,Assam,Home Appliances,Microwave,8,16339.07,130712.56,Debit Card,Delivered,2024-09-29
ORD01312,Vedika Desai,Delhi,Delhi,Groceries,Oil,1,50988.39,50988.39,Net Banking,Delivered,2025-05-03
ORD01313,Neelofar Sachdev,Pune,Maharashtra,Sports,Gym Bag,8,19384.64,155077.12,Credit Card,Shipped,2025-08-15
ORD01314,Zara Balay,Hyderabad,Telangana,Beauty,Face Wash,1,46272.82,46272.82,Debit Card,Shipped,2025-02-17
ORD01315,Yasmin Desai,Indore,Madhya Pradesh,Fashion,Watch,7,48741.79,341192.53,Net Banking,Cancelled,2025-09-23
ORD01316,Keya Mane,Guwahati,Assam,Electronics,Headphones,1,58281.36,58281.36,Cash,Shipped,2025-02-23
ORD01317,Ivan Guha,Kochi,Kerala,Fashion,Shoes,7,25277.2,176940.4,Net Banking,Delivered,2024-09-12
ORD01318,Tara Gokhale,Bhopal,Madhya Pradesh,Groceries,Oil,9,48176.85,433591.65,Net Banking,Shipped,2024-12-23
ORD01319,Suhana Mannan,Indore,Madhya Pradesh,Electronics,Camera,4,43067.55,172270.2,Net Banking,Pending,2025-10-18
ORD01320,Shaan Wable,Bhopal,Madhya Pradesh,Fashion,Shoes,7,33646.2,235523.4,Debit Card,Delivered,2026-01-17
ORD01321,Elakshi Kulkarni,Visakhapatnam,Andhra Pradesh,Home Appliances,Microwave,6,31560.25,189361.5,Cash,Delivered,2025-07-06
ORD01322,Anvi Vig,Lucknow,Uttar Pradesh,Beauty,Shampoo,2,50274.93,100549.86,Debit Card,Pending,2025-01-31
ORD01323,Zain Saraf,Noida,Uttar Pradesh,Home Appliances,Washing Machine,6,21394.92,128369.52,Net Banking,Pending,2025-11-28
ORD01324,Advik Rama,Vadodara,Gujarat,Home Appliances,Microwave,9,90892.9,818036.1,Net Banking,Cancelled,2025-10-06
ORD01325,Mannat Reddy,Kochi,Kerala,Electronics,Headphones,7,61824.25,432769.75,Credit Card,Cancelled,2026-01-29
ORD01326,Rasha Gokhale,Lucknow,Uttar Pradesh,Home Appliances,Microwave,2,50876.71,101753.42,Debit Card,Delivered,2024-07-18
ORD01327,Sara Badami,Chandigarh,Chandigarh,Fashion,Watch,4,53201.35,212805.4,Cash,Delivered,2025-05-05
ORD01328,Parinaaz Salvi,Indore,Madhya Pradesh,Electronics,Headphones,2,96782.18,193564.36,Cash,Shipped,2025-11-21
ORD01329,Saksham Garg,Indore,Madhya Pradesh,Books,History Book,9,36113.74,325023.66,Credit Card,Shipped,2024-10-15
ORD01330,Badal Rana,Chennai,Tamil Nadu,Electronics,Headphones,9,89457.76,805119.84,UPI,Shipped,2024-12-02
ORD01331,Ivana Thakur,Ahmedabad,Gujarat,Groceries,Oil,4,28683.81,114735.24,UPI,Cancelled,2026-03-26
ORD01332,Heer Atwal,Jaipur,Rajasthan,Beauty,Face Wash,10,85610.61,856106.1,Net Banking,Cancelled,2025-04-16
ORD01333,Dishani Sood,Mumbai,Maharashtra,Home Appliances,Fan,4,61354.93,245419.72,UPI,Delivered,2024-09-08
ORD01334,Kanav Tandon,Delhi,Delhi,Fashion,T-Shirt,7,47450.59,332154.13,Credit Card,Cancelled,2025-08-07
ORD01335,Kismat Zacharia,Mysuru,Karnataka,Fashion,Jeans,7,22807.34,159651.38,Credit Card,Cancelled,2025-12-30
ORD01336,Anya Atwal,Nagpur,Maharashtra,Beauty,Cream,6,41677.85,250067.1,Debit Card,Shipped,2025-07-27
ORD01337,Inaaya  Chahal,Indore,Madhya Pradesh,Beauty,Cream,4,21828.3,87313.2,Cash,Cancelled,2025-02-23
ORD01338,Yakshit Mangat,Delhi,Delhi,Books,Comics,9,55173.86,496564.74,Credit Card,Pending,2025-01-19
ORD01339,Saira Saran,Ahmedabad,Gujarat,Electronics,Laptop,6,18299.4,109796.4,UPI,Pending,2026-02-13
ORD01340,Siya Varty,Vadodara,Gujarat,Home Appliances,Refrigerator,6,75902.18,455413.08,Net Banking,Shipped,2025-05-14
ORD01341,Zaina Raja,Chandigarh,Chandigarh,Books,History Book,2,74645.63,149291.26,Debit Card,Pending,2026-01-04
ORD01342,Ishaan Ranganathan,Nagpur,Maharashtra,Books,Science Book,9,64842.07,583578.63,UPI,Pending,2025-12-30
ORD01343,Inaaya  Ramaswamy,Noida,Uttar Pradesh,Books,History Book,10,58591.13,585911.3,Cash,Cancelled,2025-01-05
ORD01344,Manikya Sharma,Nagpur,Maharashtra,Sports,Cricket Bat,8,56960.0,455680.0,Cash,Shipped,2024-06-10
ORD01345,Faiyaz Yogi,Mumbai,Maharashtra,Home Appliances,Fan,8,46598.94,372791.52,Net Banking,Cancelled,2024-12-21
ORD01346,Inaaya  Zacharia,Patna,Bihar,Books,Science Book,8,22111.3,176890.4,Net Banking,Pending,2025-05-14
ORD01347,Divyansh Ram,Surat,Gujarat,Home Appliances,AC,1,40150.1,40150.1,Net Banking,Pending,2025-06-28
ORD01348,Kabir Salvi,Hyderabad,Telangana,Furniture,Dining Table,7,63722.57,446057.99,Cash,Cancelled,2024-06-23
ORD01349,Divij Madan,Nagpur,Maharashtra,Books,History Book,9,63291.98,569627.82,Cash,Pending,2025-02-14
ORD01350,Jayan Maharaj,Vadodara,Gujarat,Groceries,Rice,9,2234.66,20111.94,UPI,Pending,2025-07-06
ORD01351,Aradhya Dube,Nagpur,Maharashtra,Groceries,Juice,10,51989.47,519894.7,UPI,Pending,2026-03-27
ORD01352,Miraan Deep,Mumbai,Maharashtra,Beauty,Shampoo,3,81728.97,245186.91,Debit Card,Cancelled,2024-06-20
ORD01353,Anvi Gour,Delhi,Delhi,Furniture,Wardrobe,3,52445.38,157336.14,Debit Card,Cancelled,2024-12-21
ORD01354,Ranbir Bera,Mysuru,Karnataka,Electronics,Laptop,1,58362.8,58362.8,UPI,Shipped,2024-09-18
ORD01355,Ayesha Shetty,Guwahati,Assam,Sports,Yoga Mat,3,48198.69,144596.07,Cash,Delivered,2024-05-13
ORD01356,Suhana Chandra,Delhi,Delhi,Furniture,Wardrobe,3,1789.75,5369.25,Cash,Cancelled,2025-01-28
ORD01357,Mishti Edwin,Kochi,Kerala,Sports,Gym Bag,3,38728.51,116185.53,Net Banking,Shipped,2024-10-02
ORD01358,Nitya Kulkarni,Ahmedabad,Gujarat,Books,Comics,10,84709.25,847092.5,Net Banking,Cancelled,2025-02-19
ORD01359,Tushar Lal,Chennai,Tamil Nadu,Books,Comics,6,91528.17,549169.02,Net Banking,Cancelled,2024-08-04
ORD01360,Divij Tripathi,Ranchi,Jharkhand,Fashion,T-Shirt,5,30038.37,150191.85,UPI,Delivered,2024-07-07
ORD01361,Mishti Srinivasan,Coimbatore,Tamil Nadu,Furniture,Dining Table,3,62737.97,188213.91,UPI,Cancelled,2026-04-05
ORD01362,Rasha Rattan,Ranchi,Jharkhand,Groceries,Milk,7,56959.85,398718.95,Cash,Pending,2025-01-25
ORD01363,Dishani Balan,Noida,Uttar Pradesh,Electronics,Camera,2,15700.17,31400.34,Net Banking,Cancelled,2024-05-26
ORD01364,Dhanuk Bhasin,Jaipur,Rajasthan,Furniture,Sofa,9,52034.82,468313.38,Net Banking,Cancelled,2026-03-09
ORD01365,Navya Sidhu,Lucknow,Uttar Pradesh,Electronics,Laptop,8,22162.45,177299.6,Cash,Shipped,2024-09-05
ORD01366,Aayush Ahuja,Mumbai,Maharashtra,Beauty,Shampoo,4,42857.31,171429.24,Debit Card,Shipped,2025-08-18
ORD01367,Vritika Soni,Visakhapatnam,Andhra Pradesh,Sports,Yoga Mat,5,89265.74,446328.7,Debit Card,Delivered,2025-10-09
ORD01368,Pranay Reddy,Ahmedabad,Gujarat,Electronics,Smart TV,6,69520.79,417124.74,Debit Card,Pending,2025-02-06
ORD01369,Keya Sem,Ranchi,Jharkhand,Books,Biography,7,81280.19,568961.33,Credit Card,Cancelled,2026-02-02
ORD01370,Anahi Ranganathan,Kochi,Kerala,Furniture,Dining Table,8,91897.79,735182.32,Net Banking,Pending,2024-09-02
ORD01371,Shayak Vaidya,Nagpur,Maharashtra,Home Appliances,Washing Machine,10,19754.95,197549.5,Net Banking,Shipped,2024-08-09
ORD01372,Lakshit Kapoor,Chandigarh,Chandigarh,Home Appliances,Microwave,3,7227.76,21683.28,Net Banking,Shipped,2024-12-16
ORD01373,Kavya Chad,Kochi,Kerala,Sports,Cricket Bat,10,62013.74,620137.4,Credit Card,Cancelled,2025-08-29
ORD01374,Heer Dhillon,Vadodara,Gujarat,Sports,Tennis Racket,4,33885.13,135540.52,Debit Card,Delivered,2025-07-19
ORD01375,Shlok Ganesan,Chandigarh,Chandigarh,Sports,Football,6,69357.25,416143.5,UPI,Delivered,2024-09-26
ORD01376,Ehsaan Srinivasan,Visakhapatnam,Andhra Pradesh,Home Appliances,Fan,2,65064.57,130129.14,Debit Card,Cancelled,2026-03-31
ORD01377,Tara Atwal,Chandigarh,Chandigarh,Electronics,Laptop,4,55682.68,222730.72,UPI,Pending,2025-04-20
ORD01378,Gatik Bir,Lucknow,Uttar Pradesh,Books,Comics,8,52161.28,417290.24,Net Banking,Shipped,2026-05-05
ORD01379,Adah Raja,Visakhapatnam,Andhra Pradesh,Beauty,Cream,5,22171.99,110859.95,Credit Card,Pending,2025-02-12
ORD01380,Biju Bahri,Chandigarh,Chandigarh,Sports,Cricket Bat,6,36346.04,218076.24,Credit Card,Delivered,2025-06-27
ORD01381,Lagan Kakar,Bengaluru,Karnataka,Groceries,Snacks,2,45398.53,90797.06,UPI,Pending,2025-05-28
ORD01382,Ivan Barman,Mysuru,Karnataka,Fashion,Jacket,7,30491.61,213441.27,Credit Card,Shipped,2026-04-02
ORD01383,Manikya Karan,Bengaluru,Karnataka,Books,History Book,5,9737.07,48685.35,Cash,Shipped,2025-08-08
ORD01384,Gokul Lad,Surat,Gujarat,Books,Comics,10,8289.33,82893.3,UPI,Pending,2025-07-11
ORD01385,Hunar Gill,Guwahati,Assam,Books,Novel,10,77572.66,775726.6,Credit Card,Pending,2025-01-16
ORD01386,Aarna Som,Bhopal,Madhya Pradesh,Sports,Football,8,17656.99,141255.92,Net Banking,Delivered,2024-10-12
ORD01387,Manikya Sidhu,Bhopal,Madhya Pradesh,Furniture,Bed,9,5142.25,46280.25,UPI,Delivered,2024-08-02
ORD01388,Divyansh Venkataraman,Bengaluru,Karnataka,Books,History Book,8,23091.72,184733.76,Cash,Pending,2024-09-03
ORD01389,Shalv Kale,Kolkata,West Bengal,Furniture,Dining Table,6,94495.46,566972.76,Debit Card,Cancelled,2024-12-02
ORD01390,Indranil Bava,Bengaluru,Karnataka,Electronics,Laptop,5,27766.05,138830.25,Debit Card,Shipped,2026-01-25
ORD01391,Diya Baral,Bengaluru,Karnataka,Furniture,Chair,6,52456.69,314740.14,Debit Card,Cancelled,2024-10-21
ORD01392,Aarav Bala,Ranchi,Jharkhand,Books,Novel,3,26433.1,79299.3,Cash,Delivered,2024-11-27
ORD01393,Tanya Thaker,Indore,Madhya Pradesh,Electronics,Smart TV,4,37642.96,150571.84,Net Banking,Pending,2025-11-16
ORD01394,Kiaan Biswas,Visakhapatnam,Andhra Pradesh,Electronics,Laptop,1,60880.92,60880.92,Cash,Cancelled,2025-04-15
ORD01395,Shaan Rout,Nagpur,Maharashtra,Electronics,Headphones,10,26981.91,269819.1,Debit Card,Cancelled,2025-03-08
ORD01396,Mannat Dhawan,Pune,Maharashtra,Sports,Gym Bag,4,62264.75,249059.0,Credit Card,Shipped,2025-02-07
ORD01397,Shray Bhalla,Jaipur,Rajasthan,Furniture,Bed,3,91826.69,275480.07,Cash,Pending,2024-07-17
ORD01398,Aarna Basu,Nagpur,Maharashtra,Sports,Football,7,19105.98,133741.86,UPI,Cancelled,2024-05-19
ORD01399,Tarini Jaggi,Ahmedabad,Gujarat,Furniture,Chair,2,89831.14,179662.28,UPI,Cancelled,2025-11-14
ORD01400,Jayan Halder,Nagpur,Maharashtra,Beauty,Cream,10,65262.1,652621.0,Net Banking,Pending,2024-06-11
ORD01401,Lakshit Sami,Ahmedabad,Gujarat,Electronics,Camera,4,42151.74,168606.96,Net Banking,Cancelled,2024-11-08
ORD01402,Nakul Bhalla,Patna,Bihar,Groceries,Milk,1,27981.86,27981.86,Credit Card,Pending,2025-01-05
ORD01403,Nishith Tiwari,Ranchi,Jharkhand,Groceries,Snacks,10,72542.11,725421.1,Credit Card,Cancelled,2025-05-28
ORD01404,Shamik Ramachandran,Coimbatore,Tamil Nadu,Furniture,Chair,3,25467.83,76403.49,UPI,Cancelled,2025-08-16
ORD01405,Rania Tiwari,Surat,Gujarat,Sports,Tennis Racket,8,34743.95,277951.6,Debit Card,Pending,2025-07-28
ORD01406,Alia Khatri,Chandigarh,Chandigarh,Electronics,Smart TV,9,85714.05,771426.45,Debit Card,Delivered,2025-04-13
ORD01407,Gokul Dasgupta,Visakhapatnam,Andhra Pradesh,Beauty,Cream,8,35884.05,287072.4,Debit Card,Pending,2024-10-01
ORD01408,Aarush Sidhu,Mumbai,Maharashtra,Groceries,Milk,7,38686.76,270807.32,Credit Card,Shipped,2026-03-28
ORD01409,Neysa Bains,Pune,Maharashtra,Beauty,Shampoo,9,44692.44,402231.96,UPI,Pending,2025-10-09
ORD01410,Arhaan Babu,Delhi,Delhi,Beauty,Cream,6,99220.74,595324.44,UPI,Pending,2025-05-17
ORD01411,Ivan Ramaswamy,Chennai,Tamil Nadu,Books,Novel,1,38651.91,38651.91,UPI,Shipped,2026-03-23
ORD01412,Tara Sodhi,Kochi,Kerala,Fashion,Jeans,4,11691.3,46765.2,Credit Card,Delivered,2025-09-10
ORD01413,Kartik Samra,Coimbatore,Tamil Nadu,Electronics,Mobile,8,85218.68,681749.44,Debit Card,Shipped,2025-03-19
ORD01414,Elakshi Subramaniam,Delhi,Delhi,Furniture,Chair,6,91715.97,550295.82,Cash,Pending,2026-05-06
ORD01415,Vaibhav Jani,Mysuru,Karnataka,Electronics,Smart TV,9,15530.49,139774.41,Credit Card,Delivered,2025-01-18
ORD01416,Pranay Koshy,Ahmedabad,Gujarat,Fashion,Jeans,1,70152.01,70152.01,Credit Card,Pending,2025-01-27
ORD01417,Kimaya Kala,Vadodara,Gujarat,Fashion,Jeans,2,88828.81,177657.62,Cash,Cancelled,2025-05-31
ORD01418,Purab Dubey,Vadodara,Gujarat,Furniture,Wardrobe,5,57058.41,285292.05,Credit Card,Cancelled,2026-02-25
ORD01419,Sana Basak,Surat,Gujarat,Fashion,Watch,8,88655.78,709246.24,Net Banking,Cancelled,2024-06-25
ORD01420,Jayesh Chhabra,Vadodara,Gujarat,Electronics,Camera,6,58825.0,352950.0,Net Banking,Delivered,2025-05-29
ORD01421,Shanaya Dani,Kochi,Kerala,Sports,Cricket Bat,4,56813.29,227253.16,Net Banking,Shipped,2025-07-25
ORD01422,Rania Tak,Mumbai,Maharashtra,Groceries,Snacks,1,51469.26,51469.26,Cash,Delivered,2024-12-11
ORD01423,Sumer Datta,Mysuru,Karnataka,Groceries,Snacks,10,81891.56,818915.6,UPI,Cancelled,2025-01-22
ORD01424,Advik Shukla,Kolkata,West Bengal,Groceries,Snacks,9,88104.39,792939.51,UPI,Delivered,2024-05-23
ORD01425,Navya Konda,Guwahati,Assam,Fashion,Shoes,4,84916.01,339664.04,UPI,Cancelled,2025-09-16
ORD01426,Anya Deo,Coimbatore,Tamil Nadu,Sports,Yoga Mat,1,22836.7,22836.7,Credit Card,Pending,2025-08-28
ORD01427,Hridaan Chana,Vadodara,Gujarat,Fashion,Jeans,4,67602.14,270408.56,Cash,Delivered,2026-03-01
ORD01428,Biju Chander,Ranchi,Jharkhand,Beauty,Face Wash,3,20182.62,60547.86,Credit Card,Cancelled,2024-12-19
ORD01429,Ishaan Handa,Ranchi,Jharkhand,Fashion,Shoes,3,76759.61,230278.83,Credit Card,Shipped,2025-03-07
ORD01430,Zain Sani,Chennai,Tamil Nadu,Books,Science Book,4,51955.8,207823.2,UPI,Shipped,2025-09-20
ORD01431,Indranil Bajwa,Bengaluru,Karnataka,Furniture,Bed,7,49645.87,347521.09,Net Banking,Shipped,2025-03-15
ORD01432,Mohanlal Kakar,Visakhapatnam,Andhra Pradesh,Sports,Cricket Bat,9,90932.08,818388.72,Debit Card,Cancelled,2025-08-31
ORD01433,Fateh Jhaveri,Noida,Uttar Pradesh,Home Appliances,AC,5,8553.93,42769.65,Cash,Cancelled,2025-04-22
ORD01434,Mamooty Reddy,Jaipur,Rajasthan,Books,Novel,7,31290.67,219034.69,Credit Card,Cancelled,2025-11-06
ORD01435,Parinaaz De,Jaipur,Rajasthan,Fashion,Watch,1,36849.33,36849.33,Credit Card,Pending,2024-09-25
ORD01436,Fateh Dara,Surat,Gujarat,Furniture,Bed,7,25457.96,178205.72,Cash,Pending,2025-10-19
ORD01437,Nishith Khurana,Chandigarh,Chandigarh,Books,Science Book,5,83498.86,417494.3,Net Banking,Cancelled,2025-08-21
ORD01438,Vritika Koshy,Kochi,Kerala,Home Appliances,AC,5,34434.05,172170.25,Credit Card,Pending,2025-07-30
ORD01439,Kiara Lall,Chandigarh,Chandigarh,Beauty,Cream,3,7237.45,21712.35,Credit Card,Delivered,2026-03-22
ORD01440,Hunar Soman,Kochi,Kerala,Beauty,Shampoo,8,99303.8,794430.4,Credit Card,Delivered,2025-05-17
ORD01441,Sumer Sarma,Ranchi,Jharkhand,Home Appliances,Refrigerator,1,62193.19,62193.19,UPI,Cancelled,2026-04-26
ORD01442,Indranil Bumb,Jaipur,Rajasthan,Electronics,Smart TV,1,2676.14,2676.14,Debit Card,Cancelled,2026-03-26
ORD01443,Vritika Anand,Vadodara,Gujarat,Sports,Football,6,96578.87,579473.22,Net Banking,Pending,2025-02-17
ORD01444,Zeeshan Chadha,Mumbai,Maharashtra,Books,Comics,3,38445.57,115336.71,Credit Card,Delivered,2026-03-11
ORD01445,Vivaan Bali,Surat,Gujarat,Beauty,Perfume,7,24484.93,171394.51,Cash,Delivered,2024-08-27
ORD01446,Divij Deol,Nagpur,Maharashtra,Sports,Cricket Bat,10,23560.88,235608.8,UPI,Cancelled,2025-10-13
ORD01447,Akarsh Behl,Nagpur,Maharashtra,Fashion,Jacket,7,91295.24,639066.68,UPI,Shipped,2025-02-08
ORD01448,Saira Varma,Guwahati,Assam,Home Appliances,Fan,6,26080.16,156480.96,Credit Card,Delivered,2025-07-17
ORD01449,Advik Virk,Lucknow,Uttar Pradesh,Groceries,Juice,2,5216.85,10433.7,Net Banking,Shipped,2024-11-06
ORD01450,Kartik Baria,Visakhapatnam,Andhra Pradesh,Groceries,Rice,1,84698.74,84698.74,Debit Card,Shipped,2025-09-19
ORD01451,Riaan Gola,Pune,Maharashtra,Fashion,T-Shirt,8,85304.21,682433.68,UPI,Delivered,2026-01-04
ORD01452,Zaina Varma,Bengaluru,Karnataka,Beauty,Perfume,5,88802.74,444013.7,Credit Card,Delivered,2024-12-06
ORD01453,Yasmin Srivastava,Noida,Uttar Pradesh,Sports,Gym Bag,5,64902.02,324510.1,Debit Card,Pending,2025-03-25
ORD01454,Nakul Balan,Ranchi,Jharkhand,Beauty,Lipstick,1,32104.85,32104.85,Net Banking,Shipped,2025-05-28
ORD01455,Keya Mangal,Kolkata,West Bengal,Books,Science Book,1,49789.76,49789.76,Debit Card,Delivered,2024-09-05
ORD01456,Jivika Chandran,Guwahati,Assam,Fashion,Jeans,10,42956.73,429567.3,Cash,Cancelled,2025-08-27
ORD01457,Miraan Hora,Patna,Bihar,Beauty,Cream,8,77944.12,623552.96,Cash,Cancelled,2025-10-15
ORD01458,Prisha Singhal,Mysuru,Karnataka,Books,History Book,4,22471.86,89887.44,UPI,Shipped,2025-12-02
ORD01459,Amira Andra,Ahmedabad,Gujarat,Electronics,Laptop,10,46675.79,466757.9,Debit Card,Shipped,2024-11-24
ORD01460,Charvi Shetty,Ranchi,Jharkhand,Fashion,Shoes,9,55311.93,497807.37,Credit Card,Pending,2025-03-07
ORD01461,Vidur Swamy,Ranchi,Jharkhand,Electronics,Mobile,2,58811.17,117622.34,UPI,Pending,2025-08-31
ORD01462,Divij Sinha,Ranchi,Jharkhand,Sports,Football,4,43960.01,175840.04,Credit Card,Delivered,2025-05-17
ORD01463,Ivan Ramakrishnan,Patna,Bihar,Electronics,Mobile,8,28361.08,226888.64,Cash,Pending,2024-05-06
ORD01464,Madhav Karpe,Chennai,Tamil Nadu,Fashion,Jeans,9,30992.07,278928.63,Debit Card,Pending,2026-01-31
ORD01465,Kabir Sagar,Indore,Madhya Pradesh,Fashion,T-Shirt,4,69559.11,278236.44,Credit Card,Cancelled,2026-01-16
ORD01466,Indranil Issac,Guwahati,Assam,Groceries,Snacks,6,92378.42,554270.52,Credit Card,Pending,2024-10-27
ORD01467,Onkar Shanker,Delhi,Delhi,Electronics,Laptop,3,96585.96,289757.88,Net Banking,Cancelled,2025-09-25
ORD01468,Aayush Saha,Chandigarh,Chandigarh,Books,Novel,7,27312.12,191184.84,Net Banking,Pending,2025-05-21
ORD01469,Kismat Dhar,Bhopal,Madhya Pradesh,Electronics,Mobile,6,77205.42,463232.52,Net Banking,Shipped,2024-10-06
ORD01470,Heer Khare,Guwahati,Assam,Books,Comics,9,64490.09,580410.81,Net Banking,Cancelled,2024-07-09
ORD01471,Jivika Agrawal,Lucknow,Uttar Pradesh,Fashion,Jacket,8,13071.98,104575.84,Debit Card,Shipped,2025-03-31
ORD01472,Jhanvi Hans,Ahmedabad,Gujarat,Electronics,Smart TV,2,5984.39,11968.78,Debit Card,Cancelled,2026-02-03
ORD01473,Saira Chowdhury,Bhopal,Madhya Pradesh,Sports,Gym Bag,4,88160.61,352642.44,Net Banking,Delivered,2026-01-03
ORD01474,Oorja Badami,Mysuru,Karnataka,Electronics,Mobile,1,85024.4,85024.4,Net Banking,Pending,2024-11-24
ORD01475,Charvi Dhar,Visakhapatnam,Andhra Pradesh,Beauty,Face Wash,9,84886.86,763981.74,Net Banking,Shipped,2025-12-15
ORD01476,Samiha Buch,Ranchi,Jharkhand,Books,Novel,2,68485.82,136971.64,UPI,Delivered,2024-06-10
ORD01477,Lagan Raval,Bhopal,Madhya Pradesh,Sports,Yoga Mat,6,38757.27,232543.62,Debit Card,Delivered,2025-05-07
ORD01478,Lakshit Kata,Patna,Bihar,Home Appliances,Fan,2,37533.17,75066.34,Net Banking,Pending,2026-03-19
ORD01479,Kiaan Bora,Kochi,Kerala,Furniture,Sofa,4,21119.43,84477.72,Net Banking,Pending,2026-03-20
ORD01480,Miraya Samra,Coimbatore,Tamil Nadu,Furniture,Wardrobe,8,41748.33,333986.64,Cash,Delivered,2024-12-10
ORD01481,Renee Batta,Jaipur,Rajasthan,Books,Biography,3,79388.21,238164.63,Credit Card,Pending,2025-11-18
ORD01482,Krish Barad,Chandigarh,Chandigarh,Electronics,Smart TV,5,29940.13,149700.65,Debit Card,Cancelled,2026-01-17
ORD01483,Indrajit Maharaj,Nagpur,Maharashtra,Sports,Football,8,87237.04,697896.32,Credit Card,Pending,2025-04-02
ORD01484,Kavya Dhawan,Delhi,Delhi,Electronics,Mobile,5,90803.94,454019.7,Net Banking,Pending,2024-10-25
ORD01485,Aayush Mani,Mumbai,Maharashtra,Beauty,Cream,4,13626.97,54507.88,Debit Card,Shipped,2024-09-17
ORD01486,Navya Magar,Mumbai,Maharashtra,Beauty,Shampoo,7,58256.93,407798.51,UPI,Delivered,2025-02-20
ORD01487,Piya Bandi,Nagpur,Maharashtra,Electronics,Headphones,4,46532.03,186128.12,Credit Card,Shipped,2025-10-06
ORD01488,Anahita Agrawal,Vadodara,Gujarat,Books,Science Book,3,67407.37,202222.11,Debit Card,Shipped,2025-04-16
ORD01489,Ahana  Arya,Lucknow,Uttar Pradesh,Furniture,Sofa,2,71312.43,142624.86,Debit Card,Shipped,2025-05-31
ORD01490,Oorja Balay,Chennai,Tamil Nadu,Furniture,Bed,9,9619.17,86572.53,Cash,Delivered,2025-08-11
ORD01491,Miraya Shere,Lucknow,Uttar Pradesh,Groceries,Oil,3,97253.56,291760.68,UPI,Pending,2025-02-01
ORD01492,Jayant Bora,Hyderabad,Telangana,Sports,Tennis Racket,8,1510.63,12085.04,Net Banking,Pending,2026-03-01
ORD01493,Zeeshan Seshadri,Noida,Uttar Pradesh,Electronics,Headphones,2,92101.97,184203.94,UPI,Cancelled,2025-03-03
ORD01494,Ishaan Shah,Ranchi,Jharkhand,Books,Novel,2,9233.13,18466.26,Cash,Pending,2025-06-03
ORD01495,Himmat Chakraborty,Bhopal,Madhya Pradesh,Beauty,Perfume,10,21980.9,219809.0,Cash,Shipped,2025-06-14
ORD01496,Tejas Koshy,Kolkata,West Bengal,Groceries,Juice,4,94302.97,377211.88,Cash,Pending,2025-12-18
ORD01497,Rati Varkey,Kolkata,West Bengal,Groceries,Milk,2,63784.13,127568.26,Credit Card,Pending,2024-11-10
ORD01498,Jayesh Dutta,Vadodara,Gujarat,Sports,Football,9,9108.21,81973.89,Net Banking,Delivered,2025-10-01
ORD01499,Anay Grewal,Mysuru,Karnataka,Fashion,T-Shirt,4,433.08,1732.32,Net Banking,Shipped,2025-10-18
ORD01500,Divyansh Sura,Patna,Bihar,Sports,Tennis Racket,3,22947.17,68841.51,Net Banking,Cancelled,2025-04-16
ORD01501,Aarna Sodhi,Bhopal,Madhya Pradesh,Beauty,Lipstick,6,47997.65,287985.9,Net Banking,Delivered,2024-06-25
ORD01502,Dhanuk Sidhu,Surat,Gujarat,Furniture,Wardrobe,3,31454.41,94363.23,Debit Card,Cancelled,2025-03-24
ORD01503,Prisha Ratta,Bengaluru,Karnataka,Groceries,Snacks,10,37913.98,379139.8,Cash,Pending,2025-11-22
ORD01504,Reyansh Chakrabarti,Mumbai,Maharashtra,Books,Science Book,6,29322.6,175935.6,UPI,Cancelled,2025-01-30
ORD01505,Riaan Zacharia,Bhopal,Madhya Pradesh,Home Appliances,Microwave,10,48287.09,482870.9,UPI,Shipped,2025-02-16
ORD01506,Armaan Sarma,Visakhapatnam,Andhra Pradesh,Books,History Book,5,44545.93,222729.65,Credit Card,Pending,2026-04-19
ORD01507,Sahil Venkatesh,Pune,Maharashtra,Electronics,Smart TV,3,22413.53,67240.59,Cash,Delivered,2025-03-21
ORD01508,Shanaya Venkatesh,Indore,Madhya Pradesh,Beauty,Cream,1,69446.55,69446.55,Cash,Cancelled,2025-02-26
ORD01509,Samiha Shroff,Indore,Madhya Pradesh,Sports,Football,7,10197.06,71379.42,Debit Card,Shipped,2025-06-22
ORD01510,Eva Chawla,Bhopal,Madhya Pradesh,Books,Science Book,3,58731.07,176193.21,Debit Card,Delivered,2024-08-05
ORD01511,Kabir Dyal,Noida,Uttar Pradesh,Home Appliances,AC,4,72234.29,288937.16,Cash,Delivered,2025-10-08
ORD01512,Riya Saini,Lucknow,Uttar Pradesh,Furniture,Dining Table,2,8334.67,16669.34,Debit Card,Pending,2025-05-30
ORD01513,Ivan Raman,Kochi,Kerala,Groceries,Juice,8,5865.44,46923.52,Net Banking,Pending,2025-10-12
ORD01514,Damini Bhatti,Chennai,Tamil Nadu,Electronics,Camera,1,57461.13,57461.13,Debit Card,Pending,2024-09-13
ORD01515,Shanaya Rama,Mumbai,Maharashtra,Books,Biography,1,95929.08,95929.08,Credit Card,Cancelled,2024-07-16
ORD01516,Myra Dewan,Kochi,Kerala,Books,Biography,3,98200.88,294602.64,UPI,Shipped,2024-05-27
ORD01517,Prisha Divan,Bengaluru,Karnataka,Home Appliances,Microwave,1,23617.56,23617.56,Debit Card,Cancelled,2025-09-17
ORD01518,Samar Cherian,Ahmedabad,Gujarat,Home Appliances,Microwave,1,39517.88,39517.88,UPI,Cancelled,2025-09-27
ORD01519,Farhan Varkey,Delhi,Delhi,Beauty,Cream,9,8559.9,77039.1,Cash,Delivered,2025-12-14
ORD01520,Sana Ghose,Pune,Maharashtra,Furniture,Wardrobe,8,4395.71,35165.68,Credit Card,Pending,2025-09-22
ORD01521,Pranay Dash,Vadodara,Gujarat,Sports,Football,2,54191.24,108382.48,Debit Card,Delivered,2025-12-21
ORD01522,Uthkarsh Sharma,Bengaluru,Karnataka,Groceries,Rice,1,98127.15,98127.15,UPI,Shipped,2025-08-01
ORD01523,Mishti Basu,Surat,Gujarat,Beauty,Perfume,10,73404.09,734040.9,Credit Card,Shipped,2025-11-04
ORD01524,Aaryahi Vasa,Kolkata,West Bengal,Home Appliances,Microwave,10,39338.54,393385.4,Net Banking,Shipped,2024-05-22
ORD01525,Alisha Dutta,Mysuru,Karnataka,Beauty,Lipstick,4,21312.32,85249.28,Cash,Shipped,2025-06-07
ORD01526,Miraya Sabharwal,Kochi,Kerala,Beauty,Shampoo,10,12222.77,122227.7,Net Banking,Pending,2025-03-08
ORD01527,Jivika Mahal,Lucknow,Uttar Pradesh,Fashion,Jacket,2,26471.32,52942.64,Cash,Cancelled,2025-02-10
ORD01528,Riaan Dada,Nagpur,Maharashtra,Beauty,Shampoo,10,71990.26,719902.6,Debit Card,Cancelled,2024-05-17
ORD01529,Madhav Lata,Ranchi,Jharkhand,Furniture,Chair,4,60174.1,240696.4,Debit Card,Cancelled,2025-11-02
ORD01530,Urvi Rajan,Surat,Gujarat,Electronics,Headphones,2,76134.51,152269.02,Cash,Pending,2026-02-02
ORD01531,Himmat Viswanathan,Hyderabad,Telangana,Books,Biography,3,15931.39,47794.17,Debit Card,Delivered,2025-09-14
ORD01532,Shray Jani,Chandigarh,Chandigarh,Fashion,Jacket,1,77191.95,77191.95,UPI,Shipped,2024-10-29
ORD01533,Manjari Reddy,Chandigarh,Chandigarh,Furniture,Wardrobe,5,75670.14,378350.7,Debit Card,Delivered,2025-08-12
ORD01534,Pranay Buch,Chandigarh,Chandigarh,Home Appliances,Microwave,10,21022.83,210228.3,Debit Card,Cancelled,2025-04-22
ORD01535,Rasha Kuruvilla,Lucknow,Uttar Pradesh,Electronics,Mobile,6,49828.05,298968.3,Cash,Shipped,2024-11-29
ORD01536,Vihaan Venkataraman,Mumbai,Maharashtra,Furniture,Chair,2,45150.31,90300.62,Net Banking,Delivered,2024-09-04
ORD01537,Manikya Bumb,Kochi,Kerala,Books,Biography,3,52328.22,156984.66,Credit Card,Shipped,2024-08-27
ORD01538,Anay Gera,Coimbatore,Tamil Nadu,Beauty,Shampoo,8,93474.14,747793.12,Cash,Shipped,2024-10-25
ORD01539,Trisha Trivedi,Mysuru,Karnataka,Beauty,Shampoo,10,18738.97,187389.7,Cash,Pending,2024-11-11
ORD01540,Nishith Jayaraman,Bhopal,Madhya Pradesh,Sports,Football,3,33096.84,99290.52,Cash,Shipped,2024-10-29
ORD01541,Ahana  Comar,Coimbatore,Tamil Nadu,Groceries,Rice,6,43241.51,259449.06,Debit Card,Delivered,2025-04-26
ORD01542,Shamik Gola,Ranchi,Jharkhand,Furniture,Sofa,1,40201.41,40201.41,Credit Card,Pending,2025-03-08
ORD01543,Advika Wable,Chennai,Tamil Nadu,Fashion,T-Shirt,8,14813.2,118505.6,Net Banking,Shipped,2026-03-03
ORD01544,Himmat Sankar,Hyderabad,Telangana,Home Appliances,AC,8,1593.1,12744.8,UPI,Cancelled,2026-03-24
ORD01545,Bhavin Chaudhry,Noida,Uttar Pradesh,Fashion,T-Shirt,3,46047.71,138143.13,Debit Card,Cancelled,2024-11-18
ORD01546,Vritika Yohannan,Bengaluru,Karnataka,Sports,Football,4,92079.45,368317.8,Debit Card,Delivered,2025-12-07
ORD01547,Akarsh Chandran,Surat,Gujarat,Furniture,Chair,4,46810.73,187242.92,Debit Card,Delivered,2025-04-03
ORD01548,Elakshi Gandhi,Ranchi,Jharkhand,Electronics,Camera,6,47693.45,286160.7,Debit Card,Pending,2025-02-28
ORD01549,Khushi Sem,Bengaluru,Karnataka,Sports,Cricket Bat,9,62090.46,558814.14,Credit Card,Shipped,2026-03-10
ORD01550,Shayak Ratti,Pune,Maharashtra,Beauty,Lipstick,4,93243.14,372972.56,Credit Card,Pending,2024-09-11
ORD01551,Ivan Chana,Chennai,Tamil Nadu,Fashion,T-Shirt,1,60355.34,60355.34,Debit Card,Delivered,2025-04-11
ORD01552,Advika Bassi,Bengaluru,Karnataka,Electronics,Headphones,4,28424.28,113697.12,Cash,Cancelled,2024-07-02
ORD01553,Ivan Wable,Ranchi,Jharkhand,Electronics,Smart TV,1,63910.68,63910.68,Debit Card,Delivered,2026-02-19
ORD01554,Hrishita Sharma,Ahmedabad,Gujarat,Sports,Gym Bag,6,16675.71,100054.26,Debit Card,Delivered,2025-12-25
ORD01555,Neysa Soman,Chandigarh,Chandigarh,Fashion,Shoes,1,86252.16,86252.16,Cash,Pending,2025-07-19
ORD01556,Aradhya Sani,Mysuru,Karnataka,Books,Science Book,4,51747.98,206991.92,UPI,Delivered,2025-08-11
ORD01557,Mehul Roy,Patna,Bihar,Home Appliances,Washing Machine,10,66342.52,663425.2,Debit Card,Delivered,2025-06-14
ORD01558,Trisha Saraf,Ranchi,Jharkhand,Furniture,Chair,2,60961.19,121922.38,Debit Card,Pending,2025-01-19
ORD01559,Jiya Som,Coimbatore,Tamil Nadu,Electronics,Smart TV,7,12184.08,85288.56,Credit Card,Shipped,2024-12-24
ORD01560,Myra Sarin,Surat,Gujarat,Beauty,Face Wash,10,757.39,7573.9,Debit Card,Pending,2024-07-29
ORD01561,Diya Guha,Nagpur,Maharashtra,Electronics,Headphones,10,76628.49,766284.9,Debit Card,Pending,2025-05-06
ORD01562,Yashvi Hans,Jaipur,Rajasthan,Books,History Book,3,22499.84,67499.52,Cash,Delivered,2024-05-27
ORD01563,Sumer Kothari,Kolkata,West Bengal,Home Appliances,AC,1,39599.37,39599.37,Credit Card,Pending,2024-10-11
ORD01564,Samarth Sundaram,Delhi,Delhi,Beauty,Lipstick,9,36042.02,324378.18,Credit Card,Shipped,2025-03-14
ORD01565,Anvi Atwal,Nagpur,Maharashtra,Fashion,Watch,8,24356.58,194852.64,UPI,Cancelled,2024-05-23
ORD01566,Miraya Kurian,Patna,Bihar,Sports,Gym Bag,7,16123.27,112862.89,Net Banking,Shipped,2024-05-20
ORD01567,Kashvi Hans,Coimbatore,Tamil Nadu,Furniture,Sofa,1,24557.06,24557.06,Credit Card,Delivered,2024-08-02
ORD01568,Keya Ravel,Hyderabad,Telangana,Home Appliances,Microwave,6,75278.71,451672.26,Net Banking,Pending,2025-10-14
ORD01569,Anahita Virk,Nagpur,Maharashtra,Home Appliances,Microwave,10,73167.95,731679.5,Credit Card,Cancelled,2025-09-13
ORD01570,Miraan Joshi,Vadodara,Gujarat,Beauty,Face Wash,8,84348.77,674790.16,Credit Card,Delivered,2024-10-06
ORD01571,Eshani Cherian,Chandigarh,Chandigarh,Beauty,Cream,5,38492.32,192461.6,Debit Card,Cancelled,2025-03-04
ORD01572,Madhav Khanna,Ranchi,Jharkhand,Groceries,Juice,4,45991.89,183967.56,Debit Card,Delivered,2024-05-29
ORD01573,Chirag Deo,Kochi,Kerala,Electronics,Smart TV,10,84830.85,848308.5,Debit Card,Pending,2026-01-19
ORD01574,Vedika Balan,Ranchi,Jharkhand,Electronics,Smart TV,6,78096.93,468581.58,Cash,Pending,2024-06-10
ORD01575,Priyansh Seshadri,Ahmedabad,Gujarat,Sports,Yoga Mat,8,5605.3,44842.4,Debit Card,Pending,2025-01-12
ORD01576,Nirvaan Tata,Guwahati,Assam,Groceries,Milk,7,81396.43,569775.01,Credit Card,Pending,2025-06-13
ORD01577,Nitya Bora,Visakhapatnam,Andhra Pradesh,Sports,Tennis Racket,2,64314.39,128628.78,Debit Card,Pending,2025-10-21
ORD01578,Aaryahi Keer,Ranchi,Jharkhand,Sports,Tennis Racket,4,83230.14,332920.56,Cash,Shipped,2025-03-29
ORD01579,Vanya Sagar,Jaipur,Rajasthan,Fashion,Shoes,1,52109.93,52109.93,Debit Card,Delivered,2026-02-02
ORD01580,Pranay Bhakta,Indore,Madhya Pradesh,Groceries,Snacks,4,96710.98,386843.92,Credit Card,Cancelled,2026-01-15
ORD01581,Nakul Sandhu,Patna,Bihar,Home Appliances,Microwave,6,37030.2,222181.2,Credit Card,Delivered,2025-01-02
ORD01582,Hazel Biswas,Kolkata,West Bengal,Electronics,Headphones,6,92325.29,553951.74,Net Banking,Cancelled,2024-10-23
ORD01583,Sahil Lall,Patna,Bihar,Sports,Yoga Mat,2,63385.13,126770.26,Debit Card,Pending,2025-11-18
ORD01584,Kabir Issac,Hyderabad,Telangana,Sports,Gym Bag,6,41730.8,250384.8,Credit Card,Delivered,2025-10-04
ORD01585,Akarsh Singhal,Guwahati,Assam,Sports,Gym Bag,4,57043.93,228175.72,Credit Card,Pending,2024-08-17
ORD01586,Vedika Uppal,Pune,Maharashtra,Home Appliances,Microwave,7,65561.08,458927.56,Cash,Cancelled,2025-04-09
ORD01587,Kimaya Batta,Mumbai,Maharashtra,Books,Novel,1,29963.43,29963.43,Cash,Pending,2025-10-07
ORD01588,Elakshi Bobal,Visakhapatnam,Andhra Pradesh,Beauty,Shampoo,7,92302.21,646115.47,Debit Card,Cancelled,2025-09-22
ORD01589,Yuvaan De,Nagpur,Maharashtra,Fashion,Jacket,8,9144.18,73153.44,Cash,Shipped,2025-08-14
ORD01590,Renee Sami,Noida,Uttar Pradesh,Beauty,Face Wash,8,13196.51,105572.08,Cash,Shipped,2025-05-18
ORD01591,Jivika Virk,Visakhapatnam,Andhra Pradesh,Fashion,Watch,1,86062.69,86062.69,Debit Card,Pending,2025-08-19
ORD01592,Bhavin Dutta,Chennai,Tamil Nadu,Groceries,Juice,6,14505.39,87032.34,UPI,Delivered,2025-10-10
ORD01593,Jhanvi Bora,Kolkata,West Bengal,Fashion,Jeans,2,45932.83,91865.66,Cash,Delivered,2024-09-13
ORD01594,Sara Koshy,Ranchi,Jharkhand,Furniture,Dining Table,2,89009.63,178019.26,Net Banking,Delivered,2026-03-15
ORD01595,Yasmin Choudhry,Delhi,Delhi,Groceries,Oil,3,45131.27,135393.81,Debit Card,Pending,2025-06-22
ORD01596,Madhav Gandhi,Surat,Gujarat,Books,Biography,4,56782.69,227130.76,Net Banking,Shipped,2025-08-23
ORD01597,Mehul Chand,Patna,Bihar,Sports,Gym Bag,2,32665.29,65330.58,Net Banking,Delivered,2025-06-19
ORD01598,Alisha Rajagopalan,Kochi,Kerala,Books,Science Book,5,12460.09,62300.45,UPI,Pending,2025-07-19
ORD01599,Navya Biswas,Guwahati,Assam,Electronics,Mobile,9,3244.43,29199.87,Cash,Cancelled,2024-06-11
ORD01600,Anahita Raja,Guwahati,Assam,Groceries,Juice,4,33793.43,135173.72,Credit Card,Pending,2026-01-10
ORD01601,Zeeshan Lanka,Mysuru,Karnataka,Groceries,Rice,2,60619.18,121238.36,Net Banking,Delivered,2024-09-01
ORD01602,Ritvik Dhar,Surat,Gujarat,Furniture,Sofa,9,11918.9,107270.1,UPI,Delivered,2025-12-02
ORD01603,Shalv Bhagat,Lucknow,Uttar Pradesh,Fashion,Watch,5,75358.07,376790.35,UPI,Delivered,2025-09-14
ORD01604,Ivana Chokshi,Nagpur,Maharashtra,Books,Comics,1,30357.56,30357.56,UPI,Cancelled,2025-06-11
ORD01605,Ehsaan Lal,Visakhapatnam,Andhra Pradesh,Groceries,Oil,4,40107.87,160431.48,Debit Card,Pending,2024-11-17
ORD01606,Jayant D’Alia,Chandigarh,Chandigarh,Sports,Yoga Mat,8,36633.48,293067.84,Cash,Delivered,2025-06-01
ORD01607,Vihaan Ramesh,Patna,Bihar,Beauty,Perfume,1,77707.34,77707.34,Credit Card,Delivered,2024-06-04
ORD01608,Mohanlal Talwar,Chandigarh,Chandigarh,Electronics,Laptop,7,45026.71,315186.97,Cash,Delivered,2025-09-19
ORD01609,Nitara Contractor,Kolkata,West Bengal,Furniture,Bed,5,7193.39,35966.95,Net Banking,Cancelled,2024-05-21
ORD01610,Ela Madan,Jaipur,Rajasthan,Sports,Tennis Racket,8,24783.1,198264.8,UPI,Pending,2026-04-10
ORD01611,Kanav Edwin,Guwahati,Assam,Fashion,Jacket,2,3670.06,7340.12,Net Banking,Pending,2026-04-16
ORD01612,Kiara Chakraborty,Chandigarh,Chandigarh,Groceries,Milk,4,13794.96,55179.84,Net Banking,Delivered,2024-12-13
ORD01613,Lakshit Hayer,Mysuru,Karnataka,Fashion,Watch,10,64865.52,648655.2,Debit Card,Pending,2025-09-20
ORD01614,Shaan Randhawa,Bhopal,Madhya Pradesh,Sports,Cricket Bat,9,54889.32,494003.88,Cash,Shipped,2026-03-16
ORD01615,Madhav Kari,Bengaluru,Karnataka,Furniture,Chair,1,44664.76,44664.76,Cash,Cancelled,2025-07-30
ORD01616,Divyansh Sandhu,Coimbatore,Tamil Nadu,Sports,Football,5,41954.27,209771.35,UPI,Cancelled,2024-11-22
ORD01617,Emir Bajwa,Chennai,Tamil Nadu,Fashion,T-Shirt,6,48305.33,289831.98,Cash,Delivered,2024-05-10
ORD01618,Samiha Dutt,Surat,Gujarat,Beauty,Shampoo,7,24780.07,173460.49,Cash,Pending,2025-11-15
ORD01619,Ahana  Khalsa,Nagpur,Maharashtra,Home Appliances,Fan,4,73737.82,294951.28,Net Banking,Pending,2025-03-20
ORD01620,Hunar Sha,Lucknow,Uttar Pradesh,Groceries,Juice,2,95973.7,191947.4,Cash,Cancelled,2025-11-24
ORD01621,Yashvi Rau,Ahmedabad,Gujarat,Sports,Yoga Mat,9,60521.02,544689.18,Debit Card,Cancelled,2024-11-23
ORD01622,Biju Saxena,Noida,Uttar Pradesh,Home Appliances,Microwave,6,88280.89,529685.34,Credit Card,Pending,2025-12-25
ORD01623,Hansh Venkataraman,Mysuru,Karnataka,Home Appliances,Washing Machine,9,55104.37,495939.33,Credit Card,Cancelled,2024-07-22
ORD01624,Divit Sethi,Hyderabad,Telangana,Sports,Yoga Mat,5,70669.13,353345.65,Debit Card,Delivered,2025-09-05
ORD01625,Vardaniya Boase,Kochi,Kerala,Beauty,Cream,5,74910.46,374552.3,Cash,Shipped,2025-08-14
ORD01626,Lakshay Kuruvilla,Noida,Uttar Pradesh,Beauty,Shampoo,8,29829.32,238634.56,UPI,Shipped,2025-04-14
ORD01627,Nishith De,Nagpur,Maharashtra,Electronics,Mobile,3,37745.38,113236.14,Credit Card,Shipped,2025-02-13
ORD01628,Jivika Badami,Bhopal,Madhya Pradesh,Furniture,Sofa,8,6170.12,49360.96,Debit Card,Shipped,2026-03-10
ORD01629,Ahana  Sama,Vadodara,Gujarat,Home Appliances,Refrigerator,2,26721.23,53442.46,Credit Card,Shipped,2024-08-19
ORD01630,Saanvi Bhargava,Kochi,Kerala,Groceries,Milk,4,67390.67,269562.68,Debit Card,Cancelled,2024-11-18
ORD01631,Jayant Lall,Mumbai,Maharashtra,Furniture,Bed,5,99928.59,499642.95,Debit Card,Delivered,2025-01-17
ORD01632,Charvi Roy,Lucknow,Uttar Pradesh,Home Appliances,Fan,2,75461.08,150922.16,Cash,Shipped,2025-06-18
ORD01633,Tanya Kibe,Bhopal,Madhya Pradesh,Electronics,Camera,2,10225.45,20450.9,Debit Card,Cancelled,2025-09-12
ORD01634,Rasha Gopal,Vadodara,Gujarat,Groceries,Juice,5,80464.23,402321.15,Net Banking,Delivered,2025-12-31
ORD01635,Dhanush Shroff,Ranchi,Jharkhand,Groceries,Snacks,2,80286.11,160572.22,Credit Card,Pending,2025-09-12
ORD01636,Divyansh Vala,Coimbatore,Tamil Nadu,Fashion,T-Shirt,1,4545.47,4545.47,Debit Card,Shipped,2026-01-14
ORD01637,Samaira Ahuja,Nagpur,Maharashtra,Beauty,Perfume,5,94707.5,473537.5,UPI,Delivered,2024-07-31
ORD01638,Prisha Kota,Noida,Uttar Pradesh,Books,Science Book,2,15757.55,31515.1,Debit Card,Pending,2026-03-30
ORD01639,Gokul Sami,Vadodara,Gujarat,Books,History Book,8,59449.64,475597.12,Credit Card,Pending,2025-08-07
ORD01640,Madhav Brahmbhatt,Visakhapatnam,Andhra Pradesh,Home Appliances,Fan,6,26303.09,157818.54,UPI,Delivered,2025-01-13
ORD01641,Manjari Basak,Pune,Maharashtra,Fashion,Jeans,10,59850.46,598504.6,Debit Card,Delivered,2024-07-29
ORD01642,Baiju Bava,Coimbatore,Tamil Nadu,Groceries,Milk,5,79912.02,399560.1,Credit Card,Pending,2024-11-01
ORD01643,Jivika Choudhary,Hyderabad,Telangana,Beauty,Face Wash,6,17202.66,103215.96,UPI,Delivered,2025-12-21
ORD01644,Anika Chhabra,Bengaluru,Karnataka,Home Appliances,Microwave,7,15605.38,109237.66,Cash,Pending,2025-09-11
ORD01645,Zoya Walla,Patna,Bihar,Furniture,Dining Table,1,74949.46,74949.46,Debit Card,Pending,2024-08-31
ORD01646,Baiju Sundaram,Noida,Uttar Pradesh,Books,Biography,8,61200.68,489605.44,UPI,Delivered,2025-08-17
ORD01647,Divyansh Bajaj,Kochi,Kerala,Furniture,Sofa,6,47028.9,282173.4,Credit Card,Shipped,2024-08-23
ORD01648,Indrans Dhar,Ranchi,Jharkhand,Home Appliances,Fan,10,28226.51,282265.1,Debit Card,Shipped,2025-04-25
ORD01649,Jayesh Khatri,Ahmedabad,Gujarat,Books,Science Book,1,64483.9,64483.9,Debit Card,Pending,2024-11-04
ORD01650,Vihaan Krish,Jaipur,Rajasthan,Beauty,Shampoo,8,16368.49,130947.92,Credit Card,Delivered,2024-09-16
ORD01651,Kanav Bains,Kochi,Kerala,Sports,Football,9,82911.44,746202.96,Net Banking,Delivered,2025-03-18
ORD01652,Jayant Bansal,Bengaluru,Karnataka,Furniture,Dining Table,3,69026.63,207079.89,Debit Card,Shipped,2025-08-17
ORD01653,Dhanuk Kala,Jaipur,Rajasthan,Sports,Tennis Racket,2,69102.69,138205.38,UPI,Cancelled,2024-06-20
ORD01654,Kiara Bhalla,Guwahati,Assam,Furniture,Bed,7,60347.21,422430.47,Credit Card,Delivered,2026-02-08
ORD01655,Kavya Doctor,Hyderabad,Telangana,Groceries,Juice,1,78491.59,78491.59,Cash,Shipped,2026-03-18
ORD01656,Advika Bala,Coimbatore,Tamil Nadu,Groceries,Snacks,4,56333.1,225332.4,Debit Card,Delivered,2026-01-16
ORD01657,Pari Sabharwal,Surat,Gujarat,Home Appliances,Washing Machine,3,37823.76,113471.28,UPI,Delivered,2025-12-21
ORD01658,Rohan Sheth,Guwahati,Assam,Furniture,Bed,1,30623.27,30623.27,Net Banking,Cancelled,2026-04-12
ORD01659,Shray Joshi,Patna,Bihar,Home Appliances,Microwave,5,70443.98,352219.9,Net Banking,Shipped,2025-05-12
ORD01660,Pranay Gill,Surat,Gujarat,Books,History Book,5,48339.74,241698.7,Net Banking,Cancelled,2024-11-08
ORD01661,Sumer Madan,Kolkata,West Bengal,Fashion,Shoes,7,22643.84,158506.88,Cash,Cancelled,2026-03-28
ORD01662,Aaryahi Suresh,Chennai,Tamil Nadu,Electronics,Camera,7,65463.82,458246.74,Credit Card,Pending,2025-07-27
ORD01663,Raghav Shroff,Chandigarh,Chandigarh,Furniture,Dining Table,1,63145.85,63145.85,Net Banking,Delivered,2025-05-05
ORD01664,Divit Ray,Mumbai,Maharashtra,Furniture,Wardrobe,9,57483.67,517353.03,Cash,Shipped,2026-02-10
ORD01665,Kimaya Khanna,Chandigarh,Chandigarh,Books,Comics,1,26405.84,26405.84,Cash,Cancelled,2025-05-22
ORD01666,Lagan Badal,Guwahati,Assam,Furniture,Bed,9,45428.55,408856.95,Credit Card,Shipped,2026-01-24
ORD01667,Vaibhav Manne,Vadodara,Gujarat,Home Appliances,Refrigerator,7,76324.16,534269.12,Net Banking,Delivered,2025-10-17
ORD01668,Kanav Bains,Indore,Madhya Pradesh,Sports,Cricket Bat,6,19100.33,114601.98,Net Banking,Pending,2025-02-05
ORD01669,Ishita Bhat,Ahmedabad,Gujarat,Fashion,T-Shirt,7,85131.52,595920.64,UPI,Delivered,2025-08-18
ORD01670,Tejas Mandal,Jaipur,Rajasthan,Home Appliances,Fan,10,99161.81,991618.1,Net Banking,Shipped,2024-11-06
ORD01671,Amira Sandhu,Ranchi,Jharkhand,Books,Biography,2,63282.52,126565.04,Cash,Shipped,2024-09-07
ORD01672,Seher Chokshi,Ahmedabad,Gujarat,Electronics,Camera,7,50702.27,354915.89,Debit Card,Pending,2025-11-13
ORD01673,Ira Dixit,Pune,Maharashtra,Furniture,Bed,6,99593.88,597563.28,Net Banking,Cancelled,2025-02-22
ORD01674,Eshani Dugar,Noida,Uttar Pradesh,Electronics,Smart TV,5,28210.54,141052.7,Debit Card,Delivered,2025-05-15
ORD01675,Lavanya Jain,Chennai,Tamil Nadu,Sports,Football,3,19483.23,58449.69,Net Banking,Shipped,2025-05-23
ORD01676,Jivika Gandhi,Kolkata,West Bengal,Sports,Football,7,64216.38,449514.66,Credit Card,Delivered,2024-10-26
ORD01677,Adah Bahri,Ahmedabad,Gujarat,Fashion,T-Shirt,10,78548.1,785481.0,Credit Card,Shipped,2024-06-26
ORD01678,Aaina Goel,Patna,Bihar,Sports,Gym Bag,5,657.62,3288.1,Debit Card,Cancelled,2025-01-24
ORD01679,Arnav Ramaswamy,Chennai,Tamil Nadu,Sports,Gym Bag,5,39916.88,199584.4,UPI,Delivered,2024-09-05
ORD01680,Biju Saini,Patna,Bihar,Sports,Gym Bag,8,44933.09,359464.72,Cash,Pending,2025-11-11
ORD01681,Suhana Kapur,Delhi,Delhi,Sports,Tennis Racket,2,64897.14,129794.28,UPI,Pending,2025-03-28
ORD01682,Aarna Chada,Coimbatore,Tamil Nadu,Books,Comics,8,36392.15,291137.2,Net Banking,Cancelled,2025-02-04
ORD01683,Suhana Jhaveri,Bengaluru,Karnataka,Home Appliances,Washing Machine,1,43765.06,43765.06,Debit Card,Shipped,2024-11-01
ORD01684,Azad Krish,Ranchi,Jharkhand,Home Appliances,AC,6,26214.14,157284.84,Credit Card,Cancelled,2024-07-02
ORD01685,Jhanvi Zacharia,Vadodara,Gujarat,Furniture,Dining Table,10,13409.4,134094.0,Credit Card,Shipped,2026-03-08
ORD01686,Aarav Borah,Pune,Maharashtra,Furniture,Wardrobe,10,39179.39,391793.9,Debit Card,Delivered,2025-06-06
ORD01687,Neysa Dey,Bhopal,Madhya Pradesh,Sports,Gym Bag,1,61030.04,61030.04,UPI,Pending,2024-08-26
ORD01688,Aarav Chowdhury,Noida,Uttar Pradesh,Home Appliances,Refrigerator,1,4156.1,4156.1,Credit Card,Shipped,2024-08-26
ORD01689,Kanav Ramakrishnan,Pune,Maharashtra,Sports,Gym Bag,8,93146.99,745175.92,Credit Card,Cancelled,2024-05-22
ORD01690,Miraan Aggarwal,Noida,Uttar Pradesh,Home Appliances,Refrigerator,7,72900.69,510304.83,Net Banking,Shipped,2024-10-31
ORD01691,Krish Kuruvilla,Kolkata,West Bengal,Electronics,Smart TV,10,57554.39,575543.9,Cash,Delivered,2025-12-14
ORD01692,Lakshay Walia,Delhi,Delhi,Furniture,Dining Table,5,11910.76,59553.8,Cash,Cancelled,2024-09-16
ORD01693,Hunar Sandal,Kochi,Kerala,Home Appliances,Microwave,9,67769.0,609921.0,Debit Card,Shipped,2025-03-19
ORD01694,Urvi Mani,Coimbatore,Tamil Nadu,Sports,Cricket Bat,5,35057.74,175288.7,UPI,Delivered,2025-04-28
ORD01695,Kartik Madan,Mumbai,Maharashtra,Furniture,Sofa,9,55313.98,497825.82,Debit Card,Pending,2024-06-14
ORD01696,Aradhya Bali,Visakhapatnam,Andhra Pradesh,Home Appliances,AC,4,19713.98,78855.92,Debit Card,Cancelled,2025-05-25
ORD01697,Mishti Bal,Ranchi,Jharkhand,Furniture,Wardrobe,4,83140.04,332560.16,Debit Card,Shipped,2024-10-25
ORD01698,Kanav Thaker,Indore,Madhya Pradesh,Books,Biography,10,74572.17,745721.7,Debit Card,Cancelled,2024-08-12
ORD01699,Vanya Shere,Visakhapatnam,Andhra Pradesh,Sports,Football,2,59703.28,119406.56,Cash,Shipped,2025-08-14
ORD01700,Ojas Walia,Mumbai,Maharashtra,Groceries,Juice,7,80984.88,566894.16,Cash,Delivered,2026-02-08
ORD01701,Purab Savant,Noida,Uttar Pradesh,Home Appliances,Fan,6,73664.58,441987.48,Cash,Shipped,2025-08-23
ORD01702,Gokul Bal,Jaipur,Rajasthan,Furniture,Dining Table,6,53142.91,318857.46,UPI,Shipped,2026-04-15
ORD01703,Rhea Rajan,Mysuru,Karnataka,Books,Novel,3,97297.75,291893.25,Debit Card,Pending,2025-12-23
ORD01704,Hrishita Bail,Chandigarh,Chandigarh,Books,Biography,2,10146.84,20293.68,UPI,Pending,2024-08-15
ORD01705,Kismat Rama,Jaipur,Rajasthan,Furniture,Sofa,1,39223.94,39223.94,Debit Card,Shipped,2026-03-01
ORD01706,Anahi Dora,Ranchi,Jharkhand,Electronics,Laptop,5,34617.4,173087.0,Credit Card,Pending,2025-12-01
ORD01707,Nirvi Hayre,Hyderabad,Telangana,Fashion,Jeans,1,57214.86,57214.86,Cash,Delivered,2025-03-27
ORD01708,Piya Kaul,Patna,Bihar,Books,Comics,5,45806.22,229031.1,UPI,Shipped,2024-05-13
ORD01709,Zeeshan Lal,Delhi,Delhi,Books,Biography,7,80029.04,560203.28,Debit Card,Shipped,2026-01-06
ORD01710,Anya Gopal,Patna,Bihar,Electronics,Headphones,3,74076.32,222228.96,UPI,Delivered,2024-10-25
ORD01711,Saira Raja,Kochi,Kerala,Furniture,Sofa,1,8102.05,8102.05,UPI,Cancelled,2025-07-30
ORD01712,Kartik Venkataraman,Guwahati,Assam,Sports,Yoga Mat,2,73006.74,146013.48,Credit Card,Pending,2025-01-05
ORD01713,Shlok Ahuja,Jaipur,Rajasthan,Furniture,Dining Table,10,20560.23,205602.3,Cash,Shipped,2024-11-30
ORD01714,Sana Vaidya,Lucknow,Uttar Pradesh,Books,History Book,6,89034.54,534207.24,UPI,Cancelled,2025-11-17
ORD01715,Vritika Gara,Lucknow,Uttar Pradesh,Fashion,Shoes,6,82810.21,496861.26,Credit Card,Shipped,2024-08-07
ORD01716,Lavanya Sengupta,Lucknow,Uttar Pradesh,Furniture,Wardrobe,4,89836.77,359347.08,Net Banking,Shipped,2026-02-27
ORD01717,Uthkarsh Dara,Surat,Gujarat,Books,Science Book,8,92959.06,743672.48,Credit Card,Pending,2026-01-30
ORD01718,Reyansh Walia,Noida,Uttar Pradesh,Electronics,Mobile,9,51359.13,462232.17,UPI,Pending,2024-11-27
ORD01719,Bhavin Rajagopal,Pune,Maharashtra,Electronics,Headphones,5,21359.35,106796.75,Credit Card,Cancelled,2024-12-10
ORD01720,Baiju Luthra,Bengaluru,Karnataka,Furniture,Chair,2,39755.4,79510.8,Debit Card,Shipped,2024-11-09
ORD01721,Pari Ghose,Indore,Madhya Pradesh,Books,History Book,5,35633.95,178169.75,UPI,Pending,2025-09-13
ORD01722,Aaryahi Hayre,Indore,Madhya Pradesh,Books,History Book,8,48228.68,385829.44,Net Banking,Cancelled,2025-10-17
ORD01723,Aayush Zacharia,Bhopal,Madhya Pradesh,Furniture,Wardrobe,10,49866.87,498668.7,UPI,Cancelled,2026-04-17
ORD01724,Yuvaan Ahuja,Chandigarh,Chandigarh,Beauty,Cream,9,14092.32,126830.88,Cash,Pending,2024-07-19
ORD01725,Yashvi Rajagopalan,Nagpur,Maharashtra,Electronics,Mobile,5,8470.12,42350.6,Credit Card,Cancelled,2025-06-19
ORD01726,Hridaan Kulkarni,Hyderabad,Telangana,Groceries,Juice,10,35919.72,359197.2,UPI,Pending,2025-09-23
ORD01727,Abram Sagar,Ranchi,Jharkhand,Beauty,Perfume,10,13275.86,132758.6,Net Banking,Pending,2026-04-20
ORD01728,Vedika Choudhury,Bengaluru,Karnataka,Furniture,Sofa,3,72663.31,217989.93,Debit Card,Delivered,2025-09-19
ORD01729,Anahita Jhaveri,Jaipur,Rajasthan,Furniture,Dining Table,6,15157.02,90942.12,Cash,Delivered,2024-07-20
ORD01730,Vritika Malhotra,Pune,Maharashtra,Electronics,Mobile,8,77115.79,616926.32,Debit Card,Shipped,2026-03-23
ORD01731,Azad Dalal,Chandigarh,Chandigarh,Electronics,Camera,1,21094.91,21094.91,Cash,Pending,2025-12-12
ORD01732,Madhav Varty,Lucknow,Uttar Pradesh,Beauty,Cream,2,71281.5,142563.0,Cash,Cancelled,2025-12-17
ORD01733,Aarush Sule,Noida,Uttar Pradesh,Books,Novel,9,66902.76,602124.84,Credit Card,Pending,2025-04-17
ORD01734,Alisha Dar,Kolkata,West Bengal,Beauty,Lipstick,4,70947.43,283789.72,Net Banking,Delivered,2026-01-22
ORD01735,Devansh Tailor,Delhi,Delhi,Books,Novel,7,12841.33,89889.31,Credit Card,Shipped,2026-04-15
ORD01736,Nishith Vaidya,Visakhapatnam,Andhra Pradesh,Books,Biography,1,46460.31,46460.31,Cash,Cancelled,2026-02-15
ORD01737,Renee Hayre,Indore,Madhya Pradesh,Fashion,Jeans,3,17632.25,52896.75,Net Banking,Pending,2026-03-19
ORD01738,Aaryahi Ahluwalia,Mysuru,Karnataka,Sports,Tennis Racket,4,74608.07,298432.28,Credit Card,Shipped,2024-08-21
ORD01739,Jayesh Chaudhari,Noida,Uttar Pradesh,Groceries,Snacks,4,46152.1,184608.4,Cash,Pending,2025-05-16
ORD01740,Kimaya Shukla,Pune,Maharashtra,Electronics,Headphones,5,36968.52,184842.6,Net Banking,Delivered,2026-02-25
ORD01741,Purab Kade,Jaipur,Rajasthan,Beauty,Perfume,5,82916.34,414581.7,Debit Card,Cancelled,2025-10-22
ORD01742,Akarsh Kant,Kochi,Kerala,Sports,Tennis Racket,5,91695.24,458476.2,Cash,Shipped,2024-08-15
ORD01743,Samar Kanda,Patna,Bihar,Fashion,Watch,1,1326.92,1326.92,Net Banking,Cancelled,2026-01-11
ORD01744,Jiya Rajan,Jaipur,Rajasthan,Groceries,Snacks,10,26869.16,268691.6,Net Banking,Delivered,2025-11-07
ORD01745,Eshani Char,Kochi,Kerala,Sports,Yoga Mat,10,26166.87,261668.7,Credit Card,Delivered,2024-10-10
ORD01746,Devansh Randhawa,Pune,Maharashtra,Books,Biography,6,80832.23,484993.38,Net Banking,Delivered,2025-06-08
ORD01747,Zeeshan Borra,Chandigarh,Chandigarh,Electronics,Headphones,10,42709.87,427098.7,Debit Card,Cancelled,2024-06-29
ORD01748,Ojas Ray,Noida,Uttar Pradesh,Groceries,Milk,7,89322.6,625258.2,Net Banking,Shipped,2024-08-18
ORD01749,Ranbir Venkatesh,Noida,Uttar Pradesh,Fashion,Jeans,5,48788.06,243940.3,Debit Card,Shipped,2025-09-23
ORD01750,Ritvik Mallick,Coimbatore,Tamil Nadu,Fashion,Watch,5,11010.93,55054.65,Net Banking,Shipped,2024-08-16
ORD01751,Amani Gala,Bengaluru,Karnataka,Furniture,Bed,3,93450.17,280350.51,Cash,Cancelled,2026-02-21
ORD01752,Samiha Rau,Jaipur,Rajasthan,Furniture,Sofa,7,26515.84,185610.88,Net Banking,Pending,2025-03-11
ORD01753,Hansh Seth,Noida,Uttar Pradesh,Electronics,Camera,10,89675.33,896753.3,Net Banking,Cancelled,2025-06-10
ORD01754,Navya Tank,Bengaluru,Karnataka,Fashion,Watch,8,6883.68,55069.44,UPI,Cancelled,2024-05-17
ORD01755,Bhamini Ghosh,Mumbai,Maharashtra,Fashion,Shoes,4,26316.12,105264.48,Cash,Cancelled,2025-07-14
ORD01756,Pari Iyer,Chandigarh,Chandigarh,Fashion,Shoes,7,86503.86,605527.02,Credit Card,Delivered,2026-04-10
ORD01757,Farhan Kulkarni,Delhi,Delhi,Electronics,Headphones,1,13166.84,13166.84,UPI,Delivered,2024-07-22
ORD01758,Dhanuk Dhaliwal,Kochi,Kerala,Electronics,Mobile,9,68976.72,620790.48,Debit Card,Delivered,2026-04-28
ORD01759,Misha Sachdeva,Indore,Madhya Pradesh,Electronics,Smart TV,8,69822.49,558579.92,Credit Card,Pending,2024-08-02
ORD01760,Pari Iyengar,Bengaluru,Karnataka,Electronics,Camera,2,41296.07,82592.14,Net Banking,Pending,2024-06-03
ORD01761,Indrajit Deep,Mumbai,Maharashtra,Home Appliances,Microwave,7,23929.7,167507.9,Credit Card,Delivered,2026-04-13
ORD01762,Rhea Comar,Surat,Gujarat,Home Appliances,AC,4,95856.22,383424.88,Credit Card,Pending,2025-04-07
ORD01763,Aaryahi Bava,Guwahati,Assam,Fashion,Watch,3,63032.02,189096.06,Net Banking,Pending,2025-05-02
ORD01764,Hazel Char,Mysuru,Karnataka,Sports,Football,5,8829.66,44148.3,UPI,Delivered,2026-03-25
ORD01765,Yakshit Varma,Surat,Gujarat,Furniture,Wardrobe,8,65572.43,524579.44,Cash,Shipped,2026-02-21
ORD01766,Shray Gulati,Coimbatore,Tamil Nadu,Fashion,Jacket,10,97145.73,971457.3,Net Banking,Pending,2024-07-09
ORD01767,Shamik Halder,Delhi,Delhi,Books,Comics,6,47959.35,287756.1,Net Banking,Pending,2025-10-19
ORD01768,Hazel Sampath,Coimbatore,Tamil Nadu,Books,Biography,3,53978.99,161936.97,UPI,Shipped,2025-06-23
ORD01769,Anya Dasgupta,Chennai,Tamil Nadu,Furniture,Bed,6,84429.92,506579.52,Credit Card,Pending,2025-07-28
ORD01770,Tushar Biswas,Ahmedabad,Gujarat,Fashion,Jeans,9,40935.43,368418.87,Debit Card,Delivered,2026-02-22
ORD01771,Ivan Sharma,Indore,Madhya Pradesh,Sports,Gym Bag,10,20258.97,202589.7,UPI,Shipped,2026-03-16
ORD01772,Hiran Saraf,Visakhapatnam,Andhra Pradesh,Furniture,Chair,2,53182.33,106364.66,Debit Card,Delivered,2024-12-14
ORD01773,Aayush Wadhwa,Jaipur,Rajasthan,Home Appliances,Washing Machine,6,28780.69,172684.14,Debit Card,Cancelled,2024-10-20
ORD01774,Biju Divan,Ranchi,Jharkhand,Furniture,Dining Table,2,53442.31,106884.62,Cash,Delivered,2026-03-31
ORD01775,Arnav Chatterjee,Chennai,Tamil Nadu,Home Appliances,Microwave,6,82784.1,496704.6,Debit Card,Cancelled,2024-07-20
ORD01776,Himmat Yohannan,Visakhapatnam,Andhra Pradesh,Home Appliances,Refrigerator,6,10737.94,64427.64,Credit Card,Delivered,2025-02-26
ORD01777,Ryan Kaul,Ranchi,Jharkhand,Sports,Yoga Mat,9,46634.94,419714.46,UPI,Delivered,2025-07-08
ORD01778,Tushar Hayre,Ranchi,Jharkhand,Books,Comics,7,15380.89,107666.23,Credit Card,Cancelled,2026-03-11
ORD01779,Dhanush Mallick,Guwahati,Assam,Sports,Football,2,85763.28,171526.56,Net Banking,Pending,2024-05-14
ORD01780,Nitara Manne,Jaipur,Rajasthan,Furniture,Sofa,7,20803.65,145625.55,UPI,Shipped,2024-07-29
ORD01781,Vaibhav Vasa,Lucknow,Uttar Pradesh,Fashion,Shoes,7,86413.43,604894.01,Cash,Delivered,2024-07-28
ORD01782,Saksham Shankar,Jaipur,Rajasthan,Books,Science Book,3,4821.79,14465.37,Cash,Cancelled,2026-01-24
ORD01783,Hunar Bahl,Ranchi,Jharkhand,Electronics,Camera,3,15584.76,46754.28,Credit Card,Cancelled,2025-11-15
ORD01784,Ira Kaur,Noida,Uttar Pradesh,Fashion,Shoes,10,64343.59,643435.9,Debit Card,Shipped,2026-01-12
ORD01785,Shray Buch,Surat,Gujarat,Beauty,Lipstick,7,44463.97,311247.79,Debit Card,Delivered,2024-07-14
ORD01786,Uthkarsh Bajaj,Ahmedabad,Gujarat,Fashion,T-Shirt,6,75829.05,454974.3,Debit Card,Shipped,2024-09-19
ORD01787,Lagan Sangha,Ahmedabad,Gujarat,Electronics,Smart TV,6,90021.32,540127.92,Debit Card,Delivered,2024-11-17
ORD01788,Samarth Chana,Bhopal,Madhya Pradesh,Groceries,Rice,2,3935.35,7870.7,Net Banking,Pending,2024-12-09
ORD01789,Chirag Vasa,Coimbatore,Tamil Nadu,Books,History Book,1,32335.26,32335.26,Debit Card,Cancelled,2024-12-18
ORD01790,Sana Mahajan,Coimbatore,Tamil Nadu,Fashion,Jeans,1,78612.07,78612.07,Credit Card,Pending,2024-06-01
ORD01791,Hazel Kumar,Chennai,Tamil Nadu,Groceries,Juice,3,45704.11,137112.33,Credit Card,Cancelled,2024-11-18
ORD01792,Lakshay Chawla,Hyderabad,Telangana,Furniture,Wardrobe,7,36488.77,255421.39,Credit Card,Delivered,2025-06-15
ORD01793,Miraan Sehgal,Ranchi,Jharkhand,Furniture,Dining Table,8,79774.36,638194.88,Net Banking,Shipped,2025-10-28
ORD01794,Chirag Mangat,Hyderabad,Telangana,Fashion,Shoes,8,98460.78,787686.24,Cash,Delivered,2025-09-24
ORD01795,Shray Borra,Bengaluru,Karnataka,Beauty,Lipstick,8,77917.79,623342.32,Debit Card,Cancelled,2025-02-02
ORD01796,Samiha Salvi,Ranchi,Jharkhand,Fashion,Shoes,5,2796.29,13981.45,Net Banking,Delivered,2024-10-18
ORD01797,Vidur Deo,Guwahati,Assam,Furniture,Chair,4,92950.15,371800.6,Credit Card,Shipped,2025-09-08
ORD01798,Divit Bal,Kochi,Kerala,Books,Comics,5,24173.04,120865.2,Credit Card,Pending,2024-09-13
ORD01799,Raghav Bajwa,Mysuru,Karnataka,Home Appliances,Microwave,7,22355.83,156490.81,Debit Card,Shipped,2025-02-28
ORD01800,Dhanush Venkataraman,Ranchi,Jharkhand,Electronics,Camera,8,89598.33,716786.64,Debit Card,Shipped,2024-09-15
ORD01801,Vedika Atwal,Hyderabad,Telangana,Fashion,T-Shirt,3,47140.66,141421.98,UPI,Cancelled,2024-07-31
ORD01802,Nitya Luthra,Jaipur,Rajasthan,Electronics,Mobile,9,73943.54,665491.86,Cash,Delivered,2025-06-26
ORD01803,Advika Din,Surat,Gujarat,Beauty,Perfume,7,96707.36,676951.52,UPI,Pending,2025-03-06
ORD01804,Ayesha Sachdev,Coimbatore,Tamil Nadu,Groceries,Juice,3,85642.69,256928.07,Credit Card,Delivered,2024-08-03
ORD01805,Kismat Madan,Noida,Uttar Pradesh,Groceries,Milk,2,97238.65,194477.3,UPI,Pending,2025-12-11
ORD01806,Shaan Thakkar,Kolkata,West Bengal,Beauty,Perfume,7,60725.03,425075.21,Net Banking,Shipped,2026-03-18
ORD01807,Shayak Kari,Bengaluru,Karnataka,Home Appliances,Microwave,9,89120.9,802088.1,Cash,Delivered,2025-04-06
ORD01808,Chirag Sawhney,Patna,Bihar,Books,Novel,5,62100.77,310503.85,UPI,Pending,2025-11-04
ORD01809,Aarav Gera,Delhi,Delhi,Books,Science Book,5,17060.69,85303.45,Net Banking,Delivered,2025-02-07
ORD01810,Uthkarsh Shroff,Lucknow,Uttar Pradesh,Electronics,Camera,10,58433.56,584335.6,UPI,Cancelled,2025-04-29
ORD01811,Shayak Goel,Vadodara,Gujarat,Books,Biography,8,49894.26,399154.08,UPI,Cancelled,2026-01-26
ORD01812,Sumer Sandhu,Bengaluru,Karnataka,Sports,Cricket Bat,2,31062.59,62125.18,Cash,Cancelled,2024-07-13
ORD01813,Jivin Varughese,Ahmedabad,Gujarat,Books,Comics,7,83421.15,583948.05,UPI,Shipped,2024-11-17
ORD01814,Nirvaan Contractor,Indore,Madhya Pradesh,Home Appliances,Microwave,7,50351.11,352457.77,Debit Card,Shipped,2025-01-25
ORD01815,Drishya Chacko,Vadodara,Gujarat,Groceries,Snacks,2,76335.46,152670.92,Debit Card,Shipped,2024-12-29
ORD01816,Devansh Arora,Hyderabad,Telangana,Beauty,Lipstick,4,47338.7,189354.8,Debit Card,Shipped,2025-08-24
ORD01817,Umang Ranganathan,Coimbatore,Tamil Nadu,Groceries,Milk,6,27783.95,166703.7,Cash,Delivered,2026-03-11
ORD01818,Prisha Wable,Vadodara,Gujarat,Beauty,Lipstick,9,51088.12,459793.08,Debit Card,Pending,2024-09-01
ORD01819,Advik Jha,Kochi,Kerala,Fashion,Watch,7,20233.71,141635.97,Credit Card,Cancelled,2025-06-16
ORD01820,Jiya Chokshi,Bhopal,Madhya Pradesh,Home Appliances,Washing Machine,6,29011.13,174066.78,Credit Card,Shipped,2026-03-10
ORD01821,Neelofar Mallick,Kochi,Kerala,Fashion,Jeans,5,40514.92,202574.6,Credit Card,Delivered,2024-10-12
ORD01822,Shalv Dutta,Patna,Bihar,Furniture,Wardrobe,6,83495.23,500971.38,Debit Card,Pending,2024-11-26
ORD01823,Dhanush Handa,Visakhapatnam,Andhra Pradesh,Home Appliances,Refrigerator,7,3285.9,23001.3,Credit Card,Cancelled,2026-03-15
ORD01824,Anvi Comar,Delhi,Delhi,Groceries,Milk,7,16599.97,116199.79,Debit Card,Cancelled,2026-02-16
ORD01825,Alisha Arya,Chennai,Tamil Nadu,Electronics,Headphones,7,5155.58,36089.06,Debit Card,Pending,2024-10-11
ORD01826,Zara Lala,Patna,Bihar,Beauty,Lipstick,4,27362.89,109451.56,Cash,Delivered,2025-01-23
ORD01827,Aarav Ghose,Chandigarh,Chandigarh,Groceries,Oil,10,73314.23,733142.3,Debit Card,Delivered,2024-10-25
ORD01828,Siya Sodhi,Delhi,Delhi,Furniture,Chair,5,75865.97,379329.85,Debit Card,Pending,2024-09-08
ORD01829,Rhea Sule,Patna,Bihar,Books,History Book,8,66125.69,529005.52,Credit Card,Pending,2024-11-23
ORD01830,Dhanuk Jha,Indore,Madhya Pradesh,Fashion,Watch,6,91902.42,551414.52,Net Banking,Pending,2024-12-02
ORD01831,Suhana Dua,Lucknow,Uttar Pradesh,Fashion,Jeans,10,95279.77,952797.7,UPI,Pending,2026-02-17
ORD01832,Kiaan Vohra,Pune,Maharashtra,Groceries,Rice,6,11272.23,67633.38,Credit Card,Cancelled,2026-02-24
ORD01833,Ayesha Dewan,Mumbai,Maharashtra,Sports,Cricket Bat,6,30669.3,184015.8,UPI,Shipped,2024-12-04
ORD01834,Oorja Mane,Ahmedabad,Gujarat,Furniture,Bed,2,50366.93,100733.86,Debit Card,Delivered,2025-02-19
ORD01835,Himmat Sami,Patna,Bihar,Beauty,Cream,10,17516.63,175166.3,Credit Card,Cancelled,2025-02-24
ORD01836,Indranil Goyal,Hyderabad,Telangana,Groceries,Rice,10,19390.06,193900.6,Net Banking,Pending,2026-03-16
ORD01837,Sumer Venkataraman,Jaipur,Rajasthan,Groceries,Snacks,4,70253.29,281013.16,Debit Card,Shipped,2024-08-30
ORD01838,Hridaan Mallick,Chandigarh,Chandigarh,Beauty,Perfume,7,86782.03,607474.21,Cash,Delivered,2024-09-18
ORD01839,Jayant Tak,Chandigarh,Chandigarh,Home Appliances,Washing Machine,1,47848.1,47848.1,Credit Card,Delivered,2025-08-10
ORD01840,Charvi Randhawa,Coimbatore,Tamil Nadu,Furniture,Wardrobe,8,65928.15,527425.2,Credit Card,Cancelled,2024-12-27
ORD01841,Akarsh Dube,Pune,Maharashtra,Beauty,Face Wash,9,21785.12,196066.08,Credit Card,Cancelled,2026-05-02
ORD01842,Yuvraj  Kaur,Vadodara,Gujarat,Beauty,Face Wash,6,78999.68,473998.08,Debit Card,Pending,2024-06-13
ORD01843,Shray Thakur,Delhi,Delhi,Books,Biography,10,4519.12,45191.2,Debit Card,Pending,2024-11-07
ORD01844,Amani Sarma,Delhi,Delhi,Books,Biography,8,20596.68,164773.44,Cash,Shipped,2026-04-22
ORD01845,Kartik Talwar,Vadodara,Gujarat,Fashion,Shoes,10,73963.28,739632.8,UPI,Delivered,2026-03-03
ORD01846,Dishani Contractor,Vadodara,Gujarat,Sports,Tennis Racket,3,50042.25,150126.75,Credit Card,Pending,2024-05-24
ORD01847,Dharmajan Dey,Kochi,Kerala,Beauty,Lipstick,8,66208.1,529664.8,UPI,Pending,2026-04-27
ORD01848,Miraya Buch,Mysuru,Karnataka,Books,Comics,2,87783.7,175567.4,UPI,Pending,2024-07-26
ORD01849,Dhanush Sandal,Coimbatore,Tamil Nadu,Furniture,Dining Table,3,94126.39,282379.17,Debit Card,Cancelled,2024-08-15
ORD01850,Inaaya  Chauhan,Ahmedabad,Gujarat,Books,Science Book,10,67540.53,675405.3,UPI,Shipped,2025-03-02
ORD01851,Shanaya Borde,Guwahati,Assam,Electronics,Mobile,5,57839.84,289199.2,Credit Card,Delivered,2024-08-31
ORD01852,Miraya Brahmbhatt,Coimbatore,Tamil Nadu,Home Appliances,Microwave,8,33300.55,266404.4,Net Banking,Delivered,2025-07-02
ORD01853,Indranil Sekhon,Surat,Gujarat,Sports,Yoga Mat,6,46772.27,280633.62,Cash,Pending,2026-05-04
ORD01854,Azad Batra,Bengaluru,Karnataka,Home Appliances,Refrigerator,1,5364.31,5364.31,Net Banking,Delivered,2025-01-04
ORD01855,Adira Barman,Noida,Uttar Pradesh,Furniture,Sofa,3,66550.46,199651.38,Credit Card,Pending,2025-06-25
ORD01856,Emir Subramaniam,Chennai,Tamil Nadu,Electronics,Camera,5,39216.73,196083.65,Debit Card,Pending,2024-10-13
ORD01857,Ivana Thakur,Vadodara,Gujarat,Groceries,Snacks,7,75917.93,531425.51,Debit Card,Delivered,2024-11-28
ORD01858,Faiyaz Bawa,Nagpur,Maharashtra,Home Appliances,Refrigerator,9,55549.08,499941.72,Debit Card,Delivered,2024-06-27
ORD01859,Mahika Bhardwaj,Bhopal,Madhya Pradesh,Fashion,Watch,7,28800.83,201605.81,Debit Card,Delivered,2024-12-03
ORD01860,Anay Dash,Noida,Uttar Pradesh,Furniture,Sofa,6,94042.15,564252.9,Cash,Pending,2025-02-08
ORD01861,Suhana Sarkar,Visakhapatnam,Andhra Pradesh,Electronics,Laptop,4,37235.32,148941.28,Credit Card,Pending,2025-03-27
ORD01862,Vidur Biswas,Mumbai,Maharashtra,Home Appliances,Refrigerator,1,36999.2,36999.2,UPI,Delivered,2024-09-17
ORD01863,Advika Shenoy,Bhopal,Madhya Pradesh,Furniture,Dining Table,9,31088.12,279793.08,Credit Card,Cancelled,2025-01-26
ORD01864,Lavanya Kumar,Nagpur,Maharashtra,Sports,Football,8,12094.12,96752.96,Cash,Cancelled,2025-07-22
ORD01865,Nitara Sekhon,Nagpur,Maharashtra,Beauty,Shampoo,3,71357.17,214071.51,UPI,Cancelled,2024-10-28
ORD01866,Saksham Dugal,Patna,Bihar,Sports,Tennis Racket,2,42519.53,85039.06,Cash,Cancelled,2024-12-05
ORD01867,Anahi Balan,Chandigarh,Chandigarh,Electronics,Laptop,10,59784.9,597849.0,Debit Card,Cancelled,2026-02-08
ORD01868,Dishani Agate,Chennai,Tamil Nadu,Beauty,Shampoo,4,10636.19,42544.76,Debit Card,Shipped,2025-09-26
ORD01869,Jayant Shere,Jaipur,Rajasthan,Books,Biography,6,74428.11,446568.66,Credit Card,Delivered,2024-07-30
ORD01870,Devansh Kurian,Vadodara,Gujarat,Home Appliances,Washing Machine,3,56070.2,168210.6,Credit Card,Cancelled,2024-08-21
ORD01871,Samar Rao,Surat,Gujarat,Home Appliances,Washing Machine,4,77310.4,309241.6,Debit Card,Cancelled,2024-07-10
ORD01872,Rohan Sankaran,Pune,Maharashtra,Furniture,Wardrobe,7,85213.64,596495.48,Cash,Shipped,2026-04-02
ORD01873,Mannat Srinivas,Mumbai,Maharashtra,Fashion,T-Shirt,8,29313.66,234509.28,Credit Card,Cancelled,2024-09-26
ORD01874,Nirvaan Savant,Jaipur,Rajasthan,Books,Comics,5,81404.68,407023.4,UPI,Pending,2026-02-01
ORD01875,Samiha Varghese,Lucknow,Uttar Pradesh,Books,Novel,2,47939.67,95879.34,Cash,Pending,2024-07-24
ORD01876,Mehul Wable,Lucknow,Uttar Pradesh,Electronics,Headphones,8,86554.36,692434.88,UPI,Delivered,2025-10-23
ORD01877,Trisha Dixit,Mumbai,Maharashtra,Groceries,Milk,6,69026.97,414161.82,UPI,Delivered,2025-10-31
ORD01878,Ahana  Hari,Noida,Uttar Pradesh,Furniture,Bed,6,26941.51,161649.06,Net Banking,Shipped,2025-05-25
ORD01879,Navya Behl,Mumbai,Maharashtra,Electronics,Smart TV,5,43323.4,216617.0,Credit Card,Cancelled,2025-09-03
ORD01880,Diya Mahal,Lucknow,Uttar Pradesh,Home Appliances,Refrigerator,8,14631.18,117049.44,Net Banking,Cancelled,2025-02-05
ORD01881,Hrishita Krishnan,Bengaluru,Karnataka,Furniture,Wardrobe,3,50802.93,152408.79,Credit Card,Cancelled,2024-05-11
ORD01882,Vivaan Datta,Ahmedabad,Gujarat,Furniture,Bed,6,98283.27,589699.62,Cash,Pending,2025-07-19
ORD01883,Fateh Ghosh,Mysuru,Karnataka,Electronics,Camera,2,38622.04,77244.08,Credit Card,Shipped,2025-05-27
ORD01884,Vihaan Kalita,Visakhapatnam,Andhra Pradesh,Electronics,Camera,6,38636.36,231818.16,Cash,Shipped,2024-09-20
ORD01885,Rati Sami,Patna,Bihar,Electronics,Smart TV,10,69824.96,698249.6,Credit Card,Cancelled,2026-02-17
ORD01886,Siya Karnik,Visakhapatnam,Andhra Pradesh,Fashion,Watch,1,29655.87,29655.87,Cash,Cancelled,2024-07-16
ORD01887,Samaira Barad,Bengaluru,Karnataka,Sports,Tennis Racket,7,83740.49,586183.43,Debit Card,Shipped,2025-10-25
ORD01888,Bhavin Wali,Ranchi,Jharkhand,Books,Science Book,6,46040.43,276242.58,Net Banking,Cancelled,2025-06-11
ORD01889,Ivana Handa,Guwahati,Assam,Electronics,Laptop,7,6415.82,44910.74,UPI,Delivered,2024-06-20
ORD01890,Jhanvi Rege,Chandigarh,Chandigarh,Sports,Football,2,78480.9,156961.8,Net Banking,Pending,2025-07-03
ORD01891,Ritvik Sankaran,Bhopal,Madhya Pradesh,Groceries,Rice,5,51795.54,258977.7,Net Banking,Cancelled,2025-04-27
ORD01892,Kiara Subramanian,Indore,Madhya Pradesh,Books,Biography,5,32304.37,161521.85,UPI,Cancelled,2024-07-10
ORD01893,Badal Kumar,Visakhapatnam,Andhra Pradesh,Beauty,Lipstick,7,32333.23,226332.61,Cash,Cancelled,2024-11-07
ORD01894,Heer Wali,Surat,Gujarat,Fashion,Shoes,1,46741.26,46741.26,Cash,Shipped,2024-05-10
ORD01895,Hazel Dayal,Lucknow,Uttar Pradesh,Beauty,Face Wash,10,93469.58,934695.8,UPI,Cancelled,2025-03-18
ORD01896,Jayan Korpal,Jaipur,Rajasthan,Books,Comics,1,45988.23,45988.23,Credit Card,Pending,2024-11-01
ORD01897,Madhav Jani,Lucknow,Uttar Pradesh,Furniture,Chair,5,15241.86,76209.3,Net Banking,Pending,2024-08-08
ORD01898,Lavanya Majumdar,Visakhapatnam,Andhra Pradesh,Fashion,Watch,4,22226.2,88904.8,Debit Card,Shipped,2025-02-08
ORD01899,Pari Chaudry,Nagpur,Maharashtra,Furniture,Chair,4,75342.29,301369.16,Net Banking,Cancelled,2025-01-31
ORD01900,Tushar Soman,Guwahati,Assam,Books,Science Book,5,15872.64,79363.2,Net Banking,Cancelled,2025-01-14
ORD01901,Darshit Luthra,Visakhapatnam,Andhra Pradesh,Beauty,Face Wash,7,45723.92,320067.44,Credit Card,Delivered,2025-05-27
ORD01902,Shayak Buch,Pune,Maharashtra,Furniture,Wardrobe,6,66118.33,396709.98,Debit Card,Cancelled,2026-02-09
ORD01903,Nayantara Srinivas,Nagpur,Maharashtra,Home Appliances,AC,9,47907.41,431166.69,Cash,Shipped,2026-03-23
ORD01904,Shayak Manne,Coimbatore,Tamil Nadu,Electronics,Laptop,3,64339.97,193019.91,Debit Card,Cancelled,2025-01-19
ORD01905,Nirvi Iyengar,Kochi,Kerala,Furniture,Bed,6,58275.08,349650.48,Credit Card,Delivered,2026-04-06
ORD01906,Lagan Batra,Surat,Gujarat,Home Appliances,Microwave,7,37665.93,263661.51,UPI,Pending,2025-11-02
ORD01907,Yashvi Sastry,Vadodara,Gujarat,Furniture,Dining Table,10,85799.26,857992.6,Credit Card,Shipped,2026-04-27
ORD01908,Darshit Shukla,Mysuru,Karnataka,Books,History Book,2,99787.62,199575.24,UPI,Cancelled,2025-08-10
ORD01909,Vritika Jha,Chennai,Tamil Nadu,Furniture,Chair,3,92536.32,277608.96,Credit Card,Pending,2024-08-20
ORD01910,Vaibhav Arya,Vadodara,Gujarat,Beauty,Shampoo,7,76736.11,537152.77,UPI,Delivered,2025-10-22
ORD01911,Tushar Bajwa,Bengaluru,Karnataka,Books,Science Book,3,39612.2,118836.6,Net Banking,Delivered,2025-05-15
ORD01912,Elakshi Kumer,Jaipur,Rajasthan,Furniture,Bed,3,11865.59,35596.77,UPI,Shipped,2024-12-15
ORD01913,Hunar Mallick,Indore,Madhya Pradesh,Home Appliances,Microwave,7,32749.68,229247.76,Debit Card,Pending,2025-08-07
ORD01914,Hiran Singh,Visakhapatnam,Andhra Pradesh,Furniture,Wardrobe,8,91787.2,734297.6,UPI,Cancelled,2025-02-27
ORD01915,Manikya Rajagopalan,Bhopal,Madhya Pradesh,Beauty,Face Wash,2,65787.03,131574.06,Cash,Cancelled,2025-01-29
ORD01916,Prisha Dhar,Hyderabad,Telangana,Electronics,Headphones,6,71732.71,430396.26,Net Banking,Delivered,2024-10-27
ORD01917,Urvi Agrawal,Delhi,Delhi,Home Appliances,Refrigerator,8,52321.81,418574.48,Debit Card,Delivered,2025-09-04
ORD01918,Nitya Sama,Chennai,Tamil Nadu,Home Appliances,Fan,8,11509.62,92076.96,Debit Card,Delivered,2024-09-19
ORD01919,Aaryahi Barad,Noida,Uttar Pradesh,Books,Novel,6,62643.67,375862.02,Debit Card,Delivered,2024-12-26
ORD01920,Aaryahi Deo,Mumbai,Maharashtra,Beauty,Cream,7,8890.04,62230.28,Credit Card,Pending,2026-02-18
ORD01921,Samar Borah,Delhi,Delhi,Sports,Gym Bag,9,12054.22,108487.98,UPI,Delivered,2025-08-17
ORD01922,Ojas Badami,Visakhapatnam,Andhra Pradesh,Electronics,Smart TV,3,87137.0,261411.0,Debit Card,Pending,2024-09-23
ORD01923,Miraan Ahluwalia,Indore,Madhya Pradesh,Home Appliances,Refrigerator,8,36193.04,289544.32,UPI,Cancelled,2024-11-08
ORD01924,Aarush Rajagopal,Lucknow,Uttar Pradesh,Home Appliances,Fan,4,4809.18,19236.72,Debit Card,Shipped,2025-06-30
ORD01925,Diya Dyal,Pune,Maharashtra,Fashion,T-Shirt,8,9886.5,79092.0,Net Banking,Pending,2024-11-19
ORD01926,Darshit Jayaraman,Hyderabad,Telangana,Home Appliances,Refrigerator,8,24837.39,198699.12,Net Banking,Pending,2025-01-18
ORD01927,Alia Golla,Patna,Bihar,Electronics,Mobile,7,5966.0,41762.0,Credit Card,Cancelled,2024-07-12
ORD01928,Jivin Wadhwa,Delhi,Delhi,Fashion,Jeans,1,34201.7,34201.7,Credit Card,Pending,2025-12-30
ORD01929,Nehmat Rege,Bhopal,Madhya Pradesh,Groceries,Snacks,2,16233.76,32467.52,Cash,Cancelled,2024-05-24
ORD01930,Divyansh Sami,Coimbatore,Tamil Nadu,Fashion,Jeans,3,38869.27,116607.81,Credit Card,Pending,2025-02-10
ORD01931,Fateh Mandal,Bhopal,Madhya Pradesh,Beauty,Cream,8,35845.01,286760.08,Debit Card,Pending,2024-07-16
ORD01932,Renee Deol,Bengaluru,Karnataka,Sports,Gym Bag,4,16411.05,65644.2,Net Banking,Delivered,2025-06-20
ORD01933,Tejas Lal,Ahmedabad,Gujarat,Groceries,Milk,3,97581.83,292745.49,Debit Card,Pending,2024-08-28
ORD01934,Shanaya Halder,Ahmedabad,Gujarat,Fashion,Shoes,8,57125.2,457001.6,Debit Card,Cancelled,2024-09-13
ORD01935,Hrishita Dube,Ahmedabad,Gujarat,Fashion,Watch,4,75409.31,301637.24,Cash,Cancelled,2025-03-07
ORD01936,Ishita Srinivas,Surat,Gujarat,Sports,Gym Bag,7,13794.94,96564.58,UPI,Pending,2025-02-09
ORD01937,Ishaan Rama,Bengaluru,Karnataka,Fashion,T-Shirt,1,21441.97,21441.97,Credit Card,Shipped,2024-07-08
ORD01938,Manikya Tella,Ahmedabad,Gujarat,Groceries,Milk,2,90869.44,181738.88,UPI,Delivered,2024-08-27
ORD01939,Urvi Guha,Lucknow,Uttar Pradesh,Sports,Football,3,39786.76,119360.28,Cash,Shipped,2026-04-13
ORD01940,Vanya Mane,Vadodara,Gujarat,Beauty,Cream,7,20495.99,143471.93,Credit Card,Delivered,2025-10-19
ORD01941,Rhea Choudhry,Pune,Maharashtra,Fashion,Jacket,2,10360.17,20720.34,Debit Card,Delivered,2025-07-15
ORD01942,Rasha Bhavsar,Mumbai,Maharashtra,Furniture,Bed,2,65015.76,130031.52,Debit Card,Cancelled,2025-06-20
ORD01943,Taimur Sen,Indore,Madhya Pradesh,Fashion,Jacket,4,68698.69,274794.76,Cash,Cancelled,2026-01-03
ORD01944,Divij Rau,Ranchi,Jharkhand,Sports,Football,1,11532.03,11532.03,Debit Card,Shipped,2026-05-03
ORD01945,Shayak Singh,Delhi,Delhi,Beauty,Perfume,6,55323.05,331938.3,Cash,Pending,2025-04-15
ORD01946,Aaryahi Brar,Mumbai,Maharashtra,Sports,Yoga Mat,10,89189.29,891892.9,Debit Card,Pending,2025-07-09
ORD01947,Ehsaan Bail,Coimbatore,Tamil Nadu,Sports,Yoga Mat,1,51043.53,51043.53,UPI,Delivered,2026-04-07
ORD01948,Lakshit Kannan,Kolkata,West Bengal,Electronics,Laptop,5,37963.88,189819.4,Cash,Cancelled,2024-11-08
ORD01949,Taimur Sarma,Ahmedabad,Gujarat,Books,Novel,3,12694.01,38082.03,Debit Card,Cancelled,2025-01-14
ORD01950,Reyansh Vora,Ranchi,Jharkhand,Books,Novel,3,98270.79,294812.37,Cash,Shipped,2024-10-25
ORD01951,Urvi Dara,Guwahati,Assam,Furniture,Sofa,1,22911.32,22911.32,Cash,Cancelled,2024-09-02
ORD01952,Mamooty Magar,Kochi,Kerala,Sports,Gym Bag,3,5711.73,17135.19,Debit Card,Cancelled,2025-10-09
ORD01953,Rasha Chana,Kolkata,West Bengal,Home Appliances,Refrigerator,1,92620.52,92620.52,Cash,Shipped,2026-03-15
ORD01954,Reyansh Talwar,Bhopal,Madhya Pradesh,Groceries,Snacks,5,7541.77,37708.85,Debit Card,Delivered,2025-08-27
ORD01955,Shayak Kala,Mysuru,Karnataka,Beauty,Face Wash,8,52337.9,418703.2,Net Banking,Cancelled,2024-08-17
ORD01956,Stuvan Ravi,Guwahati,Assam,Groceries,Snacks,7,16182.43,113277.01,Debit Card,Shipped,2024-07-04
ORD01957,Sumer Sule,Patna,Bihar,Fashion,T-Shirt,6,58894.3,353365.8,Net Banking,Pending,2024-05-09
ORD01958,Kiaan Chowdhury,Surat,Gujarat,Sports,Gym Bag,2,46156.85,92313.7,Cash,Pending,2026-04-30
ORD01959,Arnav Chawla,Jaipur,Rajasthan,Groceries,Juice,5,85288.48,426442.4,Cash,Pending,2026-02-26
ORD01960,Indrajit Mane,Ahmedabad,Gujarat,Groceries,Rice,5,47524.78,237623.9,Credit Card,Pending,2026-02-21
ORD01961,Drishya Ramachandran,Chandigarh,Chandigarh,Sports,Gym Bag,4,85352.45,341409.8,UPI,Pending,2024-07-19
ORD01962,Parinaaz Dhaliwal,Jaipur,Rajasthan,Groceries,Juice,5,86772.95,433864.75,Net Banking,Cancelled,2024-11-22
ORD01963,Baiju Varty,Guwahati,Assam,Beauty,Face Wash,2,40317.0,80634.0,Credit Card,Shipped,2025-11-29
ORD01964,Bhavin Subramanian,Jaipur,Rajasthan,Fashion,Jacket,4,1741.65,6966.6,Credit Card,Delivered,2024-06-22
ORD01965,Arhaan Date,Vadodara,Gujarat,Home Appliances,AC,7,39715.38,278007.66,Debit Card,Pending,2025-10-25
ORD01966,Madhup Dhar,Jaipur,Rajasthan,Groceries,Juice,3,55565.44,166696.32,Debit Card,Pending,2025-05-27
ORD01967,Saksham Acharya,Chandigarh,Chandigarh,Furniture,Dining Table,9,90480.83,814327.47,Credit Card,Cancelled,2024-08-08
ORD01968,Mamooty Kunda,Bhopal,Madhya Pradesh,Furniture,Dining Table,5,70517.63,352588.15,Net Banking,Cancelled,2025-05-03
ORD01969,Neysa Vig,Ranchi,Jharkhand,Beauty,Face Wash,10,38409.22,384092.2,UPI,Cancelled,2025-06-04
ORD01970,Tara Ben,Indore,Madhya Pradesh,Groceries,Snacks,7,85237.17,596660.19,UPI,Pending,2024-05-06
ORD01971,Akarsh Dasgupta,Lucknow,Uttar Pradesh,Sports,Yoga Mat,2,76866.0,153732.0,Cash,Delivered,2025-06-21
ORD01972,Yuvaan Bansal,Pune,Maharashtra,Groceries,Rice,7,20518.59,143630.13,Net Banking,Delivered,2025-07-17
ORD01973,Sumer Dasgupta,Vadodara,Gujarat,Furniture,Sofa,2,91279.38,182558.76,Debit Card,Shipped,2024-12-02
ORD01974,Diya Kota,Ahmedabad,Gujarat,Electronics,Laptop,10,44596.68,445966.8,UPI,Shipped,2026-01-04
ORD01975,Tanya Sharma,Mysuru,Karnataka,Groceries,Milk,5,81668.63,408343.15,Credit Card,Shipped,2025-12-11
ORD01976,Samar Gola,Coimbatore,Tamil Nadu,Beauty,Perfume,2,87281.86,174563.72,Debit Card,Delivered,2025-10-24
ORD01977,Heer Sama,Chennai,Tamil Nadu,Electronics,Smart TV,10,59877.25,598772.5,Debit Card,Cancelled,2026-03-17
ORD01978,Pranay Krishnan,Mumbai,Maharashtra,Beauty,Cream,7,14372.61,100608.27,Debit Card,Pending,2024-11-13
ORD01979,Siya Bajwa,Coimbatore,Tamil Nadu,Groceries,Juice,1,64648.66,64648.66,Cash,Cancelled,2025-05-13
ORD01980,Anika Dubey,Chennai,Tamil Nadu,Groceries,Snacks,6,82648.21,495889.26,Credit Card,Pending,2025-08-27
ORD01981,Nitya Sinha,Mysuru,Karnataka,Fashion,Jeans,4,42181.79,168727.16,Cash,Pending,2024-08-10
ORD01982,Mishti Sandhu,Mysuru,Karnataka,Books,Novel,6,40482.05,242892.3,Debit Card,Shipped,2025-08-13
ORD01983,Kimaya Balakrishnan,Surat,Gujarat,Groceries,Snacks,6,19609.73,117658.38,Net Banking,Pending,2024-10-18
ORD01984,Rhea Ratti,Jaipur,Rajasthan,Sports,Tennis Racket,3,34677.52,104032.56,Debit Card,Cancelled,2024-09-14
ORD01985,Kashvi Balay,Bengaluru,Karnataka,Sports,Tennis Racket,10,29847.59,298475.9,Net Banking,Pending,2025-05-15
ORD01986,Stuvan Gopal,Guwahati,Assam,Fashion,Shoes,1,55841.78,55841.78,Net Banking,Delivered,2024-09-20
ORD01987,Piya Ranganathan,Bhopal,Madhya Pradesh,Sports,Tennis Racket,10,4264.52,42645.2,Debit Card,Cancelled,2025-04-25
ORD01988,Manjari Setty,Patna,Bihar,Fashion,Shoes,3,41030.05,123090.15,Net Banking,Shipped,2025-02-25
ORD01989,Siya Talwar,Bhopal,Madhya Pradesh,Sports,Gym Bag,6,32626.58,195759.48,Debit Card,Shipped,2025-08-15
ORD01990,Alia Magar,Ranchi,Jharkhand,Books,Novel,10,30377.93,303779.3,Credit Card,Cancelled,2025-06-01
ORD01991,Onkar Soni,Jaipur,Rajasthan,Books,Biography,7,12294.0,86058.0,Net Banking,Cancelled,2025-12-01
ORD01992,Manjari Chopra,Mysuru,Karnataka,Groceries,Oil,6,92630.42,555782.52,Cash,Shipped,2025-05-13
ORD01993,Nirvi Ravi,Coimbatore,Tamil Nadu,Fashion,Jacket,6,31679.35,190076.1,Credit Card,Delivered,2025-12-29
ORD01994,Divyansh Lata,Coimbatore,Tamil Nadu,Furniture,Dining Table,9,52853.08,475677.72,Net Banking,Delivered,2026-03-20
ORD01995,Indrajit Atwal,Ranchi,Jharkhand,Beauty,Lipstick,1,7592.04,7592.04,Cash,Pending,2025-02-22
ORD01996,Gatik Chadha,Coimbatore,Tamil Nadu,Fashion,Jacket,7,69914.35,489400.45,Cash,Shipped,2026-03-07
ORD01997,Anahi Manne,Indore,Madhya Pradesh,Electronics,Smart TV,6,82338.56,494031.36,Credit Card,Shipped,2025-11-24
ORD01998,Shaan Dugal,Hyderabad,Telangana,Sports,Yoga Mat,3,54009.78,162029.34,Debit Card,Delivered,2024-10-31
ORD01999,Ishita Srinivasan,Noida,Uttar Pradesh,Beauty,Shampoo,9,67761.6,609854.4,Credit Card,Delivered,2024-07-07
ORD02000,Bhavin Subramanian,Surat,Gujarat,Books,Novel,8,46895.54,375164.32,Credit Card,Shipped,2025-09-14
ORD02001,Elakshi Chacko,Mumbai,Maharashtra,Fashion,T-Shirt,4,91195.65,364782.6,Net Banking,Pending,2025-05-05
ORD02002,Jiya Sangha,Chandigarh,Chandigarh,Sports,Tennis Racket,8,4964.09,39712.72,UPI,Pending,2025-11-10
ORD02003,Neelofar Kar,Noida,Uttar Pradesh,Fashion,Jeans,10,43400.55,434005.5,Credit Card,Delivered,2025-07-24
ORD02004,Mishti Ray,Ranchi,Jharkhand,Fashion,Jacket,10,82879.64,828796.4,Debit Card,Delivered,2025-01-04
ORD02005,Siya Bava,Surat,Gujarat,Furniture,Wardrobe,5,30727.86,153639.3,UPI,Pending,2025-01-26
ORD02006,Anika Dhingra,Delhi,Delhi,Books,Science Book,4,45206.47,180825.88,Net Banking,Shipped,2024-06-11
ORD02007,Dishani Kota,Kolkata,West Bengal,Electronics,Laptop,6,64142.64,384855.84,Net Banking,Delivered,2025-05-13
ORD02008,Suhana Guha,Bengaluru,Karnataka,Beauty,Face Wash,3,45840.66,137521.98,Cash,Pending,2024-11-22
ORD02009,Advik Saxena,Nagpur,Maharashtra,Home Appliances,Fan,7,72085.15,504596.05,Cash,Delivered,2024-08-27
ORD02010,Pihu Jaggi,Bengaluru,Karnataka,Beauty,Cream,9,90135.46,811219.14,Credit Card,Delivered,2024-08-27
ORD02011,Amira Balan,Kolkata,West Bengal,Furniture,Wardrobe,8,1123.31,8986.48,Credit Card,Cancelled,2024-06-04
ORD02012,Anya Subramanian,Bhopal,Madhya Pradesh,Home Appliances,Washing Machine,7,92272.8,645909.6,Debit Card,Pending,2024-09-15
ORD02013,Kashvi Chandra,Visakhapatnam,Andhra Pradesh,Beauty,Face Wash,4,83260.48,333041.92,Net Banking,Delivered,2025-09-04
ORD02014,Aarav Keer,Lucknow,Uttar Pradesh,Home Appliances,Refrigerator,3,22860.28,68580.84,Cash,Shipped,2025-03-31
ORD02015,Madhav Bhakta,Hyderabad,Telangana,Electronics,Headphones,1,5529.94,5529.94,Credit Card,Delivered,2026-02-01
ORD02016,Sumer Uppal,Coimbatore,Tamil Nadu,Furniture,Bed,9,63280.45,569524.05,Debit Card,Delivered,2024-09-21
ORD02017,Ranbir Dyal,Kochi,Kerala,Groceries,Oil,4,42105.57,168422.28,Net Banking,Delivered,2026-01-05
ORD02018,Saksham Goel,Jaipur,Rajasthan,Sports,Yoga Mat,5,394.13,1970.65,UPI,Pending,2024-11-06
ORD02019,Seher Bath,Chennai,Tamil Nadu,Fashion,Jacket,4,88200.68,352802.72,UPI,Shipped,2025-10-04
ORD02020,Armaan Dhillon,Guwahati,Assam,Sports,Football,1,22233.37,22233.37,UPI,Pending,2024-12-16
ORD02021,Divij Salvi,Visakhapatnam,Andhra Pradesh,Beauty,Shampoo,5,72991.91,364959.55,Credit Card,Shipped,2025-10-11
ORD02022,Divyansh Comar,Visakhapatnam,Andhra Pradesh,Groceries,Oil,7,36213.17,253492.19,UPI,Delivered,2025-10-16
ORD02023,Damini Grewal,Visakhapatnam,Andhra Pradesh,Fashion,Watch,9,81560.6,734045.4,Debit Card,Shipped,2025-08-03
ORD02024,Bhamini Khatri,Bengaluru,Karnataka,Groceries,Milk,1,88498.19,88498.19,Net Banking,Pending,2025-04-12
ORD02025,Vanya Thakkar,Kochi,Kerala,Books,History Book,4,74792.8,299171.2,Net Banking,Delivered,2024-06-02
ORD02026,Sahil Dey,Ranchi,Jharkhand,Fashion,Watch,6,20859.95,125159.7,UPI,Delivered,2024-08-16
ORD02027,Divit Sachdev,Surat,Gujarat,Home Appliances,Refrigerator,4,22479.98,89919.92,Credit Card,Shipped,2024-07-27
ORD02028,Divij Bajaj,Vadodara,Gujarat,Electronics,Headphones,8,98089.44,784715.52,UPI,Delivered,2025-05-21
ORD02029,Badal Chander,Ahmedabad,Gujarat,Groceries,Juice,5,49903.61,249518.05,UPI,Delivered,2026-03-10
ORD02030,Devansh Saha,Nagpur,Maharashtra,Fashion,Jacket,1,14002.85,14002.85,Debit Card,Delivered,2024-05-31
ORD02031,Sana Gola,Delhi,Delhi,Sports,Gym Bag,5,33404.62,167023.1,Cash,Delivered,2024-07-18
ORD02032,Tanya Bains,Patna,Bihar,Sports,Gym Bag,7,98723.18,691062.26,Cash,Pending,2026-01-08
ORD02033,Diya Sachar,Bhopal,Madhya Pradesh,Fashion,Watch,6,26565.0,159390.0,Credit Card,Shipped,2026-03-01
ORD02034,Misha De,Guwahati,Assam,Home Appliances,Fan,1,90931.82,90931.82,Debit Card,Cancelled,2025-07-11
ORD02035,Anvi Shenoy,Guwahati,Assam,Groceries,Juice,9,15131.97,136187.73,Debit Card,Pending,2025-10-01
ORD02036,Shalv Iyengar,Chandigarh,Chandigarh,Beauty,Perfume,1,46483.42,46483.42,Net Banking,Delivered,2026-02-12
ORD02037,Anahita Bedi,Visakhapatnam,Andhra Pradesh,Books,History Book,3,69863.86,209591.58,Debit Card,Cancelled,2025-10-28
ORD02038,Prerak Kaur,Coimbatore,Tamil Nadu,Groceries,Oil,5,86399.37,431996.85,Cash,Pending,2025-08-30
ORD02039,Zoya Gulati,Bengaluru,Karnataka,Sports,Yoga Mat,10,26888.03,268880.3,Net Banking,Cancelled,2025-04-16
ORD02040,Zeeshan Karnik,Hyderabad,Telangana,Home Appliances,Washing Machine,3,5329.58,15988.74,UPI,Cancelled,2026-04-29
ORD02041,Shamik Mallick,Nagpur,Maharashtra,Books,Biography,10,53693.61,536936.1,Debit Card,Cancelled,2024-12-08
ORD02042,Ela Ganguly,Visakhapatnam,Andhra Pradesh,Furniture,Bed,2,45289.73,90579.46,Credit Card,Delivered,2025-08-20
ORD02043,Miraan Dugar,Coimbatore,Tamil Nadu,Electronics,Headphones,6,3275.88,19655.28,UPI,Pending,2025-02-09
ORD02044,Manjari Mahajan,Jaipur,Rajasthan,Furniture,Bed,10,85314.48,853144.8,Net Banking,Delivered,2025-03-30
ORD02045,Faiyaz Som,Ahmedabad,Gujarat,Groceries,Milk,10,76753.62,767536.2,Net Banking,Delivered,2025-09-21
ORD02046,Kaira Balakrishnan,Guwahati,Assam,Home Appliances,AC,10,68268.64,682686.4,Cash,Pending,2024-12-01
ORD02047,Mishti Bahri,Bengaluru,Karnataka,Sports,Cricket Bat,1,63049.99,63049.99,Debit Card,Pending,2025-03-25
ORD02048,Emir Contractor,Mumbai,Maharashtra,Fashion,T-Shirt,6,45414.17,272485.02,Net Banking,Cancelled,2026-01-28
ORD02049,Renee Ravi,Mysuru,Karnataka,Sports,Cricket Bat,8,26277.27,210218.16,Cash,Delivered,2025-04-25
ORD02050,Anika Mallick,Chennai,Tamil Nadu,Home Appliances,Microwave,7,22815.87,159711.09,Net Banking,Delivered,2024-06-08
ORD02051,Kashvi Bora,Bengaluru,Karnataka,Furniture,Bed,2,96159.49,192318.98,Net Banking,Cancelled,2026-03-13
ORD02052,Dhanuk Sandal,Coimbatore,Tamil Nadu,Fashion,T-Shirt,4,82048.86,328195.44,Cash,Cancelled,2025-05-20
ORD02053,Zara Sethi,Vadodara,Gujarat,Beauty,Face Wash,1,55687.61,55687.61,Credit Card,Pending,2024-11-04
ORD02054,Khushi Bhatia,Patna,Bihar,Books,Comics,8,22201.47,177611.76,Debit Card,Delivered,2024-09-11
ORD02055,Hansh Hayre,Coimbatore,Tamil Nadu,Beauty,Lipstick,10,20449.9,204499.0,Net Banking,Cancelled,2025-01-16
ORD02056,Akarsh Goda,Jaipur,Rajasthan,Electronics,Headphones,9,24341.82,219076.38,Credit Card,Pending,2024-08-09
ORD02057,Vritika Sem,Mysuru,Karnataka,Books,Biography,8,4017.63,32141.04,Cash,Delivered,2024-08-22
ORD02058,Nirvi Sharma,Mumbai,Maharashtra,Books,Biography,2,73010.92,146021.84,UPI,Shipped,2024-10-02
ORD02059,Prisha Jani,Jaipur,Rajasthan,Home Appliances,AC,8,19985.6,159884.8,UPI,Delivered,2025-09-09
ORD02060,Biju Badal,Bhopal,Madhya Pradesh,Sports,Tennis Racket,1,51110.32,51110.32,UPI,Shipped,2024-07-08
ORD02061,Anay Thaman,Ahmedabad,Gujarat,Books,History Book,6,55138.18,330829.08,Net Banking,Cancelled,2025-05-26
ORD02062,Raunak Dube,Delhi,Delhi,Furniture,Sofa,1,82408.26,82408.26,Cash,Pending,2024-11-09
ORD02063,Sahil Sarkar,Indore,Madhya Pradesh,Groceries,Snacks,4,30908.19,123632.76,Credit Card,Pending,2024-07-05
ORD02064,Shaan Chandra,Ahmedabad,Gujarat,Beauty,Cream,10,29692.16,296921.6,Cash,Shipped,2025-10-09
ORD02065,Sara Sankar,Chandigarh,Chandigarh,Sports,Yoga Mat,3,83450.31,250350.93,Net Banking,Shipped,2024-05-31
ORD02066,Charvi Dhingra,Pune,Maharashtra,Furniture,Bed,4,10974.17,43896.68,Debit Card,Cancelled,2025-01-06
ORD02067,Advika Bail,Indore,Madhya Pradesh,Sports,Football,5,97280.33,486401.65,Cash,Cancelled,2025-03-29
ORD02068,Mishti Vala,Kochi,Kerala,Home Appliances,Fan,1,1105.0,1105.0,Credit Card,Pending,2024-09-25
ORD02069,Tara Mannan,Hyderabad,Telangana,Fashion,Watch,9,83091.18,747820.62,UPI,Shipped,2025-11-19
ORD02070,Jayesh Reddy,Chennai,Tamil Nadu,Books,History Book,8,90843.03,726744.24,Debit Card,Cancelled,2025-10-02
ORD02071,Hansh Vasa,Vadodara,Gujarat,Beauty,Cream,2,73919.04,147838.08,UPI,Shipped,2024-07-07
ORD02072,Sumer Sridhar,Jaipur,Rajasthan,Beauty,Cream,9,45699.47,411295.23,Credit Card,Delivered,2024-09-26
ORD02073,Parinaaz Walla,Vadodara,Gujarat,Beauty,Lipstick,8,34392.04,275136.32,Credit Card,Shipped,2026-01-22
ORD02074,Ela Mangal,Lucknow,Uttar Pradesh,Beauty,Shampoo,6,64983.56,389901.36,Cash,Shipped,2024-08-23
ORD02075,Faiyaz Chakraborty,Mumbai,Maharashtra,Books,History Book,5,73943.74,369718.7,Net Banking,Shipped,2026-02-15
ORD02076,Aradhya Anand,Pune,Maharashtra,Beauty,Face Wash,10,36875.37,368753.7,Debit Card,Delivered,2025-10-28
ORD02077,Anika Sehgal,Ahmedabad,Gujarat,Beauty,Shampoo,9,33609.54,302485.86,Credit Card,Delivered,2026-01-21
ORD02078,Shanaya Jain,Bhopal,Madhya Pradesh,Fashion,Shoes,2,68920.11,137840.22,Cash,Cancelled,2024-06-07
ORD02079,Dishani Agarwal,Visakhapatnam,Andhra Pradesh,Sports,Football,8,90251.98,722015.84,Cash,Delivered,2024-08-26
ORD02080,Kartik Goyal,Ranchi,Jharkhand,Beauty,Lipstick,7,1840.19,12881.33,Net Banking,Pending,2025-11-04
ORD02081,Kavya Krish,Ahmedabad,Gujarat,Fashion,Jeans,6,5071.83,30430.98,UPI,Delivered,2026-03-11
ORD02082,Lagan Barman,Pune,Maharashtra,Fashion,Jeans,1,40552.6,40552.6,UPI,Delivered,2025-10-23
ORD02083,Ranbir Balan,Delhi,Delhi,Books,Science Book,7,54477.53,381342.71,Cash,Pending,2025-02-02
ORD02084,Heer Khalsa,Patna,Bihar,Home Appliances,Microwave,2,94029.27,188058.54,Credit Card,Delivered,2025-02-07
ORD02085,Kabir Tiwari,Mysuru,Karnataka,Fashion,Watch,10,33946.58,339465.8,Cash,Pending,2026-04-27
ORD02086,Kiaan Bhat,Coimbatore,Tamil Nadu,Home Appliances,Microwave,6,7374.88,44249.28,UPI,Pending,2025-08-07
ORD02087,Myra Chaudry,Surat,Gujarat,Electronics,Laptop,9,15286.55,137578.95,Net Banking,Pending,2026-01-11
ORD02088,Arnav Lad,Guwahati,Assam,Fashion,T-Shirt,8,57978.96,463831.68,UPI,Delivered,2024-10-15
ORD02089,Charvi Yogi,Patna,Bihar,Books,History Book,6,54901.1,329406.6,Cash,Shipped,2025-01-02
ORD02090,Raunak Acharya,Visakhapatnam,Andhra Pradesh,Sports,Football,2,18560.19,37120.38,Debit Card,Pending,2024-12-01
ORD02091,Inaaya  Bava,Nagpur,Maharashtra,Beauty,Shampoo,8,28431.94,227455.52,UPI,Pending,2024-05-07
ORD02092,Zoya Sen,Kochi,Kerala,Home Appliances,Refrigerator,4,18429.47,73717.88,Cash,Delivered,2026-01-08
ORD02093,Dishani Saha,Indore,Madhya Pradesh,Electronics,Camera,3,73344.12,220032.36,Credit Card,Pending,2024-12-16
ORD02094,Umang Ratti,Ranchi,Jharkhand,Sports,Tennis Racket,5,9943.74,49718.7,Credit Card,Delivered,2025-04-13
ORD02095,Kiaan Walia,Delhi,Delhi,Books,History Book,8,41422.31,331378.48,Cash,Pending,2025-11-03
ORD02096,Shanaya Ranganathan,Bhopal,Madhya Pradesh,Home Appliances,Refrigerator,2,32593.85,65187.7,Debit Card,Cancelled,2026-03-05
ORD02097,Shray Din,Chandigarh,Chandigarh,Groceries,Oil,2,60968.49,121936.98,Debit Card,Cancelled,2026-01-25
ORD02098,Bhamini Rama,Visakhapatnam,Andhra Pradesh,Groceries,Juice,4,29641.71,118566.84,UPI,Cancelled,2024-06-17
ORD02099,Dhanuk Doctor,Pune,Maharashtra,Fashion,Watch,9,52640.67,473766.03,Net Banking,Delivered,2025-11-14
ORD02100,Pari Deshpande,Mumbai,Maharashtra,Electronics,Headphones,2,97413.4,194826.8,Credit Card,Shipped,2024-10-15
ORD02101,Ehsaan Bala,Noida,Uttar Pradesh,Sports,Football,4,63607.46,254429.84,Net Banking,Cancelled,2025-08-28
ORD02102,Rhea Chowdhury,Guwahati,Assam,Books,Comics,1,64880.41,64880.41,Net Banking,Cancelled,2025-04-23
ORD02103,Priyansh Chadha,Noida,Uttar Pradesh,Beauty,Face Wash,5,53782.58,268912.9,Net Banking,Shipped,2025-09-21
ORD02104,Jayesh Chaudhuri,Bengaluru,Karnataka,Groceries,Rice,3,2286.21,6858.63,Debit Card,Pending,2024-10-12
ORD02105,Divit Sagar,Mysuru,Karnataka,Electronics,Camera,7,62157.45,435102.15,Net Banking,Cancelled,2025-01-15
ORD02106,Eva Chawla,Vadodara,Gujarat,Fashion,T-Shirt,3,72713.77,218141.31,Net Banking,Shipped,2025-08-11
ORD02107,Tushar Bir,Lucknow,Uttar Pradesh,Furniture,Wardrobe,3,50294.31,150882.93,Net Banking,Shipped,2024-10-09
ORD02108,Advika Lalla,Kochi,Kerala,Books,Novel,2,58014.19,116028.38,Cash,Shipped,2024-05-12
ORD02109,Yakshit Andra,Bengaluru,Karnataka,Electronics,Laptop,5,42730.22,213651.1,Debit Card,Shipped,2025-02-27
ORD02110,Reyansh Buch,Ahmedabad,Gujarat,Fashion,Shoes,5,79768.16,398840.8,Cash,Delivered,2024-06-26
ORD02111,Nitara Sathe,Lucknow,Uttar Pradesh,Fashion,Watch,10,19790.87,197908.7,Cash,Cancelled,2025-06-24
ORD02112,Rohan Bobal,Indore,Madhya Pradesh,Furniture,Dining Table,2,86545.27,173090.54,Net Banking,Delivered,2025-04-22
ORD02113,Devansh Kapur,Bengaluru,Karnataka,Books,Novel,3,63238.35,189715.05,Cash,Delivered,2024-05-08
ORD02114,Aarush Bera,Ahmedabad,Gujarat,Beauty,Lipstick,5,19878.18,99390.9,Cash,Delivered,2024-09-21
ORD02115,Mahika Shanker,Indore,Madhya Pradesh,Books,Comics,10,35719.34,357193.4,UPI,Pending,2026-01-28
ORD02116,Hridaan Sami,Noida,Uttar Pradesh,Furniture,Dining Table,8,11841.42,94731.36,Debit Card,Cancelled,2024-11-19
ORD02117,Ela Banerjee,Patna,Bihar,Home Appliances,AC,1,27826.82,27826.82,Cash,Delivered,2025-02-16
ORD02118,Biju Dube,Ahmedabad,Gujarat,Books,Novel,4,13626.61,54506.44,Debit Card,Delivered,2024-10-15
ORD02119,Dhanush Dube,Ahmedabad,Gujarat,Books,Science Book,5,70539.24,352696.2,Cash,Delivered,2026-02-20
ORD02120,Devansh Butala,Lucknow,Uttar Pradesh,Electronics,Mobile,7,44424.07,310968.49,Cash,Shipped,2024-12-20
ORD02121,Arnav Guha,Bhopal,Madhya Pradesh,Home Appliances,Microwave,2,3354.47,6708.94,Credit Card,Cancelled,2026-02-19
ORD02122,Tarini Johal,Nagpur,Maharashtra,Groceries,Oil,1,71267.59,71267.59,UPI,Pending,2025-02-19
ORD02123,Vardaniya Kakar,Kolkata,West Bengal,Groceries,Milk,4,34263.89,137055.56,Net Banking,Pending,2025-08-30
ORD02124,Ivan Vala,Lucknow,Uttar Pradesh,Furniture,Wardrobe,1,66156.68,66156.68,Credit Card,Pending,2024-11-14
ORD02125,Eva Rajan,Ranchi,Jharkhand,Fashion,Shoes,5,99964.09,499820.45,Net Banking,Cancelled,2026-01-04
ORD02126,Kiaan Kapur,Indore,Madhya Pradesh,Groceries,Oil,7,29694.07,207858.49,Net Banking,Cancelled,2025-06-07
ORD02127,Fateh Badami,Chandigarh,Chandigarh,Home Appliances,Fan,8,56138.79,449110.32,Cash,Delivered,2026-02-03
ORD02128,Hansh Lalla,Hyderabad,Telangana,Books,Comics,8,61757.95,494063.6,Net Banking,Shipped,2025-12-18
ORD02129,Zoya Andra,Bhopal,Madhya Pradesh,Beauty,Perfume,3,40109.94,120329.82,Cash,Delivered,2025-09-18
ORD02130,Hridaan Gole,Chennai,Tamil Nadu,Sports,Football,9,86902.53,782122.77,UPI,Delivered,2026-04-22
ORD02131,Raghav Bhattacharyya,Hyderabad,Telangana,Home Appliances,Washing Machine,6,58565.01,351390.06,Debit Card,Pending,2025-01-16
ORD02132,Himmat Sant,Jaipur,Rajasthan,Sports,Yoga Mat,3,23070.95,69212.85,Net Banking,Pending,2024-07-29
ORD02133,Biju Sami,Noida,Uttar Pradesh,Home Appliances,Fan,3,66661.62,199984.86,UPI,Delivered,2026-04-11
ORD02134,Romil Kothari,Lucknow,Uttar Pradesh,Books,History Book,10,6679.68,66796.8,Cash,Delivered,2024-11-11
ORD02135,Jhanvi Mane,Noida,Uttar Pradesh,Fashion,T-Shirt,1,44246.06,44246.06,Cash,Shipped,2024-12-14
ORD02136,Aniruddh Bedi,Ranchi,Jharkhand,Sports,Tennis Racket,8,28903.77,231230.16,Cash,Pending,2025-04-13
ORD02137,Purab Sha,Hyderabad,Telangana,Furniture,Sofa,10,8497.56,84975.6,UPI,Shipped,2025-09-08
ORD02138,Yasmin Sodhi,Bhopal,Madhya Pradesh,Home Appliances,Microwave,1,65423.1,65423.1,Credit Card,Delivered,2026-02-11
ORD02139,Pranay Khatri,Mumbai,Maharashtra,Home Appliances,Fan,5,30089.02,150445.1,Credit Card,Delivered,2026-04-15
ORD02140,Rania Bora,Jaipur,Rajasthan,Groceries,Juice,2,91011.3,182022.6,Net Banking,Pending,2024-11-01
ORD02141,Jayant Kunda,Indore,Madhya Pradesh,Home Appliances,Refrigerator,1,13338.93,13338.93,Debit Card,Cancelled,2026-05-03
ORD02142,Pranay Hora,Delhi,Delhi,Fashion,T-Shirt,3,36144.24,108432.72,Credit Card,Pending,2024-11-25
ORD02143,Divit Ram,Guwahati,Assam,Books,Science Book,1,88648.44,88648.44,UPI,Delivered,2025-09-12
ORD02144,Siya Sundaram,Ranchi,Jharkhand,Books,Science Book,1,66329.25,66329.25,Credit Card,Cancelled,2024-12-14
ORD02145,Jivin Varty,Noida,Uttar Pradesh,Home Appliances,Microwave,3,67714.91,203144.73,Credit Card,Cancelled,2024-12-30
ORD02146,Rati Bedi,Mumbai,Maharashtra,Home Appliances,AC,1,75836.32,75836.32,Credit Card,Shipped,2025-05-21
ORD02147,Nayantara Goswami,Surat,Gujarat,Furniture,Sofa,5,87213.42,436067.1,Cash,Cancelled,2024-12-30
ORD02148,Anahi Krishnamurthy,Coimbatore,Tamil Nadu,Books,Science Book,5,20599.9,102999.5,Credit Card,Pending,2024-12-31
ORD02149,Manjari Mangal,Ahmedabad,Gujarat,Books,Biography,5,30719.51,153597.55,UPI,Cancelled,2024-08-12
ORD02150,Ojas Dada,Mumbai,Maharashtra,Groceries,Oil,5,84210.2,421051.0,Debit Card,Delivered,2026-03-17
ORD02151,Indrans Kalla,Surat,Gujarat,Sports,Tennis Racket,3,45772.35,137317.05,Debit Card,Delivered,2024-06-15
ORD02152,Mamooty Choudhary,Noida,Uttar Pradesh,Electronics,Camera,6,87653.06,525918.36,Cash,Cancelled,2026-03-27
ORD02153,Vidur Sathe,Delhi,Delhi,Electronics,Mobile,3,19427.04,58281.12,Credit Card,Pending,2025-04-27
ORD02154,Mishti Krishnamurthy,Bhopal,Madhya Pradesh,Home Appliances,Refrigerator,3,56438.63,169315.89,Credit Card,Delivered,2025-03-31
ORD02155,Sahil Anand,Chennai,Tamil Nadu,Fashion,Jeans,8,82441.73,659533.84,UPI,Shipped,2024-06-20
ORD02156,Devansh Mane,Chennai,Tamil Nadu,Home Appliances,Washing Machine,10,24553.75,245537.5,Debit Card,Pending,2025-06-24
ORD02157,Sumer Kohli,Indore,Madhya Pradesh,Beauty,Lipstick,1,52891.92,52891.92,Debit Card,Pending,2025-09-14
ORD02158,Sara Tank,Nagpur,Maharashtra,Home Appliances,Washing Machine,9,22710.5,204394.5,Credit Card,Shipped,2025-08-02
ORD02159,Arnav Thaman,Ahmedabad,Gujarat,Sports,Cricket Bat,2,35965.24,71930.48,Net Banking,Cancelled,2024-09-13
ORD02160,Yuvaan Rau,Mumbai,Maharashtra,Home Appliances,AC,6,39921.01,239526.06,Net Banking,Cancelled,2025-05-31
ORD02161,Saanvi Rastogi,Mumbai,Maharashtra,Furniture,Wardrobe,3,89872.52,269617.56,Debit Card,Cancelled,2025-10-05
ORD02162,Shayak Kala,Indore,Madhya Pradesh,Sports,Yoga Mat,1,63656.52,63656.52,UPI,Cancelled,2025-11-11
ORD02163,Azad Sehgal,Hyderabad,Telangana,Furniture,Wardrobe,10,45232.24,452322.4,UPI,Cancelled,2025-06-16
ORD02164,Bhamini Iyengar,Mumbai,Maharashtra,Groceries,Oil,4,31686.74,126746.96,UPI,Cancelled,2025-07-12
ORD02165,Charvi Grewal,Delhi,Delhi,Home Appliances,Microwave,3,18251.51,54754.53,Cash,Shipped,2025-10-03
ORD02166,Mahika Gola,Noida,Uttar Pradesh,Groceries,Juice,2,89692.31,179384.62,Net Banking,Delivered,2025-10-30
ORD02167,Piya Golla,Kolkata,West Bengal,Groceries,Rice,7,90448.71,633140.97,Debit Card,Cancelled,2025-12-29
ORD02168,Ela Upadhyay,Chandigarh,Chandigarh,Home Appliances,AC,2,39130.45,78260.9,UPI,Pending,2026-03-08
ORD02169,Rati Grewal,Pune,Maharashtra,Electronics,Mobile,1,97915.77,97915.77,UPI,Cancelled,2025-11-09
ORD02170,Sana Wable,Lucknow,Uttar Pradesh,Furniture,Bed,9,19669.39,177024.51,Credit Card,Delivered,2025-05-24
ORD02171,Ojas Bhavsar,Chandigarh,Chandigarh,Fashion,Jeans,1,65988.12,65988.12,Debit Card,Shipped,2024-08-08
ORD02172,Darshit Mangal,Guwahati,Assam,Home Appliances,Microwave,10,26452.16,264521.6,Credit Card,Delivered,2025-02-19
ORD02173,Misha Sankar,Visakhapatnam,Andhra Pradesh,Electronics,Mobile,9,47166.42,424497.78,UPI,Shipped,2025-09-28
ORD02174,Sumer Chahal,Nagpur,Maharashtra,Beauty,Lipstick,10,7418.92,74189.2,UPI,Pending,2026-03-07
ORD02175,Aaryahi Apte,Mumbai,Maharashtra,Groceries,Juice,7,38777.55,271442.85,Credit Card,Shipped,2025-05-09
ORD02176,Rania Kumer,Bengaluru,Karnataka,Electronics,Camera,4,85713.32,342853.28,Credit Card,Shipped,2025-04-14
ORD02177,Lavanya Kohli,Hyderabad,Telangana,Beauty,Shampoo,3,45880.13,137640.39,Debit Card,Delivered,2024-07-10
ORD02178,Anya Ramanathan,Mumbai,Maharashtra,Groceries,Oil,8,69048.08,552384.64,Debit Card,Shipped,2025-05-10
ORD02179,Raunak Bakshi,Noida,Uttar Pradesh,Furniture,Sofa,7,95519.94,668639.58,Credit Card,Pending,2024-05-25
ORD02180,Hazel Ram,Mysuru,Karnataka,Fashion,Jeans,7,83084.62,581592.34,Debit Card,Delivered,2024-06-05
ORD02181,Anaya Kumer,Nagpur,Maharashtra,Books,Biography,8,82639.28,661114.24,Cash,Cancelled,2025-06-24
ORD02182,Divit Bora,Kochi,Kerala,Furniture,Wardrobe,5,29564.68,147823.4,Net Banking,Delivered,2024-08-10
ORD02183,Advik Saha,Patna,Bihar,Home Appliances,Refrigerator,10,47341.26,473412.6,UPI,Pending,2025-08-15
ORD02184,Arnav Bains,Vadodara,Gujarat,Fashion,T-Shirt,6,29833.34,179000.04,Net Banking,Shipped,2024-10-20
ORD02185,Kaira Singhal,Lucknow,Uttar Pradesh,Beauty,Perfume,1,31473.58,31473.58,Credit Card,Pending,2024-11-21
ORD02186,Hansh Kaur,Coimbatore,Tamil Nadu,Books,Novel,2,1070.87,2141.74,Cash,Delivered,2024-09-20
ORD02187,Neysa Dugar,Lucknow,Uttar Pradesh,Books,Comics,2,22904.72,45809.44,UPI,Pending,2025-09-30
ORD02188,Emir Kara,Guwahati,Assam,Groceries,Snacks,2,46296.8,92593.6,Debit Card,Delivered,2024-11-14
ORD02189,Oorja Dixit,Visakhapatnam,Andhra Pradesh,Sports,Football,6,70542.14,423252.84,UPI,Pending,2024-08-09
ORD02190,Vihaan Sant,Nagpur,Maharashtra,Groceries,Juice,7,31451.39,220159.73,Net Banking,Delivered,2025-12-06
ORD02191,Samiha Thaker,Ranchi,Jharkhand,Furniture,Dining Table,6,54617.76,327706.56,Cash,Shipped,2025-12-11
ORD02192,Onkar Raja,Patna,Bihar,Beauty,Face Wash,4,26802.95,107211.8,Net Banking,Shipped,2026-01-30
ORD02193,Zoya Mani,Bhopal,Madhya Pradesh,Beauty,Cream,8,5254.15,42033.2,Debit Card,Delivered,2025-09-06
ORD02194,Anahi Kadakia,Kolkata,West Bengal,Beauty,Shampoo,4,29439.86,117759.44,Net Banking,Cancelled,2024-10-27
ORD02195,Ishita Walla,Kochi,Kerala,Furniture,Wardrobe,2,74365.41,148730.82,UPI,Pending,2024-11-20
ORD02196,Inaaya  Kapadia,Delhi,Delhi,Groceries,Oil,9,96573.14,869158.26,Credit Card,Cancelled,2026-04-13
ORD02197,Yashvi Chauhan,Coimbatore,Tamil Nadu,Home Appliances,Washing Machine,8,74900.72,599205.76,Credit Card,Delivered,2025-12-28
ORD02198,Shayak Andra,Surat,Gujarat,Sports,Gym Bag,1,41769.9,41769.9,Net Banking,Cancelled,2024-09-27
ORD02199,Urvi Dave,Coimbatore,Tamil Nadu,Groceries,Snacks,1,16292.45,16292.45,Net Banking,Shipped,2025-01-17
ORD02200,Kaira Reddy,Guwahati,Assam,Furniture,Chair,9,87162.55,784462.95,Cash,Delivered,2025-02-02
ORD02201,Yuvaan Varkey,Noida,Uttar Pradesh,Furniture,Dining Table,4,36681.59,146726.36,Cash,Cancelled,2024-12-20
ORD02202,Kiara Bali,Ahmedabad,Gujarat,Groceries,Snacks,5,80158.42,400792.1,Cash,Cancelled,2024-05-13
ORD02203,Ivana Madan,Kochi,Kerala,Groceries,Juice,8,20214.26,161714.08,UPI,Shipped,2025-05-07
ORD02204,Saanvi Varty,Indore,Madhya Pradesh,Electronics,Laptop,9,91980.2,827821.8,UPI,Pending,2025-02-08
ORD02205,Ayesha Kanda,Pune,Maharashtra,Beauty,Lipstick,9,31077.93,279701.37,Credit Card,Pending,2025-06-27
ORD02206,Purab Kashyap,Surat,Gujarat,Beauty,Cream,9,91019.89,819179.01,Credit Card,Cancelled,2025-08-31
ORD02207,Onkar Badal,Ranchi,Jharkhand,Sports,Football,8,14712.9,117703.2,Credit Card,Pending,2025-02-06
ORD02208,Nirvi Vohra,Coimbatore,Tamil Nadu,Beauty,Cream,8,7476.45,59811.6,UPI,Pending,2024-08-25
ORD02209,Samar Zacharia,Vadodara,Gujarat,Fashion,T-Shirt,4,28240.86,112963.44,Debit Card,Shipped,2025-08-08
ORD02210,Lagan Loyal,Kolkata,West Bengal,Electronics,Laptop,8,78102.48,624819.84,Credit Card,Cancelled,2024-06-10
ORD02211,Renee Kata,Jaipur,Rajasthan,Furniture,Dining Table,8,54164.72,433317.76,Credit Card,Pending,2024-12-27
ORD02212,Shlok Soman,Indore,Madhya Pradesh,Home Appliances,Washing Machine,1,84206.77,84206.77,Credit Card,Pending,2024-08-14
ORD02213,Shalv Bobal,Pune,Maharashtra,Home Appliances,Refrigerator,6,7330.08,43980.48,UPI,Cancelled,2024-08-02
ORD02214,Yuvaan Upadhyay,Jaipur,Rajasthan,Fashion,Jeans,3,77729.5,233188.5,Credit Card,Pending,2024-05-10
ORD02215,Miraan Saran,Nagpur,Maharashtra,Groceries,Rice,10,27580.53,275805.3,Credit Card,Delivered,2026-03-16
ORD02216,Amani Sur,Guwahati,Assam,Electronics,Smart TV,1,21357.17,21357.17,Credit Card,Delivered,2024-08-01
ORD02217,Azad Gera,Bhopal,Madhya Pradesh,Beauty,Cream,9,73249.71,659247.39,Debit Card,Shipped,2024-07-13
ORD02218,Romil Das,Vadodara,Gujarat,Groceries,Snacks,3,90702.56,272107.68,Debit Card,Pending,2024-07-03
ORD02219,Ahana  Yogi,Kochi,Kerala,Furniture,Dining Table,9,96132.73,865194.57,Cash,Shipped,2025-02-18
ORD02220,Tiya Varty,Bhopal,Madhya Pradesh,Fashion,Jeans,9,75731.9,681587.1,Debit Card,Shipped,2025-11-08
ORD02221,Dhanush Kashyap,Chandigarh,Chandigarh,Beauty,Lipstick,6,96151.25,576907.5,Net Banking,Cancelled,2024-08-13
ORD02222,Arnav Brahmbhatt,Patna,Bihar,Beauty,Cream,6,11422.53,68535.18,UPI,Cancelled,2026-02-28
ORD02223,Manikya Malhotra,Mysuru,Karnataka,Furniture,Wardrobe,1,84396.94,84396.94,Credit Card,Shipped,2024-05-13
ORD02224,Samar Atwal,Coimbatore,Tamil Nadu,Sports,Tennis Racket,10,4334.53,43345.3,Cash,Cancelled,2025-11-04
ORD02225,Kiaan Brar,Noida,Uttar Pradesh,Home Appliances,Microwave,7,99582.89,697080.23,Credit Card,Pending,2024-08-29
ORD02226,Samarth Krishnan,Chennai,Tamil Nadu,Electronics,Camera,1,36924.63,36924.63,Cash,Delivered,2026-04-25
ORD02227,Pari Bir,Ranchi,Jharkhand,Furniture,Chair,7,77344.89,541414.23,Cash,Cancelled,2025-01-21
ORD02228,Mehul Saha,Visakhapatnam,Andhra Pradesh,Furniture,Bed,3,42428.8,127286.4,Credit Card,Delivered,2025-04-08
ORD02229,Ehsaan Jani,Indore,Madhya Pradesh,Home Appliances,Refrigerator,2,1154.42,2308.84,Credit Card,Delivered,2025-07-01
ORD02230,Shray Bali,Mumbai,Maharashtra,Groceries,Juice,4,12401.66,49606.64,UPI,Cancelled,2026-01-25
ORD02231,Trisha Mani,Nagpur,Maharashtra,Beauty,Cream,3,18991.98,56975.94,Cash,Delivered,2024-12-18
ORD02232,Tara Bahri,Chennai,Tamil Nadu,Electronics,Camera,7,55633.91,389437.37,Credit Card,Delivered,2026-04-13
ORD02233,Umang Mangat,Kolkata,West Bengal,Sports,Football,8,288.86,2310.88,Debit Card,Shipped,2024-05-31
ORD02234,Krish Comar,Bhopal,Madhya Pradesh,Beauty,Face Wash,10,62449.91,624499.1,Cash,Pending,2026-01-28
ORD02235,Reyansh Varghese,Pune,Maharashtra,Electronics,Laptop,6,9234.37,55406.22,UPI,Pending,2025-11-06
ORD02236,Zoya Anand,Bengaluru,Karnataka,Fashion,Jeans,4,24537.09,98148.36,Net Banking,Delivered,2025-12-16
ORD02237,Shlok Ramakrishnan,Ahmedabad,Gujarat,Books,Comics,3,20803.38,62410.14,Credit Card,Cancelled,2024-08-16
ORD02238,Yuvaan Master,Indore,Madhya Pradesh,Furniture,Sofa,2,80853.28,161706.56,Credit Card,Delivered,2024-07-19
ORD02239,Alisha Bose,Mysuru,Karnataka,Groceries,Snacks,4,30326.8,121307.2,UPI,Delivered,2024-09-26
ORD02240,Nakul Doctor,Surat,Gujarat,Home Appliances,Washing Machine,6,52822.24,316933.44,UPI,Shipped,2024-11-14
ORD02241,Riya Lanka,Surat,Gujarat,Furniture,Sofa,6,55678.58,334071.48,Cash,Shipped,2025-04-17
ORD02242,Ayesha Jhaveri,Chandigarh,Chandigarh,Furniture,Chair,1,23211.6,23211.6,Net Banking,Delivered,2026-01-18
ORD02243,Prerak Mangat,Chandigarh,Chandigarh,Beauty,Face Wash,7,20044.02,140308.14,Cash,Shipped,2025-03-08
ORD02244,Adah Bala,Nagpur,Maharashtra,Furniture,Sofa,8,76428.8,611430.4,Credit Card,Pending,2025-01-06
ORD02245,Mohanlal Sankaran,Kolkata,West Bengal,Groceries,Snacks,4,5667.63,22670.52,Debit Card,Pending,2025-07-22
ORD02246,Yashvi Balasubramanian,Kochi,Kerala,Groceries,Milk,2,88407.72,176815.44,Credit Card,Cancelled,2025-04-22
ORD02247,Pari Bedi,Vadodara,Gujarat,Furniture,Chair,1,41557.47,41557.47,Debit Card,Shipped,2024-10-07
ORD02248,Oorja Bhakta,Ranchi,Jharkhand,Sports,Yoga Mat,7,56171.57,393200.99,Net Banking,Shipped,2025-06-20
ORD02249,Hunar Babu,Nagpur,Maharashtra,Books,Biography,7,63193.64,442355.48,Credit Card,Delivered,2024-05-29
ORD02250,Shray Edwin,Hyderabad,Telangana,Books,Comics,7,97333.99,681337.93,Net Banking,Shipped,2025-05-19
ORD02251,Yuvraj  Tandon,Pune,Maharashtra,Home Appliances,Microwave,4,51200.42,204801.68,UPI,Pending,2026-03-26
ORD02252,Yashvi Banerjee,Surat,Gujarat,Beauty,Lipstick,4,55449.55,221798.2,Credit Card,Shipped,2026-05-06
ORD02253,Shanaya Dora,Indore,Madhya Pradesh,Groceries,Milk,7,96760.01,677320.07,Credit Card,Shipped,2025-05-25
ORD02254,Oorja Rattan,Surat,Gujarat,Beauty,Face Wash,2,86785.3,173570.6,Debit Card,Shipped,2024-09-18
ORD02255,Nitara Loke,Vadodara,Gujarat,Sports,Gym Bag,5,18466.52,92332.6,Credit Card,Cancelled,2026-04-09
ORD02256,Pari Chaudhry,Jaipur,Rajasthan,Fashion,Shoes,6,30116.34,180698.04,UPI,Delivered,2024-05-18
ORD02257,Pranay Edwin,Ahmedabad,Gujarat,Electronics,Laptop,8,24128.81,193030.48,UPI,Pending,2024-06-19
ORD02258,Dharmajan Chatterjee,Ahmedabad,Gujarat,Furniture,Wardrobe,8,28928.6,231428.8,Debit Card,Shipped,2025-07-29
ORD02259,Jayan Mann,Chandigarh,Chandigarh,Home Appliances,Refrigerator,4,5163.07,20652.28,Cash,Shipped,2024-08-04
ORD02260,Samaira Batta,Mysuru,Karnataka,Electronics,Mobile,4,81368.78,325475.12,Credit Card,Shipped,2025-03-07
ORD02261,Kartik Lalla,Mysuru,Karnataka,Beauty,Lipstick,3,88148.55,264445.65,Credit Card,Shipped,2025-08-16
ORD02262,Samiha Lanka,Delhi,Delhi,Furniture,Sofa,7,88177.43,617242.01,Cash,Delivered,2024-12-01
ORD02263,Nayantara Bhat,Surat,Gujarat,Books,Comics,5,55014.5,275072.5,UPI,Pending,2026-02-24
ORD02264,Eva Konda,Chennai,Tamil Nadu,Groceries,Rice,3,18034.53,54103.59,Debit Card,Shipped,2024-11-28
ORD02265,Kismat Kapoor,Mysuru,Karnataka,Sports,Yoga Mat,6,16122.44,96734.64,UPI,Shipped,2026-03-11
ORD02266,Farhan Jain,Nagpur,Maharashtra,Home Appliances,Microwave,4,11775.74,47102.96,Cash,Pending,2025-10-31
ORD02267,Saksham Mani,Chennai,Tamil Nadu,Electronics,Camera,2,18430.47,36860.94,Debit Card,Shipped,2025-06-27
ORD02268,Krish Bakshi,Coimbatore,Tamil Nadu,Sports,Tennis Racket,2,56007.55,112015.1,Credit Card,Delivered,2025-11-26
ORD02269,Anahi De,Ahmedabad,Gujarat,Books,Novel,7,5549.5,38846.5,Debit Card,Shipped,2025-09-29
ORD02270,Vedika Mand,Hyderabad,Telangana,Home Appliances,Washing Machine,4,59687.89,238751.56,UPI,Delivered,2025-01-24
ORD02271,Shanaya Seshadri,Kolkata,West Bengal,Fashion,Jacket,5,97166.96,485834.8,Debit Card,Cancelled,2025-10-04
ORD02272,Samar Sarkar,Indore,Madhya Pradesh,Electronics,Smart TV,8,86449.36,691594.88,Debit Card,Shipped,2025-05-14
ORD02273,Bhamini Sem,Bhopal,Madhya Pradesh,Electronics,Headphones,1,49314.57,49314.57,Debit Card,Pending,2025-01-14
ORD02274,Hazel Kuruvilla,Nagpur,Maharashtra,Home Appliances,Fan,9,93364.95,840284.55,UPI,Cancelled,2024-11-13
ORD02275,Kashvi Dua,Chennai,Tamil Nadu,Fashion,Jeans,3,88465.5,265396.5,Debit Card,Cancelled,2025-10-28
ORD02276,Kimaya Ram,Guwahati,Assam,Beauty,Perfume,7,22182.06,155274.42,Net Banking,Shipped,2024-06-20
ORD02277,Amira Singhal,Mysuru,Karnataka,Sports,Tennis Racket,8,3086.99,24695.92,Cash,Shipped,2026-03-06
ORD02278,Arnav Ratta,Mysuru,Karnataka,Home Appliances,Fan,3,71916.93,215750.79,UPI,Delivered,2026-01-01
ORD02279,Vaibhav Kata,Noida,Uttar Pradesh,Home Appliances,AC,7,15057.43,105402.01,Credit Card,Pending,2025-11-24
ORD02280,Hazel Grover,Surat,Gujarat,Sports,Football,9,83438.7,750948.3,Debit Card,Delivered,2024-12-28
ORD02281,Anahita Bhattacharyya,Hyderabad,Telangana,Home Appliances,Microwave,8,17589.53,140716.24,Debit Card,Shipped,2024-11-26
ORD02282,Tiya Chanda,Jaipur,Rajasthan,Beauty,Shampoo,6,5794.53,34767.18,Debit Card,Delivered,2025-04-23
ORD02283,Piya Dhingra,Mumbai,Maharashtra,Fashion,Shoes,3,94805.47,284416.41,Debit Card,Shipped,2025-10-24
ORD02284,Anvi Dada,Coimbatore,Tamil Nadu,Electronics,Camera,9,81791.19,736120.71,Cash,Cancelled,2026-01-20
ORD02285,Nehmat Yogi,Delhi,Delhi,Groceries,Milk,8,15388.08,123104.64,UPI,Shipped,2025-04-20
ORD02286,Kavya Khalsa,Bengaluru,Karnataka,Books,Science Book,6,52207.1,313242.6,UPI,Shipped,2024-08-07
ORD02287,Hiran Venkatesh,Mysuru,Karnataka,Beauty,Perfume,4,61298.79,245195.16,Cash,Cancelled,2025-03-18
ORD02288,Neelofar Comar,Guwahati,Assam,Home Appliances,Refrigerator,3,56061.85,168185.55,Credit Card,Delivered,2025-03-22
ORD02289,Saira Walia,Guwahati,Assam,Sports,Cricket Bat,6,13863.62,83181.72,Credit Card,Pending,2026-03-27
ORD02290,Lavanya Sibal,Ahmedabad,Gujarat,Groceries,Juice,10,8416.25,84162.5,Credit Card,Delivered,2025-02-04
ORD02291,Aniruddh Sen,Hyderabad,Telangana,Home Appliances,Washing Machine,5,86014.56,430072.8,Cash,Cancelled,2025-04-14
ORD02292,Hunar Khanna,Delhi,Delhi,Groceries,Juice,5,47348.59,236742.95,Debit Card,Delivered,2025-04-25
ORD02293,Ehsaan Gopal,Surat,Gujarat,Furniture,Bed,7,15150.23,106051.61,Cash,Cancelled,2026-02-13
ORD02294,Ivan Raja,Coimbatore,Tamil Nadu,Beauty,Face Wash,10,19325.22,193252.2,Cash,Delivered,2024-10-16
ORD02295,Seher Sandhu,Chandigarh,Chandigarh,Home Appliances,Fan,10,9460.7,94607.0,Net Banking,Delivered,2024-08-06
ORD02296,Yuvaan Dhingra,Visakhapatnam,Andhra Pradesh,Electronics,Mobile,4,29340.38,117361.52,UPI,Pending,2026-03-23
ORD02297,Anahita Subramanian,Vadodara,Gujarat,Home Appliances,Refrigerator,10,286.43,2864.3,UPI,Cancelled,2026-02-02
ORD02298,Romil Sharma,Lucknow,Uttar Pradesh,Electronics,Mobile,1,54209.39,54209.39,Debit Card,Delivered,2025-06-12
ORD02299,Veer Sem,Coimbatore,Tamil Nadu,Beauty,Perfume,7,28715.8,201010.6,UPI,Cancelled,2025-01-16
ORD02300,Anay Tiwari,Nagpur,Maharashtra,Fashion,Watch,6,98892.33,593353.98,Debit Card,Pending,2024-06-24
ORD02301,Vaibhav Kannan,Jaipur,Rajasthan,Beauty,Perfume,10,31441.99,314419.9,Debit Card,Delivered,2025-08-18
ORD02302,Reyansh Gour,Jaipur,Rajasthan,Fashion,Shoes,2,76827.84,153655.68,Credit Card,Delivered,2024-09-21
ORD02303,Miraya Bumb,Hyderabad,Telangana,Groceries,Juice,1,87848.62,87848.62,Net Banking,Pending,2024-09-19
ORD02304,Jayan Bath,Coimbatore,Tamil Nadu,Sports,Football,4,11760.82,47043.28,UPI,Delivered,2025-10-11
ORD02305,Raunak Agate,Vadodara,Gujarat,Books,Novel,3,78777.66,236332.98,Credit Card,Delivered,2025-05-21
ORD02306,Ivan Bala,Mysuru,Karnataka,Beauty,Shampoo,4,48283.35,193133.4,Credit Card,Delivered,2024-09-09
ORD02307,Kashvi Sridhar,Chennai,Tamil Nadu,Sports,Cricket Bat,4,30826.79,123307.16,Net Banking,Delivered,2024-10-17
ORD02308,Manjari Aggarwal,Coimbatore,Tamil Nadu,Books,Novel,6,92697.6,556185.6,Net Banking,Cancelled,2024-06-27
ORD02309,Ela Shetty,Chennai,Tamil Nadu,Sports,Tennis Racket,6,5840.95,35045.7,Net Banking,Shipped,2026-01-26
ORD02310,Kaira Sachdeva,Kolkata,West Bengal,Furniture,Chair,3,91542.71,274628.13,Debit Card,Pending,2026-03-27
ORD02311,Ira Doshi,Delhi,Delhi,Home Appliances,Fan,2,74095.74,148191.48,UPI,Shipped,2026-02-07
ORD02312,Prerak Mammen,Mysuru,Karnataka,Fashion,T-Shirt,4,45295.52,181182.08,Credit Card,Pending,2025-10-24
ORD02313,Hrishita Bains,Chandigarh,Chandigarh,Groceries,Juice,2,90330.07,180660.14,Debit Card,Delivered,2025-09-11
ORD02314,Vanya Varkey,Lucknow,Uttar Pradesh,Beauty,Shampoo,5,64631.18,323155.9,Debit Card,Delivered,2024-11-09
ORD02315,Jivin Vala,Noida,Uttar Pradesh,Beauty,Lipstick,7,53839.32,376875.24,UPI,Delivered,2025-01-12
ORD02316,Suhana Bhatia,Bhopal,Madhya Pradesh,Electronics,Laptop,3,52694.87,158084.61,Debit Card,Shipped,2025-10-25
ORD02317,Onkar Ratti,Visakhapatnam,Andhra Pradesh,Fashion,Jacket,5,23585.13,117925.65,Debit Card,Delivered,2026-03-07
ORD02318,Lakshit Ravel,Mysuru,Karnataka,Furniture,Bed,7,26409.23,184864.61,UPI,Cancelled,2025-03-05
ORD02319,Sahil Kapadia,Kochi,Kerala,Groceries,Oil,4,31828.68,127314.72,Credit Card,Cancelled,2025-09-24
ORD02320,Anahita Malhotra,Coimbatore,Tamil Nadu,Electronics,Camera,5,60022.35,300111.75,Cash,Pending,2026-02-06
ORD02321,Lakshay Manne,Visakhapatnam,Andhra Pradesh,Electronics,Smart TV,10,6890.42,68904.2,Debit Card,Cancelled,2025-01-15
ORD02322,Damini Malhotra,Jaipur,Rajasthan,Electronics,Camera,1,34530.32,34530.32,Net Banking,Shipped,2025-09-03
ORD02323,Zara Chaudry,Surat,Gujarat,Beauty,Cream,4,71107.69,284430.76,UPI,Shipped,2025-01-31
ORD02324,Hiran Sarma,Bhopal,Madhya Pradesh,Fashion,Shoes,2,31741.18,63482.36,Net Banking,Cancelled,2025-03-03
ORD02325,Jhanvi Anand,Bengaluru,Karnataka,Furniture,Wardrobe,10,3397.32,33973.2,Debit Card,Delivered,2024-11-27
ORD02326,Arhaan Hans,Nagpur,Maharashtra,Sports,Yoga Mat,7,60663.63,424645.41,Cash,Pending,2025-11-30
ORD02327,Alia Shankar,Mysuru,Karnataka,Fashion,Shoes,1,57524.84,57524.84,Credit Card,Delivered,2025-12-14
ORD02328,Elakshi Bhatia,Chandigarh,Chandigarh,Fashion,T-Shirt,1,31280.75,31280.75,Net Banking,Shipped,2025-06-28
ORD02329,Charvi Comar,Chandigarh,Chandigarh,Fashion,Shoes,8,57990.46,463923.68,Credit Card,Delivered,2025-12-26
ORD02330,Vihaan Lall,Delhi,Delhi,Books,History Book,4,10019.29,40077.16,Net Banking,Pending,2024-11-26
ORD02331,Jayan Lal,Nagpur,Maharashtra,Beauty,Shampoo,10,87300.58,873005.8,Net Banking,Cancelled,2025-12-10
ORD02332,Neysa Raj,Mysuru,Karnataka,Fashion,Jacket,1,27708.77,27708.77,UPI,Delivered,2026-04-11
ORD02333,Jayesh Dash,Kochi,Kerala,Home Appliances,Microwave,2,83836.24,167672.48,Net Banking,Pending,2025-12-10
ORD02334,Jivika Saran,Visakhapatnam,Andhra Pradesh,Books,Novel,1,17927.71,17927.71,Credit Card,Delivered,2025-08-10
ORD02335,Jivika Wadhwa,Coimbatore,Tamil Nadu,Books,Science Book,9,5643.99,50795.91,UPI,Delivered,2026-02-05
ORD02336,Zeeshan Chatterjee,Noida,Uttar Pradesh,Furniture,Chair,5,12801.48,64007.4,Debit Card,Cancelled,2024-11-10
ORD02337,Anya Swamy,Mysuru,Karnataka,Books,Comics,4,83739.24,334956.96,Net Banking,Shipped,2025-04-27
ORD02338,Arhaan Chokshi,Surat,Gujarat,Electronics,Mobile,7,17767.49,124372.43,Credit Card,Delivered,2026-04-06
ORD02339,Misha Dhawan,Delhi,Delhi,Beauty,Face Wash,1,70570.81,70570.81,UPI,Shipped,2024-08-12
ORD02340,Armaan Seth,Ahmedabad,Gujarat,Sports,Cricket Bat,10,96259.21,962592.1,UPI,Delivered,2025-05-21
ORD02341,Kanav Kulkarni,Chennai,Tamil Nadu,Furniture,Sofa,3,49872.31,149616.93,Cash,Shipped,2025-06-24
ORD02342,Ira Dutt,Chandigarh,Chandigarh,Fashion,Jeans,4,25993.46,103973.84,Debit Card,Cancelled,2025-11-10
ORD02343,Baiju Brahmbhatt,Jaipur,Rajasthan,Furniture,Wardrobe,1,67614.97,67614.97,Debit Card,Pending,2025-04-14
ORD02344,Aarav Dasgupta,Pune,Maharashtra,Sports,Tennis Racket,9,12193.31,109739.79,Debit Card,Delivered,2026-05-05
ORD02345,Fateh Sahota,Pune,Maharashtra,Electronics,Mobile,6,41537.03,249222.18,Debit Card,Shipped,2024-06-29
ORD02346,Ishita Sastry,Nagpur,Maharashtra,Furniture,Dining Table,2,60833.29,121666.58,Cash,Delivered,2026-02-17
ORD02347,Aradhya Raju,Nagpur,Maharashtra,Electronics,Smart TV,7,49139.6,343977.2,Net Banking,Delivered,2024-10-28
ORD02348,Saanvi Yohannan,Mumbai,Maharashtra,Electronics,Smart TV,5,90965.31,454826.55,Debit Card,Shipped,2026-03-29
ORD02349,Lakshit Bhakta,Vadodara,Gujarat,Groceries,Rice,8,10830.41,86643.28,Credit Card,Pending,2024-06-10
ORD02350,Vedika Tara,Chennai,Tamil Nadu,Home Appliances,Refrigerator,8,61595.0,492760.0,Cash,Cancelled,2024-07-08
ORD02351,Riaan Yohannan,Vadodara,Gujarat,Fashion,T-Shirt,7,70135.07,490945.49,Net Banking,Delivered,2025-12-01
ORD02352,Biju Hari,Mysuru,Karnataka,Furniture,Sofa,2,14726.22,29452.44,UPI,Delivered,2024-06-29
ORD02353,Tushar Goswami,Ranchi,Jharkhand,Books,Novel,5,92370.76,461853.8,Credit Card,Cancelled,2025-06-25
ORD02354,Gokul Mallick,Lucknow,Uttar Pradesh,Books,Novel,3,81234.12,243702.36,UPI,Cancelled,2025-12-22
ORD02355,Nitara Iyengar,Indore,Madhya Pradesh,Books,Comics,8,85103.48,680827.84,Cash,Shipped,2024-10-30
ORD02356,Riya Rajagopal,Coimbatore,Tamil Nadu,Home Appliances,Fan,8,48827.98,390623.84,Cash,Shipped,2025-03-13
ORD02357,Manjari Basak,Patna,Bihar,Furniture,Dining Table,9,93919.58,845276.22,Cash,Delivered,2024-11-25
ORD02358,Tiya Dhaliwal,Mumbai,Maharashtra,Electronics,Laptop,1,87483.36,87483.36,UPI,Shipped,2025-03-20
ORD02359,Yuvaan Brahmbhatt,Mumbai,Maharashtra,Fashion,T-Shirt,5,27900.99,139504.95,Credit Card,Pending,2025-04-02
ORD02360,Ehsaan Madan,Bhopal,Madhya Pradesh,Groceries,Snacks,9,99126.15,892135.35,Cash,Shipped,2026-04-05
ORD02361,Anay Tank,Kolkata,West Bengal,Books,History Book,5,26583.43,132917.15,Debit Card,Delivered,2025-05-23
ORD02362,Drishya Dyal,Chennai,Tamil Nadu,Home Appliances,Microwave,6,91348.45,548090.7,UPI,Shipped,2025-01-26
ORD02363,Divij Chandra,Indore,Madhya Pradesh,Sports,Gym Bag,6,30476.15,182856.9,Net Banking,Cancelled,2024-10-01
ORD02364,Tejas Gera,Surat,Gujarat,Furniture,Chair,7,99540.39,696782.73,UPI,Shipped,2026-01-14
ORD02365,Nakul Kohli,Surat,Gujarat,Books,Comics,4,88806.68,355226.72,Net Banking,Shipped,2024-09-09
ORD02366,Samarth Basu,Pune,Maharashtra,Home Appliances,Fan,1,15659.03,15659.03,Credit Card,Cancelled,2025-03-07
ORD02367,Raghav Dara,Mysuru,Karnataka,Beauty,Lipstick,6,6304.58,37827.48,Debit Card,Delivered,2024-07-13
ORD02368,Kabir Swamy,Vadodara,Gujarat,Sports,Cricket Bat,2,19166.76,38333.52,Net Banking,Shipped,2024-10-31
ORD02369,Urvi Sodhi,Lucknow,Uttar Pradesh,Electronics,Camera,4,79794.76,319179.04,Debit Card,Cancelled,2025-08-10
ORD02370,Baiju Balan,Nagpur,Maharashtra,Books,History Book,6,44979.96,269879.76,Debit Card,Shipped,2024-12-16
ORD02371,Yuvraj  Doshi,Indore,Madhya Pradesh,Fashion,Watch,4,75310.47,301241.88,UPI,Pending,2024-11-16
ORD02372,Badal Bir,Visakhapatnam,Andhra Pradesh,Home Appliances,Microwave,1,3095.11,3095.11,Cash,Cancelled,2026-01-27
ORD02373,Tanya Khanna,Pune,Maharashtra,Furniture,Dining Table,8,35786.97,286295.76,Cash,Shipped,2026-02-08
ORD02374,Veer Bhatt,Mysuru,Karnataka,Furniture,Dining Table,8,33112.06,264896.48,Cash,Shipped,2024-05-06
ORD02375,Zeeshan Bath,Coimbatore,Tamil Nadu,Sports,Gym Bag,1,28893.2,28893.2,Net Banking,Delivered,2025-09-01
ORD02376,Armaan Doctor,Ahmedabad,Gujarat,Beauty,Shampoo,7,29578.91,207052.37,UPI,Shipped,2024-12-04
ORD02377,Onkar Varma,Visakhapatnam,Andhra Pradesh,Sports,Yoga Mat,10,68945.3,689453.0,Credit Card,Shipped,2025-10-07
ORD02378,Samar Kashyap,Kochi,Kerala,Furniture,Sofa,7,58785.28,411496.96,Credit Card,Pending,2024-11-27
ORD02379,Biju Ray,Delhi,Delhi,Home Appliances,Microwave,9,81584.68,734262.12,Net Banking,Cancelled,2024-08-29
ORD02380,Divyansh Kota,Kolkata,West Bengal,Furniture,Chair,7,49055.2,343386.4,Cash,Cancelled,2025-03-14
ORD02381,Vanya Yogi,Lucknow,Uttar Pradesh,Fashion,Shoes,8,89695.61,717564.88,Debit Card,Shipped,2025-10-31
ORD02382,Ela Raval,Bhopal,Madhya Pradesh,Furniture,Dining Table,3,77626.37,232879.11,UPI,Cancelled,2026-03-07
ORD02383,Anvi Tella,Nagpur,Maharashtra,Beauty,Face Wash,7,19175.09,134225.63,Cash,Cancelled,2024-06-23
ORD02384,Dhanush Manne,Delhi,Delhi,Electronics,Camera,6,40142.3,240853.8,Debit Card,Delivered,2025-02-04
ORD02385,Eshani Shere,Guwahati,Assam,Sports,Football,2,81015.65,162031.3,UPI,Pending,2024-10-31
ORD02386,Pihu Kala,Guwahati,Assam,Electronics,Smart TV,6,2370.0,14220.0,Credit Card,Delivered,2024-06-27
ORD02387,Lagan Ram,Guwahati,Assam,Beauty,Face Wash,10,7135.99,71359.9,Net Banking,Delivered,2024-05-17
ORD02388,Taran Bhardwaj,Chennai,Tamil Nadu,Fashion,Shoes,5,62791.36,313956.8,Credit Card,Pending,2025-09-18
ORD02389,Hridaan Hora,Lucknow,Uttar Pradesh,Fashion,Watch,1,64987.63,64987.63,UPI,Shipped,2025-10-12
ORD02390,Ishaan Kakar,Pune,Maharashtra,Beauty,Cream,7,57172.48,400207.36,UPI,Cancelled,2024-11-30
ORD02391,Aarush Sathe,Surat,Gujarat,Books,History Book,8,25733.4,205867.2,Net Banking,Pending,2024-07-20
ORD02392,Bhavin Sankaran,Coimbatore,Tamil Nadu,Home Appliances,Fan,6,43833.15,262998.9,Cash,Pending,2025-09-27
ORD02393,Shaan Jayaraman,Mysuru,Karnataka,Groceries,Oil,8,39827.94,318623.52,Net Banking,Delivered,2025-10-29
ORD02394,Nitya Ranganathan,Surat,Gujarat,Beauty,Face Wash,4,18307.57,73230.28,Net Banking,Cancelled,2026-02-05
ORD02395,Ivana Kamdar,Bhopal,Madhya Pradesh,Beauty,Lipstick,1,60620.05,60620.05,Net Banking,Delivered,2024-05-12
ORD02396,Devansh Behl,Vadodara,Gujarat,Sports,Tennis Racket,4,76030.05,304120.2,Cash,Cancelled,2025-06-16
ORD02397,Krish Choudhury,Surat,Gujarat,Sports,Yoga Mat,5,41954.41,209772.05,Net Banking,Shipped,2024-12-01
ORD02398,Elakshi Edwin,Noida,Uttar Pradesh,Home Appliances,Washing Machine,5,73545.05,367725.25,Credit Card,Pending,2026-01-07
ORD02399,Sahil Chowdhury,Bhopal,Madhya Pradesh,Home Appliances,Refrigerator,3,74024.18,222072.54,Debit Card,Shipped,2026-02-08
ORD02400,Siya Jha,Kolkata,West Bengal,Home Appliances,Fan,4,54073.23,216292.92,Net Banking,Shipped,2025-05-05
ORD02401,Ivan Subramanian,Vadodara,Gujarat,Books,Comics,5,46317.83,231589.15,Credit Card,Shipped,2024-07-03
ORD02402,Jhanvi Sheth,Kochi,Kerala,Sports,Gym Bag,4,18332.35,73329.4,Credit Card,Shipped,2026-04-03
ORD02403,Ivana Garde,Coimbatore,Tamil Nadu,Books,History Book,3,58979.8,176939.4,Credit Card,Delivered,2025-11-30
ORD02404,Rhea Krishnamurthy,Kolkata,West Bengal,Furniture,Wardrobe,5,58990.32,294951.6,Net Banking,Delivered,2024-05-24
ORD02405,Reyansh Tara,Indore,Madhya Pradesh,Home Appliances,Refrigerator,9,43173.52,388561.68,Net Banking,Pending,2025-03-22
ORD02406,Sara Tandon,Kolkata,West Bengal,Fashion,Shoes,7,10529.74,73708.18,Net Banking,Delivered,2025-02-24
ORD02407,Tara Mann,Hyderabad,Telangana,Sports,Tennis Racket,3,352.45,1057.35,Cash,Pending,2025-05-29
ORD02408,Tejas Goyal,Nagpur,Maharashtra,Furniture,Sofa,6,85117.2,510703.2,Debit Card,Pending,2024-10-21
ORD02409,Nitya Dey,Noida,Uttar Pradesh,Books,Comics,5,43717.91,218589.55,Net Banking,Shipped,2025-04-19
ORD02410,Aniruddh Tata,Mumbai,Maharashtra,Fashion,Jacket,7,2266.68,15866.76,Credit Card,Cancelled,2025-06-21
ORD02411,Mishti Dhar,Visakhapatnam,Andhra Pradesh,Beauty,Shampoo,10,15497.06,154970.6,UPI,Pending,2025-10-29
ORD02412,Shamik Walla,Patna,Bihar,Books,History Book,7,35515.81,248610.67,Debit Card,Cancelled,2025-10-21
ORD02413,Tiya Mallick,Hyderabad,Telangana,Electronics,Camera,3,15320.68,45962.04,Debit Card,Shipped,2025-05-29
ORD02414,Urvi Choudhury,Pune,Maharashtra,Books,Novel,10,84051.14,840511.4,Cash,Shipped,2024-08-07
ORD02415,Jayant Tiwari,Mysuru,Karnataka,Home Appliances,AC,4,30302.24,121208.96,UPI,Delivered,2025-11-10
ORD02416,Himmat Hans,Surat,Gujarat,Home Appliances,Microwave,8,30281.1,242248.8,Debit Card,Pending,2025-06-29
ORD02417,Divyansh Dar,Chennai,Tamil Nadu,Furniture,Sofa,1,78406.06,78406.06,UPI,Cancelled,2024-12-13
ORD02418,Nitya Borah,Lucknow,Uttar Pradesh,Sports,Cricket Bat,3,26955.88,80867.64,UPI,Shipped,2025-02-06
ORD02419,Kiaan Jha,Mumbai,Maharashtra,Home Appliances,Fan,7,38719.56,271036.92,UPI,Shipped,2026-04-13
ORD02420,Jivika Dani,Indore,Madhya Pradesh,Fashion,Watch,5,46063.87,230319.35,Cash,Pending,2025-07-18
ORD02421,Kabir Bhat,Chandigarh,Chandigarh,Home Appliances,AC,6,14357.67,86146.02,UPI,Delivered,2025-09-01
ORD02422,Shaan Subramaniam,Lucknow,Uttar Pradesh,Books,Biography,9,86550.01,778950.09,UPI,Pending,2024-08-19
ORD02423,Nitya Bath,Kochi,Kerala,Electronics,Headphones,1,93518.03,93518.03,Net Banking,Delivered,2024-06-14
ORD02424,Indrajit Bora,Noida,Uttar Pradesh,Electronics,Camera,5,72987.21,364936.05,Credit Card,Pending,2024-05-22
ORD02425,Aarna Gera,Mysuru,Karnataka,Groceries,Snacks,6,1240.85,7445.1,UPI,Cancelled,2024-06-21
ORD02426,Yasmin Bhardwaj,Mysuru,Karnataka,Beauty,Lipstick,9,59915.5,539239.5,UPI,Pending,2024-12-30
ORD02427,Shalv Trivedi,Mumbai,Maharashtra,Beauty,Shampoo,8,25131.63,201053.04,Net Banking,Pending,2026-01-24
ORD02428,Farhan Amble,Chennai,Tamil Nadu,Furniture,Dining Table,8,85990.37,687922.96,Credit Card,Pending,2024-08-10
ORD02429,Raghav Gaba,Kolkata,West Bengal,Sports,Tennis Racket,5,59609.99,298049.95,Net Banking,Delivered,2025-11-04
ORD02430,Neysa Ganesan,Noida,Uttar Pradesh,Sports,Tennis Racket,9,56348.07,507132.63,Net Banking,Cancelled,2025-08-21
ORD02431,Ivan Brahmbhatt,Jaipur,Rajasthan,Home Appliances,AC,5,60248.04,301240.2,Cash,Pending,2025-11-03
ORD02432,Jhanvi Dave,Surat,Gujarat,Books,Comics,10,17653.77,176537.7,Credit Card,Cancelled,2024-12-17
ORD02433,Tara Mangat,Patna,Bihar,Beauty,Lipstick,1,1608.38,1608.38,UPI,Delivered,2025-07-22
ORD02434,Indrajit Kulkarni,Kolkata,West Bengal,Groceries,Milk,2,591.82,1183.64,Cash,Cancelled,2026-04-14
ORD02435,Jhanvi Sawhney,Lucknow,Uttar Pradesh,Groceries,Juice,8,11629.28,93034.24,Cash,Delivered,2026-02-23
ORD02436,Riya Thakkar,Kochi,Kerala,Fashion,T-Shirt,3,84958.33,254874.99,UPI,Pending,2025-12-19
ORD02437,Lakshay Dada,Bhopal,Madhya Pradesh,Fashion,Watch,8,18737.82,149902.56,Credit Card,Shipped,2024-10-31
ORD02438,Ojas Kothari,Surat,Gujarat,Fashion,Jacket,9,95056.1,855504.9,Debit Card,Pending,2025-02-12
ORD02439,Tiya Tara,Pune,Maharashtra,Beauty,Shampoo,7,82524.22,577669.54,UPI,Delivered,2024-10-04
ORD02440,Samiha Keer,Bengaluru,Karnataka,Groceries,Milk,8,45832.1,366656.8,Credit Card,Cancelled,2026-05-02
ORD02441,Fateh Dhingra,Nagpur,Maharashtra,Home Appliances,Microwave,1,30018.55,30018.55,Cash,Delivered,2025-03-17
ORD02442,Ishita Shukla,Lucknow,Uttar Pradesh,Groceries,Rice,7,31564.75,220953.25,UPI,Cancelled,2024-10-10
ORD02443,Rasha Arya,Jaipur,Rajasthan,Electronics,Headphones,9,5606.12,50455.08,Credit Card,Shipped,2024-09-15
ORD02444,Uthkarsh Kohli,Visakhapatnam,Andhra Pradesh,Beauty,Lipstick,6,22215.89,133295.34,Debit Card,Delivered,2024-07-21
ORD02445,Arnav Roy,Pune,Maharashtra,Home Appliances,AC,1,7608.43,7608.43,Credit Card,Cancelled,2024-05-20
ORD02446,Shayak Sane,Noida,Uttar Pradesh,Groceries,Juice,5,54838.88,274194.4,Debit Card,Pending,2024-07-25
ORD02447,Kashvi Kamdar,Noida,Uttar Pradesh,Books,Novel,9,68244.84,614203.56,UPI,Cancelled,2025-04-27
ORD02448,Yashvi Bail,Ahmedabad,Gujarat,Fashion,Watch,2,62858.83,125717.66,Net Banking,Cancelled,2024-11-02
ORD02449,Tiya Viswanathan,Mysuru,Karnataka,Groceries,Rice,8,99518.36,796146.88,UPI,Delivered,2026-03-12
ORD02450,Jivin Bhalla,Vadodara,Gujarat,Books,Biography,5,6603.84,33019.2,Debit Card,Delivered,2024-07-30
ORD02451,Elakshi Gera,Visakhapatnam,Andhra Pradesh,Beauty,Cream,2,83388.59,166777.18,Cash,Cancelled,2024-10-25
ORD02452,Charvi Chana,Visakhapatnam,Andhra Pradesh,Electronics,Laptop,10,2349.84,23498.4,UPI,Pending,2025-04-12
ORD02453,Lavanya Kota,Ahmedabad,Gujarat,Books,Comics,5,27329.78,136648.9,Credit Card,Pending,2025-09-07
ORD02454,Zara Sahota,Mysuru,Karnataka,Furniture,Dining Table,7,11964.27,83749.89,Net Banking,Shipped,2026-02-09
ORD02455,Samiha Srinivasan,Chennai,Tamil Nadu,Home Appliances,AC,6,44632.94,267797.64,Debit Card,Shipped,2025-11-27
ORD02456,Kashvi Contractor,Hyderabad,Telangana,Furniture,Bed,5,35153.59,175767.95,Cash,Pending,2024-07-07
ORD02457,Anvi Dave,Kochi,Kerala,Groceries,Juice,2,77719.49,155438.98,Net Banking,Shipped,2025-07-15
ORD02458,Navya Vaidya,Nagpur,Maharashtra,Beauty,Face Wash,2,89941.25,179882.5,Net Banking,Delivered,2025-11-11
ORD02459,Rania Chanda,Vadodara,Gujarat,Sports,Gym Bag,7,22859.24,160014.68,Cash,Pending,2025-12-11
ORD02460,Ela Keer,Ahmedabad,Gujarat,Beauty,Perfume,10,58025.2,580252.0,Debit Card,Pending,2026-04-15
ORD02461,Misha Gera,Bengaluru,Karnataka,Furniture,Chair,9,9731.88,87586.92,Debit Card,Cancelled,2025-07-30
ORD02462,Neelofar Bava,Mumbai,Maharashtra,Furniture,Wardrobe,7,34172.04,239204.28,UPI,Pending,2025-06-03
ORD02463,Kismat Tandon,Ranchi,Jharkhand,Books,Novel,6,32965.98,197795.88,Net Banking,Shipped,2025-06-02
ORD02464,Hridaan Lall,Noida,Uttar Pradesh,Sports,Cricket Bat,10,73549.63,735496.3,UPI,Pending,2025-08-10
ORD02465,Miraan Chakraborty,Delhi,Delhi,Groceries,Snacks,7,8094.4,56660.8,UPI,Shipped,2025-01-26
ORD02466,Adira Handa,Indore,Madhya Pradesh,Books,Science Book,4,99560.27,398241.08,Net Banking,Shipped,2025-05-13
ORD02467,Nayantara Suri,Lucknow,Uttar Pradesh,Furniture,Wardrobe,10,16049.69,160496.9,Net Banking,Cancelled,2024-12-30
ORD02468,Umang Saxena,Guwahati,Assam,Sports,Football,9,52691.38,474222.42,Debit Card,Delivered,2026-01-03
ORD02469,Samiha Sekhon,Vadodara,Gujarat,Groceries,Snacks,5,44774.05,223870.25,Net Banking,Pending,2024-09-17
ORD02470,Vritika Bose,Mumbai,Maharashtra,Home Appliances,Fan,9,58678.29,528104.61,Net Banking,Pending,2025-12-15
ORD02471,Eshani Subramanian,Jaipur,Rajasthan,Electronics,Smart TV,1,37856.72,37856.72,Debit Card,Delivered,2024-09-29
ORD02472,Lakshit Golla,Vadodara,Gujarat,Books,Biography,4,95840.09,383360.36,Credit Card,Pending,2024-12-10
ORD02473,Misha Venkatesh,Ranchi,Jharkhand,Furniture,Bed,6,79114.48,474686.88,UPI,Shipped,2025-08-27
ORD02474,Vardaniya Dubey,Hyderabad,Telangana,Electronics,Smart TV,3,93494.61,280483.83,UPI,Cancelled,2024-12-10
ORD02475,Aaina Thaman,Surat,Gujarat,Furniture,Bed,2,26077.33,52154.66,Cash,Cancelled,2024-08-28
ORD02476,Damini Wali,Jaipur,Rajasthan,Books,Comics,9,43666.51,392998.59,Debit Card,Pending,2024-06-24
ORD02477,Adira Grewal,Hyderabad,Telangana,Beauty,Cream,1,16229.93,16229.93,Debit Card,Shipped,2025-08-08
ORD02478,Jayant Kale,Ahmedabad,Gujarat,Groceries,Milk,3,96408.83,289226.49,Credit Card,Cancelled,2024-05-15
ORD02479,Aarush Tandon,Ahmedabad,Gujarat,Electronics,Camera,1,61058.88,61058.88,UPI,Cancelled,2025-03-08
ORD02480,Kiara Babu,Pune,Maharashtra,Fashion,Watch,1,85219.7,85219.7,Credit Card,Delivered,2025-06-12
ORD02481,Anika Deo,Vadodara,Gujarat,Electronics,Mobile,9,46240.59,416165.31,Credit Card,Pending,2025-06-02
ORD02482,Samaira Gulati,Delhi,Delhi,Beauty,Perfume,2,50609.56,101219.12,Credit Card,Delivered,2025-06-11
ORD02483,Biju Goyal,Hyderabad,Telangana,Beauty,Shampoo,3,47391.53,142174.59,Credit Card,Shipped,2026-02-16
ORD02484,Dharmajan Char,Vadodara,Gujarat,Fashion,Jacket,9,16287.42,146586.78,Net Banking,Delivered,2026-01-29
ORD02485,Ryan Dutt,Jaipur,Rajasthan,Furniture,Sofa,8,16055.82,128446.56,Credit Card,Pending,2025-02-01
ORD02486,Anvi Issac,Hyderabad,Telangana,Beauty,Face Wash,7,61587.34,431111.38,Credit Card,Shipped,2024-11-05
ORD02487,Biju Mangal,Kochi,Kerala,Electronics,Laptop,4,2876.97,11507.88,Cash,Shipped,2025-01-27
ORD02488,Nishith Baria,Nagpur,Maharashtra,Fashion,Shoes,2,59454.69,118909.38,Net Banking,Pending,2024-05-30
ORD02489,Zoya Dara,Visakhapatnam,Andhra Pradesh,Groceries,Snacks,7,19758.76,138311.32,UPI,Shipped,2025-02-25
ORD02490,Anay Bhandari,Pune,Maharashtra,Electronics,Camera,3,98989.83,296969.49,Credit Card,Cancelled,2026-04-01
ORD02491,Mehul Kadakia,Mumbai,Maharashtra,Groceries,Oil,9,1567.01,14103.09,Debit Card,Pending,2025-10-21
ORD02492,Faiyaz Mangat,Pune,Maharashtra,Books,Novel,2,24574.06,49148.12,Credit Card,Cancelled,2026-03-11
ORD02493,Ritvik Krish,Ahmedabad,Gujarat,Groceries,Oil,2,20449.47,40898.94,Debit Card,Pending,2025-02-17
ORD02494,Rasha Wali,Bengaluru,Karnataka,Sports,Tennis Racket,5,43461.96,217309.8,Net Banking,Shipped,2026-02-15
ORD02495,Fateh Sem,Surat,Gujarat,Home Appliances,Refrigerator,1,93244.14,93244.14,Net Banking,Pending,2026-01-10
ORD02496,Suhana Chakrabarti,Vadodara,Gujarat,Home Appliances,Washing Machine,6,27095.77,162574.62,UPI,Cancelled,2024-12-21
ORD02497,Sahil Manne,Noida,Uttar Pradesh,Fashion,Jacket,6,93346.29,560077.74,UPI,Shipped,2025-08-15
ORD02498,Hrishita Lal,Surat,Gujarat,Home Appliances,Microwave,5,3460.56,17302.8,Debit Card,Shipped,2024-12-29
ORD02499,Ira Chandra,Coimbatore,Tamil Nadu,Furniture,Bed,1,75907.8,75907.8,UPI,Cancelled,2025-06-13
ORD02500,Myra Bhatti,Pune,Maharashtra,Electronics,Mobile,3,95094.86,285284.58,Cash,Shipped,2025-08-31
ORD02501,Suhana Ramakrishnan,Bhopal,Madhya Pradesh,Books,History Book,2,42624.07,85248.14,Net Banking,Delivered,2025-04-26
ORD02502,Zaina Bobal,Noida,Uttar Pradesh,Sports,Tennis Racket,6,24273.01,145638.06,UPI,Cancelled,2026-04-18
ORD02503,Yuvraj  Sengupta,Pune,Maharashtra,Electronics,Laptop,3,42664.03,127992.09,UPI,Shipped,2025-09-10
ORD02504,Zain Agate,Chandigarh,Chandigarh,Home Appliances,Washing Machine,9,96099.06,864891.54,Net Banking,Delivered,2025-11-22
ORD02505,Dhanuk Raval,Vadodara,Gujarat,Groceries,Oil,9,44138.92,397250.28,Debit Card,Shipped,2025-10-13
ORD02506,Lakshit Vaidya,Coimbatore,Tamil Nadu,Electronics,Camera,3,11844.04,35532.12,Credit Card,Shipped,2025-01-29
ORD02507,Rhea Buch,Delhi,Delhi,Groceries,Oil,4,64830.35,259321.4,Cash,Shipped,2024-11-22
ORD02508,Heer Bali,Jaipur,Rajasthan,Home Appliances,Microwave,4,23460.35,93841.4,Debit Card,Pending,2026-03-05
ORD02509,Yuvaan Bandi,Chennai,Tamil Nadu,Electronics,Laptop,10,16185.59,161855.9,Credit Card,Shipped,2025-10-07
ORD02510,Indrans Bhagat,Kolkata,West Bengal,Books,Science Book,5,89883.91,449419.55,Net Banking,Cancelled,2025-07-08
ORD02511,Hrishita Lal,Visakhapatnam,Andhra Pradesh,Groceries,Rice,7,55494.06,388458.42,Credit Card,Pending,2024-12-25
ORD02512,Miraan Kannan,Chandigarh,Chandigarh,Electronics,Camera,3,40908.28,122724.84,Cash,Cancelled,2024-12-16
ORD02513,Kavya Gulati,Vadodara,Gujarat,Sports,Tennis Racket,7,39056.35,273394.45,UPI,Delivered,2025-06-14
ORD02514,Mohanlal Gola,Nagpur,Maharashtra,Books,Science Book,5,16695.77,83478.85,Credit Card,Pending,2025-12-16
ORD02515,Eshani Dhaliwal,Coimbatore,Tamil Nadu,Home Appliances,Washing Machine,10,26766.03,267660.3,Debit Card,Shipped,2026-02-05
ORD02516,Biju Thaker,Visakhapatnam,Andhra Pradesh,Books,Novel,6,12830.28,76981.68,UPI,Cancelled,2025-02-09
ORD02517,Navya Dubey,Ahmedabad,Gujarat,Home Appliances,Refrigerator,5,51912.03,259560.15,Credit Card,Shipped,2025-06-19
ORD02518,Faiyaz Varghese,Visakhapatnam,Andhra Pradesh,Home Appliances,Washing Machine,5,16466.97,82334.85,Net Banking,Cancelled,2024-10-31
ORD02519,Rati Shan,Chandigarh,Chandigarh,Furniture,Chair,5,4758.42,23792.1,UPI,Cancelled,2025-12-31
ORD02520,Nakul Bajaj,Lucknow,Uttar Pradesh,Books,History Book,4,18493.94,73975.76,Net Banking,Cancelled,2025-04-12
ORD02521,Kaira Sarma,Chennai,Tamil Nadu,Home Appliances,Microwave,7,39469.41,276285.87,UPI,Cancelled,2025-08-23
ORD02522,Dishani Issac,Indore,Madhya Pradesh,Books,Comics,7,7637.58,53463.06,Debit Card,Shipped,2025-07-11
ORD02523,Tarini Setty,Pune,Maharashtra,Electronics,Headphones,4,83595.95,334383.8,Credit Card,Delivered,2026-03-16
ORD02524,Kashvi Buch,Vadodara,Gujarat,Groceries,Milk,2,54240.97,108481.94,Cash,Cancelled,2026-01-29
ORD02525,Anahita Choudhry,Hyderabad,Telangana,Home Appliances,Washing Machine,9,95691.76,861225.84,Net Banking,Cancelled,2025-12-18
ORD02526,Faiyaz Kanda,Indore,Madhya Pradesh,Home Appliances,Fan,6,14347.11,86082.66,Debit Card,Cancelled,2024-07-11
ORD02527,Azad Kohli,Visakhapatnam,Andhra Pradesh,Fashion,Shoes,6,48845.85,293075.1,Cash,Pending,2025-10-22
ORD02528,Badal Sachdeva,Delhi,Delhi,Books,Comics,1,40892.66,40892.66,Debit Card,Pending,2024-07-08
ORD02529,Jayesh Chaudhari,Vadodara,Gujarat,Sports,Cricket Bat,8,96441.42,771531.36,Cash,Pending,2025-05-25
ORD02530,Kabir Atwal,Nagpur,Maharashtra,Electronics,Mobile,8,37267.04,298136.32,Debit Card,Delivered,2025-03-06
ORD02531,Dhruv Raja,Chennai,Tamil Nadu,Furniture,Chair,9,31142.93,280286.37,Credit Card,Delivered,2025-06-19
ORD02532,Nakul Dora,Noida,Uttar Pradesh,Beauty,Perfume,8,685.91,5487.28,Credit Card,Shipped,2025-08-09
ORD02533,Zoya Gole,Ahmedabad,Gujarat,Furniture,Chair,1,70238.01,70238.01,Net Banking,Pending,2024-05-28
ORD02534,Kavya Sarkar,Kochi,Kerala,Home Appliances,Washing Machine,10,42008.03,420080.3,Cash,Delivered,2025-11-12
ORD02535,Aaryahi Vala,Mysuru,Karnataka,Fashion,T-Shirt,2,64454.48,128908.96,UPI,Delivered,2025-03-12
ORD02536,Adah Chhabra,Kochi,Kerala,Home Appliances,Refrigerator,9,35790.53,322114.77,Cash,Shipped,2025-10-15
ORD02537,Khushi Dugar,Mumbai,Maharashtra,Furniture,Sofa,2,55722.48,111444.96,Net Banking,Shipped,2025-02-05
ORD02538,Khushi Karnik,Jaipur,Rajasthan,Groceries,Snacks,7,44759.82,313318.74,UPI,Cancelled,2024-06-23
ORD02539,Urvi Deo,Ranchi,Jharkhand,Electronics,Smart TV,10,48190.57,481905.7,Net Banking,Cancelled,2025-09-19
ORD02540,Prisha Karpe,Noida,Uttar Pradesh,Books,History Book,2,84968.92,169937.84,Debit Card,Pending,2025-07-05
ORD02541,Taran Rout,Hyderabad,Telangana,Sports,Football,9,33285.26,299567.34,UPI,Cancelled,2026-04-20
ORD02542,Taran Bhagat,Chennai,Tamil Nadu,Furniture,Wardrobe,8,80394.33,643154.64,UPI,Shipped,2024-07-29
ORD02543,Gatik Bava,Noida,Uttar Pradesh,Sports,Football,9,76173.17,685558.53,Net Banking,Shipped,2024-05-08
ORD02544,Baiju Mane,Chandigarh,Chandigarh,Home Appliances,AC,3,4790.76,14372.28,Debit Card,Cancelled,2024-06-06
ORD02545,Mehul Deol,Delhi,Delhi,Fashion,Shoes,5,86112.64,430563.2,Credit Card,Delivered,2024-06-26
ORD02546,Shalv Wadhwa,Noida,Uttar Pradesh,Electronics,Smart TV,9,63783.79,574054.11,Net Banking,Shipped,2025-05-09
ORD02547,Taran Mann,Patna,Bihar,Sports,Yoga Mat,5,33245.42,166227.1,Cash,Delivered,2025-09-28
ORD02548,Ryan Sengupta,Hyderabad,Telangana,Groceries,Milk,5,15119.89,75599.45,Debit Card,Shipped,2024-08-25
ORD02549,Samar Dhar,Kochi,Kerala,Electronics,Camera,5,22481.34,112406.7,Net Banking,Shipped,2026-03-27
ORD02550,Lakshay Ganesan,Guwahati,Assam,Electronics,Smart TV,1,60322.64,60322.64,Cash,Cancelled,2025-08-05
ORD02551,Eshani Virk,Bhopal,Madhya Pradesh,Groceries,Milk,3,47958.18,143874.54,Cash,Pending,2025-05-31
ORD02552,Kimaya Mann,Nagpur,Maharashtra,Furniture,Wardrobe,7,31241.74,218692.18,UPI,Delivered,2025-01-23
ORD02553,Abram Thakur,Chennai,Tamil Nadu,Sports,Football,6,42245.42,253472.52,UPI,Delivered,2025-07-16
ORD02554,Jayan Chana,Bengaluru,Karnataka,Electronics,Headphones,1,78374.23,78374.23,UPI,Delivered,2025-03-02
ORD02555,Aarav Varkey,Hyderabad,Telangana,Beauty,Cream,6,88930.02,533580.12,UPI,Pending,2025-08-02
ORD02556,Mishti Kaur,Pune,Maharashtra,Beauty,Lipstick,10,63387.79,633877.9,UPI,Pending,2024-12-02
ORD02557,Divij Sarin,Mumbai,Maharashtra,Groceries,Snacks,3,37826.15,113478.45,UPI,Delivered,2024-07-15
ORD02558,Shray Kumer,Surat,Gujarat,Electronics,Headphones,5,33933.18,169665.9,Debit Card,Pending,2025-10-15
ORD02559,Drishya Jayaraman,Ranchi,Jharkhand,Books,Science Book,9,32423.86,291814.74,UPI,Shipped,2024-08-12
ORD02560,Vardaniya Wali,Surat,Gujarat,Electronics,Camera,8,89746.53,717972.24,Cash,Shipped,2025-03-21
ORD02561,Kanav Batta,Kochi,Kerala,Beauty,Lipstick,5,93247.23,466236.15,Debit Card,Cancelled,2025-05-31
ORD02562,Hunar Yogi,Visakhapatnam,Andhra Pradesh,Beauty,Lipstick,4,38262.5,153050.0,UPI,Delivered,2025-04-06
ORD02563,Charvi Atwal,Chennai,Tamil Nadu,Furniture,Chair,8,67767.57,542140.56,Debit Card,Cancelled,2026-02-14
ORD02564,Gatik Sharma,Guwahati,Assam,Books,Novel,3,2024.45,6073.35,UPI,Pending,2025-11-04
ORD02565,Ranbir Soman,Lucknow,Uttar Pradesh,Electronics,Camera,7,62598.14,438186.98,Credit Card,Delivered,2025-07-05
ORD02566,Taimur Kale,Mumbai,Maharashtra,Groceries,Milk,10,83047.34,830473.4,Net Banking,Shipped,2026-04-11
ORD02567,Miraan Kanda,Delhi,Delhi,Home Appliances,Refrigerator,4,99947.94,399791.76,Debit Card,Delivered,2024-07-17
ORD02568,Taimur D’Alia,Coimbatore,Tamil Nadu,Fashion,Jacket,2,9584.99,19169.98,UPI,Cancelled,2025-06-10
ORD02569,Manikya Vaidya,Ranchi,Jharkhand,Furniture,Sofa,6,92507.03,555042.18,Cash,Pending,2025-11-28
ORD02570,Jhanvi Handa,Guwahati,Assam,Furniture,Wardrobe,5,91100.59,455502.95,Cash,Cancelled,2025-07-08
ORD02571,Seher Tripathi,Noida,Uttar Pradesh,Sports,Cricket Bat,6,94929.52,569577.12,Credit Card,Delivered,2025-10-07
ORD02572,Neysa Balay,Bhopal,Madhya Pradesh,Books,History Book,1,16910.45,16910.45,Credit Card,Shipped,2025-01-27
ORD02573,Seher Borde,Visakhapatnam,Andhra Pradesh,Groceries,Oil,10,37295.05,372950.5,Credit Card,Pending,2025-03-11
ORD02574,Zara Deol,Patna,Bihar,Home Appliances,Refrigerator,7,87655.38,613587.66,UPI,Pending,2024-10-28
ORD02575,Aradhya Date,Noida,Uttar Pradesh,Furniture,Sofa,1,10589.26,10589.26,Net Banking,Cancelled,2024-08-09
ORD02576,Pranay Keer,Kochi,Kerala,Sports,Yoga Mat,6,35480.94,212885.64,UPI,Pending,2024-06-20
ORD02577,Advik Shanker,Bhopal,Madhya Pradesh,Books,Comics,2,62752.56,125505.12,Cash,Delivered,2025-08-30
ORD02578,Heer Vig,Bhopal,Madhya Pradesh,Home Appliances,Refrigerator,10,56505.53,565055.3,Net Banking,Pending,2025-02-16
ORD02579,Ritvik Kant,Bengaluru,Karnataka,Sports,Yoga Mat,5,99820.16,499100.8,Debit Card,Cancelled,2025-05-23
ORD02580,Dhanuk Setty,Bhopal,Madhya Pradesh,Beauty,Lipstick,10,67948.77,679487.7,Net Banking,Cancelled,2025-09-15
ORD02581,Tara Kaul,Kochi,Kerala,Groceries,Snacks,8,99683.63,797469.04,Debit Card,Delivered,2025-07-02
ORD02582,Hazel Bajaj,Noida,Uttar Pradesh,Furniture,Dining Table,5,34815.04,174075.2,Credit Card,Cancelled,2025-03-01
ORD02583,Mamooty Andra,Surat,Gujarat,Furniture,Wardrobe,6,61423.83,368542.98,Net Banking,Pending,2025-09-01
ORD02584,Rhea Behl,Surat,Gujarat,Sports,Yoga Mat,4,68382.45,273529.8,Net Banking,Cancelled,2025-04-10
ORD02585,Chirag Chacko,Ahmedabad,Gujarat,Groceries,Milk,2,75745.29,151490.58,UPI,Pending,2024-06-19
ORD02586,Jayant Zacharia,Guwahati,Assam,Beauty,Shampoo,4,96088.18,384352.72,Cash,Pending,2025-10-18
ORD02587,Sumer Mangat,Noida,Uttar Pradesh,Sports,Gym Bag,5,19787.62,98938.1,Net Banking,Cancelled,2024-09-03
ORD02588,Nakul Bahl,Coimbatore,Tamil Nadu,Groceries,Snacks,7,39706.54,277945.78,Cash,Delivered,2024-10-04
ORD02589,Shaan Kaur,Nagpur,Maharashtra,Beauty,Lipstick,9,57146.02,514314.18,Net Banking,Delivered,2025-05-31
ORD02590,Stuvan Ramachandran,Mysuru,Karnataka,Fashion,Shoes,4,81687.35,326749.4,Cash,Pending,2024-08-17
ORD02591,Anahi Dugal,Coimbatore,Tamil Nadu,Electronics,Headphones,1,83512.94,83512.94,UPI,Pending,2025-10-28
ORD02592,Kavya Gupta,Delhi,Delhi,Books,Biography,10,49796.2,497962.0,UPI,Cancelled,2025-11-21
ORD02593,Lakshay Sant,Chennai,Tamil Nadu,Fashion,Jeans,1,71781.38,71781.38,Cash,Delivered,2025-01-04
ORD02594,Sahil Shanker,Bengaluru,Karnataka,Books,Biography,5,46393.0,231965.0,UPI,Pending,2026-04-25
ORD02595,Anahi Chakrabarti,Lucknow,Uttar Pradesh,Sports,Tennis Racket,6,78537.67,471226.02,Credit Card,Delivered,2026-01-05
ORD02596,Pari Chhabra,Chandigarh,Chandigarh,Books,History Book,7,76463.53,535244.71,Debit Card,Shipped,2025-09-12
ORD02597,Khushi Chaudhuri,Visakhapatnam,Andhra Pradesh,Beauty,Perfume,10,58761.32,587613.2,Cash,Cancelled,2026-01-06
ORD02598,Tara Ben,Delhi,Delhi,Home Appliances,Microwave,8,28405.31,227242.48,UPI,Delivered,2026-04-10
ORD02599,Aarav Bhatt,Noida,Uttar Pradesh,Beauty,Cream,8,48931.37,391450.96,Debit Card,Cancelled,2024-11-21
ORD02600,Kiaan Sinha,Hyderabad,Telangana,Beauty,Face Wash,9,98469.61,886226.49,Debit Card,Pending,2025-07-05
ORD02601,Shanaya Kamdar,Kolkata,West Bengal,Beauty,Cream,9,70010.77,630096.93,Debit Card,Pending,2025-12-25
ORD02602,Manikya Kunda,Chandigarh,Chandigarh,Groceries,Oil,10,68120.42,681204.2,Cash,Pending,2025-05-21
ORD02603,Aarav Yohannan,Visakhapatnam,Andhra Pradesh,Electronics,Headphones,2,3719.48,7438.96,Debit Card,Cancelled,2026-01-30
ORD02604,Dhanush Ghose,Chennai,Tamil Nadu,Books,Biography,9,5371.57,48344.13,Net Banking,Delivered,2025-03-17
ORD02605,Miraan Ram,Kochi,Kerala,Sports,Gym Bag,10,66956.62,669566.2,Net Banking,Shipped,2026-04-23
ORD02606,Priyansh Upadhyay,Noida,Uttar Pradesh,Books,Comics,8,84420.74,675365.92,Debit Card,Cancelled,2025-04-19
ORD02607,Myra Shan,Coimbatore,Tamil Nadu,Furniture,Wardrobe,6,80378.24,482269.44,Net Banking,Shipped,2025-01-21
ORD02608,Aarush Sankaran,Jaipur,Rajasthan,Furniture,Sofa,9,73385.14,660466.26,Net Banking,Shipped,2025-03-16
ORD02609,Manjari Bajaj,Kochi,Kerala,Sports,Cricket Bat,10,79966.76,799667.6,Debit Card,Delivered,2025-06-15
ORD02610,Kabir Suri,Hyderabad,Telangana,Beauty,Lipstick,7,67608.56,473259.92,Credit Card,Shipped,2025-10-09
ORD02611,Suhana Samra,Guwahati,Assam,Sports,Tennis Racket,8,95333.54,762668.32,Debit Card,Shipped,2025-04-01
ORD02612,Shaan Karan,Jaipur,Rajasthan,Electronics,Smart TV,1,6272.63,6272.63,Credit Card,Cancelled,2024-10-13
ORD02613,Indrajit Varghese,Surat,Gujarat,Home Appliances,AC,8,50217.55,401740.4,Cash,Delivered,2024-06-26
ORD02614,Mishti Sastry,Visakhapatnam,Andhra Pradesh,Beauty,Perfume,4,93895.78,375583.12,Net Banking,Shipped,2025-09-14
ORD02615,Vedika Bumb,Chandigarh,Chandigarh,Beauty,Face Wash,2,2205.56,4411.12,UPI,Shipped,2026-03-25
ORD02616,Yasmin Sanghvi,Mysuru,Karnataka,Fashion,T-Shirt,7,33469.99,234289.93,Credit Card,Cancelled,2025-11-23
ORD02617,Stuvan Dave,Pune,Maharashtra,Home Appliances,Refrigerator,3,57901.96,173705.88,Credit Card,Cancelled,2025-06-24
ORD02618,Raunak Deep,Kochi,Kerala,Fashion,Jeans,7,3676.58,25736.06,Cash,Cancelled,2026-04-26
ORD02619,Advik Varughese,Noida,Uttar Pradesh,Electronics,Camera,5,48686.17,243430.85,UPI,Cancelled,2026-04-07
ORD02620,Taimur Keer,Jaipur,Rajasthan,Electronics,Smart TV,6,7754.51,46527.06,Credit Card,Delivered,2025-08-03
ORD02621,Dhanuk Raja,Pune,Maharashtra,Electronics,Mobile,3,18139.46,54418.38,Credit Card,Pending,2024-07-14
ORD02622,Reyansh Sanghvi,Bengaluru,Karnataka,Books,Science Book,3,47342.38,142027.14,Debit Card,Delivered,2026-03-09
ORD02623,Lakshay Sha,Surat,Gujarat,Sports,Yoga Mat,2,30444.04,60888.08,Cash,Shipped,2025-10-28
ORD02624,Tara Chaudhry,Delhi,Delhi,Beauty,Lipstick,1,47043.09,47043.09,Debit Card,Cancelled,2024-07-06
ORD02625,Ahana  Suri,Surat,Gujarat,Furniture,Bed,10,12536.94,125369.4,Net Banking,Delivered,2026-04-14
ORD02626,Kavya Subramaniam,Mysuru,Karnataka,Furniture,Chair,3,66553.64,199660.92,Net Banking,Cancelled,2025-03-20
ORD02627,Kaira Rama,Kochi,Kerala,Books,Comics,2,66549.88,133099.76,Credit Card,Shipped,2024-07-21
ORD02628,Divyansh Mand,Noida,Uttar Pradesh,Groceries,Snacks,7,35388.17,247717.19,Cash,Cancelled,2025-04-17
ORD02629,Nehmat Mander,Kolkata,West Bengal,Electronics,Smart TV,8,29549.46,236395.68,UPI,Pending,2025-09-01
ORD02630,Adah Kumer,Ranchi,Jharkhand,Electronics,Smart TV,1,50005.45,50005.45,Cash,Pending,2024-06-02
ORD02631,Renee Borra,Nagpur,Maharashtra,Fashion,T-Shirt,10,97134.72,971347.2,Net Banking,Pending,2025-08-28
ORD02632,Pranay Iyer,Chandigarh,Chandigarh,Groceries,Juice,2,50283.08,100566.16,UPI,Delivered,2024-12-26
ORD02633,Anvi Dey,Noida,Uttar Pradesh,Furniture,Bed,1,99579.97,99579.97,Debit Card,Delivered,2024-10-19
ORD02634,Trisha Khalsa,Kolkata,West Bengal,Beauty,Cream,6,82125.04,492750.24,Debit Card,Delivered,2025-06-21
ORD02635,Drishya Desai,Hyderabad,Telangana,Home Appliances,Fan,6,82345.64,494073.84,Credit Card,Shipped,2025-10-09
ORD02636,Hridaan Bassi,Mumbai,Maharashtra,Fashion,T-Shirt,9,63602.51,572422.59,Debit Card,Shipped,2025-05-09
ORD02637,Anahita Kumer,Kochi,Kerala,Groceries,Snacks,2,24794.79,49589.58,Debit Card,Pending,2026-03-28
ORD02638,Vardaniya Garg,Mumbai,Maharashtra,Books,Comics,7,35321.19,247248.33,Cash,Delivered,2026-04-14
ORD02639,Samiha Goel,Bengaluru,Karnataka,Groceries,Milk,7,17264.87,120854.09,Credit Card,Cancelled,2024-11-06
ORD02640,Hunar Gupta,Hyderabad,Telangana,Books,Comics,10,47214.42,472144.2,Credit Card,Shipped,2024-12-22
ORD02641,Jivika Chhabra,Bhopal,Madhya Pradesh,Fashion,Watch,1,16721.9,16721.9,Net Banking,Cancelled,2025-08-30
ORD02642,Elakshi Ram,Indore,Madhya Pradesh,Fashion,Jacket,5,80746.72,403733.6,Debit Card,Cancelled,2025-11-14
ORD02643,Madhav Dugar,Pune,Maharashtra,Home Appliances,AC,3,66420.95,199262.85,Credit Card,Shipped,2024-10-26
ORD02644,Adah Tara,Surat,Gujarat,Home Appliances,Refrigerator,2,78837.17,157674.34,Net Banking,Cancelled,2024-11-06
ORD02645,Yuvaan Garde,Delhi,Delhi,Electronics,Smart TV,9,49148.73,442338.57,Debit Card,Cancelled,2025-12-19
ORD02646,Akarsh Tata,Noida,Uttar Pradesh,Fashion,T-Shirt,8,32301.24,258409.92,Debit Card,Cancelled,2025-02-19
ORD02647,Nitya Bera,Bengaluru,Karnataka,Sports,Gym Bag,8,18801.39,150411.12,Debit Card,Cancelled,2025-01-19
ORD02648,Abram Dube,Mysuru,Karnataka,Fashion,Jeans,1,59358.68,59358.68,Cash,Cancelled,2025-04-10
ORD02649,Jayan Kanda,Hyderabad,Telangana,Sports,Gym Bag,5,37779.75,188898.75,Cash,Shipped,2025-05-07
ORD02650,Rania Deshmukh,Delhi,Delhi,Sports,Yoga Mat,9,56408.23,507674.07,UPI,Shipped,2025-06-07
ORD02651,Ivan Chandran,Vadodara,Gujarat,Sports,Cricket Bat,6,66347.01,398082.06,Credit Card,Shipped,2026-02-27
ORD02652,Heer Baral,Mysuru,Karnataka,Groceries,Juice,2,98565.92,197131.84,Credit Card,Pending,2025-07-04
ORD02653,Jayesh Butala,Indore,Madhya Pradesh,Furniture,Wardrobe,7,70982.77,496879.39,Net Banking,Cancelled,2025-08-16
ORD02654,Nitara Khurana,Patna,Bihar,Beauty,Shampoo,6,15624.24,93745.44,Debit Card,Cancelled,2024-08-12
ORD02655,Saira Johal,Bengaluru,Karnataka,Sports,Tennis Racket,2,26424.99,52849.98,Credit Card,Shipped,2025-04-25
ORD02656,Aaryahi Sawhney,Ahmedabad,Gujarat,Home Appliances,Microwave,2,10340.88,20681.76,UPI,Delivered,2025-09-17
ORD02657,Ritvik Gopal,Chandigarh,Chandigarh,Groceries,Oil,5,73876.86,369384.3,Cash,Delivered,2025-03-04
ORD02658,Hiran Bava,Nagpur,Maharashtra,Groceries,Snacks,5,82521.47,412607.35,UPI,Shipped,2026-01-17
ORD02659,Sana Dixit,Noida,Uttar Pradesh,Fashion,Shoes,10,58193.37,581933.7,UPI,Shipped,2025-01-05
ORD02660,Pihu Bedi,Chennai,Tamil Nadu,Books,Science Book,1,27829.14,27829.14,Debit Card,Cancelled,2024-07-21
ORD02661,Saksham Thaker,Noida,Uttar Pradesh,Furniture,Dining Table,5,77871.41,389357.05,UPI,Cancelled,2024-11-15
ORD02662,Amira Sama,Mumbai,Maharashtra,Books,Novel,2,83432.88,166865.76,Credit Card,Pending,2025-11-17
ORD02663,Yuvraj  Tak,Bengaluru,Karnataka,Sports,Yoga Mat,5,69583.84,347919.2,Cash,Delivered,2024-10-29
ORD02664,Tejas Jaggi,Guwahati,Assam,Furniture,Dining Table,4,55471.44,221885.76,Credit Card,Delivered,2025-01-01
ORD02665,Mohanlal Sama,Chennai,Tamil Nadu,Groceries,Oil,2,2324.09,4648.18,UPI,Shipped,2025-01-26
ORD02666,Shayak Goda,Hyderabad,Telangana,Sports,Tennis Racket,9,61419.21,552772.89,Debit Card,Pending,2025-07-27
ORD02667,Renee Reddy,Surat,Gujarat,Home Appliances,Microwave,3,13664.71,40994.13,Cash,Cancelled,2024-12-01
ORD02668,Samarth Varma,Hyderabad,Telangana,Beauty,Perfume,7,17390.91,121736.37,Cash,Cancelled,2025-02-20
ORD02669,Yakshit Rege,Indore,Madhya Pradesh,Groceries,Snacks,3,87044.46,261133.38,Cash,Shipped,2024-12-09
ORD02670,Manjari Varma,Chennai,Tamil Nadu,Books,Comics,6,30020.89,180125.34,Cash,Pending,2025-10-08
ORD02671,Suhana Basu,Visakhapatnam,Andhra Pradesh,Sports,Cricket Bat,3,54826.45,164479.35,UPI,Pending,2026-04-05
ORD02672,Manjari Chawla,Noida,Uttar Pradesh,Home Appliances,Washing Machine,6,32868.88,197213.28,Debit Card,Cancelled,2025-10-23
ORD02673,Siya Dora,Indore,Madhya Pradesh,Beauty,Lipstick,2,30998.72,61997.44,UPI,Pending,2026-01-20
ORD02674,Faiyaz Saran,Vadodara,Gujarat,Books,Biography,10,93905.03,939050.3,Cash,Delivered,2025-10-22
ORD02675,Farhan Ramakrishnan,Nagpur,Maharashtra,Electronics,Headphones,3,59488.27,178464.81,UPI,Delivered,2026-05-04
ORD02676,Damini Kanda,Bengaluru,Karnataka,Furniture,Wardrobe,9,44775.43,402978.87,Credit Card,Shipped,2025-09-08
ORD02677,Gatik Rajagopal,Lucknow,Uttar Pradesh,Furniture,Bed,8,80285.61,642284.88,Credit Card,Cancelled,2024-09-07
ORD02678,Nitara Kannan,Lucknow,Uttar Pradesh,Groceries,Rice,10,61171.63,611716.3,Credit Card,Delivered,2025-11-26
ORD02679,Jhanvi Vig,Chennai,Tamil Nadu,Home Appliances,Refrigerator,6,56246.82,337480.92,Debit Card,Pending,2025-05-23
ORD02680,Dishani Koshy,Chennai,Tamil Nadu,Fashion,Jeans,6,69077.85,414467.1,Net Banking,Delivered,2025-04-27
ORD02681,Veer Rajagopal,Kochi,Kerala,Groceries,Oil,5,66070.15,330350.75,Net Banking,Shipped,2024-05-09
ORD02682,Lakshit Amble,Noida,Uttar Pradesh,Furniture,Chair,10,10865.68,108656.8,Net Banking,Delivered,2026-01-27
ORD02683,Aarna Raj,Lucknow,Uttar Pradesh,Fashion,Shoes,5,65329.2,326646.0,Credit Card,Pending,2025-01-23
ORD02684,Ishaan Bhasin,Indore,Madhya Pradesh,Groceries,Oil,6,15349.4,92096.4,Debit Card,Shipped,2024-05-21
ORD02685,Faiyaz Sheth,Guwahati,Assam,Groceries,Juice,2,51201.17,102402.34,Debit Card,Pending,2025-02-14
ORD02686,Nitya Ramanathan,Bengaluru,Karnataka,Home Appliances,Microwave,10,30569.2,305692.0,Net Banking,Cancelled,2025-10-11
ORD02687,Taran Taneja,Surat,Gujarat,Home Appliances,Washing Machine,3,89600.36,268801.08,Debit Card,Cancelled,2024-07-31
ORD02688,Zaina Khalsa,Mysuru,Karnataka,Groceries,Milk,3,26945.51,80836.53,Credit Card,Cancelled,2025-06-28
ORD02689,Gokul Dugar,Kolkata,West Bengal,Beauty,Shampoo,3,22704.22,68112.66,Credit Card,Cancelled,2024-06-15
ORD02690,Nitya Virk,Chandigarh,Chandigarh,Books,Comics,9,85881.01,772929.09,Credit Card,Delivered,2025-03-15
ORD02691,Kismat Magar,Coimbatore,Tamil Nadu,Books,Novel,4,21712.61,86850.44,Cash,Delivered,2025-02-07
ORD02692,Nayantara Bhatt,Lucknow,Uttar Pradesh,Fashion,Shoes,4,67158.87,268635.48,Net Banking,Pending,2024-12-18
ORD02693,Kimaya Roy,Kolkata,West Bengal,Fashion,Jeans,1,90119.22,90119.22,Credit Card,Pending,2024-06-04
ORD02694,Vritika Vasa,Ahmedabad,Gujarat,Beauty,Face Wash,1,32626.99,32626.99,Credit Card,Delivered,2024-10-03
ORD02695,Jhanvi Kala,Kochi,Kerala,Home Appliances,AC,8,63910.22,511281.76,Credit Card,Shipped,2026-03-12
ORD02696,Kashvi Sura,Ranchi,Jharkhand,Fashion,Jeans,10,33548.35,335483.5,Debit Card,Delivered,2026-04-24
ORD02697,Neelofar Dugal,Patna,Bihar,Groceries,Snacks,4,31646.04,126584.16,UPI,Delivered,2025-01-18
ORD02698,Inaaya  Brar,Guwahati,Assam,Groceries,Oil,2,26142.4,52284.8,Debit Card,Shipped,2024-11-28
ORD02699,Onkar Raman,Indore,Madhya Pradesh,Groceries,Oil,10,31103.34,311033.4,Cash,Cancelled,2024-11-02
ORD02700,Vritika Rajagopalan,Hyderabad,Telangana,Groceries,Juice,9,63659.56,572936.04,Debit Card,Shipped,2025-10-23
ORD02701,Biju Kadakia,Visakhapatnam,Andhra Pradesh,Fashion,Jacket,3,35731.31,107193.93,Net Banking,Cancelled,2024-10-13
ORD02702,Rhea Vig,Indore,Madhya Pradesh,Books,Science Book,2,51523.15,103046.3,Credit Card,Delivered,2024-07-19
ORD02703,Rohan Dalal,Mysuru,Karnataka,Fashion,Jacket,5,31328.9,156644.5,Cash,Pending,2025-09-05
ORD02704,Yasmin Master,Kolkata,West Bengal,Groceries,Oil,2,39781.72,79563.44,Credit Card,Shipped,2025-01-07
ORD02705,Nirvaan Buch,Kochi,Kerala,Furniture,Dining Table,8,83606.21,668849.68,Net Banking,Pending,2024-09-15
ORD02706,Vedika Comar,Hyderabad,Telangana,Groceries,Snacks,5,89599.54,447997.7,Debit Card,Cancelled,2025-10-26
ORD02707,Saanvi Tara,Coimbatore,Tamil Nadu,Sports,Gym Bag,2,56289.52,112579.04,UPI,Pending,2026-01-14
ORD02708,Adah Date,Lucknow,Uttar Pradesh,Sports,Cricket Bat,1,64167.4,64167.4,UPI,Pending,2025-01-04
ORD02709,Ira Dutta,Hyderabad,Telangana,Furniture,Chair,4,18187.14,72748.56,UPI,Shipped,2024-08-11
ORD02710,Inaaya  Saxena,Surat,Gujarat,Furniture,Wardrobe,6,32530.84,195185.04,Net Banking,Delivered,2025-09-13
ORD02711,Amira Manda,Pune,Maharashtra,Groceries,Oil,8,11238.04,89904.32,UPI,Shipped,2026-01-23
ORD02712,Mannat Sethi,Patna,Bihar,Books,Novel,4,27973.62,111894.48,Credit Card,Cancelled,2025-09-28
ORD02713,Indrans Bhatnagar,Noida,Uttar Pradesh,Fashion,Jeans,10,78023.69,780236.9,Cash,Delivered,2025-02-28
ORD02714,Riaan Walia,Delhi,Delhi,Furniture,Sofa,10,33960.25,339602.5,Credit Card,Shipped,2024-10-29
ORD02715,Devansh Thakur,Chandigarh,Chandigarh,Sports,Gym Bag,8,48688.07,389504.56,Debit Card,Shipped,2026-05-04
ORD02716,Ojas Srinivas,Nagpur,Maharashtra,Sports,Tennis Racket,8,68014.71,544117.68,Credit Card,Cancelled,2025-02-10
ORD02717,Urvi Tank,Chandigarh,Chandigarh,Groceries,Snacks,9,54745.41,492708.69,Cash,Cancelled,2025-07-08
ORD02718,Shayak Dara,Vadodara,Gujarat,Sports,Football,10,44000.88,440008.8,UPI,Pending,2024-06-26
ORD02719,Kimaya Tata,Mysuru,Karnataka,Sports,Football,5,96401.66,482008.3,Cash,Pending,2024-09-17
ORD02720,Parinaaz Sami,Chennai,Tamil Nadu,Home Appliances,Microwave,6,62058.66,372351.96,Debit Card,Cancelled,2024-09-05
ORD02721,Zain Deo,Visakhapatnam,Andhra Pradesh,Groceries,Juice,6,84902.39,509414.34,Cash,Pending,2025-12-03
ORD02722,Tejas Viswanathan,Ahmedabad,Gujarat,Home Appliances,Washing Machine,10,33017.81,330178.1,UPI,Pending,2025-10-05
ORD02723,Vardaniya Bahl,Kolkata,West Bengal,Sports,Tennis Racket,4,28028.31,112113.24,Debit Card,Pending,2024-09-27
ORD02724,Sumer Varughese,Coimbatore,Tamil Nadu,Sports,Tennis Racket,9,81755.33,735797.97,UPI,Delivered,2024-08-09
ORD02725,Nirvaan Vasa,Ranchi,Jharkhand,Books,Science Book,9,11781.26,106031.34,Credit Card,Pending,2025-08-23
ORD02726,Ishita Behl,Guwahati,Assam,Groceries,Snacks,2,80664.05,161328.1,UPI,Delivered,2026-02-04
ORD02727,Arhaan Setty,Mysuru,Karnataka,Beauty,Perfume,6,64692.25,388153.5,Credit Card,Shipped,2024-09-08
ORD02728,Diya Anand,Bengaluru,Karnataka,Groceries,Juice,8,43540.04,348320.32,Debit Card,Cancelled,2024-08-02
ORD02729,Manikya Mand,Vadodara,Gujarat,Groceries,Juice,7,88801.64,621611.48,Cash,Cancelled,2026-04-08
ORD02730,Uthkarsh Hegde,Ranchi,Jharkhand,Electronics,Laptop,6,76429.93,458579.58,Net Banking,Shipped,2024-08-13
ORD02731,Jayant Chand,Jaipur,Rajasthan,Beauty,Face Wash,7,98560.99,689926.93,Debit Card,Delivered,2026-02-20
ORD02732,Gatik Grewal,Mumbai,Maharashtra,Beauty,Perfume,6,4871.28,29227.68,UPI,Delivered,2026-01-24
ORD02733,Abram Bajwa,Kolkata,West Bengal,Furniture,Chair,5,80992.83,404964.15,Net Banking,Delivered,2025-11-17
ORD02734,Saira Dhillon,Patna,Bihar,Groceries,Juice,4,94733.21,378932.84,Debit Card,Cancelled,2024-09-06
ORD02735,Aarna Bora,Ranchi,Jharkhand,Furniture,Sofa,1,65088.9,65088.9,Cash,Shipped,2024-06-30
ORD02736,Nitya Garde,Nagpur,Maharashtra,Fashion,Shoes,7,35864.11,251048.77,Debit Card,Delivered,2025-03-03
ORD02737,Piya Dasgupta,Chennai,Tamil Nadu,Sports,Yoga Mat,2,8115.92,16231.84,Net Banking,Delivered,2025-11-03
ORD02738,Indranil Gara,Guwahati,Assam,Sports,Football,1,95333.3,95333.3,Credit Card,Cancelled,2024-07-24
ORD02739,Khushi Bail,Kochi,Kerala,Beauty,Lipstick,1,77035.43,77035.43,UPI,Pending,2024-05-30
ORD02740,Rhea Khare,Lucknow,Uttar Pradesh,Sports,Tennis Racket,3,56559.6,169678.8,Debit Card,Delivered,2026-05-03
ORD02741,Ira Chad,Bengaluru,Karnataka,Books,Comics,5,57149.03,285745.15,Net Banking,Shipped,2024-10-04
ORD02742,Prisha Garg,Chandigarh,Chandigarh,Books,Novel,1,79996.44,79996.44,UPI,Shipped,2025-11-14
ORD02743,Samiha Srinivasan,Ranchi,Jharkhand,Fashion,Shoes,3,61557.7,184673.1,Cash,Pending,2025-05-24
ORD02744,Lakshit Sathe,Patna,Bihar,Sports,Tennis Racket,1,47617.46,47617.46,Net Banking,Delivered,2025-02-16
ORD02745,Chirag Gupta,Vadodara,Gujarat,Books,Comics,5,1079.86,5399.3,Net Banking,Shipped,2026-01-26
ORD02746,Anay Basak,Bhopal,Madhya Pradesh,Beauty,Shampoo,8,3587.73,28701.84,Debit Card,Delivered,2025-04-04
ORD02747,Inaaya  Bera,Nagpur,Maharashtra,Fashion,Jacket,10,71346.59,713465.9,Cash,Delivered,2024-05-22
ORD02748,Reyansh Ganesh,Jaipur,Rajasthan,Books,History Book,7,74124.75,518873.25,UPI,Shipped,2025-12-12
ORD02749,Ritvik Kapur,Patna,Bihar,Home Appliances,Fan,2,3154.04,6308.08,Cash,Pending,2026-02-22
ORD02750,Shray Bose,Pune,Maharashtra,Beauty,Perfume,1,63923.86,63923.86,Cash,Delivered,2024-08-28
ORD02751,Shayak Raj,Delhi,Delhi,Furniture,Sofa,2,29271.87,58543.74,Cash,Pending,2024-07-21
ORD02752,Mishti Baria,Kolkata,West Bengal,Beauty,Shampoo,4,83657.53,334630.12,Net Banking,Shipped,2025-12-11
ORD02753,Krish Kadakia,Ranchi,Jharkhand,Sports,Gym Bag,9,30313.82,272824.38,Credit Card,Delivered,2025-02-25
ORD02754,Aniruddh Chander,Patna,Bihar,Fashion,Watch,4,57600.92,230403.68,Credit Card,Pending,2024-11-29
ORD02755,Ehsaan Sant,Bengaluru,Karnataka,Books,Comics,10,16299.58,162995.8,Credit Card,Cancelled,2025-04-17
ORD02756,Kimaya Talwar,Mumbai,Maharashtra,Fashion,Watch,4,77462.66,309850.64,Debit Card,Pending,2025-12-31
ORD02757,Pihu Badami,Pune,Maharashtra,Books,History Book,6,59666.76,358000.56,UPI,Delivered,2024-11-11
ORD02758,Raghav Sathe,Jaipur,Rajasthan,Books,History Book,9,81086.67,729780.03,Net Banking,Pending,2024-08-28
ORD02759,Samaira Sengupta,Nagpur,Maharashtra,Electronics,Camera,10,10427.23,104272.3,UPI,Pending,2024-12-22
ORD02760,Nishith Sha,Indore,Madhya Pradesh,Beauty,Cream,10,71180.41,711804.1,Credit Card,Delivered,2026-02-11
ORD02761,Baiju Gaba,Delhi,Delhi,Fashion,T-Shirt,6,40225.72,241354.32,Debit Card,Pending,2025-02-04
ORD02762,Sana Karan,Indore,Madhya Pradesh,Home Appliances,AC,4,59356.15,237424.6,Credit Card,Shipped,2025-06-03
ORD02763,Kismat Gera,Nagpur,Maharashtra,Books,Science Book,10,9081.29,90812.9,Net Banking,Delivered,2025-09-02
ORD02764,Jivika Datta,Pune,Maharashtra,Groceries,Oil,8,81415.5,651324.0,Debit Card,Cancelled,2026-03-14
ORD02765,Hunar Mann,Surat,Gujarat,Home Appliances,Fan,1,44769.88,44769.88,UPI,Pending,2026-01-26
ORD02766,Dishani Dugar,Jaipur,Rajasthan,Beauty,Cream,9,55817.82,502360.38,Debit Card,Delivered,2024-09-04
ORD02767,Tanya Khanna,Bengaluru,Karnataka,Fashion,Shoes,1,96547.93,96547.93,Net Banking,Cancelled,2024-08-10
ORD02768,Kanav Badal,Pune,Maharashtra,Sports,Cricket Bat,10,12826.3,128263.0,UPI,Cancelled,2026-04-18
ORD02769,Aarav Roy,Visakhapatnam,Andhra Pradesh,Fashion,Jeans,2,19321.81,38643.62,UPI,Shipped,2024-07-19
ORD02770,Damini Sanghvi,Lucknow,Uttar Pradesh,Electronics,Smart TV,8,40285.1,322280.8,Credit Card,Pending,2024-12-08
ORD02771,Amira Kumer,Bengaluru,Karnataka,Electronics,Smart TV,10,14368.58,143685.8,UPI,Pending,2025-04-15
ORD02772,Tarini Bhandari,Hyderabad,Telangana,Furniture,Wardrobe,1,90543.28,90543.28,Debit Card,Pending,2024-07-02
ORD02773,Suhana Zachariah,Bengaluru,Karnataka,Fashion,Jacket,5,32482.01,162410.05,Credit Card,Shipped,2025-09-07
ORD02774,Indrans Shankar,Jaipur,Rajasthan,Electronics,Camera,1,58182.49,58182.49,Credit Card,Pending,2026-03-21
ORD02775,Badal Kamdar,Delhi,Delhi,Furniture,Bed,9,43415.44,390738.96,Net Banking,Cancelled,2025-04-23
ORD02776,Abram Zachariah,Kochi,Kerala,Sports,Gym Bag,6,39832.6,238995.6,Credit Card,Delivered,2025-12-11
ORD02777,Neysa Dani,Coimbatore,Tamil Nadu,Electronics,Camera,4,11494.77,45979.08,Debit Card,Delivered,2025-11-26
ORD02778,Arnav Sankar,Chennai,Tamil Nadu,Home Appliances,AC,3,42186.55,126559.65,Debit Card,Delivered,2024-07-31
ORD02779,Stuvan Gaba,Lucknow,Uttar Pradesh,Electronics,Smart TV,10,86163.05,861630.5,Debit Card,Delivered,2024-07-06
ORD02780,Vidur Rajagopal,Vadodara,Gujarat,Sports,Tennis Racket,5,95345.5,476727.5,Debit Card,Shipped,2025-05-22
ORD02781,Gatik Sundaram,Indore,Madhya Pradesh,Beauty,Perfume,1,43575.54,43575.54,Credit Card,Shipped,2025-11-21
ORD02782,Anya Varughese,Ahmedabad,Gujarat,Electronics,Mobile,1,93294.2,93294.2,Debit Card,Cancelled,2024-10-02
ORD02783,Nakul Rao,Patna,Bihar,Electronics,Mobile,5,35772.15,178860.75,Credit Card,Shipped,2024-08-30
ORD02784,Ivana Sibal,Jaipur,Rajasthan,Sports,Yoga Mat,8,5452.95,43623.6,Debit Card,Cancelled,2026-04-26
ORD02785,Vivaan Wagle,Noida,Uttar Pradesh,Furniture,Sofa,8,29044.56,232356.48,Cash,Shipped,2025-10-28
ORD02786,Indrajit Chahal,Bengaluru,Karnataka,Sports,Yoga Mat,4,36265.87,145063.48,UPI,Cancelled,2024-12-29
ORD02787,Arnav Barman,Noida,Uttar Pradesh,Furniture,Sofa,6,14668.63,88011.78,Credit Card,Delivered,2025-05-23
ORD02788,Kanav Mahal,Kolkata,West Bengal,Furniture,Sofa,1,31017.33,31017.33,Net Banking,Delivered,2025-01-30
ORD02789,Eva Dasgupta,Noida,Uttar Pradesh,Groceries,Snacks,8,53134.0,425072.0,Cash,Pending,2025-01-06
ORD02790,Adah Sundaram,Vadodara,Gujarat,Sports,Tennis Racket,9,6016.62,54149.58,Debit Card,Pending,2024-07-01
ORD02791,Krish Kakar,Ranchi,Jharkhand,Fashion,Shoes,3,94032.74,282098.22,Net Banking,Delivered,2025-09-15
ORD02792,Shlok Swaminathan,Kolkata,West Bengal,Groceries,Milk,1,86857.99,86857.99,UPI,Shipped,2025-01-25
ORD02793,Trisha Sha,Nagpur,Maharashtra,Fashion,Shoes,8,42092.13,336737.04,UPI,Shipped,2024-08-10
ORD02794,Badal Shetty,Surat,Gujarat,Home Appliances,Microwave,5,34887.31,174436.55,Cash,Delivered,2025-05-21
ORD02795,Jivin Ravel,Visakhapatnam,Andhra Pradesh,Electronics,Camera,7,62568.32,437978.24,Credit Card,Pending,2025-12-26
ORD02796,Anvi Loyal,Chennai,Tamil Nadu,Beauty,Face Wash,5,29655.78,148278.9,Debit Card,Pending,2026-04-09
ORD02797,Lagan Bhargava,Guwahati,Assam,Electronics,Headphones,6,58628.99,351773.94,Net Banking,Delivered,2025-08-27
ORD02798,Parinaaz Vora,Visakhapatnam,Andhra Pradesh,Home Appliances,Microwave,3,7750.31,23250.93,Credit Card,Delivered,2026-01-24
ORD02799,Ehsaan Sood,Noida,Uttar Pradesh,Groceries,Rice,3,29446.76,88340.28,UPI,Shipped,2025-01-31
ORD02800,Kiara Sharaf,Kochi,Kerala,Electronics,Headphones,1,12926.34,12926.34,Cash,Shipped,2025-04-29
ORD02801,Samarth Krishna,Chennai,Tamil Nadu,Fashion,Jeans,4,36101.25,144405.0,Credit Card,Pending,2026-03-27
ORD02802,Vritika Comar,Chandigarh,Chandigarh,Books,History Book,8,10562.4,84499.2,Net Banking,Cancelled,2026-02-05
ORD02803,Kanav Bora,Ranchi,Jharkhand,Beauty,Perfume,9,12245.63,110210.67,Cash,Pending,2025-07-08
ORD02804,Mahika Buch,Coimbatore,Tamil Nadu,Sports,Tennis Racket,2,29221.41,58442.82,Cash,Pending,2025-02-28
ORD02805,Purab Bhavsar,Mysuru,Karnataka,Fashion,Watch,1,53401.29,53401.29,Debit Card,Shipped,2026-04-04
ORD02806,Stuvan Tank,Mysuru,Karnataka,Electronics,Laptop,5,45295.02,226475.1,Credit Card,Cancelled,2024-09-28
ORD02807,Mannat Sheth,Mysuru,Karnataka,Books,Novel,7,27616.62,193316.34,Credit Card,Shipped,2024-08-15
ORD02808,Pihu Dass,Nagpur,Maharashtra,Beauty,Lipstick,7,26792.82,187549.74,Cash,Shipped,2025-03-30
ORD02809,Nirvaan Sawhney,Jaipur,Rajasthan,Fashion,T-Shirt,9,55942.28,503480.52,Credit Card,Delivered,2025-06-20
ORD02810,Taimur Mander,Mumbai,Maharashtra,Beauty,Shampoo,1,19721.03,19721.03,Net Banking,Shipped,2025-02-24
ORD02811,Zeeshan Dara,Kolkata,West Bengal,Home Appliances,AC,7,26108.06,182756.42,UPI,Cancelled,2024-05-26
ORD02812,Trisha Gaba,Visakhapatnam,Andhra Pradesh,Sports,Cricket Bat,1,36054.73,36054.73,UPI,Shipped,2025-11-15
ORD02813,Ivana Vohra,Ranchi,Jharkhand,Groceries,Snacks,6,49842.14,299052.84,Debit Card,Shipped,2025-12-18
ORD02814,Yakshit Kannan,Jaipur,Rajasthan,Fashion,Jeans,3,58492.79,175478.37,Net Banking,Shipped,2025-10-12
ORD02815,Indrans Chakraborty,Surat,Gujarat,Groceries,Oil,2,92635.15,185270.3,Debit Card,Pending,2024-12-17
ORD02816,Badal Wason,Nagpur,Maharashtra,Beauty,Lipstick,8,45484.66,363877.28,UPI,Delivered,2024-11-01
ORD02817,Taimur Rama,Kochi,Kerala,Beauty,Cream,6,40217.13,241302.78,UPI,Pending,2024-07-10
ORD02818,Kanav Choudhary,Lucknow,Uttar Pradesh,Home Appliances,Washing Machine,5,98884.62,494423.1,UPI,Shipped,2025-12-20
ORD02819,Samarth Barman,Vadodara,Gujarat,Books,Science Book,2,95642.25,191284.5,Debit Card,Pending,2025-07-05
ORD02820,Pranay Sem,Lucknow,Uttar Pradesh,Electronics,Smart TV,4,5269.6,21078.4,Debit Card,Delivered,2026-01-28
ORD02821,Advika Dey,Chandigarh,Chandigarh,Home Appliances,Microwave,7,83089.36,581625.52,Net Banking,Shipped,2024-05-25
ORD02822,Azad Choudhury,Ranchi,Jharkhand,Electronics,Headphones,2,39056.76,78113.52,UPI,Shipped,2025-12-11
ORD02823,Fateh Sastry,Guwahati,Assam,Groceries,Oil,10,46928.4,469284.0,Credit Card,Delivered,2025-04-28
ORD02824,Emir Bhandari,Patna,Bihar,Beauty,Lipstick,3,85114.81,255344.43,Net Banking,Cancelled,2025-06-18
ORD02825,Myra Kamdar,Indore,Madhya Pradesh,Fashion,Jeans,3,98104.04,294312.12,UPI,Shipped,2025-11-29
ORD02826,Vihaan Kakar,Nagpur,Maharashtra,Electronics,Headphones,4,6778.12,27112.48,Cash,Delivered,2025-09-10
ORD02827,Jivin Varty,Chennai,Tamil Nadu,Home Appliances,Refrigerator,1,14893.01,14893.01,Debit Card,Cancelled,2024-05-26
ORD02828,Jivika Raju,Lucknow,Uttar Pradesh,Sports,Football,2,9085.19,18170.38,UPI,Shipped,2024-09-03
ORD02829,Sahil Sood,Nagpur,Maharashtra,Fashion,T-Shirt,8,24471.43,195771.44,Credit Card,Delivered,2025-01-22
ORD02830,Kaira Mani,Visakhapatnam,Andhra Pradesh,Electronics,Smart TV,10,86114.21,861142.1,Net Banking,Delivered,2026-04-24
ORD02831,Eshani Sura,Jaipur,Rajasthan,Books,Comics,5,7517.05,37585.25,Credit Card,Cancelled,2025-10-02
ORD02832,Shanaya Wable,Vadodara,Gujarat,Electronics,Camera,7,32574.92,228024.44,Credit Card,Cancelled,2025-01-03
ORD02833,Faiyaz Karnik,Mysuru,Karnataka,Books,History Book,8,65134.75,521078.0,UPI,Shipped,2025-03-13
ORD02834,Aaryahi Mann,Bengaluru,Karnataka,Books,Science Book,9,86371.27,777341.43,Net Banking,Delivered,2026-02-26
ORD02835,Emir Mahal,Kolkata,West Bengal,Beauty,Lipstick,2,67177.81,134355.62,Net Banking,Cancelled,2024-12-07
ORD02836,Nishith Desai,Mysuru,Karnataka,Beauty,Face Wash,8,91901.12,735208.96,Credit Card,Delivered,2025-12-17
ORD02837,Manikya Shere,Guwahati,Assam,Home Appliances,Fan,1,23390.59,23390.59,Credit Card,Delivered,2025-01-10
ORD02838,Jivin Bandi,Jaipur,Rajasthan,Beauty,Perfume,4,7011.78,28047.12,Net Banking,Pending,2025-09-05
ORD02839,Kiaan Chada,Pune,Maharashtra,Beauty,Lipstick,3,21307.53,63922.59,Net Banking,Cancelled,2025-10-18
ORD02840,Oorja Dasgupta,Surat,Gujarat,Sports,Yoga Mat,9,38529.55,346765.95,Credit Card,Shipped,2025-08-29
ORD02841,Kanav Sheth,Surat,Gujarat,Sports,Gym Bag,4,36754.83,147019.32,Credit Card,Pending,2024-12-30
ORD02842,Ira Kant,Kolkata,West Bengal,Furniture,Dining Table,1,30027.58,30027.58,Credit Card,Delivered,2025-10-01
ORD02843,Mohanlal Singhal,Kolkata,West Bengal,Furniture,Bed,8,89828.81,718630.48,Credit Card,Delivered,2025-02-02
ORD02844,Veer Doctor,Nagpur,Maharashtra,Beauty,Perfume,5,56024.05,280120.25,Credit Card,Cancelled,2025-12-26
ORD02845,Yuvraj  Sridhar,Bhopal,Madhya Pradesh,Electronics,Headphones,7,55138.96,385972.72,UPI,Delivered,2024-12-17
ORD02846,Sahil Krishna,Chandigarh,Chandigarh,Fashion,Jeans,2,97296.43,194592.86,Cash,Delivered,2025-04-26
ORD02847,Armaan Vohra,Guwahati,Assam,Electronics,Laptop,10,65917.69,659176.9,Cash,Pending,2026-04-19
ORD02848,Hansh Lanka,Noida,Uttar Pradesh,Sports,Cricket Bat,1,88767.62,88767.62,Cash,Cancelled,2025-06-13
ORD02849,Kanav Jha,Noida,Uttar Pradesh,Books,Biography,3,83010.61,249031.83,Credit Card,Shipped,2026-03-10
ORD02850,Zaina Banerjee,Guwahati,Assam,Sports,Gym Bag,6,18280.46,109682.76,Cash,Pending,2025-07-14
ORD02851,Emir Dash,Bhopal,Madhya Pradesh,Fashion,Jeans,2,56570.9,113141.8,Net Banking,Cancelled,2025-04-12
ORD02852,Umang Aggarwal,Nagpur,Maharashtra,Electronics,Smart TV,4,61217.28,244869.12,UPI,Shipped,2025-09-15
ORD02853,Vardaniya Bora,Kochi,Kerala,Furniture,Dining Table,8,2672.7,21381.6,UPI,Cancelled,2026-04-08
ORD02854,Anahi Keer,Hyderabad,Telangana,Furniture,Wardrobe,6,57695.25,346171.5,UPI,Shipped,2024-12-04
ORD02855,Hazel Dubey,Patna,Bihar,Sports,Cricket Bat,5,46845.82,234229.1,Debit Card,Pending,2026-02-04
ORD02856,Divij Gala,Surat,Gujarat,Fashion,Shoes,8,22377.73,179021.84,UPI,Shipped,2024-12-10
ORD02857,Kismat Agarwal,Pune,Maharashtra,Home Appliances,Fan,8,80593.02,644744.16,UPI,Cancelled,2025-09-19
ORD02858,Bhavin Bath,Ahmedabad,Gujarat,Beauty,Face Wash,1,11996.1,11996.1,Cash,Shipped,2025-08-31
ORD02859,Oorja Gara,Patna,Bihar,Electronics,Camera,9,2625.1,23625.9,Credit Card,Shipped,2025-09-24
ORD02860,Shalv Sane,Indore,Madhya Pradesh,Fashion,Shoes,3,97876.38,293629.14,Debit Card,Pending,2025-07-23
ORD02861,Vanya Dugar,Delhi,Delhi,Groceries,Milk,8,10371.54,82972.32,Credit Card,Delivered,2026-02-08
ORD02862,Divit Kapur,Noida,Uttar Pradesh,Books,Biography,9,87737.62,789638.58,Cash,Pending,2024-07-28
ORD02863,Rania Dayal,Chennai,Tamil Nadu,Books,Science Book,7,44193.49,309354.43,UPI,Cancelled,2025-07-29
ORD02864,Dishani Kamdar,Visakhapatnam,Andhra Pradesh,Beauty,Shampoo,7,65678.54,459749.78,UPI,Cancelled,2025-10-28
ORD02865,Parinaaz Kale,Hyderabad,Telangana,Beauty,Face Wash,6,63458.53,380751.18,Cash,Cancelled,2024-09-14
ORD02866,Neelofar Devan,Mysuru,Karnataka,Sports,Yoga Mat,6,36976.2,221857.2,UPI,Pending,2025-10-07
ORD02867,Abram Barad,Delhi,Delhi,Groceries,Rice,1,72322.42,72322.42,Credit Card,Shipped,2024-07-25
ORD02868,Zeeshan Sur,Surat,Gujarat,Furniture,Sofa,2,8256.15,16512.3,Credit Card,Shipped,2024-12-20
ORD02869,Piya Korpal,Bengaluru,Karnataka,Books,Novel,4,13343.19,53372.76,Credit Card,Pending,2026-01-06
ORD02870,Jayant Saha,Guwahati,Assam,Fashion,Watch,9,90984.56,818861.04,UPI,Shipped,2026-02-06
ORD02871,Saanvi Jani,Vadodara,Gujarat,Electronics,Mobile,8,15821.94,126575.52,Credit Card,Delivered,2025-05-17
ORD02872,Shlok Sha,Mumbai,Maharashtra,Home Appliances,Microwave,5,87999.91,439999.55,Debit Card,Delivered,2026-04-19
ORD02873,Tejas Dey,Chennai,Tamil Nadu,Electronics,Laptop,8,6161.32,49290.56,Cash,Shipped,2025-01-10
ORD02874,Nishith Sami,Visakhapatnam,Andhra Pradesh,Beauty,Perfume,5,88870.04,444350.2,Debit Card,Shipped,2025-07-18
ORD02875,Aarush Char,Ranchi,Jharkhand,Fashion,T-Shirt,2,50197.21,100394.42,Debit Card,Cancelled,2025-10-11
ORD02876,Vivaan Ghose,Noida,Uttar Pradesh,Sports,Football,4,86777.9,347111.6,Net Banking,Cancelled,2025-07-08
ORD02877,Badal Shanker,Kolkata,West Bengal,Furniture,Sofa,4,93620.7,374482.8,Credit Card,Pending,2025-09-17
ORD02878,Adah Doctor,Kolkata,West Bengal,Sports,Tennis Racket,1,35397.41,35397.41,Credit Card,Cancelled,2025-01-04
ORD02879,Ela Boase,Ahmedabad,Gujarat,Sports,Yoga Mat,2,47616.93,95233.86,Cash,Delivered,2024-05-28
ORD02880,Suhana Mannan,Nagpur,Maharashtra,Beauty,Perfume,6,49990.61,299943.66,UPI,Delivered,2025-04-11
ORD02881,Indrans Sachar,Kolkata,West Bengal,Fashion,T-Shirt,2,78253.6,156507.2,Cash,Cancelled,2025-05-02
ORD02882,Saanvi Bains,Mysuru,Karnataka,Sports,Tennis Racket,8,95378.25,763026.0,Debit Card,Pending,2025-06-22
ORD02883,Hiran Cheema,Ahmedabad,Gujarat,Home Appliances,Fan,2,80385.46,160770.92,UPI,Shipped,2025-06-08
ORD02884,Azad Bose,Visakhapatnam,Andhra Pradesh,Books,History Book,9,62666.79,564001.11,Credit Card,Delivered,2025-08-12
ORD02885,Parinaaz Lata,Kolkata,West Bengal,Sports,Cricket Bat,1,86296.24,86296.24,Debit Card,Shipped,2025-11-03
ORD02886,Hridaan Kara,Pune,Maharashtra,Electronics,Headphones,6,33394.25,200365.5,Credit Card,Delivered,2025-02-16
ORD02887,Fateh Bala,Guwahati,Assam,Books,Biography,5,68821.78,344108.9,Debit Card,Delivered,2025-08-04
ORD02888,Abram Batra,Bhopal,Madhya Pradesh,Groceries,Milk,6,73685.41,442112.46,Net Banking,Shipped,2024-05-21
ORD02889,Himmat Dubey,Chandigarh,Chandigarh,Groceries,Snacks,7,89757.93,628305.51,Cash,Shipped,2024-07-31
ORD02890,Manjari Deo,Kochi,Kerala,Electronics,Camera,7,6758.97,47312.79,Cash,Cancelled,2025-03-05
ORD02891,Hazel Kata,Bhopal,Madhya Pradesh,Home Appliances,Fan,7,66686.29,466804.03,Net Banking,Pending,2026-04-06
ORD02892,Arnav Ratta,Jaipur,Rajasthan,Furniture,Bed,7,55526.44,388685.08,Cash,Pending,2025-04-15
ORD02893,Misha Setty,Nagpur,Maharashtra,Sports,Yoga Mat,2,1836.0,3672.0,Net Banking,Cancelled,2026-04-16
ORD02894,Yasmin Chaudhary,Kolkata,West Bengal,Fashion,Jacket,7,59202.98,414420.86,Net Banking,Pending,2025-04-01
ORD02895,Misha Borah,Indore,Madhya Pradesh,Home Appliances,Microwave,6,4869.8,29218.8,Debit Card,Delivered,2024-07-31
ORD02896,Arnav Kapur,Lucknow,Uttar Pradesh,Furniture,Chair,9,907.33,8165.97,Net Banking,Delivered,2025-03-15
ORD02897,Divyansh Shah,Kolkata,West Bengal,Electronics,Smart TV,4,44568.46,178273.84,Cash,Delivered,2025-02-08
ORD02898,Jayant Chacko,Guwahati,Assam,Sports,Cricket Bat,5,93825.94,469129.7,Cash,Cancelled,2025-03-22
ORD02899,Tarini Rau,Lucknow,Uttar Pradesh,Books,Novel,1,39574.37,39574.37,Credit Card,Cancelled,2024-10-11
ORD02900,Indrajit Thakkar,Surat,Gujarat,Beauty,Cream,6,68484.57,410907.42,UPI,Cancelled,2026-05-02
ORD02901,Zoya Wagle,Nagpur,Maharashtra,Beauty,Face Wash,1,77391.72,77391.72,Debit Card,Delivered,2025-04-12
ORD02902,Zara Jain,Nagpur,Maharashtra,Furniture,Dining Table,5,8650.77,43253.85,Cash,Delivered,2025-07-23
ORD02903,Eva Jha,Mumbai,Maharashtra,Electronics,Headphones,6,38824.49,232946.94,Debit Card,Delivered,2025-04-24
ORD02904,Ira Dube,Ranchi,Jharkhand,Furniture,Bed,3,2830.97,8492.91,Cash,Pending,2026-04-20
ORD02905,Shalv Rege,Jaipur,Rajasthan,Groceries,Milk,8,32500.94,260007.52,Debit Card,Shipped,2024-06-23
ORD02906,Lavanya Ramakrishnan,Hyderabad,Telangana,Sports,Football,6,75327.96,451967.76,Credit Card,Cancelled,2026-01-27
ORD02907,Oorja Kamdar,Visakhapatnam,Andhra Pradesh,Books,History Book,3,9955.72,29867.16,Credit Card,Pending,2026-01-03
ORD02908,Aaryahi Gade,Bengaluru,Karnataka,Electronics,Mobile,5,11008.94,55044.7,Debit Card,Delivered,2026-04-06
ORD02909,Hridaan Ganesan,Chandigarh,Chandigarh,Sports,Cricket Bat,2,37671.99,75343.98,UPI,Shipped,2024-08-25
ORD02910,Aayush Seshadri,Indore,Madhya Pradesh,Beauty,Face Wash,9,32350.04,291150.36,Cash,Cancelled,2024-10-28
ORD02911,Renee Soman,Guwahati,Assam,Furniture,Wardrobe,2,29789.31,59578.62,Net Banking,Pending,2025-06-21
ORD02912,Sahil Ray,Ahmedabad,Gujarat,Books,Science Book,7,98628.63,690400.41,UPI,Cancelled,2024-07-01
ORD02913,Umang Dhawan,Ranchi,Jharkhand,Books,Comics,2,95045.6,190091.2,UPI,Pending,2025-11-17
ORD02914,Emir Bora,Pune,Maharashtra,Sports,Football,2,31892.81,63785.62,Cash,Shipped,2024-10-14
ORD02915,Parinaaz Krishnan,Visakhapatnam,Andhra Pradesh,Sports,Gym Bag,8,92517.61,740140.88,Debit Card,Cancelled,2025-04-20
ORD02916,Raghav Garg,Delhi,Delhi,Books,History Book,9,63017.32,567155.88,Credit Card,Delivered,2025-03-31
ORD02917,Hridaan Saha,Lucknow,Uttar Pradesh,Beauty,Face Wash,5,43589.39,217946.95,Credit Card,Delivered,2024-06-13
ORD02918,Raghav Gala,Delhi,Delhi,Electronics,Mobile,5,46383.57,231917.85,UPI,Cancelled,2026-02-13
ORD02919,Faiyaz Bhavsar,Kochi,Kerala,Home Appliances,Fan,9,83155.53,748399.77,Credit Card,Shipped,2025-03-27
ORD02920,Parinaaz Mane,Nagpur,Maharashtra,Beauty,Shampoo,7,80542.23,563795.61,Net Banking,Cancelled,2024-08-15
ORD02921,Adah Tank,Noida,Uttar Pradesh,Fashion,Jeans,5,85888.9,429444.5,UPI,Delivered,2025-12-16
ORD02922,Gatik Sinha,Bhopal,Madhya Pradesh,Home Appliances,Washing Machine,1,78227.75,78227.75,UPI,Shipped,2025-11-03
ORD02923,Ryan Devan,Guwahati,Assam,Fashion,T-Shirt,9,69393.68,624543.12,Credit Card,Shipped,2026-04-27
ORD02924,Lakshay Warrior,Mumbai,Maharashtra,Sports,Football,3,1256.08,3768.24,UPI,Delivered,2025-11-30
ORD02925,Vanya Swaminathan,Vadodara,Gujarat,Furniture,Wardrobe,1,64240.63,64240.63,Credit Card,Cancelled,2024-10-29
ORD02926,Vritika Ramaswamy,Ranchi,Jharkhand,Furniture,Bed,8,9913.87,79310.96,Net Banking,Shipped,2025-08-23
ORD02927,Madhup De,Bengaluru,Karnataka,Groceries,Rice,4,57677.6,230710.4,Debit Card,Delivered,2025-01-24
ORD02928,Vanya Mani,Bengaluru,Karnataka,Electronics,Smart TV,6,42942.18,257653.08,Credit Card,Cancelled,2026-04-19
ORD02929,Neelofar Kadakia,Bhopal,Madhya Pradesh,Groceries,Oil,7,17560.83,122925.81,Net Banking,Delivered,2025-08-24
ORD02930,Nitya Desai,Nagpur,Maharashtra,Home Appliances,Refrigerator,4,92577.52,370310.08,Net Banking,Shipped,2024-09-06
ORD02931,Misha Sengupta,Kochi,Kerala,Books,Biography,1,22154.09,22154.09,Credit Card,Cancelled,2025-07-19
ORD02932,Fateh Kata,Pune,Maharashtra,Sports,Football,8,13214.26,105714.08,Credit Card,Pending,2025-03-02
ORD02933,Dharmajan Saini,Hyderabad,Telangana,Books,History Book,8,97136.76,777094.08,Net Banking,Shipped,2025-03-03
ORD02934,Samar Kala,Indore,Madhya Pradesh,Beauty,Lipstick,4,69838.64,279354.56,Net Banking,Pending,2026-05-01
ORD02935,Arnav Borah,Pune,Maharashtra,Home Appliances,Refrigerator,10,98552.79,985527.9,Debit Card,Pending,2025-09-16
ORD02936,Hansh Mannan,Ranchi,Jharkhand,Groceries,Juice,1,99181.04,99181.04,Net Banking,Pending,2024-10-18
ORD02937,Keya Khatri,Indore,Madhya Pradesh,Books,History Book,10,92286.03,922860.3,Net Banking,Pending,2025-05-28
ORD02938,Emir Seth,Visakhapatnam,Andhra Pradesh,Groceries,Juice,2,95784.91,191569.82,Debit Card,Delivered,2025-04-10
ORD02939,Hridaan Walia,Mumbai,Maharashtra,Electronics,Headphones,3,10832.93,32498.79,Debit Card,Delivered,2025-11-29
ORD02940,Aarush Jhaveri,Lucknow,Uttar Pradesh,Beauty,Perfume,1,73287.14,73287.14,Debit Card,Shipped,2024-06-17
ORD02941,Kartik Kari,Guwahati,Assam,Beauty,Perfume,8,47269.22,378153.76,Debit Card,Pending,2024-05-08
ORD02942,Tarini Dyal,Noida,Uttar Pradesh,Furniture,Dining Table,1,97803.45,97803.45,Net Banking,Shipped,2025-03-18
ORD02943,Badal Sankaran,Visakhapatnam,Andhra Pradesh,Groceries,Rice,3,59626.85,178880.55,Net Banking,Shipped,2025-03-24
ORD02944,Aayush Taneja,Chennai,Tamil Nadu,Groceries,Oil,5,17658.66,88293.3,UPI,Shipped,2024-10-25
ORD02945,Kashvi Jha,Delhi,Delhi,Books,Biography,3,27980.07,83940.21,UPI,Pending,2026-02-07
ORD02946,Tarini Mandal,Bhopal,Madhya Pradesh,Sports,Tennis Racket,1,37531.29,37531.29,UPI,Delivered,2026-03-07
ORD02947,Manjari Gara,Chennai,Tamil Nadu,Books,Biography,7,65590.16,459131.12,Cash,Cancelled,2024-10-08
ORD02948,Siya Bhagat,Indore,Madhya Pradesh,Books,Biography,4,6328.04,25312.16,Credit Card,Pending,2025-03-01
ORD02949,Keya Swaminathan,Vadodara,Gujarat,Groceries,Oil,3,84470.72,253412.16,Credit Card,Pending,2025-05-03
ORD02950,Adira Lall,Coimbatore,Tamil Nadu,Beauty,Face Wash,8,18281.1,146248.8,Credit Card,Shipped,2025-06-05
ORD02951,Diya Banerjee,Kolkata,West Bengal,Home Appliances,Refrigerator,5,46021.46,230107.3,Credit Card,Pending,2025-08-05
ORD02952,Pihu Devi,Kochi,Kerala,Beauty,Lipstick,9,3322.45,29902.05,Credit Card,Pending,2025-07-25
ORD02953,Krish Kata,Bhopal,Madhya Pradesh,Groceries,Juice,5,20067.47,100337.35,Debit Card,Cancelled,2025-10-24
ORD02954,Zeeshan Bhandari,Jaipur,Rajasthan,Home Appliances,Fan,5,22498.53,112492.65,Debit Card,Pending,2025-03-28
ORD02955,Misha Mander,Nagpur,Maharashtra,Fashion,Shoes,8,45246.67,361973.36,UPI,Shipped,2025-10-26
ORD02956,Miraan Ramanathan,Kolkata,West Bengal,Groceries,Oil,10,81729.82,817298.2,Cash,Pending,2025-11-07
ORD02957,Manikya Solanki,Guwahati,Assam,Furniture,Dining Table,10,53632.92,536329.2,Debit Card,Delivered,2024-08-03
ORD02958,Stuvan Sankaran,Lucknow,Uttar Pradesh,Furniture,Bed,9,46938.79,422449.11,Debit Card,Pending,2024-06-06
ORD02959,Suhana Rana,Jaipur,Rajasthan,Fashion,T-Shirt,2,95322.16,190644.32,Credit Card,Pending,2024-09-18
ORD02960,Trisha Sehgal,Mumbai,Maharashtra,Sports,Tennis Racket,3,99800.4,299401.2,UPI,Shipped,2024-10-28
ORD02961,Mehul Gole,Chennai,Tamil Nadu,Books,Novel,1,43874.57,43874.57,UPI,Cancelled,2024-09-02
ORD02962,Saksham Manne,Visakhapatnam,Andhra Pradesh,Books,Comics,4,84340.52,337362.08,Net Banking,Cancelled,2025-02-24
ORD02963,Anya Bava,Noida,Uttar Pradesh,Groceries,Snacks,1,4756.86,4756.86,UPI,Shipped,2025-11-20
ORD02964,Manjari Saraf,Guwahati,Assam,Home Appliances,Washing Machine,10,87156.84,871568.4,Credit Card,Pending,2025-06-10
ORD02965,Miraan Bhat,Kolkata,West Bengal,Furniture,Wardrobe,5,7386.27,36931.35,Debit Card,Delivered,2025-06-22
ORD02966,Nitya Banerjee,Pune,Maharashtra,Books,Novel,10,55393.9,553939.0,Credit Card,Delivered,2025-11-25
ORD02967,Priyansh Dani,Ahmedabad,Gujarat,Electronics,Camera,10,88618.14,886181.4,Debit Card,Delivered,2025-02-26
ORD02968,Lakshit Thakur,Bengaluru,Karnataka,Sports,Tennis Racket,3,15316.47,45949.41,Credit Card,Shipped,2026-01-07
ORD02969,Kanav Koshy,Kolkata,West Bengal,Home Appliances,Fan,7,24853.56,173974.92,Credit Card,Cancelled,2024-11-19
ORD02970,Parinaaz Varughese,Surat,Gujarat,Home Appliances,Microwave,3,50080.79,150242.37,Net Banking,Cancelled,2024-07-18
ORD02971,Seher Khalsa,Hyderabad,Telangana,Fashion,T-Shirt,5,82153.95,410769.75,Net Banking,Pending,2025-09-04
ORD02972,Farhan Chaudhary,Vadodara,Gujarat,Electronics,Smart TV,3,61122.62,183367.86,Credit Card,Shipped,2024-06-22
ORD02973,Ojas Dave,Kolkata,West Bengal,Sports,Football,4,68226.34,272905.36,Credit Card,Cancelled,2025-04-21
ORD02974,Rasha Gupta,Bengaluru,Karnataka,Home Appliances,Washing Machine,3,40225.42,120676.26,Debit Card,Cancelled,2024-09-09
ORD02975,Saira Lal,Chennai,Tamil Nadu,Groceries,Juice,7,84111.86,588783.02,Net Banking,Delivered,2025-08-19
ORD02976,Samiha Sathe,Guwahati,Assam,Fashion,Jacket,1,21348.81,21348.81,Net Banking,Delivered,2024-07-23
ORD02977,Krish Ghose,Patna,Bihar,Beauty,Perfume,2,84282.04,168564.08,Net Banking,Delivered,2025-09-13
ORD02978,Anay Dora,Chennai,Tamil Nadu,Groceries,Oil,8,11322.83,90582.64,UPI,Shipped,2025-07-12
ORD02979,Piya Vohra,Chandigarh,Chandigarh,Beauty,Shampoo,9,38476.6,346289.4,UPI,Pending,2025-04-18
ORD02980,Sara Thaman,Mumbai,Maharashtra,Furniture,Sofa,8,53714.41,429715.28,UPI,Delivered,2024-09-05
ORD02981,Samarth Date,Lucknow,Uttar Pradesh,Books,Science Book,5,97968.47,489842.35,Net Banking,Delivered,2025-07-19
ORD02982,Jayan Randhawa,Delhi,Delhi,Electronics,Camera,5,10433.19,52165.95,Credit Card,Delivered,2024-08-14
ORD02983,Eva Vohra,Coimbatore,Tamil Nadu,Sports,Yoga Mat,2,84506.36,169012.72,Net Banking,Shipped,2024-05-10
ORD02984,Veer Krish,Jaipur,Rajasthan,Groceries,Juice,7,48922.79,342459.53,Credit Card,Delivered,2026-04-06
ORD02985,Anvi Chand,Mysuru,Karnataka,Groceries,Rice,1,5816.09,5816.09,UPI,Cancelled,2024-08-27
ORD02986,Khushi Gola,Indore,Madhya Pradesh,Furniture,Dining Table,2,87978.4,175956.8,Net Banking,Pending,2024-10-05
ORD02987,Anika Bajwa,Delhi,Delhi,Fashion,Jacket,9,96041.69,864375.21,Cash,Cancelled,2024-05-08
ORD02988,Rania Sagar,Ahmedabad,Gujarat,Electronics,Headphones,6,8288.93,49733.58,Net Banking,Pending,2024-12-28
ORD02989,Vanya Agrawal,Chandigarh,Chandigarh,Groceries,Milk,1,62957.37,62957.37,Credit Card,Shipped,2024-05-20
ORD02990,Yakshit Dani,Chennai,Tamil Nadu,Furniture,Chair,6,23934.85,143609.1,Net Banking,Cancelled,2025-02-03
ORD02991,Rohan Bal,Bengaluru,Karnataka,Electronics,Smart TV,5,46558.12,232790.6,Credit Card,Shipped,2024-07-21
ORD02992,Chirag Ramachandran,Mumbai,Maharashtra,Beauty,Face Wash,4,57001.1,228004.4,Cash,Cancelled,2026-01-06
ORD02993,Jivika Shenoy,Jaipur,Rajasthan,Books,Novel,10,72783.6,727836.0,Cash,Cancelled,2026-02-10
ORD02994,Aayush Raja,Noida,Uttar Pradesh,Home Appliances,Washing Machine,6,25333.75,152002.5,Debit Card,Pending,2024-07-02
ORD02995,Purab Gandhi,Surat,Gujarat,Home Appliances,Refrigerator,10,69341.68,693416.8,Net Banking,Pending,2024-05-12
ORD02996,Ishaan Apte,Nagpur,Maharashtra,Sports,Tennis Racket,6,21877.15,131262.9,Debit Card,Cancelled,2025-07-17
ORD02997,Miraan Majumdar,Mysuru,Karnataka,Home Appliances,Refrigerator,3,5624.68,16874.04,Cash,Shipped,2025-07-01
ORD02998,Charvi Swaminathan,Bhopal,Madhya Pradesh,Fashion,Jeans,7,49038.66,343270.62,Credit Card,Delivered,2025-02-19
ORD02999,Sana Anand,Noida,Uttar Pradesh,Beauty,Face Wash,8,62179.27,497434.16,Net Banking,Pending,2025-06-14
ORD03000,Sahil Madan,Pune,Maharashtra,Books,Novel,10,62144.51,621445.1,UPI,Shipped,2026-03-28
ORD03001,Anay Wason,Mumbai,Maharashtra,Sports,Cricket Bat,3,60567.44,181702.32,Debit Card,Cancelled,2025-01-23
ORD03002,Zeeshan Venkatesh,Nagpur,Maharashtra,Sports,Yoga Mat,5,19674.99,98374.95,Net Banking,Shipped,2025-11-20
ORD03003,Urvi Agarwal,Mumbai,Maharashtra,Furniture,Chair,5,11440.89,57204.45,Cash,Delivered,2024-10-28
ORD03004,Keya Deshmukh,Delhi,Delhi,Sports,Tennis Racket,9,87418.86,786769.74,Debit Card,Shipped,2026-02-01
ORD03005,Eshani Chauhan,Ahmedabad,Gujarat,Furniture,Bed,6,19813.45,118880.7,Cash,Pending,2024-08-08
ORD03006,Vihaan Dora,Bengaluru,Karnataka,Groceries,Juice,2,14940.16,29880.32,Debit Card,Cancelled,2025-06-30
ORD03007,Manjari Sarkar,Jaipur,Rajasthan,Home Appliances,Refrigerator,1,34926.14,34926.14,Net Banking,Delivered,2025-03-23
ORD03008,Anya Yogi,Bengaluru,Karnataka,Beauty,Lipstick,10,85794.14,857941.4,Cash,Pending,2025-04-22
ORD03009,Madhup Bahri,Guwahati,Assam,Home Appliances,Fan,5,46449.92,232249.6,Debit Card,Shipped,2025-05-03
ORD03010,Dhanush Kakar,Guwahati,Assam,Electronics,Mobile,8,5137.15,41097.2,Net Banking,Pending,2024-08-24
ORD03011,Darshit Arora,Kolkata,West Bengal,Fashion,Shoes,7,92346.11,646422.77,Net Banking,Delivered,2025-12-10
ORD03012,Seher Jani,Vadodara,Gujarat,Groceries,Juice,10,79651.59,796515.9,Credit Card,Cancelled,2025-12-26
ORD03013,Shlok Bahri,Bengaluru,Karnataka,Furniture,Bed,8,11390.83,91126.64,Credit Card,Shipped,2024-12-11
ORD03014,Madhav Kunda,Patna,Bihar,Beauty,Shampoo,10,61177.07,611770.7,Credit Card,Cancelled,2025-06-18
ORD03015,Ritvik Chowdhury,Indore,Madhya Pradesh,Books,Science Book,4,18837.86,75351.44,Credit Card,Delivered,2024-12-18
ORD03016,Kaira Madan,Guwahati,Assam,Fashion,Jeans,4,29831.17,119324.68,Cash,Cancelled,2025-07-29
ORD03017,Ehsaan Tak,Vadodara,Gujarat,Groceries,Oil,9,31797.17,286174.53,Net Banking,Delivered,2025-12-20
ORD03018,Saanvi Kannan,Chennai,Tamil Nadu,Books,Novel,4,62080.03,248320.12,Debit Card,Pending,2024-12-31
ORD03019,Ivan Kant,Ranchi,Jharkhand,Furniture,Wardrobe,9,8121.5,73093.5,Credit Card,Delivered,2025-06-18
ORD03020,Yuvaan Lad,Indore,Madhya Pradesh,Sports,Yoga Mat,1,54526.18,54526.18,Debit Card,Pending,2025-01-17
ORD03021,Anya Shroff,Nagpur,Maharashtra,Fashion,Jeans,4,67213.78,268855.12,Credit Card,Cancelled,2025-09-21
ORD03022,Uthkarsh Jaggi,Chennai,Tamil Nadu,Groceries,Rice,6,24727.85,148367.1,Debit Card,Pending,2026-04-26
ORD03023,Shanaya Sathe,Patna,Bihar,Beauty,Shampoo,4,72477.01,289908.04,Net Banking,Delivered,2025-02-21
ORD03024,Drishya Dalal,Kolkata,West Bengal,Beauty,Shampoo,9,61476.91,553292.19,Debit Card,Delivered,2024-08-21
ORD03025,Nakul Divan,Kochi,Kerala,Home Appliances,AC,4,41240.41,164961.64,UPI,Delivered,2025-09-24
ORD03026,Damini Bansal,Lucknow,Uttar Pradesh,Home Appliances,Refrigerator,1,24772.64,24772.64,Credit Card,Cancelled,2024-05-17
ORD03027,Mishti Sha,Ahmedabad,Gujarat,Beauty,Shampoo,2,81378.71,162757.42,UPI,Delivered,2025-06-21
ORD03028,Anvi Shah,Vadodara,Gujarat,Books,Science Book,5,45010.97,225054.85,Net Banking,Pending,2024-05-28
ORD03029,Azad Krishnan,Ahmedabad,Gujarat,Home Appliances,Refrigerator,7,36946.87,258628.09,Net Banking,Delivered,2024-06-26
ORD03030,Tushar Dhillon,Jaipur,Rajasthan,Home Appliances,AC,3,78057.18,234171.54,Cash,Delivered,2025-09-06
ORD03031,Diya Manne,Lucknow,Uttar Pradesh,Electronics,Laptop,6,60535.66,363213.96,UPI,Pending,2026-04-16
ORD03032,Madhup Baria,Hyderabad,Telangana,Beauty,Face Wash,6,38063.56,228381.36,Credit Card,Cancelled,2025-07-16
ORD03033,Renee Gade,Pune,Maharashtra,Groceries,Milk,5,17522.88,87614.4,Net Banking,Pending,2024-11-24
ORD03034,Uthkarsh Bava,Jaipur,Rajasthan,Home Appliances,Microwave,8,75145.57,601164.56,Credit Card,Delivered,2025-06-21
ORD03035,Diya Jaggi,Mumbai,Maharashtra,Groceries,Juice,8,37594.11,300752.88,Debit Card,Pending,2024-07-04
ORD03036,Vaibhav Choudhury,Jaipur,Rajasthan,Beauty,Perfume,7,64794.13,453558.91,UPI,Cancelled,2025-09-03
ORD03037,Ritvik Saraf,Nagpur,Maharashtra,Home Appliances,Fan,1,48717.44,48717.44,Net Banking,Delivered,2025-07-30
ORD03038,Madhup Bala,Patna,Bihar,Groceries,Oil,1,47769.95,47769.95,Net Banking,Delivered,2024-11-09
ORD03039,Anahi Mammen,Patna,Bihar,Electronics,Mobile,7,13610.09,95270.63,UPI,Cancelled,2025-09-02
ORD03040,Veer Dhar,Patna,Bihar,Groceries,Milk,9,3868.24,34814.16,Net Banking,Pending,2024-06-16
ORD03041,Indrajit Raja,Hyderabad,Telangana,Books,Novel,4,65895.43,263581.72,Credit Card,Delivered,2025-08-15
ORD03042,Heer Upadhyay,Mumbai,Maharashtra,Furniture,Bed,6,10386.17,62317.02,Cash,Delivered,2024-11-01
ORD03043,Kabir Savant,Delhi,Delhi,Beauty,Lipstick,10,48244.26,482442.6,Cash,Delivered,2025-01-30
ORD03044,Gokul Bhatnagar,Nagpur,Maharashtra,Furniture,Bed,4,32121.93,128487.72,UPI,Pending,2025-03-10
ORD03045,Priyansh Brar,Lucknow,Uttar Pradesh,Fashion,Jeans,2,3083.94,6167.88,Net Banking,Pending,2025-03-06
ORD03046,Hiran Kar,Lucknow,Uttar Pradesh,Groceries,Rice,3,23927.37,71782.11,Credit Card,Shipped,2024-12-14
ORD03047,Bhamini Shroff,Bengaluru,Karnataka,Home Appliances,Washing Machine,9,2220.71,19986.39,Net Banking,Pending,2026-01-01
ORD03048,Pranay Dalal,Guwahati,Assam,Beauty,Lipstick,8,88163.63,705309.04,UPI,Pending,2024-08-20
ORD03049,Stuvan Kothari,Vadodara,Gujarat,Books,History Book,3,36115.44,108346.32,Debit Card,Cancelled,2025-08-15
ORD03050,Taran Varma,Jaipur,Rajasthan,Electronics,Headphones,4,12356.88,49427.52,Debit Card,Shipped,2024-10-21
ORD03051,Vaibhav Bal,Ahmedabad,Gujarat,Electronics,Headphones,1,43093.98,43093.98,Cash,Pending,2025-05-24
ORD03052,Rhea Lall,Indore,Madhya Pradesh,Fashion,Watch,4,82712.8,330851.2,Credit Card,Pending,2024-11-13
ORD03053,Priyansh Sant,Ranchi,Jharkhand,Fashion,Shoes,10,67358.46,673584.6,Credit Card,Cancelled,2024-07-12
ORD03054,Badal Dhawan,Chandigarh,Chandigarh,Sports,Tennis Racket,10,82522.98,825229.8,Credit Card,Cancelled,2024-12-16
ORD03055,Inaaya  Khosla,Guwahati,Assam,Groceries,Oil,10,57947.3,579473.0,Net Banking,Cancelled,2025-07-26
ORD03056,Faiyaz Bora,Indore,Madhya Pradesh,Home Appliances,Refrigerator,7,9742.06,68194.42,Cash,Delivered,2025-06-06
ORD03057,Misha Bail,Vadodara,Gujarat,Home Appliances,Washing Machine,8,43270.73,346165.84,Net Banking,Delivered,2025-03-04
ORD03058,Dharmajan Balan,Hyderabad,Telangana,Furniture,Wardrobe,8,62882.73,503061.84,UPI,Cancelled,2025-10-27
ORD03059,Adah Kibe,Mysuru,Karnataka,Electronics,Headphones,2,31653.23,63306.46,Debit Card,Cancelled,2025-04-24
ORD03060,Aaina Mammen,Chennai,Tamil Nadu,Electronics,Laptop,4,29251.43,117005.72,Debit Card,Pending,2024-07-02
ORD03061,Zaina Upadhyay,Ahmedabad,Gujarat,Books,History Book,10,50108.55,501085.5,Net Banking,Shipped,2025-05-18
ORD03062,Anahita Konda,Mumbai,Maharashtra,Fashion,Jacket,4,11920.62,47682.48,UPI,Cancelled,2025-09-27
ORD03063,Vihaan Handa,Guwahati,Assam,Electronics,Smart TV,6,72384.05,434304.3,Net Banking,Cancelled,2025-06-17
ORD03064,Uthkarsh Mahajan,Surat,Gujarat,Groceries,Oil,7,57092.99,399650.93,UPI,Cancelled,2024-09-26
ORD03065,Kabir Shenoy,Delhi,Delhi,Books,Comics,4,96840.73,387362.92,UPI,Cancelled,2024-10-06
ORD03066,Keya Sarna,Ranchi,Jharkhand,Books,History Book,10,92825.18,928251.8,Net Banking,Cancelled,2025-07-14
ORD03067,Mannat Jaggi,Ahmedabad,Gujarat,Beauty,Shampoo,3,37315.1,111945.3,Net Banking,Cancelled,2024-07-16
ORD03068,Zara Wable,Lucknow,Uttar Pradesh,Books,Comics,2,26952.36,53904.72,Cash,Pending,2026-03-21
ORD03069,Yuvaan Goel,Kochi,Kerala,Books,Biography,9,41451.04,373059.36,Credit Card,Shipped,2026-03-21
ORD03070,Raunak Ghosh,Guwahati,Assam,Furniture,Wardrobe,4,72049.9,288199.6,Net Banking,Shipped,2025-08-26
ORD03071,Reyansh Sabharwal,Mysuru,Karnataka,Fashion,T-Shirt,4,39575.92,158303.68,Cash,Delivered,2026-05-03
ORD03072,Saira Roy,Jaipur,Rajasthan,Furniture,Chair,10,43887.98,438879.8,Credit Card,Delivered,2025-08-08
ORD03073,Arhaan Trivedi,Jaipur,Rajasthan,Fashion,Jacket,2,15184.33,30368.66,UPI,Cancelled,2025-04-24
ORD03074,Mehul Sanghvi,Surat,Gujarat,Fashion,Jeans,3,75630.28,226890.84,Cash,Shipped,2025-08-28
ORD03075,Raghav Bumb,Chennai,Tamil Nadu,Fashion,Watch,4,35988.56,143954.24,Debit Card,Cancelled,2026-02-12
ORD03076,Mehul Vora,Delhi,Delhi,Home Appliances,AC,1,98389.69,98389.69,Net Banking,Cancelled,2025-04-25
ORD03077,Nirvi Bobal,Patna,Bihar,Electronics,Smart TV,8,63198.65,505589.2,Cash,Cancelled,2024-07-10
ORD03078,Kiaan Babu,Bengaluru,Karnataka,Beauty,Face Wash,5,85023.34,425116.7,Debit Card,Pending,2025-02-20
ORD03079,Samarth Rastogi,Bengaluru,Karnataka,Fashion,Jeans,4,11709.86,46839.44,Credit Card,Shipped,2025-12-04
ORD03080,Shaan Samra,Hyderabad,Telangana,Fashion,Watch,10,48313.24,483132.4,Cash,Shipped,2025-11-02
ORD03081,Gatik Tank,Pune,Maharashtra,Furniture,Dining Table,6,65695.94,394175.64,Cash,Pending,2025-02-01
ORD03082,Indrajit Salvi,Nagpur,Maharashtra,Sports,Football,5,32566.86,162834.3,UPI,Delivered,2024-05-31
ORD03083,Tushar Golla,Pune,Maharashtra,Sports,Yoga Mat,6,36614.29,219685.74,Debit Card,Delivered,2024-06-30
ORD03084,Veer Barad,Pune,Maharashtra,Books,Comics,3,54565.65,163696.95,Net Banking,Shipped,2025-07-11
ORD03085,Zeeshan Shan,Nagpur,Maharashtra,Furniture,Sofa,10,31356.21,313562.1,Debit Card,Cancelled,2025-05-21
ORD03086,Raghav Master,Surat,Gujarat,Fashion,Shoes,1,85774.8,85774.8,Net Banking,Pending,2025-04-22
ORD03087,Tanya Sandal,Vadodara,Gujarat,Home Appliances,Fan,6,73307.46,439844.76,Cash,Delivered,2025-01-08
ORD03088,Samiha Gala,Hyderabad,Telangana,Home Appliances,Microwave,1,40717.87,40717.87,UPI,Pending,2024-10-31
ORD03089,Tanya Wable,Chennai,Tamil Nadu,Electronics,Smart TV,10,72265.45,722654.5,UPI,Pending,2024-11-22
ORD03090,Jhanvi Suri,Kochi,Kerala,Beauty,Face Wash,4,32809.07,131236.28,Net Banking,Shipped,2024-11-19
ORD03091,Kashvi Sha,Mysuru,Karnataka,Home Appliances,AC,10,82069.52,820695.2,Net Banking,Pending,2025-01-19
ORD03092,Onkar Gandhi,Bhopal,Madhya Pradesh,Fashion,Shoes,5,40681.85,203409.25,Cash,Shipped,2025-08-02
ORD03093,Nirvi Kunda,Visakhapatnam,Andhra Pradesh,Electronics,Camera,8,19153.24,153225.92,Net Banking,Pending,2024-11-24
ORD03094,Miraan Dara,Lucknow,Uttar Pradesh,Groceries,Snacks,9,83217.38,748956.42,Net Banking,Pending,2025-05-24
ORD03095,Khushi Chadha,Chennai,Tamil Nadu,Fashion,T-Shirt,2,80788.06,161576.12,UPI,Pending,2025-05-03
ORD03096,Kanav Ratti,Visakhapatnam,Andhra Pradesh,Groceries,Juice,8,66446.84,531574.72,UPI,Cancelled,2025-08-05
ORD03097,Zoya Dua,Coimbatore,Tamil Nadu,Furniture,Dining Table,3,98391.66,295174.98,Net Banking,Delivered,2024-08-02
ORD03098,Anay Atwal,Lucknow,Uttar Pradesh,Beauty,Face Wash,7,69746.18,488223.26,Net Banking,Cancelled,2025-11-23
ORD03099,Kabir Dora,Chandigarh,Chandigarh,Furniture,Wardrobe,10,52260.65,522606.5,Credit Card,Cancelled,2026-04-23
ORD03100,Nirvi Mann,Nagpur,Maharashtra,Electronics,Smart TV,9,37116.96,334052.64,Net Banking,Delivered,2025-03-21
ORD03101,Arhaan Mahajan,Coimbatore,Tamil Nadu,Sports,Gym Bag,8,22245.46,177963.68,UPI,Delivered,2024-09-04
ORD03102,Aniruddh Gera,Ranchi,Jharkhand,Sports,Cricket Bat,4,26604.4,106417.6,UPI,Shipped,2024-07-04
ORD03103,Vaibhav Jaggi,Coimbatore,Tamil Nadu,Sports,Yoga Mat,4,63101.34,252405.36,Debit Card,Delivered,2024-09-28
ORD03104,Rasha Karnik,Kolkata,West Bengal,Sports,Yoga Mat,3,38625.46,115876.38,Debit Card,Pending,2025-05-09
ORD03105,Damini Tella,Visakhapatnam,Andhra Pradesh,Groceries,Snacks,5,75134.74,375673.7,Credit Card,Shipped,2026-04-03
ORD03106,Ivan Borah,Surat,Gujarat,Home Appliances,AC,2,48880.01,97760.02,UPI,Shipped,2025-06-03
ORD03107,Aayush Varughese,Mumbai,Maharashtra,Electronics,Camera,10,13231.83,132318.3,Debit Card,Pending,2024-08-10
ORD03108,Taimur Varghese,Surat,Gujarat,Beauty,Face Wash,2,21558.79,43117.58,UPI,Shipped,2025-07-26
ORD03109,Mamooty Sahni,Vadodara,Gujarat,Fashion,Shoes,10,81931.16,819311.6,UPI,Pending,2025-11-25
ORD03110,Kabir Agrawal,Jaipur,Rajasthan,Electronics,Camera,6,1405.84,8435.04,Net Banking,Cancelled,2025-05-23
ORD03111,Lagan Gade,Ranchi,Jharkhand,Groceries,Rice,5,20918.17,104590.85,Net Banking,Cancelled,2025-04-06
ORD03112,Raghav Tank,Mysuru,Karnataka,Groceries,Juice,3,52404.34,157213.02,Debit Card,Cancelled,2025-09-16
ORD03113,Kismat Yohannan,Kolkata,West Bengal,Beauty,Face Wash,6,4137.52,24825.12,Cash,Delivered,2025-06-26
ORD03114,Oorja Lala,Bengaluru,Karnataka,Groceries,Snacks,5,15554.52,77772.6,Debit Card,Pending,2025-09-26
ORD03115,Chirag Sarna,Visakhapatnam,Andhra Pradesh,Sports,Football,4,43431.95,173727.8,Credit Card,Shipped,2025-03-19
ORD03116,Saira Reddy,Bhopal,Madhya Pradesh,Beauty,Perfume,6,38920.27,233521.62,Credit Card,Cancelled,2025-08-22
ORD03117,Alisha Rege,Lucknow,Uttar Pradesh,Books,Science Book,8,84838.17,678705.36,UPI,Pending,2026-04-05
ORD03118,Mamooty Ram,Vadodara,Gujarat,Groceries,Juice,7,40702.91,284920.37,Cash,Pending,2024-12-17
ORD03119,Dishani Loke,Delhi,Delhi,Sports,Gym Bag,7,27598.55,193189.85,Net Banking,Delivered,2025-12-07
ORD03120,Hazel Vasa,Indore,Madhya Pradesh,Books,Comics,10,53329.25,533292.5,Net Banking,Shipped,2026-01-27
ORD03121,Devansh Din,Coimbatore,Tamil Nadu,Books,Biography,5,9314.07,46570.35,Net Banking,Shipped,2026-04-24
ORD03122,Hiran Sangha,Vadodara,Gujarat,Books,Biography,5,15196.68,75983.4,Cash,Shipped,2026-01-17
ORD03123,Badal Atwal,Kolkata,West Bengal,Electronics,Laptop,7,50609.73,354268.11,Debit Card,Shipped,2025-01-27
ORD03124,Priyansh Dixit,Nagpur,Maharashtra,Home Appliances,AC,10,26206.1,262061.0,UPI,Shipped,2026-01-26
ORD03125,Aarush Sundaram,Guwahati,Assam,Electronics,Camera,1,63426.2,63426.2,Debit Card,Delivered,2025-01-09
ORD03126,Ayesha Dani,Noida,Uttar Pradesh,Books,Comics,3,83502.06,250506.18,Debit Card,Delivered,2025-07-10
ORD03127,Lakshit Madan,Visakhapatnam,Andhra Pradesh,Sports,Cricket Bat,6,27849.94,167099.64,Cash,Shipped,2024-10-06
ORD03128,Lakshit Anne,Chennai,Tamil Nadu,Books,Novel,2,11304.88,22609.76,Debit Card,Delivered,2025-11-09
ORD03129,Advik Khalsa,Surat,Gujarat,Fashion,Watch,5,21072.14,105360.7,Net Banking,Pending,2024-05-12
ORD03130,Tara Koshy,Vadodara,Gujarat,Electronics,Headphones,10,67381.18,673811.8,Debit Card,Pending,2026-03-25
ORD03131,Divit De,Delhi,Delhi,Electronics,Camera,8,4166.24,33329.92,Debit Card,Delivered,2025-05-19
ORD03132,Nayantara Loke,Bengaluru,Karnataka,Books,Biography,10,49104.71,491047.1,Credit Card,Pending,2024-10-28
ORD03133,Stuvan Sule,Coimbatore,Tamil Nadu,Home Appliances,Microwave,9,8059.36,72534.24,Credit Card,Delivered,2024-12-02
ORD03134,Kanav Varma,Vadodara,Gujarat,Home Appliances,Microwave,10,43794.75,437947.5,Cash,Cancelled,2024-08-18
ORD03135,Ranbir Raju,Jaipur,Rajasthan,Home Appliances,AC,5,11075.89,55379.45,Net Banking,Delivered,2025-03-19
ORD03136,Saksham Mand,Kolkata,West Bengal,Groceries,Juice,8,28143.78,225150.24,Debit Card,Shipped,2025-09-09
ORD03137,Piya Shan,Bengaluru,Karnataka,Electronics,Headphones,5,42390.22,211951.1,Credit Card,Pending,2024-09-04
ORD03138,Ayesha Date,Patna,Bihar,Fashion,Jeans,3,33658.02,100974.06,Net Banking,Delivered,2025-02-06
ORD03139,Kaira Lala,Indore,Madhya Pradesh,Home Appliances,Refrigerator,1,96593.68,96593.68,Net Banking,Pending,2025-12-05
ORD03140,Yashvi Shenoy,Hyderabad,Telangana,Fashion,T-Shirt,8,6999.12,55992.96,UPI,Shipped,2024-12-02
ORD03141,Hiran Sengupta,Mysuru,Karnataka,Home Appliances,Refrigerator,4,84429.05,337716.2,Cash,Cancelled,2026-04-20
ORD03142,Devansh Lal,Vadodara,Gujarat,Beauty,Perfume,3,59779.04,179337.12,Cash,Pending,2024-08-27
ORD03143,Biju Swamy,Indore,Madhya Pradesh,Groceries,Juice,2,57275.05,114550.1,Debit Card,Cancelled,2024-08-06
ORD03144,Romil Rastogi,Ranchi,Jharkhand,Fashion,Shoes,10,73586.75,735867.5,UPI,Cancelled,2025-07-12
ORD03145,Advika Boase,Pune,Maharashtra,Groceries,Juice,7,78145.37,547017.59,Debit Card,Cancelled,2025-01-05
ORD03146,Prisha Hans,Bhopal,Madhya Pradesh,Electronics,Laptop,10,64090.41,640904.1,Credit Card,Cancelled,2025-10-15
ORD03147,Mehul Srivastava,Lucknow,Uttar Pradesh,Groceries,Oil,3,44135.5,132406.5,Credit Card,Cancelled,2024-06-03
ORD03148,Aradhya Soni,Surat,Gujarat,Sports,Football,1,63500.88,63500.88,Cash,Shipped,2025-06-28
ORD03149,Alia Dani,Chennai,Tamil Nadu,Electronics,Mobile,1,12833.58,12833.58,Debit Card,Cancelled,2026-03-26
ORD03150,Eshani Dyal,Ranchi,Jharkhand,Electronics,Camera,5,40997.32,204986.6,Debit Card,Delivered,2025-06-24
ORD03151,Jivika Dugar,Ahmedabad,Gujarat,Furniture,Chair,6,86967.93,521807.58,UPI,Delivered,2025-03-27
ORD03152,Dhanuk Borde,Ahmedabad,Gujarat,Electronics,Smart TV,5,55217.77,276088.85,Cash,Cancelled,2025-12-16
ORD03153,Alia Yadav,Ahmedabad,Gujarat,Books,Biography,8,51904.41,415235.28,UPI,Cancelled,2025-10-18
ORD03154,Jayesh D’Alia,Ranchi,Jharkhand,Furniture,Dining Table,9,87823.12,790408.08,Credit Card,Cancelled,2024-09-04
ORD03155,Faiyaz Agrawal,Pune,Maharashtra,Groceries,Milk,1,34638.24,34638.24,Net Banking,Delivered,2025-12-01
ORD03156,Keya Rama,Coimbatore,Tamil Nadu,Books,Novel,1,46194.14,46194.14,Cash,Delivered,2024-06-05
ORD03157,Shlok Dugar,Surat,Gujarat,Fashion,Jeans,1,54816.74,54816.74,Net Banking,Cancelled,2025-08-14
ORD03158,Lakshit Banerjee,Kochi,Kerala,Groceries,Rice,4,44668.02,178672.08,Net Banking,Pending,2025-08-18
ORD03159,Neelofar Dara,Surat,Gujarat,Sports,Gym Bag,1,32470.13,32470.13,UPI,Cancelled,2025-02-16
ORD03160,Baiju Din,Mysuru,Karnataka,Fashion,T-Shirt,9,43280.33,389522.97,Credit Card,Pending,2026-05-03
ORD03161,Ayesha Mall,Ranchi,Jharkhand,Beauty,Face Wash,7,35693.52,249854.64,Cash,Pending,2024-12-20
ORD03162,Aniruddh Barad,Visakhapatnam,Andhra Pradesh,Furniture,Dining Table,7,26853.01,187971.07,Cash,Shipped,2025-03-10
ORD03163,Zain Gola,Noida,Uttar Pradesh,Groceries,Snacks,5,25263.65,126318.25,Debit Card,Shipped,2025-02-17
ORD03164,Navya Sekhon,Nagpur,Maharashtra,Beauty,Shampoo,10,14956.81,149568.1,Debit Card,Shipped,2025-01-12
ORD03165,Divij Mammen,Ranchi,Jharkhand,Electronics,Smart TV,8,27934.12,223472.96,Credit Card,Cancelled,2025-02-25
ORD03166,Nirvaan Bava,Ranchi,Jharkhand,Groceries,Oil,5,16224.27,81121.35,Cash,Pending,2024-08-25
ORD03167,Divit Mani,Kolkata,West Bengal,Furniture,Bed,3,96782.59,290347.77,Cash,Cancelled,2025-02-19
ORD03168,Kashvi Wason,Surat,Gujarat,Furniture,Sofa,4,58213.62,232854.48,Debit Card,Delivered,2025-01-08
ORD03169,Ivan Mallick,Noida,Uttar Pradesh,Electronics,Mobile,8,22853.93,182831.44,Cash,Shipped,2025-04-08
ORD03170,Mahika Sharaf,Bengaluru,Karnataka,Groceries,Oil,2,94867.23,189734.46,Net Banking,Shipped,2026-03-31
ORD03171,Shamik Gill,Ahmedabad,Gujarat,Furniture,Sofa,5,90006.98,450034.9,Credit Card,Delivered,2025-07-05
ORD03172,Aradhya Issac,Bengaluru,Karnataka,Groceries,Snacks,8,84038.16,672305.28,Net Banking,Pending,2025-10-25
ORD03173,Elakshi Chauhan,Bhopal,Madhya Pradesh,Books,History Book,3,70109.23,210327.69,Net Banking,Pending,2024-09-29
ORD03174,Miraan Luthra,Coimbatore,Tamil Nadu,Sports,Cricket Bat,4,30384.64,121538.56,Credit Card,Delivered,2024-09-24
ORD03175,Damini Sastry,Chandigarh,Chandigarh,Groceries,Rice,1,16563.9,16563.9,Cash,Delivered,2025-04-05
ORD03176,Ryan Chahal,Guwahati,Assam,Groceries,Rice,7,75210.42,526472.94,Cash,Pending,2024-05-08
ORD03177,Drishya Tara,Kolkata,West Bengal,Home Appliances,Microwave,7,88614.7,620302.9,Credit Card,Shipped,2024-08-12
ORD03178,Madhav Agarwal,Visakhapatnam,Andhra Pradesh,Fashion,Jacket,3,703.0,2109.0,UPI,Delivered,2026-02-22
ORD03179,Amira Manne,Guwahati,Assam,Sports,Football,3,14723.24,44169.72,Credit Card,Pending,2025-11-03
ORD03180,Diya Sani,Hyderabad,Telangana,Sports,Yoga Mat,4,75512.39,302049.56,Net Banking,Pending,2024-11-11
ORD03181,Indrans Lad,Mumbai,Maharashtra,Books,Novel,4,60906.66,243626.64,Net Banking,Delivered,2024-10-05
ORD03182,Zara Gade,Indore,Madhya Pradesh,Groceries,Milk,10,44451.72,444517.2,Debit Card,Shipped,2025-05-25
ORD03183,Miraan Gara,Surat,Gujarat,Books,Comics,9,63705.54,573349.86,Cash,Cancelled,2024-11-07
ORD03184,Aarna Ravel,Delhi,Delhi,Groceries,Rice,5,72694.25,363471.25,Net Banking,Cancelled,2026-01-22
ORD03185,Tejas Char,Coimbatore,Tamil Nadu,Groceries,Rice,5,31305.52,156527.6,UPI,Cancelled,2026-03-10
ORD03186,Taimur Buch,Mysuru,Karnataka,Furniture,Wardrobe,6,62428.07,374568.42,Debit Card,Shipped,2025-04-22
ORD03187,Kavya Kala,Guwahati,Assam,Books,Novel,5,21271.35,106356.75,Cash,Pending,2025-06-16
ORD03188,Kashvi Bera,Surat,Gujarat,Furniture,Chair,9,70219.35,631974.15,UPI,Shipped,2025-05-21
ORD03189,Shalv Ghosh,Chandigarh,Chandigarh,Furniture,Sofa,5,49081.6,245408.0,UPI,Delivered,2024-07-07
ORD03190,Samaira Guha,Chandigarh,Chandigarh,Books,History Book,7,33185.62,232299.34,Cash,Delivered,2026-02-14
ORD03191,Samiha Bhalla,Ahmedabad,Gujarat,Furniture,Sofa,7,20359.44,142516.08,Credit Card,Delivered,2025-07-19
ORD03192,Vidur Kannan,Mumbai,Maharashtra,Electronics,Laptop,5,26624.36,133121.8,Debit Card,Cancelled,2024-07-05
ORD03193,Onkar Venkataraman,Delhi,Delhi,Groceries,Rice,2,62009.79,124019.58,Cash,Shipped,2024-06-24
ORD03194,Neelofar Seth,Jaipur,Rajasthan,Beauty,Shampoo,3,61255.05,183765.15,Cash,Pending,2026-04-22
ORD03195,Aniruddh Khanna,Hyderabad,Telangana,Sports,Football,4,93487.67,373950.68,Cash,Pending,2026-05-03
ORD03196,Chirag Aggarwal,Visakhapatnam,Andhra Pradesh,Beauty,Shampoo,5,78801.23,394006.15,Net Banking,Shipped,2024-06-23
ORD03197,Gatik Sibal,Indore,Madhya Pradesh,Electronics,Camera,10,54373.92,543739.2,Debit Card,Shipped,2025-07-06
ORD03198,Krish Gaba,Ahmedabad,Gujarat,Fashion,T-Shirt,1,47414.38,47414.38,UPI,Pending,2024-08-22
ORD03199,Neysa Gulati,Coimbatore,Tamil Nadu,Home Appliances,Refrigerator,9,30743.15,276688.35,Cash,Pending,2025-03-03
ORD03200,Damini Sethi,Delhi,Delhi,Sports,Football,5,43905.41,219527.05,UPI,Pending,2025-08-19
ORD03201,Neelofar Kaur,Surat,Gujarat,Books,History Book,5,16985.41,84927.05,Credit Card,Pending,2026-03-18
ORD03202,Oorja Mander,Hyderabad,Telangana,Sports,Tennis Racket,10,48050.69,480506.9,Debit Card,Cancelled,2025-05-24
ORD03203,Shayak Gandhi,Indore,Madhya Pradesh,Groceries,Snacks,2,44730.61,89461.22,Debit Card,Pending,2025-04-25
ORD03204,Khushi Kakar,Surat,Gujarat,Beauty,Face Wash,5,75244.53,376222.65,Cash,Delivered,2025-05-09
ORD03205,Anya Sodhi,Indore,Madhya Pradesh,Home Appliances,Microwave,7,25850.09,180950.63,Cash,Pending,2025-08-29
ORD03206,Manikya Basu,Guwahati,Assam,Groceries,Snacks,10,6740.06,67400.6,UPI,Cancelled,2024-06-30
ORD03207,Bhamini Manne,Lucknow,Uttar Pradesh,Groceries,Rice,2,36295.9,72591.8,Cash,Shipped,2025-09-16
ORD03208,Veer Cheema,Ranchi,Jharkhand,Beauty,Lipstick,3,46536.95,139610.85,Debit Card,Pending,2025-08-17
ORD03209,Ranbir Warrior,Noida,Uttar Pradesh,Fashion,Watch,5,33508.14,167540.7,Cash,Cancelled,2026-02-11
ORD03210,Dhanuk Chandra,Hyderabad,Telangana,Books,Comics,1,81516.85,81516.85,Debit Card,Delivered,2025-02-16
ORD03211,Akarsh Bhandari,Hyderabad,Telangana,Groceries,Oil,4,71571.34,286285.36,Cash,Pending,2024-07-16
ORD03212,Priyansh Khosla,Indore,Madhya Pradesh,Books,Biography,7,283.03,1981.21,UPI,Shipped,2024-12-02
ORD03213,Jhanvi Goel,Mysuru,Karnataka,Books,Comics,5,60889.23,304446.15,UPI,Cancelled,2024-09-18
ORD03214,Jivin Lal,Ahmedabad,Gujarat,Fashion,Jacket,5,59234.52,296172.6,Cash,Shipped,2025-05-17
ORD03215,Zara Amble,Mysuru,Karnataka,Books,Comics,9,91383.11,822447.99,Debit Card,Shipped,2025-03-14
ORD03216,Kaira Sharaf,Guwahati,Assam,Books,Science Book,8,55063.26,440506.08,Net Banking,Shipped,2025-09-15
ORD03217,Sumer Sankaran,Chennai,Tamil Nadu,Sports,Yoga Mat,7,59129.86,413909.02,UPI,Delivered,2024-11-08
ORD03218,Zara Shenoy,Pune,Maharashtra,Books,Biography,1,94239.57,94239.57,Cash,Shipped,2026-01-28
ORD03219,Jiya Hayre,Indore,Madhya Pradesh,Home Appliances,Washing Machine,5,32954.67,164773.35,Cash,Cancelled,2026-04-27
ORD03220,Ritvik Rajagopalan,Indore,Madhya Pradesh,Electronics,Headphones,8,60665.05,485320.4,Debit Card,Shipped,2025-02-22
ORD03221,Mahika Bakshi,Visakhapatnam,Andhra Pradesh,Books,History Book,7,82772.87,579410.09,Cash,Cancelled,2024-10-31
ORD03222,Stuvan Dewan,Guwahati,Assam,Electronics,Camera,10,7317.71,73177.1,UPI,Delivered,2025-12-09
ORD03223,Jivika Kaur,Jaipur,Rajasthan,Furniture,Sofa,3,26113.51,78340.53,Net Banking,Cancelled,2025-08-17
ORD03224,Aayush Soman,Chandigarh,Chandigarh,Books,Comics,8,75054.39,600435.12,Cash,Delivered,2024-10-08
ORD03225,Ivan Thaman,Kolkata,West Bengal,Beauty,Face Wash,6,62091.85,372551.1,Cash,Cancelled,2026-04-10
ORD03226,Hrishita Venkataraman,Kochi,Kerala,Home Appliances,Microwave,2,27868.0,55736.0,Net Banking,Pending,2025-09-04
ORD03227,Lagan Sarma,Kolkata,West Bengal,Sports,Gym Bag,10,35594.11,355941.1,Cash,Delivered,2024-06-21
ORD03228,Navya Barman,Nagpur,Maharashtra,Sports,Yoga Mat,8,68948.15,551585.2,Net Banking,Cancelled,2025-08-27
ORD03229,Zoya Goswami,Patna,Bihar,Groceries,Oil,10,56330.52,563305.2,Debit Card,Pending,2025-05-20
ORD03230,Ritvik Dhawan,Chandigarh,Chandigarh,Groceries,Snacks,3,55152.36,165457.08,Net Banking,Shipped,2025-06-14
ORD03231,Mishti Dhawan,Bengaluru,Karnataka,Groceries,Juice,4,87167.37,348669.48,Debit Card,Shipped,2025-02-24
ORD03232,Gokul Suresh,Surat,Gujarat,Home Appliances,Microwave,6,5267.46,31604.76,Credit Card,Pending,2025-03-05
ORD03233,Saira Viswanathan,Guwahati,Assam,Groceries,Rice,5,14555.56,72777.8,Debit Card,Shipped,2024-08-09
ORD03234,Shlok Mandal,Bengaluru,Karnataka,Home Appliances,Refrigerator,3,13500.68,40502.04,Debit Card,Cancelled,2024-11-13
ORD03235,Diya Chandran,Patna,Bihar,Home Appliances,AC,8,81567.53,652540.24,Credit Card,Delivered,2024-08-02
ORD03236,Shaan Bhakta,Patna,Bihar,Groceries,Oil,4,98024.27,392097.08,Debit Card,Shipped,2025-09-11
ORD03237,Kashvi Krishnan,Indore,Madhya Pradesh,Electronics,Headphones,4,17467.67,69870.68,Net Banking,Delivered,2024-09-08
ORD03238,Eva Dyal,Chandigarh,Chandigarh,Books,Comics,10,10963.22,109632.2,Debit Card,Shipped,2025-05-11
ORD03239,Gatik Joshi,Noida,Uttar Pradesh,Fashion,T-Shirt,5,16776.71,83883.55,Credit Card,Cancelled,2025-09-05
ORD03240,Heer Bahri,Delhi,Delhi,Furniture,Bed,4,77400.37,309601.48,Debit Card,Shipped,2026-02-23
ORD03241,Vivaan Sahota,Delhi,Delhi,Electronics,Headphones,9,374.59,3371.31,Net Banking,Shipped,2026-03-10
ORD03242,Armaan Upadhyay,Lucknow,Uttar Pradesh,Electronics,Laptop,6,31896.56,191379.36,Debit Card,Shipped,2025-12-31
ORD03243,Hansh Chandran,Bhopal,Madhya Pradesh,Books,Science Book,9,90784.76,817062.84,UPI,Shipped,2024-12-19
ORD03244,Divyansh Kalla,Coimbatore,Tamil Nadu,Electronics,Headphones,10,60567.63,605676.3,Debit Card,Delivered,2026-03-24
ORD03245,Vaibhav Sant,Visakhapatnam,Andhra Pradesh,Sports,Tennis Racket,1,27397.38,27397.38,Cash,Cancelled,2025-12-05
ORD03246,Nirvaan Soni,Noida,Uttar Pradesh,Fashion,Shoes,6,65434.6,392607.6,Cash,Cancelled,2025-07-30
ORD03247,Fateh Viswanathan,Ahmedabad,Gujarat,Home Appliances,Fan,7,41077.54,287542.78,Debit Card,Delivered,2025-11-29
ORD03248,Tara Dayal,Noida,Uttar Pradesh,Groceries,Snacks,6,80661.03,483966.18,Credit Card,Pending,2025-02-24
ORD03249,Prisha Balan,Mumbai,Maharashtra,Groceries,Oil,4,8781.22,35124.88,Net Banking,Cancelled,2026-03-03
ORD03250,Mannat Barman,Bengaluru,Karnataka,Home Appliances,Fan,10,54224.74,542247.4,Debit Card,Delivered,2025-09-16
ORD03251,Ranbir Vohra,Delhi,Delhi,Furniture,Bed,9,10330.05,92970.45,Debit Card,Shipped,2024-11-07
ORD03252,Fateh Sankaran,Lucknow,Uttar Pradesh,Books,History Book,8,15580.95,124647.6,Credit Card,Cancelled,2024-12-05
ORD03253,Parinaaz Bal,Chandigarh,Chandigarh,Books,Novel,8,3202.63,25621.04,Debit Card,Cancelled,2025-09-04
ORD03254,Umang Khosla,Bhopal,Madhya Pradesh,Books,Novel,6,63849.32,383095.92,Credit Card,Pending,2025-02-16
ORD03255,Aniruddh Choudhary,Chandigarh,Chandigarh,Home Appliances,Washing Machine,7,17027.1,119189.7,Cash,Pending,2026-03-25
ORD03256,Neelofar Kadakia,Noida,Uttar Pradesh,Beauty,Cream,9,23708.4,213375.6,Net Banking,Delivered,2025-11-03
ORD03257,Nakul Chaudhuri,Patna,Bihar,Home Appliances,Microwave,8,78612.52,628900.16,Cash,Cancelled,2024-12-15
ORD03258,Taran Sagar,Nagpur,Maharashtra,Electronics,Laptop,2,91584.51,183169.02,Debit Card,Shipped,2024-12-30
ORD03259,Taran Wadhwa,Patna,Bihar,Furniture,Sofa,10,62901.77,629017.7,UPI,Delivered,2025-02-19
ORD03260,Aniruddh Balan,Mysuru,Karnataka,Books,History Book,10,55816.1,558161.0,Credit Card,Delivered,2025-07-28
ORD03261,Misha Atwal,Lucknow,Uttar Pradesh,Sports,Football,10,90271.1,902711.0,Net Banking,Shipped,2026-03-23
ORD03262,Gatik Johal,Noida,Uttar Pradesh,Beauty,Face Wash,6,25081.9,150491.4,UPI,Cancelled,2026-01-02
ORD03263,Amani Kalla,Nagpur,Maharashtra,Books,Biography,3,65879.36,197638.08,Cash,Shipped,2026-04-10
ORD03264,Ehsaan Sidhu,Visakhapatnam,Andhra Pradesh,Furniture,Dining Table,5,34493.88,172469.4,Cash,Cancelled,2024-10-31
ORD03265,Neelofar Rau,Ranchi,Jharkhand,Electronics,Camera,7,57065.96,399461.72,Debit Card,Delivered,2024-12-30
ORD03266,Tushar Sathe,Lucknow,Uttar Pradesh,Home Appliances,Refrigerator,10,28254.77,282547.7,Credit Card,Cancelled,2026-03-10
ORD03267,Vivaan Khare,Pune,Maharashtra,Furniture,Sofa,10,5114.79,51147.9,Debit Card,Shipped,2024-10-22
ORD03268,Tiya Borra,Chandigarh,Chandigarh,Groceries,Milk,4,66132.19,264528.76,Debit Card,Cancelled,2024-05-28
ORD03269,Raunak Mann,Delhi,Delhi,Home Appliances,Refrigerator,9,20719.74,186477.66,Debit Card,Delivered,2024-09-07
ORD03270,Siya Gaba,Bengaluru,Karnataka,Fashion,Jeans,7,13482.78,94379.46,Net Banking,Delivered,2026-01-02
ORD03271,Arnav Khatri,Indore,Madhya Pradesh,Home Appliances,Washing Machine,4,76086.55,304346.2,Net Banking,Delivered,2024-07-12
ORD03272,Riya Devi,Chandigarh,Chandigarh,Sports,Football,3,58971.71,176915.13,Credit Card,Shipped,2024-05-16
ORD03273,Rohan Sura,Lucknow,Uttar Pradesh,Fashion,T-Shirt,8,95739.2,765913.6,UPI,Shipped,2025-01-02
ORD03274,Ishita Magar,Bhopal,Madhya Pradesh,Books,History Book,2,29203.07,58406.14,Cash,Shipped,2024-10-29
ORD03275,Aarav Vala,Indore,Madhya Pradesh,Sports,Tennis Racket,2,3418.2,6836.4,Credit Card,Pending,2025-09-28
ORD03276,Veer Kulkarni,Noida,Uttar Pradesh,Books,History Book,2,57896.19,115792.38,Cash,Cancelled,2025-01-06
ORD03277,Indranil Swaminathan,Guwahati,Assam,Groceries,Juice,6,47975.63,287853.78,UPI,Pending,2026-01-20
ORD03278,Ritvik Bhavsar,Noida,Uttar Pradesh,Beauty,Face Wash,8,46994.5,375956.0,Credit Card,Shipped,2026-03-27
ORD03279,Rati Soni,Vadodara,Gujarat,Fashion,Jacket,7,54384.11,380688.77,UPI,Shipped,2024-12-12
ORD03280,Neysa Barman,Bhopal,Madhya Pradesh,Sports,Yoga Mat,10,25180.69,251806.9,Net Banking,Shipped,2026-04-24
ORD03281,Anvi Babu,Chandigarh,Chandigarh,Groceries,Milk,7,83042.34,581296.38,Debit Card,Delivered,2025-12-09
ORD03282,Umang Gade,Pune,Maharashtra,Electronics,Laptop,1,4580.66,4580.66,Debit Card,Delivered,2024-10-18
ORD03283,Zoya Chopra,Noida,Uttar Pradesh,Home Appliances,Fan,9,64513.55,580621.95,Credit Card,Shipped,2025-11-04
ORD03284,Reyansh Bhatia,Bengaluru,Karnataka,Furniture,Chair,5,24955.96,124779.8,Cash,Pending,2026-01-18
ORD03285,Sara Desai,Chennai,Tamil Nadu,Beauty,Cream,5,56387.98,281939.9,Net Banking,Pending,2025-07-02
ORD03286,Lavanya Dar,Indore,Madhya Pradesh,Beauty,Perfume,4,26293.42,105173.68,Net Banking,Cancelled,2024-06-30
ORD03287,Hansh Warrior,Indore,Madhya Pradesh,Books,Comics,9,67308.38,605775.42,UPI,Pending,2025-02-11
ORD03288,Heer Keer,Indore,Madhya Pradesh,Sports,Cricket Bat,4,12887.36,51549.44,Debit Card,Shipped,2025-07-16
ORD03289,Lakshit Yogi,Hyderabad,Telangana,Home Appliances,Refrigerator,8,36941.72,295533.76,Cash,Cancelled,2024-09-15
ORD03290,Hiran Toor,Pune,Maharashtra,Furniture,Sofa,10,59059.21,590592.1,Net Banking,Cancelled,2025-03-25
ORD03291,Nitara Balay,Coimbatore,Tamil Nadu,Fashion,Jeans,4,82983.52,331934.08,UPI,Delivered,2024-08-05
ORD03292,Ela Gulati,Indore,Madhya Pradesh,Books,Science Book,6,14115.59,84693.54,Cash,Pending,2026-01-04
ORD03293,Jayan Dass,Bengaluru,Karnataka,Fashion,Shoes,2,13211.7,26423.4,Net Banking,Cancelled,2026-03-04
ORD03294,Vedika Tara,Lucknow,Uttar Pradesh,Beauty,Shampoo,5,96050.03,480250.15,UPI,Pending,2024-12-19
ORD03295,Fateh Luthra,Kochi,Kerala,Home Appliances,AC,3,85009.86,255029.58,UPI,Delivered,2025-04-04
ORD03296,Nitara Choudhry,Kochi,Kerala,Sports,Cricket Bat,10,26513.35,265133.5,Net Banking,Shipped,2024-10-25
ORD03297,Kabir Mani,Vadodara,Gujarat,Beauty,Shampoo,1,16226.74,16226.74,Cash,Cancelled,2024-05-31
ORD03298,Indrans Cheema,Bengaluru,Karnataka,Books,Science Book,2,87702.71,175405.42,Debit Card,Cancelled,2025-08-11
ORD03299,Badal Madan,Delhi,Delhi,Books,Science Book,4,33432.41,133729.64,Cash,Pending,2026-01-19
ORD03300,Vanya Contractor,Delhi,Delhi,Electronics,Camera,2,33539.64,67079.28,Cash,Delivered,2025-11-13
ORD03301,Jivin Sekhon,Lucknow,Uttar Pradesh,Electronics,Camera,5,98557.56,492787.8,Credit Card,Pending,2024-12-12
ORD03302,Rasha Sarkar,Bhopal,Madhya Pradesh,Furniture,Wardrobe,9,74492.95,670436.55,Debit Card,Delivered,2025-02-22
ORD03303,Jayant Kara,Kolkata,West Bengal,Home Appliances,Fan,4,13967.7,55870.8,Cash,Pending,2024-12-08
ORD03304,Umang Kata,Kochi,Kerala,Groceries,Oil,7,64111.03,448777.21,UPI,Shipped,2025-02-22
ORD03305,Krish Raju,Patna,Bihar,Home Appliances,Refrigerator,6,78336.51,470019.06,Net Banking,Cancelled,2025-03-04
ORD03306,Reyansh Boase,Chandigarh,Chandigarh,Sports,Tennis Racket,10,7203.14,72031.4,Cash,Shipped,2025-08-08
ORD03307,Navya Gopal,Nagpur,Maharashtra,Home Appliances,Fan,4,19668.11,78672.44,Cash,Shipped,2025-09-06
ORD03308,Jiya Mander,Guwahati,Assam,Books,Science Book,10,19697.22,196972.2,UPI,Pending,2025-08-16
ORD03309,Kashvi Roy,Delhi,Delhi,Furniture,Sofa,8,20134.97,161079.76,Debit Card,Cancelled,2026-04-10
ORD03310,Jivin Virk,Noida,Uttar Pradesh,Home Appliances,Washing Machine,7,53638.71,375470.97,UPI,Cancelled,2026-04-17
ORD03311,Lavanya Krishnan,Bengaluru,Karnataka,Beauty,Perfume,8,83662.96,669303.68,Debit Card,Pending,2025-09-27
ORD03312,Sana Shah,Pune,Maharashtra,Electronics,Mobile,5,80057.95,400289.75,UPI,Shipped,2025-07-04
ORD03313,Manjari Lalla,Mysuru,Karnataka,Beauty,Cream,7,84120.26,588841.82,UPI,Pending,2024-10-08
ORD03314,Aarav Varughese,Chandigarh,Chandigarh,Furniture,Chair,7,37498.62,262490.34,UPI,Pending,2024-08-19
ORD03315,Anahi Upadhyay,Delhi,Delhi,Groceries,Milk,4,49865.04,199460.16,Net Banking,Cancelled,2026-02-14
ORD03316,Miraan Hayre,Bhopal,Madhya Pradesh,Home Appliances,Microwave,7,6415.7,44909.9,Debit Card,Cancelled,2025-01-18
ORD03317,Mahika Dewan,Jaipur,Rajasthan,Sports,Football,5,69779.6,348898.0,UPI,Pending,2026-01-14
ORD03318,Anahi Dhar,Patna,Bihar,Furniture,Chair,9,82006.42,738057.78,Net Banking,Pending,2026-02-27
ORD03319,Adira Kunda,Nagpur,Maharashtra,Books,Novel,6,68822.32,412933.92,Cash,Delivered,2024-07-17
ORD03320,Chirag Bail,Jaipur,Rajasthan,Beauty,Shampoo,4,58395.63,233582.52,Cash,Pending,2024-09-25
ORD03321,Shalv Yogi,Coimbatore,Tamil Nadu,Furniture,Dining Table,1,58389.18,58389.18,Net Banking,Pending,2026-01-23
ORD03322,Zain Rajagopal,Hyderabad,Telangana,Electronics,Headphones,10,83320.92,833209.2,Net Banking,Pending,2026-03-30
ORD03323,Renee Edwin,Jaipur,Rajasthan,Books,Science Book,10,91886.14,918861.4,Debit Card,Shipped,2025-07-10
ORD03324,Anya Hari,Surat,Gujarat,Books,Comics,6,83230.2,499381.2,Debit Card,Pending,2026-03-01
ORD03325,Nirvi Atwal,Pune,Maharashtra,Furniture,Sofa,2,1289.37,2578.74,Credit Card,Delivered,2025-11-05
ORD03326,Riya Krish,Chennai,Tamil Nadu,Groceries,Snacks,5,14093.87,70469.35,Debit Card,Cancelled,2026-03-26
ORD03327,Kashvi Varughese,Noida,Uttar Pradesh,Groceries,Rice,7,11679.04,81753.28,Debit Card,Shipped,2025-12-28
ORD03328,Yashvi Badal,Kochi,Kerala,Electronics,Camera,4,5734.31,22937.24,Net Banking,Pending,2025-03-18
ORD03329,Prerak Brar,Coimbatore,Tamil Nadu,Groceries,Snacks,9,89278.52,803506.68,UPI,Cancelled,2025-02-22
ORD03330,Vanya Sinha,Jaipur,Rajasthan,Furniture,Wardrobe,10,14512.49,145124.9,Net Banking,Cancelled,2025-07-19
ORD03331,Sana Chokshi,Ranchi,Jharkhand,Home Appliances,Washing Machine,4,34920.91,139683.64,UPI,Pending,2026-04-06
ORD03332,Divit Dugar,Kolkata,West Bengal,Groceries,Snacks,8,25207.22,201657.76,Credit Card,Shipped,2025-09-15
ORD03333,Rasha Shere,Vadodara,Gujarat,Electronics,Mobile,2,42905.74,85811.48,UPI,Pending,2026-02-23
ORD03334,Anahi Dasgupta,Pune,Maharashtra,Furniture,Chair,4,97656.12,390624.48,Debit Card,Delivered,2025-02-07
ORD03335,Prerak Ghose,Ahmedabad,Gujarat,Books,History Book,6,39289.79,235738.74,Net Banking,Delivered,2025-05-01
ORD03336,Veer Sharma,Guwahati,Assam,Furniture,Sofa,9,96104.43,864939.87,Cash,Pending,2024-12-29
ORD03337,Kabir Bansal,Bhopal,Madhya Pradesh,Groceries,Juice,4,32011.82,128047.28,UPI,Pending,2026-04-17
ORD03338,Alisha Lanka,Ranchi,Jharkhand,Home Appliances,Fan,8,83751.03,670008.24,UPI,Delivered,2024-11-23
ORD03339,Tejas Bhatti,Ahmedabad,Gujarat,Beauty,Perfume,10,25878.5,258785.0,UPI,Shipped,2026-04-23
ORD03340,Zain Sagar,Vadodara,Gujarat,Fashion,Shoes,5,98193.54,490967.7,Credit Card,Shipped,2024-10-12
ORD03341,Raghav Seth,Kolkata,West Bengal,Beauty,Perfume,7,2056.17,14393.19,Net Banking,Delivered,2025-06-10
ORD03342,Ira Verma,Ranchi,Jharkhand,Electronics,Laptop,9,88997.47,800977.23,Credit Card,Pending,2026-01-21
ORD03343,Rasha Barman,Surat,Gujarat,Groceries,Juice,10,2256.17,22561.7,Credit Card,Delivered,2024-06-04
ORD03344,Mamooty Handa,Lucknow,Uttar Pradesh,Electronics,Laptop,5,81097.4,405487.0,Credit Card,Shipped,2024-08-19
ORD03345,Yuvraj  Chad,Lucknow,Uttar Pradesh,Sports,Football,6,99164.53,594987.18,Debit Card,Pending,2025-10-25
ORD03346,Ayesha Mahajan,Chandigarh,Chandigarh,Home Appliances,Microwave,2,50835.83,101671.66,Credit Card,Delivered,2025-11-20
ORD03347,Shlok Shroff,Ranchi,Jharkhand,Books,History Book,6,58808.54,352851.24,Credit Card,Pending,2026-03-08
ORD03348,Kabir Din,Kochi,Kerala,Fashion,T-Shirt,7,78812.61,551688.27,Credit Card,Delivered,2026-01-07
ORD03349,Raunak Dugal,Bhopal,Madhya Pradesh,Electronics,Camera,7,37742.94,264200.58,Net Banking,Delivered,2026-04-23
ORD03350,Faiyaz Shukla,Indore,Madhya Pradesh,Books,Novel,6,20997.92,125987.52,Cash,Shipped,2026-02-03
ORD03351,Kanav Varma,Hyderabad,Telangana,Groceries,Juice,8,731.9,5855.2,UPI,Delivered,2024-12-20
ORD03352,Tiya Vora,Vadodara,Gujarat,Sports,Yoga Mat,10,18046.3,180463.0,Cash,Cancelled,2024-08-11
ORD03353,Anahita Sane,Visakhapatnam,Andhra Pradesh,Beauty,Face Wash,5,60631.74,303158.7,Debit Card,Shipped,2026-02-24
ORD03354,Anya Raman,Surat,Gujarat,Books,Novel,1,36080.55,36080.55,Cash,Delivered,2025-09-15
ORD03355,Neelofar Hegde,Chandigarh,Chandigarh,Beauty,Face Wash,5,82589.79,412948.95,Net Banking,Shipped,2026-03-15
ORD03356,Kartik Sur,Noida,Uttar Pradesh,Home Appliances,Fan,9,95114.79,856033.11,Credit Card,Pending,2024-12-04
ORD03357,Elakshi Mahajan,Mumbai,Maharashtra,Groceries,Snacks,6,17654.84,105929.04,Cash,Cancelled,2025-03-26
ORD03358,Miraya Chakraborty,Kochi,Kerala,Groceries,Rice,5,15839.51,79197.55,UPI,Shipped,2024-09-28
ORD03359,Pranay Ganguly,Guwahati,Assam,Electronics,Laptop,2,68626.78,137253.56,Net Banking,Shipped,2025-05-08
ORD03360,Manikya Varkey,Vadodara,Gujarat,Beauty,Perfume,10,895.45,8954.5,Net Banking,Pending,2024-06-08
ORD03361,Rati Kalla,Indore,Madhya Pradesh,Beauty,Perfume,1,21385.71,21385.71,UPI,Shipped,2024-06-16
ORD03362,Keya Arora,Chennai,Tamil Nadu,Electronics,Mobile,5,1035.24,5176.2,Credit Card,Pending,2025-03-18
ORD03363,Shamik Bhavsar,Vadodara,Gujarat,Sports,Football,4,83231.96,332927.84,UPI,Shipped,2025-12-28
ORD03364,Divyansh Kumer,Patna,Bihar,Books,Biography,6,46163.9,276983.4,Credit Card,Shipped,2025-09-27
ORD03365,Dhruv Srinivas,Chandigarh,Chandigarh,Furniture,Wardrobe,6,64990.84,389945.04,Credit Card,Shipped,2024-11-27
ORD03366,Advik Dhaliwal,Bengaluru,Karnataka,Electronics,Laptop,9,6958.03,62622.27,Net Banking,Delivered,2025-01-01
ORD03367,Dishani Ray,Visakhapatnam,Andhra Pradesh,Electronics,Mobile,8,35766.17,286129.36,Credit Card,Delivered,2025-03-15
ORD03368,Ivana Khalsa,Pune,Maharashtra,Fashion,Watch,8,7024.02,56192.16,Cash,Delivered,2026-03-06
ORD03369,Romil Kala,Kolkata,West Bengal,Home Appliances,Refrigerator,4,51071.21,204284.84,Debit Card,Delivered,2024-09-25
ORD03370,Nayantara Shanker,Noida,Uttar Pradesh,Home Appliances,Microwave,3,58977.01,176931.03,Credit Card,Shipped,2026-02-07
ORD03371,Amira Luthra,Hyderabad,Telangana,Sports,Yoga Mat,4,53848.61,215394.44,Net Banking,Cancelled,2024-11-05
ORD03372,Anay Kapur,Pune,Maharashtra,Sports,Football,5,18046.33,90231.65,Debit Card,Pending,2024-06-06
ORD03373,Sahil Gole,Pune,Maharashtra,Furniture,Chair,7,66355.9,464491.3,UPI,Cancelled,2025-03-24
ORD03374,Pranay Kari,Ranchi,Jharkhand,Beauty,Face Wash,5,3584.62,17923.1,Credit Card,Pending,2024-06-29
ORD03375,Fateh Yadav,Ahmedabad,Gujarat,Home Appliances,AC,3,72683.33,218049.99,Credit Card,Delivered,2025-05-31
ORD03376,Ritvik Mann,Bengaluru,Karnataka,Furniture,Wardrobe,1,70082.07,70082.07,Credit Card,Pending,2025-11-16
ORD03377,Tushar Saini,Pune,Maharashtra,Electronics,Camera,5,45739.01,228695.05,Net Banking,Pending,2025-12-26
ORD03378,Renee Setty,Noida,Uttar Pradesh,Books,History Book,3,82696.07,248088.21,Credit Card,Delivered,2025-04-08
ORD03379,Yakshit Bose,Mumbai,Maharashtra,Books,Science Book,1,74323.89,74323.89,Credit Card,Delivered,2025-12-10
ORD03380,Tejas Wali,Ahmedabad,Gujarat,Home Appliances,Fan,1,84922.01,84922.01,Debit Card,Shipped,2024-08-01
ORD03381,Aradhya Varma,Chandigarh,Chandigarh,Groceries,Juice,5,55860.53,279302.65,Cash,Pending,2024-10-24
ORD03382,Eva Mann,Kolkata,West Bengal,Books,Comics,5,41733.29,208666.45,Credit Card,Shipped,2024-11-06
ORD03383,Amira Kulkarni,Patna,Bihar,Sports,Gym Bag,4,34829.03,139316.12,Debit Card,Delivered,2024-09-13
ORD03384,Tushar Dhar,Bhopal,Madhya Pradesh,Home Appliances,Fan,8,78766.8,630134.4,Debit Card,Pending,2025-07-07
ORD03385,Shaan Dey,Noida,Uttar Pradesh,Books,Science Book,9,63448.82,571039.38,UPI,Pending,2026-04-05
ORD03386,Chirag Bhatia,Jaipur,Rajasthan,Fashion,Shoes,2,19004.35,38008.7,UPI,Delivered,2025-03-25
ORD03387,Manjari Garde,Delhi,Delhi,Books,History Book,8,81776.97,654215.76,Debit Card,Delivered,2026-05-06
ORD03388,Riya Ram,Delhi,Delhi,Groceries,Oil,10,63158.91,631589.1,Net Banking,Cancelled,2025-09-14
ORD03389,Zaina Sinha,Kolkata,West Bengal,Groceries,Snacks,10,8611.56,86115.6,Cash,Shipped,2025-07-26
ORD03390,Veer Bhakta,Visakhapatnam,Andhra Pradesh,Home Appliances,Washing Machine,4,63945.71,255782.84,Debit Card,Delivered,2025-01-10
ORD03391,Nitya Anne,Kolkata,West Bengal,Furniture,Chair,6,91453.06,548718.36,Debit Card,Delivered,2024-12-24
ORD03392,Samiha Dhaliwal,Pune,Maharashtra,Electronics,Camera,6,59668.44,358010.64,Cash,Delivered,2025-12-06
ORD03393,Akarsh Bera,Patna,Bihar,Groceries,Snacks,5,89397.98,446989.9,Cash,Shipped,2025-08-07
ORD03394,Shayak Sampath,Noida,Uttar Pradesh,Fashion,Jeans,6,76009.64,456057.84,Debit Card,Delivered,2026-04-09
ORD03395,Umang Gulati,Indore,Madhya Pradesh,Books,History Book,5,7116.14,35580.7,Debit Card,Pending,2026-04-29
ORD03396,Krish Bath,Kolkata,West Bengal,Groceries,Juice,4,7770.41,31081.64,UPI,Pending,2024-08-19
ORD03397,Advika Wadhwa,Hyderabad,Telangana,Books,Comics,10,45014.3,450143.0,Net Banking,Cancelled,2024-05-09
ORD03398,Bhavin Yogi,Lucknow,Uttar Pradesh,Fashion,Jeans,7,34793.99,243557.93,Cash,Shipped,2024-08-12
ORD03399,Shlok Dar,Bhopal,Madhya Pradesh,Home Appliances,Microwave,4,49810.16,199240.64,Debit Card,Delivered,2024-11-24
ORD03400,Ahana  Bir,Ranchi,Jharkhand,Groceries,Rice,5,19970.7,99853.5,UPI,Shipped,2024-08-21
ORD03401,Pari Borde,Jaipur,Rajasthan,Sports,Tennis Racket,6,81676.12,490056.72,Credit Card,Shipped,2025-01-09
ORD03402,Anahi Bir,Hyderabad,Telangana,Sports,Cricket Bat,5,328.98,1644.9,Net Banking,Shipped,2025-01-01
ORD03403,Kashvi Dixit,Vadodara,Gujarat,Home Appliances,Microwave,4,90304.17,361216.68,Cash,Pending,2026-01-31
ORD03404,Mamooty Hari,Bhopal,Madhya Pradesh,Beauty,Cream,8,99938.14,799505.12,Credit Card,Delivered,2025-02-24
ORD03405,Biju Sharma,Mysuru,Karnataka,Home Appliances,Fan,10,84549.25,845492.5,Cash,Delivered,2025-03-19
ORD03406,Saksham Taneja,Lucknow,Uttar Pradesh,Electronics,Camera,5,68739.13,343695.65,UPI,Cancelled,2024-11-10
ORD03407,Eshani Dara,Patna,Bihar,Beauty,Shampoo,8,89451.64,715613.12,Credit Card,Cancelled,2025-02-22
ORD03408,Divit Ravi,Indore,Madhya Pradesh,Fashion,Jeans,4,4071.72,16286.88,UPI,Delivered,2025-05-20
ORD03409,Vivaan Bhatt,Delhi,Delhi,Groceries,Juice,5,33833.58,169167.9,UPI,Cancelled,2026-05-05
ORD03410,Stuvan Agarwal,Coimbatore,Tamil Nadu,Groceries,Rice,3,24667.5,74002.5,UPI,Delivered,2025-07-03
ORD03411,Nirvaan Bora,Mysuru,Karnataka,Beauty,Cream,8,21693.11,173544.88,Net Banking,Pending,2025-08-14
ORD03412,Ivan Dash,Chandigarh,Chandigarh,Sports,Tennis Racket,7,70073.94,490517.58,Cash,Shipped,2026-03-14
ORD03413,Ritvik Khare,Ahmedabad,Gujarat,Home Appliances,Fan,9,59034.86,531313.74,UPI,Cancelled,2025-09-23
ORD03414,Ishita Bakshi,Lucknow,Uttar Pradesh,Groceries,Juice,4,15903.34,63613.36,Debit Card,Shipped,2024-08-17
ORD03415,Vanya Kala,Nagpur,Maharashtra,Books,Biography,4,33323.44,133293.76,UPI,Cancelled,2024-08-01
ORD03416,Krish Gokhale,Surat,Gujarat,Books,Biography,5,30223.54,151117.7,UPI,Shipped,2025-02-20
ORD03417,Saanvi Jhaveri,Bengaluru,Karnataka,Books,Comics,8,37882.14,303057.12,Net Banking,Delivered,2025-09-23
ORD03418,Tejas Bansal,Chennai,Tamil Nadu,Beauty,Shampoo,8,41403.28,331226.24,Net Banking,Cancelled,2025-07-12
ORD03419,Zoya Thakkar,Ranchi,Jharkhand,Furniture,Sofa,3,23931.94,71795.82,UPI,Cancelled,2025-10-23
ORD03420,Shlok Chand,Nagpur,Maharashtra,Home Appliances,Refrigerator,9,37319.64,335876.76,Debit Card,Pending,2024-12-13
ORD03421,Sara Yohannan,Hyderabad,Telangana,Fashion,T-Shirt,9,15690.92,141218.28,Credit Card,Cancelled,2025-03-07
ORD03422,Nakul Kakar,Pune,Maharashtra,Sports,Cricket Bat,7,75016.8,525117.6,Cash,Shipped,2025-04-20
ORD03423,Nitara Vig,Surat,Gujarat,Groceries,Snacks,1,23502.48,23502.48,Debit Card,Delivered,2025-07-04
ORD03424,Navya Kaur,Kochi,Kerala,Electronics,Laptop,7,71018.83,497131.81,Debit Card,Delivered,2024-12-25
ORD03425,Sana Raja,Bhopal,Madhya Pradesh,Fashion,Watch,5,26448.66,132243.3,Net Banking,Cancelled,2025-09-08
ORD03426,Dishani Dhillon,Lucknow,Uttar Pradesh,Fashion,Jeans,3,25674.59,77023.77,UPI,Shipped,2024-07-07
ORD03427,Khushi Golla,Vadodara,Gujarat,Books,Novel,4,20679.86,82719.44,Cash,Pending,2025-10-08
ORD03428,Reyansh Tara,Indore,Madhya Pradesh,Groceries,Snacks,7,56449.8,395148.6,Credit Card,Pending,2025-10-24
ORD03429,Jivika Wadhwa,Kochi,Kerala,Books,Novel,2,79019.36,158038.72,Debit Card,Delivered,2025-02-09
ORD03430,Nirvaan Wason,Chandigarh,Chandigarh,Electronics,Headphones,6,62932.34,377594.04,Cash,Cancelled,2025-09-05
ORD03431,Madhav Bath,Jaipur,Rajasthan,Books,Novel,6,62888.71,377332.26,Cash,Pending,2025-05-01
ORD03432,Nakul Borra,Mumbai,Maharashtra,Groceries,Snacks,3,48169.88,144509.64,UPI,Cancelled,2025-12-10
ORD03433,Drishya Kothari,Visakhapatnam,Andhra Pradesh,Groceries,Oil,10,75338.53,753385.3,Net Banking,Cancelled,2024-08-15
ORD03434,Vaibhav Bora,Kochi,Kerala,Home Appliances,Washing Machine,8,91127.59,729020.72,UPI,Delivered,2025-06-12
ORD03435,Anika Krish,Bhopal,Madhya Pradesh,Sports,Cricket Bat,6,80027.11,480162.66,Net Banking,Delivered,2024-09-10
ORD03436,Veer Rana,Bhopal,Madhya Pradesh,Furniture,Bed,9,52658.89,473930.01,Credit Card,Pending,2025-06-06
ORD03437,Saira Batta,Coimbatore,Tamil Nadu,Beauty,Shampoo,7,83405.21,583836.47,Credit Card,Pending,2024-09-04
ORD03438,Tanya Subramanian,Surat,Gujarat,Sports,Tennis Racket,10,3595.89,35958.9,UPI,Pending,2025-02-23
ORD03439,Vedika Thakur,Ranchi,Jharkhand,Sports,Cricket Bat,9,6865.53,61789.77,Debit Card,Cancelled,2025-08-21
ORD03440,Abram Kota,Visakhapatnam,Andhra Pradesh,Sports,Gym Bag,2,80905.37,161810.74,Debit Card,Shipped,2024-09-20
ORD03441,Jhanvi Manda,Guwahati,Assam,Fashion,T-Shirt,5,80725.7,403628.5,Credit Card,Cancelled,2025-09-30
ORD03442,Hazel Tailor,Hyderabad,Telangana,Sports,Cricket Bat,2,80904.69,161809.38,Net Banking,Delivered,2024-08-06
ORD03443,Tanya Dalal,Kochi,Kerala,Beauty,Cream,6,82421.59,494529.54,UPI,Delivered,2026-02-17
ORD03444,Pihu Bhandari,Guwahati,Assam,Furniture,Chair,4,19989.24,79956.96,UPI,Delivered,2025-10-25
ORD03445,Raunak Lad,Chennai,Tamil Nadu,Electronics,Camera,1,8150.54,8150.54,Net Banking,Pending,2025-05-06
ORD03446,Kismat Barad,Noida,Uttar Pradesh,Beauty,Cream,2,43218.2,86436.4,Cash,Shipped,2025-10-21
ORD03447,Jhanvi Badal,Bhopal,Madhya Pradesh,Beauty,Cream,5,38128.55,190642.75,UPI,Shipped,2024-12-05
ORD03448,Saanvi Batta,Coimbatore,Tamil Nadu,Sports,Football,8,27933.58,223468.64,Net Banking,Pending,2024-06-19
ORD03449,Aniruddh Dass,Coimbatore,Tamil Nadu,Books,Novel,4,33103.87,132415.48,Net Banking,Pending,2026-01-22
ORD03450,Kismat Warrior,Ahmedabad,Gujarat,Sports,Football,4,48331.62,193326.48,Net Banking,Cancelled,2025-07-28
ORD03451,Eshani Sarraf,Nagpur,Maharashtra,Beauty,Shampoo,1,82166.63,82166.63,Debit Card,Pending,2024-11-03
ORD03452,Madhav Gala,Chennai,Tamil Nadu,Books,Science Book,3,56492.34,169477.02,Debit Card,Delivered,2025-08-23
ORD03453,Misha Mani,Visakhapatnam,Andhra Pradesh,Furniture,Sofa,2,22136.41,44272.82,Credit Card,Shipped,2025-01-27
ORD03454,Lavanya Chaudhari,Coimbatore,Tamil Nadu,Sports,Cricket Bat,1,79852.45,79852.45,Debit Card,Shipped,2025-04-11
ORD03455,Divyansh Sunder,Mysuru,Karnataka,Fashion,Jacket,4,608.1,2432.4,Credit Card,Pending,2025-01-19
ORD03456,Kanav Khatri,Surat,Gujarat,Sports,Tennis Racket,7,79714.66,558002.62,Net Banking,Pending,2025-11-12
ORD03457,Anika Devan,Bengaluru,Karnataka,Groceries,Oil,7,9749.59,68247.13,UPI,Shipped,2025-09-25
ORD03458,Diya Maharaj,Delhi,Delhi,Sports,Gym Bag,6,35340.66,212043.96,Cash,Cancelled,2026-02-03
ORD03459,Jiya Gera,Patna,Bihar,Home Appliances,Refrigerator,8,59859.09,478872.72,Cash,Pending,2025-11-23
ORD03460,Krish Taneja,Guwahati,Assam,Home Appliances,Fan,4,43258.6,173034.4,Debit Card,Shipped,2024-11-03
ORD03461,Sahil Varma,Coimbatore,Tamil Nadu,Groceries,Oil,6,42324.89,253949.34,Debit Card,Delivered,2026-01-11
ORD03462,Shayak Kumer,Lucknow,Uttar Pradesh,Sports,Gym Bag,1,6250.68,6250.68,Debit Card,Shipped,2024-10-18
ORD03463,Shayak Handa,Visakhapatnam,Andhra Pradesh,Sports,Gym Bag,7,51675.88,361731.16,Net Banking,Delivered,2024-07-31
ORD03464,Zara Vala,Bhopal,Madhya Pradesh,Books,Comics,7,61826.27,432783.89,UPI,Delivered,2024-09-26
ORD03465,Hunar Bail,Vadodara,Gujarat,Beauty,Face Wash,8,21887.33,175098.64,Credit Card,Cancelled,2025-12-28
ORD03466,Nitara Aggarwal,Jaipur,Rajasthan,Home Appliances,Washing Machine,3,69542.43,208627.29,Net Banking,Delivered,2026-04-23
ORD03467,Kiara Sundaram,Delhi,Delhi,Fashion,T-Shirt,7,20384.64,142692.48,Net Banking,Cancelled,2025-11-11
ORD03468,Raghav Rajan,Bhopal,Madhya Pradesh,Electronics,Laptop,9,87935.01,791415.09,Cash,Pending,2024-08-07
ORD03469,Nirvaan Kaur,Hyderabad,Telangana,Groceries,Juice,4,65811.82,263247.28,UPI,Cancelled,2025-03-01
ORD03470,Kavya Sarna,Pune,Maharashtra,Furniture,Sofa,9,2202.69,19824.21,Cash,Delivered,2025-10-20
ORD03471,Yasmin Dhillon,Guwahati,Assam,Fashion,Jeans,1,72661.29,72661.29,Cash,Delivered,2025-02-18
ORD03472,Jivika Lall,Ahmedabad,Gujarat,Groceries,Snacks,1,20550.85,20550.85,Net Banking,Cancelled,2026-03-24
ORD03473,Vardaniya Kurian,Coimbatore,Tamil Nadu,Beauty,Perfume,7,71397.22,499780.54,Debit Card,Shipped,2026-01-21
ORD03474,Mehul Kashyap,Mumbai,Maharashtra,Sports,Football,1,70648.48,70648.48,UPI,Delivered,2025-01-26
ORD03475,Yakshit Desai,Noida,Uttar Pradesh,Fashion,Watch,10,5260.62,52606.2,Cash,Pending,2024-08-29
ORD03476,Arnav Mahajan,Noida,Uttar Pradesh,Beauty,Cream,7,85427.47,597992.29,Debit Card,Pending,2025-03-23
ORD03477,Aarush Choudhury,Visakhapatnam,Andhra Pradesh,Furniture,Chair,1,33641.19,33641.19,Net Banking,Shipped,2025-01-10
ORD03478,Dhanuk Guha,Patna,Bihar,Fashion,T-Shirt,10,92767.4,927674.0,Cash,Cancelled,2026-03-23
ORD03479,Armaan Deshmukh,Delhi,Delhi,Home Appliances,AC,8,35135.62,281084.96,Debit Card,Delivered,2024-05-09
ORD03480,Anya Jayaraman,Kolkata,West Bengal,Sports,Tennis Racket,5,1536.89,7684.45,UPI,Cancelled,2026-02-16
ORD03481,Anahita Ramakrishnan,Noida,Uttar Pradesh,Books,Biography,9,20102.12,180919.08,Cash,Shipped,2024-09-02
ORD03482,Lakshay Choudhury,Delhi,Delhi,Home Appliances,Washing Machine,8,80836.8,646694.4,Cash,Pending,2026-02-04
ORD03483,Zaina Ganguly,Bhopal,Madhya Pradesh,Furniture,Chair,2,78012.41,156024.82,UPI,Cancelled,2025-12-06
ORD03484,Abram Chawla,Ranchi,Jharkhand,Home Appliances,Fan,4,89179.57,356718.28,Cash,Shipped,2024-06-29
ORD03485,Nehmat Chakrabarti,Bhopal,Madhya Pradesh,Sports,Cricket Bat,2,77489.86,154979.72,Debit Card,Cancelled,2025-02-05
ORD03486,Ivan Ahluwalia,Mumbai,Maharashtra,Furniture,Chair,3,31634.06,94902.18,Credit Card,Pending,2025-12-12
ORD03487,Manikya Ravi,Bhopal,Madhya Pradesh,Sports,Yoga Mat,3,85921.02,257763.06,Debit Card,Pending,2025-08-22
ORD03488,Ranbir Bandi,Kolkata,West Bengal,Groceries,Oil,9,91975.04,827775.36,Credit Card,Delivered,2025-09-02
ORD03489,Riaan Comar,Vadodara,Gujarat,Home Appliances,Refrigerator,1,74322.4,74322.4,Cash,Pending,2024-12-17
ORD03490,Seher Ganguly,Delhi,Delhi,Electronics,Mobile,8,2756.68,22053.44,Cash,Cancelled,2026-01-14
ORD03491,Zara Issac,Hyderabad,Telangana,Furniture,Dining Table,3,60588.55,181765.65,UPI,Delivered,2024-10-19
ORD03492,Mannat Aggarwal,Lucknow,Uttar Pradesh,Books,History Book,5,33685.11,168425.55,Debit Card,Delivered,2024-07-27
ORD03493,Elakshi Dugar,Lucknow,Uttar Pradesh,Furniture,Chair,2,31194.59,62389.18,Cash,Pending,2025-11-18
ORD03494,Vardaniya Yogi,Noida,Uttar Pradesh,Electronics,Camera,2,7723.58,15447.16,UPI,Delivered,2025-10-02
ORD03495,Samaira Balakrishnan,Coimbatore,Tamil Nadu,Electronics,Mobile,3,44150.39,132451.17,Credit Card,Pending,2024-10-03
ORD03496,Priyansh Ramanathan,Noida,Uttar Pradesh,Fashion,Jacket,2,45881.91,91763.82,Debit Card,Pending,2024-12-06
ORD03497,Eva Hayer,Vadodara,Gujarat,Books,History Book,10,90353.89,903538.9,Credit Card,Pending,2025-08-27
ORD03498,Rhea Dixit,Patna,Bihar,Beauty,Cream,10,97589.96,975899.6,Credit Card,Shipped,2026-04-13
ORD03499,Faiyaz Mani,Mumbai,Maharashtra,Beauty,Perfume,10,87689.92,876899.2,Credit Card,Delivered,2025-10-15
ORD03500,Suhana Dugar,Pune,Maharashtra,Books,Science Book,6,43689.56,262137.36,UPI,Pending,2025-11-01
ORD03501,Anaya Dash,Guwahati,Assam,Beauty,Perfume,1,32753.12,32753.12,Credit Card,Cancelled,2025-11-03
ORD03502,Yashvi Guha,Ranchi,Jharkhand,Books,History Book,2,60012.71,120025.42,Debit Card,Shipped,2024-07-30
ORD03503,Ivan Yogi,Lucknow,Uttar Pradesh,Electronics,Smart TV,9,41693.56,375242.04,UPI,Delivered,2025-11-11
ORD03504,Indrajit Sundaram,Chennai,Tamil Nadu,Books,Science Book,10,96339.9,963399.0,Cash,Delivered,2024-09-10
ORD03505,Aarush Sarna,Chandigarh,Chandigarh,Groceries,Oil,6,69930.18,419581.08,UPI,Pending,2024-06-06
ORD03506,Ela Madan,Chandigarh,Chandigarh,Beauty,Perfume,2,37120.62,74241.24,Net Banking,Pending,2025-09-10
ORD03507,Jiya Tiwari,Ranchi,Jharkhand,Furniture,Bed,6,80060.02,480360.12,Debit Card,Delivered,2025-06-19
ORD03508,Eva Dora,Lucknow,Uttar Pradesh,Fashion,Watch,3,69829.79,209489.37,Net Banking,Shipped,2024-12-02
ORD03509,Tejas Sarma,Hyderabad,Telangana,Books,Biography,7,97927.72,685494.04,UPI,Cancelled,2024-05-28
ORD03510,Aarna Dass,Patna,Bihar,Groceries,Juice,3,73443.96,220331.88,Credit Card,Cancelled,2025-04-19
ORD03511,Raghav Rama,Bengaluru,Karnataka,Home Appliances,Refrigerator,7,99626.16,697383.12,Net Banking,Shipped,2025-06-15
ORD03512,Dhanuk Khosla,Surat,Gujarat,Books,Novel,5,75993.62,379968.1,UPI,Shipped,2024-05-07
ORD03513,Lakshay Ghose,Jaipur,Rajasthan,Groceries,Milk,10,86836.46,868364.6,Credit Card,Cancelled,2025-10-06
ORD03514,Taimur Balan,Mumbai,Maharashtra,Furniture,Wardrobe,10,97043.45,970434.5,Cash,Shipped,2026-02-01
ORD03515,Drishya Srinivas,Bengaluru,Karnataka,Fashion,Jacket,1,65373.63,65373.63,Net Banking,Cancelled,2025-01-21
ORD03516,Vivaan Solanki,Kochi,Kerala,Books,Science Book,1,95654.3,95654.3,Net Banking,Cancelled,2024-10-21
ORD03517,Tarini Kala,Delhi,Delhi,Sports,Cricket Bat,10,89610.87,896108.7,Cash,Cancelled,2025-07-21
ORD03518,Indranil Sanghvi,Delhi,Delhi,Beauty,Face Wash,10,99780.49,997804.9,Credit Card,Pending,2024-07-12
ORD03519,Zaina Batta,Jaipur,Rajasthan,Beauty,Cream,3,28252.92,84758.76,Net Banking,Pending,2025-04-26
ORD03520,Ela Contractor,Indore,Madhya Pradesh,Furniture,Wardrobe,6,70857.7,425146.2,Credit Card,Delivered,2025-01-14
ORD03521,Sumer Kuruvilla,Pune,Maharashtra,Beauty,Cream,3,13462.38,40387.14,Credit Card,Shipped,2026-01-24
ORD03522,Saira Sarkar,Bengaluru,Karnataka,Books,Biography,9,99966.42,899697.78,UPI,Shipped,2024-05-31
ORD03523,Yakshit Solanki,Patna,Bihar,Books,Comics,5,59628.78,298143.9,Net Banking,Pending,2024-05-21
ORD03524,Nirvi Sachar,Ranchi,Jharkhand,Beauty,Cream,4,77907.67,311630.68,Credit Card,Pending,2024-12-18
ORD03525,Suhana Issac,Jaipur,Rajasthan,Beauty,Lipstick,2,62801.49,125602.98,UPI,Shipped,2025-03-29
ORD03526,Taimur Upadhyay,Mumbai,Maharashtra,Fashion,Watch,5,35448.0,177240.0,UPI,Pending,2026-05-06
ORD03527,Samaira Mall,Patna,Bihar,Furniture,Dining Table,10,39395.86,393958.6,Net Banking,Shipped,2025-12-21
ORD03528,Kanav Khatri,Nagpur,Maharashtra,Fashion,Jeans,10,66251.25,662512.5,Credit Card,Cancelled,2025-03-04
ORD03529,Gokul Dixit,Surat,Gujarat,Groceries,Juice,2,63575.51,127151.02,Credit Card,Pending,2025-12-01
ORD03530,Gokul Gill,Ranchi,Jharkhand,Electronics,Smart TV,10,35015.55,350155.5,Debit Card,Delivered,2024-05-14
ORD03531,Indrans Thakur,Patna,Bihar,Books,Comics,5,1668.33,8341.65,Credit Card,Delivered,2024-07-29
ORD03532,Amani Dewan,Chennai,Tamil Nadu,Sports,Cricket Bat,8,71958.93,575671.44,Cash,Shipped,2025-07-31
ORD03533,Adira Lall,Kochi,Kerala,Sports,Football,5,1387.08,6935.4,UPI,Pending,2025-10-21
ORD03534,Nirvaan Sarraf,Chennai,Tamil Nadu,Groceries,Oil,3,11928.39,35785.17,Debit Card,Delivered,2025-11-05
ORD03535,Mannat Chana,Nagpur,Maharashtra,Home Appliances,Fan,4,21924.51,87698.04,Debit Card,Shipped,2025-05-06
ORD03536,Kashvi Bawa,Ahmedabad,Gujarat,Fashion,Watch,1,10370.81,10370.81,Net Banking,Delivered,2024-07-30
ORD03537,Navya Walia,Chennai,Tamil Nadu,Beauty,Face Wash,9,45038.37,405345.33,UPI,Shipped,2025-08-12
ORD03538,Navya Goswami,Bhopal,Madhya Pradesh,Books,Biography,6,34604.29,207625.74,Debit Card,Shipped,2025-08-20
ORD03539,Sara Bhatt,Bengaluru,Karnataka,Furniture,Dining Table,4,52036.64,208146.56,Credit Card,Shipped,2024-08-12
ORD03540,Keya Uppal,Jaipur,Rajasthan,Furniture,Sofa,5,70676.65,353383.25,UPI,Pending,2024-05-14
ORD03541,Lakshay Ratti,Kochi,Kerala,Home Appliances,Washing Machine,4,5766.89,23067.56,UPI,Shipped,2026-04-29
ORD03542,Manikya Mammen,Guwahati,Assam,Beauty,Shampoo,5,81956.54,409782.7,Cash,Shipped,2025-09-23
ORD03543,Jhanvi Baria,Indore,Madhya Pradesh,Beauty,Face Wash,1,96588.71,96588.71,Debit Card,Shipped,2026-05-05
ORD03544,Kanav Saraf,Bhopal,Madhya Pradesh,Home Appliances,Microwave,7,87805.68,614639.76,Debit Card,Shipped,2024-07-27
ORD03545,Dhanush Dara,Vadodara,Gujarat,Groceries,Juice,1,4861.12,4861.12,Credit Card,Cancelled,2024-11-29
ORD03546,Aaryahi Suresh,Surat,Gujarat,Books,Comics,10,26581.57,265815.7,Debit Card,Pending,2025-01-22
ORD03547,Shayak Mahajan,Mumbai,Maharashtra,Furniture,Bed,6,28736.72,172420.32,Debit Card,Delivered,2025-01-10
ORD03548,Tushar Varughese,Surat,Gujarat,Home Appliances,AC,7,14446.29,101124.03,Credit Card,Pending,2024-11-27
ORD03549,Kimaya Jain,Coimbatore,Tamil Nadu,Furniture,Bed,2,87378.58,174757.16,Cash,Shipped,2026-04-03
ORD03550,Mishti Choudhary,Ranchi,Jharkhand,Books,Novel,7,35650.82,249555.74,Credit Card,Pending,2026-05-01
ORD03551,Shlok Kannan,Jaipur,Rajasthan,Groceries,Milk,5,89545.77,447728.85,Cash,Pending,2024-07-02
ORD03552,Ehsaan Bala,Jaipur,Rajasthan,Books,History Book,6,38050.75,228304.5,Cash,Shipped,2024-11-08
ORD03553,Sumer Bhatnagar,Ahmedabad,Gujarat,Fashion,Watch,3,29732.19,89196.57,Net Banking,Shipped,2024-11-16
ORD03554,Samaira Rajagopal,Surat,Gujarat,Home Appliances,Fan,6,86230.4,517382.4,Cash,Delivered,2025-05-07
ORD03555,Vanya Hayre,Kochi,Kerala,Home Appliances,AC,1,87089.53,87089.53,UPI,Pending,2024-06-05
ORD03556,Hridaan Bandi,Lucknow,Uttar Pradesh,Electronics,Smart TV,5,94956.51,474782.55,UPI,Pending,2026-01-25
ORD03557,Dhruv Sama,Noida,Uttar Pradesh,Sports,Yoga Mat,2,88120.01,176240.02,Credit Card,Delivered,2025-10-17
ORD03558,Rohan Sheth,Kolkata,West Bengal,Home Appliances,Washing Machine,2,47465.72,94931.44,Credit Card,Pending,2026-01-08
ORD03559,Samiha Rajan,Kolkata,West Bengal,Fashion,Shoes,8,98537.78,788302.24,Net Banking,Pending,2025-11-26
ORD03560,Parinaaz Rau,Lucknow,Uttar Pradesh,Beauty,Cream,3,90210.88,270632.64,Credit Card,Pending,2024-08-24
ORD03561,Vardaniya Mane,Jaipur,Rajasthan,Furniture,Bed,9,31958.06,287622.54,Cash,Pending,2024-10-12
ORD03562,Anya Chauhan,Delhi,Delhi,Groceries,Rice,6,29151.1,174906.6,Credit Card,Shipped,2025-04-19
ORD03563,Faiyaz Sankar,Hyderabad,Telangana,Sports,Cricket Bat,5,60852.95,304264.75,Cash,Cancelled,2026-01-25
ORD03564,Siya Kadakia,Guwahati,Assam,Books,Comics,9,83878.88,754909.92,Credit Card,Delivered,2025-08-01
ORD03565,Jivin Joshi,Noida,Uttar Pradesh,Books,Comics,6,47402.23,284413.38,Credit Card,Pending,2025-05-05
ORD03566,Pranay Gaba,Delhi,Delhi,Home Appliances,Microwave,7,95138.24,665967.68,Credit Card,Shipped,2025-06-30
ORD03567,Alia Char,Nagpur,Maharashtra,Electronics,Laptop,1,21287.3,21287.3,Credit Card,Cancelled,2025-11-20
ORD03568,Jayan Aggarwal,Pune,Maharashtra,Beauty,Perfume,1,89289.24,89289.24,Cash,Shipped,2025-03-27
ORD03569,Mahika Tripathi,Noida,Uttar Pradesh,Home Appliances,Fan,6,66290.85,397745.1,Credit Card,Shipped,2026-04-24
ORD03570,Ivan Srivastava,Noida,Uttar Pradesh,Books,Novel,7,7503.03,52521.21,Cash,Delivered,2026-02-13
ORD03571,Diya Gill,Kochi,Kerala,Books,History Book,3,8891.9,26675.7,Net Banking,Delivered,2025-11-17
ORD03572,Kiaan Khurana,Bhopal,Madhya Pradesh,Sports,Football,5,24970.9,124854.5,Debit Card,Pending,2024-05-23
ORD03573,Rasha Dash,Noida,Uttar Pradesh,Fashion,Jacket,10,57378.82,573788.2,Cash,Shipped,2026-02-18
ORD03574,Nakul Apte,Indore,Madhya Pradesh,Beauty,Face Wash,7,59123.32,413863.24,UPI,Shipped,2025-06-08
ORD03575,Aradhya Gala,Chennai,Tamil Nadu,Beauty,Perfume,3,69911.59,209734.77,UPI,Shipped,2025-04-17
ORD03576,Nitya Saini,Delhi,Delhi,Sports,Cricket Bat,10,28331.31,283313.1,Net Banking,Delivered,2024-08-12
ORD03577,Urvi Sharma,Kochi,Kerala,Electronics,Laptop,8,97407.71,779261.68,Net Banking,Cancelled,2024-07-24
ORD03578,Eva Kumar,Noida,Uttar Pradesh,Beauty,Perfume,5,54552.98,272764.9,Credit Card,Pending,2026-01-05
ORD03579,Dishani Warrior,Chandigarh,Chandigarh,Sports,Cricket Bat,5,10293.54,51467.7,Net Banking,Cancelled,2025-04-27
ORD03580,Mehul Walla,Indore,Madhya Pradesh,Electronics,Laptop,6,13296.83,79780.98,Credit Card,Cancelled,2024-08-28
ORD03581,Aarush Soni,Kolkata,West Bengal,Beauty,Lipstick,9,97227.8,875050.2,Credit Card,Delivered,2025-12-31
ORD03582,Kiara Kibe,Kolkata,West Bengal,Furniture,Dining Table,10,29253.61,292536.1,Credit Card,Shipped,2025-04-20
ORD03583,Yuvraj  Chaudry,Lucknow,Uttar Pradesh,Fashion,T-Shirt,7,23018.4,161128.8,Credit Card,Cancelled,2024-07-06
ORD03584,Jiya Kurian,Guwahati,Assam,Furniture,Bed,7,5711.46,39980.22,Net Banking,Cancelled,2025-05-27
ORD03585,Ishita Krishna,Kolkata,West Bengal,Electronics,Mobile,4,19732.53,78930.12,Cash,Delivered,2024-07-03
ORD03586,Kismat Deo,Kochi,Kerala,Fashion,Jeans,10,63580.32,635803.2,Credit Card,Pending,2025-04-12
ORD03587,Rasha Khalsa,Visakhapatnam,Andhra Pradesh,Books,Comics,3,26727.77,80183.31,Debit Card,Shipped,2026-03-09
ORD03588,Vardaniya Sethi,Guwahati,Assam,Groceries,Rice,4,44000.27,176001.08,Cash,Pending,2025-01-12
ORD03589,Ahana  Chakrabarti,Jaipur,Rajasthan,Groceries,Rice,5,29715.33,148576.65,Cash,Pending,2025-03-30
ORD03590,Dhruv Tella,Pune,Maharashtra,Beauty,Cream,6,68466.21,410797.26,Net Banking,Cancelled,2024-10-12
ORD03591,Madhav Hegde,Mumbai,Maharashtra,Fashion,Jacket,10,21622.85,216228.5,UPI,Cancelled,2025-02-08
ORD03592,Nayantara Chopra,Kolkata,West Bengal,Groceries,Rice,8,31873.55,254988.4,UPI,Cancelled,2025-09-29
ORD03593,Miraya Rout,Coimbatore,Tamil Nadu,Fashion,Jacket,9,90193.91,811745.19,Credit Card,Delivered,2025-03-25
ORD03594,Rania Bobal,Nagpur,Maharashtra,Groceries,Rice,6,13540.62,81243.72,Debit Card,Pending,2025-01-19
ORD03595,Faiyaz Toor,Kolkata,West Bengal,Sports,Tennis Racket,8,89202.37,713618.96,Net Banking,Cancelled,2026-01-18
ORD03596,Kiara Gara,Indore,Madhya Pradesh,Groceries,Rice,2,84541.59,169083.18,Net Banking,Cancelled,2024-07-06
ORD03597,Mehul Balay,Patna,Bihar,Electronics,Mobile,7,50654.69,354582.83,Cash,Delivered,2025-05-22
ORD03598,Urvi Kapur,Chandigarh,Chandigarh,Electronics,Smart TV,8,70035.5,560284.0,Debit Card,Pending,2025-11-25
ORD03599,Gokul Kamdar,Vadodara,Gujarat,Home Appliances,Fan,9,41456.87,373111.83,Debit Card,Delivered,2025-12-15
ORD03600,Piya Sarin,Mumbai,Maharashtra,Sports,Cricket Bat,8,54296.55,434372.4,UPI,Pending,2025-06-14
ORD03601,Ojas Basak,Ranchi,Jharkhand,Sports,Tennis Racket,8,98522.23,788177.84,UPI,Delivered,2026-03-11
ORD03602,Urvi Shetty,Mysuru,Karnataka,Home Appliances,Microwave,6,43701.64,262209.84,Credit Card,Delivered,2025-01-26
ORD03603,Elakshi Madan,Bengaluru,Karnataka,Furniture,Wardrobe,9,50001.03,450009.27,Cash,Cancelled,2024-06-22
ORD03604,Stuvan Sankaran,Jaipur,Rajasthan,Furniture,Dining Table,10,36072.97,360729.7,Credit Card,Pending,2025-12-14
ORD03605,Trisha Sani,Noida,Uttar Pradesh,Home Appliances,AC,9,92032.88,828295.92,Credit Card,Shipped,2025-09-01
ORD03606,Rohan Mand,Lucknow,Uttar Pradesh,Electronics,Headphones,9,59486.41,535377.69,Credit Card,Cancelled,2024-08-14
ORD03607,Keya Raman,Chandigarh,Chandigarh,Furniture,Dining Table,8,41389.11,331112.88,Net Banking,Delivered,2025-01-27
ORD03608,Drishya Ray,Indore,Madhya Pradesh,Beauty,Shampoo,9,63934.19,575407.71,Credit Card,Shipped,2024-08-03
ORD03609,Kismat Issac,Ahmedabad,Gujarat,Electronics,Smart TV,7,24088.15,168617.05,Credit Card,Shipped,2025-08-16
ORD03610,Tiya Krishnamurthy,Nagpur,Maharashtra,Sports,Tennis Racket,2,29343.14,58686.28,Net Banking,Pending,2025-12-14
ORD03611,Misha Srinivas,Visakhapatnam,Andhra Pradesh,Groceries,Rice,6,86672.23,520033.38,Credit Card,Delivered,2026-01-20
ORD03612,Kiara Ratta,Ranchi,Jharkhand,Furniture,Sofa,3,32568.03,97704.09,Debit Card,Cancelled,2024-05-24
ORD03613,Vardaniya Garde,Mumbai,Maharashtra,Furniture,Wardrobe,5,8437.44,42187.2,Debit Card,Cancelled,2026-02-25
ORD03614,Tushar Sankaran,Mysuru,Karnataka,Groceries,Snacks,3,24838.88,74516.64,Cash,Pending,2024-10-23
ORD03615,Zara Majumdar,Nagpur,Maharashtra,Home Appliances,Microwave,3,34038.53,102115.59,Net Banking,Delivered,2026-04-07
ORD03616,Neelofar Saraf,Hyderabad,Telangana,Fashion,Shoes,2,59048.14,118096.28,Debit Card,Delivered,2024-10-18
ORD03617,Shanaya Grover,Vadodara,Gujarat,Fashion,Jacket,5,55219.86,276099.3,Debit Card,Cancelled,2024-08-09
ORD03618,Vaibhav Barman,Bengaluru,Karnataka,Books,Novel,2,75515.5,151031.0,Credit Card,Pending,2025-09-16
ORD03619,Samar Devan,Guwahati,Assam,Sports,Gym Bag,4,12929.21,51716.84,UPI,Cancelled,2024-07-06
ORD03620,Eshani Shukla,Mysuru,Karnataka,Beauty,Lipstick,6,67771.77,406630.62,UPI,Shipped,2025-08-30
ORD03621,Myra Sahni,Kolkata,West Bengal,Sports,Cricket Bat,5,63103.09,315515.45,Cash,Pending,2025-09-24
ORD03622,Ayesha Vyas,Chennai,Tamil Nadu,Furniture,Dining Table,9,65667.28,591005.52,Net Banking,Pending,2026-04-30
ORD03623,Vedika Andra,Visakhapatnam,Andhra Pradesh,Sports,Football,8,90972.51,727780.08,Net Banking,Delivered,2024-06-09
ORD03624,Vardaniya Swaminathan,Ahmedabad,Gujarat,Furniture,Wardrobe,4,55655.22,222620.88,UPI,Shipped,2024-08-28
ORD03625,Kashvi Ghose,Coimbatore,Tamil Nadu,Electronics,Laptop,4,82884.99,331539.96,Debit Card,Shipped,2024-09-20
ORD03626,Anahita Sethi,Coimbatore,Tamil Nadu,Electronics,Camera,7,9401.79,65812.53,Cash,Delivered,2024-12-05
ORD03627,Arnav Gupta,Jaipur,Rajasthan,Groceries,Juice,8,5879.33,47034.64,Debit Card,Delivered,2025-10-10
ORD03628,Veer Vala,Hyderabad,Telangana,Beauty,Cream,2,15851.92,31703.84,Cash,Shipped,2024-05-23
ORD03629,Indrans Rama,Jaipur,Rajasthan,Groceries,Snacks,1,488.58,488.58,Credit Card,Pending,2024-12-11
ORD03630,Baiju Gera,Guwahati,Assam,Groceries,Snacks,7,88776.64,621436.48,UPI,Shipped,2025-02-15
ORD03631,Yuvraj  Suresh,Kolkata,West Bengal,Fashion,T-Shirt,4,73464.93,293859.72,Credit Card,Delivered,2024-09-27
ORD03632,Zara Kade,Chandigarh,Chandigarh,Books,Science Book,9,64599.64,581396.76,UPI,Shipped,2025-05-06
ORD03633,Shaan Dass,Ranchi,Jharkhand,Furniture,Bed,4,62866.75,251467.0,UPI,Delivered,2024-12-26
ORD03634,Jhanvi Bansal,Pune,Maharashtra,Electronics,Camera,9,93348.14,840133.26,Cash,Delivered,2026-01-19
ORD03635,Veer Sekhon,Ranchi,Jharkhand,Sports,Gym Bag,6,87871.42,527228.52,Cash,Pending,2025-09-22
ORD03636,Arhaan Barad,Chandigarh,Chandigarh,Home Appliances,AC,5,92578.75,462893.75,Net Banking,Cancelled,2025-12-18
ORD03637,Aayush Bose,Noida,Uttar Pradesh,Fashion,Shoes,5,91915.18,459575.9,Debit Card,Cancelled,2025-09-25
ORD03638,Neelofar Buch,Guwahati,Assam,Beauty,Face Wash,9,77297.13,695674.17,Cash,Shipped,2026-01-04
ORD03639,Sumer Sagar,Bhopal,Madhya Pradesh,Fashion,Watch,1,54553.1,54553.1,Net Banking,Cancelled,2026-02-14
ORD03640,Yashvi Vala,Bengaluru,Karnataka,Fashion,T-Shirt,10,13533.02,135330.2,Credit Card,Cancelled,2024-12-28
ORD03641,Hansh Trivedi,Lucknow,Uttar Pradesh,Home Appliances,Fan,7,84364.19,590549.33,Credit Card,Shipped,2025-12-28
ORD03642,Siya Garde,Chennai,Tamil Nadu,Home Appliances,Washing Machine,5,37347.77,186738.85,Credit Card,Shipped,2024-06-23
ORD03643,Jayant Chadha,Nagpur,Maharashtra,Furniture,Chair,9,41374.66,372371.94,UPI,Shipped,2026-03-01
ORD03644,Vanya Bose,Jaipur,Rajasthan,Electronics,Mobile,3,38728.71,116186.13,UPI,Delivered,2024-06-15
ORD03645,Nirvi Rattan,Coimbatore,Tamil Nadu,Furniture,Dining Table,9,42506.28,382556.52,UPI,Cancelled,2026-01-29
ORD03646,Ojas Sarraf,Visakhapatnam,Andhra Pradesh,Groceries,Milk,1,69383.89,69383.89,Cash,Pending,2025-04-22
ORD03647,Eshani Rama,Patna,Bihar,Home Appliances,AC,3,7181.36,21544.08,Debit Card,Cancelled,2026-01-17
ORD03648,Vanya Anne,Guwahati,Assam,Fashion,Shoes,9,1717.15,15454.35,Net Banking,Pending,2026-01-13
ORD03649,Vedika Sunder,Hyderabad,Telangana,Beauty,Shampoo,1,58432.91,58432.91,UPI,Delivered,2026-04-14
ORD03650,Madhav Shere,Indore,Madhya Pradesh,Books,Novel,8,39310.76,314486.08,Debit Card,Delivered,2025-08-15
ORD03651,Indranil Chawla,Indore,Madhya Pradesh,Fashion,Jacket,3,3122.62,9367.86,UPI,Pending,2025-02-23
ORD03652,Gokul Varty,Patna,Bihar,Beauty,Lipstick,2,18224.54,36449.08,Credit Card,Cancelled,2025-10-12
ORD03653,Zaina Lal,Ahmedabad,Gujarat,Books,Science Book,5,57723.89,288619.45,UPI,Cancelled,2024-08-28
ORD03654,Rati Dasgupta,Lucknow,Uttar Pradesh,Groceries,Rice,9,39543.16,355888.44,Credit Card,Shipped,2024-07-27
ORD03655,Samar Kaur,Pune,Maharashtra,Sports,Football,9,46292.45,416632.05,Debit Card,Pending,2025-02-20
ORD03656,Reyansh Doctor,Lucknow,Uttar Pradesh,Groceries,Rice,10,87680.86,876808.6,Debit Card,Cancelled,2025-07-16
ORD03657,Aradhya Bose,Indore,Madhya Pradesh,Books,Novel,9,60031.27,540281.43,UPI,Cancelled,2025-01-25
ORD03658,Badal Thaman,Kochi,Kerala,Fashion,Shoes,6,30005.68,180034.08,Cash,Cancelled,2024-07-20
ORD03659,Miraya Gaba,Guwahati,Assam,Furniture,Chair,8,5275.49,42203.92,Cash,Pending,2024-09-14
ORD03660,Mohanlal Raju,Kolkata,West Bengal,Home Appliances,AC,8,97882.19,783057.52,Cash,Delivered,2024-11-29
ORD03661,Vardaniya Ramaswamy,Kolkata,West Bengal,Beauty,Lipstick,10,88295.05,882950.5,Cash,Delivered,2025-08-28
ORD03662,Saksham Singh,Mumbai,Maharashtra,Home Appliances,AC,7,53317.6,373223.2,Net Banking,Shipped,2024-08-03
ORD03663,Nishith Bhavsar,Surat,Gujarat,Books,Novel,5,49219.03,246095.15,UPI,Cancelled,2026-02-05
ORD03664,Shray Madan,Noida,Uttar Pradesh,Groceries,Oil,10,26680.65,266806.5,UPI,Delivered,2024-12-17
ORD03665,Arhaan Chopra,Kolkata,West Bengal,Fashion,T-Shirt,2,16513.61,33027.22,Debit Card,Pending,2024-11-05
ORD03666,Yuvaan Kamdar,Guwahati,Assam,Groceries,Snacks,2,20824.16,41648.32,Credit Card,Shipped,2024-11-22
ORD03667,Neysa Rama,Guwahati,Assam,Groceries,Snacks,10,98937.29,989372.9,UPI,Shipped,2026-02-04
ORD03668,Hazel Ramachandran,Ranchi,Jharkhand,Electronics,Laptop,1,20505.42,20505.42,Credit Card,Shipped,2024-11-11
ORD03669,Ryan Mall,Lucknow,Uttar Pradesh,Books,History Book,1,74955.16,74955.16,Cash,Delivered,2024-12-30
ORD03670,Bhamini Mane,Nagpur,Maharashtra,Sports,Cricket Bat,2,73281.56,146563.12,Net Banking,Shipped,2024-10-18
ORD03671,Kartik Dutt,Ranchi,Jharkhand,Furniture,Sofa,9,37089.43,333804.87,Debit Card,Shipped,2025-11-18
ORD03672,Shray Balakrishnan,Chandigarh,Chandigarh,Books,History Book,10,51488.17,514881.7,Cash,Cancelled,2025-04-04
ORD03673,Samar Dyal,Visakhapatnam,Andhra Pradesh,Electronics,Headphones,1,57927.05,57927.05,Net Banking,Pending,2025-08-15
ORD03674,Nakul Sane,Guwahati,Assam,Home Appliances,Refrigerator,4,40519.9,162079.6,Cash,Delivered,2025-08-01
ORD03675,Adah Joshi,Bengaluru,Karnataka,Beauty,Perfume,7,79964.99,559754.93,UPI,Cancelled,2024-06-03
ORD03676,Hunar Bobal,Chandigarh,Chandigarh,Home Appliances,Washing Machine,9,94871.51,853843.59,Net Banking,Cancelled,2024-06-15
ORD03677,Darshit Doctor,Delhi,Delhi,Fashion,T-Shirt,4,7454.26,29817.04,Credit Card,Pending,2025-06-18
ORD03678,Eva Kalita,Delhi,Delhi,Home Appliances,Washing Machine,4,43719.29,174877.16,UPI,Delivered,2026-01-25
ORD03679,Ira Vasa,Nagpur,Maharashtra,Books,History Book,9,27084.28,243758.52,Net Banking,Pending,2025-09-03
ORD03680,Gatik Seth,Noida,Uttar Pradesh,Fashion,T-Shirt,8,13735.62,109884.96,Debit Card,Cancelled,2025-06-11
ORD03681,Jhanvi Golla,Kochi,Kerala,Electronics,Camera,6,31680.61,190083.66,Credit Card,Shipped,2025-02-01
ORD03682,Purab Balasubramanian,Ahmedabad,Gujarat,Beauty,Shampoo,10,34279.18,342791.8,Net Banking,Cancelled,2024-11-20
ORD03683,Alia Khare,Delhi,Delhi,Electronics,Headphones,7,85279.59,596957.13,UPI,Pending,2025-08-06
ORD03684,Amani Kala,Pune,Maharashtra,Sports,Cricket Bat,5,16067.83,80339.15,Credit Card,Delivered,2025-02-27
ORD03685,Ishita Reddy,Jaipur,Rajasthan,Home Appliances,Fan,2,33048.62,66097.24,Net Banking,Pending,2025-06-18
ORD03686,Jayan Jaggi,Mysuru,Karnataka,Groceries,Juice,3,52674.96,158024.88,Debit Card,Delivered,2025-08-22
ORD03687,Kimaya Kapadia,Bengaluru,Karnataka,Electronics,Smart TV,4,65644.35,262577.4,Credit Card,Shipped,2025-01-13
ORD03688,Onkar Dubey,Chandigarh,Chandigarh,Furniture,Wardrobe,1,69997.77,69997.77,Debit Card,Shipped,2025-02-21
ORD03689,Sahil Shan,Noida,Uttar Pradesh,Sports,Yoga Mat,4,75989.64,303958.56,Debit Card,Shipped,2024-09-11
ORD03690,Vaibhav Lala,Ahmedabad,Gujarat,Sports,Yoga Mat,5,15346.29,76731.45,UPI,Cancelled,2025-08-30
ORD03691,Piya Banerjee,Pune,Maharashtra,Sports,Cricket Bat,6,61141.89,366851.34,Debit Card,Delivered,2026-04-10
ORD03692,Arhaan Garde,Kolkata,West Bengal,Electronics,Laptop,10,71385.81,713858.1,Cash,Shipped,2024-06-07
ORD03693,Alisha Swaminathan,Patna,Bihar,Groceries,Oil,7,38642.55,270497.85,Credit Card,Delivered,2025-01-18
ORD03694,Jivin Sachdev,Kochi,Kerala,Sports,Tennis Racket,6,88516.79,531100.74,Credit Card,Shipped,2025-11-10
ORD03695,Samiha Karan,Indore,Madhya Pradesh,Beauty,Lipstick,8,16524.3,132194.4,Net Banking,Delivered,2025-05-20
ORD03696,Mamooty Dhillon,Kochi,Kerala,Books,Science Book,4,96805.95,387223.8,UPI,Cancelled,2026-04-25
ORD03697,Raghav Ranganathan,Coimbatore,Tamil Nadu,Electronics,Smart TV,10,93733.42,937334.2,Cash,Delivered,2024-09-08
ORD03698,Aayush Kumer,Jaipur,Rajasthan,Home Appliances,AC,7,11069.6,77487.2,Debit Card,Cancelled,2025-04-01
ORD03699,Zain Guha,Kochi,Kerala,Groceries,Oil,3,40147.18,120441.54,UPI,Pending,2025-12-26
ORD03700,Ira Dugar,Chennai,Tamil Nadu,Electronics,Headphones,4,12032.85,48131.4,Cash,Delivered,2025-12-09
ORD03701,Saksham Handa,Bhopal,Madhya Pradesh,Sports,Football,4,87667.76,350671.04,Credit Card,Delivered,2024-07-24
ORD03702,Jayan Bhatti,Surat,Gujarat,Home Appliances,Washing Machine,1,84854.07,84854.07,Credit Card,Cancelled,2026-01-16
ORD03703,Anaya Aurora,Hyderabad,Telangana,Electronics,Smart TV,1,19885.57,19885.57,Cash,Shipped,2024-08-19
ORD03704,Farhan Karan,Hyderabad,Telangana,Fashion,Watch,9,77525.83,697732.47,Cash,Delivered,2025-07-20
ORD03705,Ishita Issac,Kochi,Kerala,Sports,Cricket Bat,1,81630.63,81630.63,UPI,Cancelled,2025-08-29
ORD03706,Ishaan Choudhury,Jaipur,Rajasthan,Home Appliances,Microwave,9,12843.82,115594.38,Net Banking,Cancelled,2026-04-18
ORD03707,Krish Kashyap,Bengaluru,Karnataka,Sports,Cricket Bat,8,65252.12,522016.96,UPI,Pending,2025-06-14
ORD03708,Mahika Brar,Visakhapatnam,Andhra Pradesh,Home Appliances,AC,1,32044.26,32044.26,Debit Card,Cancelled,2025-12-30
ORD03709,Abram Chauhan,Noida,Uttar Pradesh,Beauty,Shampoo,2,46331.8,92663.6,Credit Card,Shipped,2024-08-23
ORD03710,Siya Sengupta,Surat,Gujarat,Sports,Tennis Racket,1,15476.3,15476.3,Net Banking,Delivered,2025-05-26
ORD03711,Anya Bath,Lucknow,Uttar Pradesh,Furniture,Chair,6,50138.05,300828.3,UPI,Pending,2026-02-16
ORD03712,Kiaan Golla,Bhopal,Madhya Pradesh,Sports,Football,6,46095.33,276571.98,UPI,Shipped,2024-08-28
ORD03713,Suhana Issac,Lucknow,Uttar Pradesh,Home Appliances,Microwave,3,59183.85,177551.55,UPI,Shipped,2025-06-11
ORD03714,Badal Shanker,Guwahati,Assam,Sports,Cricket Bat,8,15238.53,121908.24,Net Banking,Shipped,2025-06-28
ORD03715,Priyansh Rege,Indore,Madhya Pradesh,Groceries,Rice,7,66430.2,465011.4,UPI,Shipped,2026-01-30
ORD03716,Aradhya Chandra,Bhopal,Madhya Pradesh,Furniture,Chair,7,45160.59,316124.13,Net Banking,Shipped,2025-06-10
ORD03717,Vritika Gole,Mumbai,Maharashtra,Sports,Football,4,66424.42,265697.68,Credit Card,Shipped,2025-03-04
ORD03718,Dhanuk Ramakrishnan,Mysuru,Karnataka,Electronics,Smart TV,3,91912.27,275736.81,Net Banking,Cancelled,2025-03-11
ORD03719,Mehul Varghese,Mysuru,Karnataka,Sports,Tennis Racket,10,17253.9,172539.0,UPI,Cancelled,2025-10-22
ORD03720,Farhan Kata,Guwahati,Assam,Furniture,Chair,4,58205.61,232822.44,Debit Card,Cancelled,2025-04-01
ORD03721,Alia Char,Mumbai,Maharashtra,Beauty,Shampoo,7,87113.71,609795.97,Net Banking,Pending,2025-02-16
ORD03722,Divyansh Jha,Ahmedabad,Gujarat,Groceries,Rice,9,10990.45,98914.05,Net Banking,Delivered,2024-07-19
ORD03723,Ela Sarraf,Hyderabad,Telangana,Books,Biography,10,3587.86,35878.6,Cash,Cancelled,2025-06-13
ORD03724,Himmat Rajagopal,Kochi,Kerala,Fashion,Jeans,8,44345.42,354763.36,Cash,Cancelled,2025-12-04
ORD03725,Reyansh Varghese,Indore,Madhya Pradesh,Books,Biography,5,87434.86,437174.3,Credit Card,Shipped,2024-11-26
ORD03726,Ritvik Varma,Kolkata,West Bengal,Electronics,Mobile,5,70086.85,350434.25,Net Banking,Shipped,2025-12-20
ORD03727,Saksham Bhakta,Jaipur,Rajasthan,Books,Comics,5,65441.25,327206.25,Debit Card,Cancelled,2025-12-27
ORD03728,Bhavin Dugal,Lucknow,Uttar Pradesh,Groceries,Snacks,5,29331.49,146657.45,Debit Card,Delivered,2024-12-05
ORD03729,Zain Dara,Ahmedabad,Gujarat,Home Appliances,Fan,9,68193.41,613740.69,Debit Card,Cancelled,2025-05-30
ORD03730,Kashvi Rau,Lucknow,Uttar Pradesh,Sports,Cricket Bat,2,14708.76,29417.52,Cash,Delivered,2024-07-19
ORD03731,Vanya Agarwal,Bengaluru,Karnataka,Beauty,Face Wash,7,82308.87,576162.09,Net Banking,Pending,2025-07-24
ORD03732,Riaan Buch,Vadodara,Gujarat,Groceries,Milk,7,56327.0,394289.0,Net Banking,Shipped,2024-10-31
ORD03733,Ahana  Varghese,Coimbatore,Tamil Nadu,Fashion,Jeans,6,94183.02,565098.12,Cash,Delivered,2025-11-16
ORD03734,Jivika Dass,Kochi,Kerala,Beauty,Cream,7,53835.01,376845.07,Net Banking,Pending,2025-09-04
ORD03735,Mahika Issac,Pune,Maharashtra,Electronics,Smart TV,10,67780.54,677805.4,UPI,Cancelled,2024-12-23
ORD03736,Shanaya Deol,Coimbatore,Tamil Nadu,Books,Novel,3,26715.55,80146.65,Credit Card,Delivered,2025-02-17
ORD03737,Tanya Khanna,Vadodara,Gujarat,Books,Science Book,10,4611.37,46113.7,UPI,Pending,2026-02-24
ORD03738,Romil Balan,Lucknow,Uttar Pradesh,Beauty,Shampoo,3,66402.66,199207.98,Cash,Shipped,2025-04-14
ORD03739,Akarsh Singhal,Bhopal,Madhya Pradesh,Home Appliances,Fan,4,20078.15,80312.6,Cash,Cancelled,2025-05-03
ORD03740,Drishya Deo,Kochi,Kerala,Sports,Cricket Bat,4,31151.81,124607.24,Cash,Delivered,2024-10-20
ORD03741,Vivaan Sridhar,Chennai,Tamil Nadu,Beauty,Face Wash,1,81604.09,81604.09,Cash,Pending,2025-05-04
ORD03742,Raunak Ranganathan,Mysuru,Karnataka,Beauty,Perfume,8,11377.49,91019.92,Cash,Delivered,2025-01-22
ORD03743,Adira Bassi,Indore,Madhya Pradesh,Sports,Yoga Mat,10,17041.53,170415.3,Net Banking,Cancelled,2025-03-22
ORD03744,Tanya Ghosh,Jaipur,Rajasthan,Beauty,Lipstick,2,11180.15,22360.3,UPI,Delivered,2025-11-11
ORD03745,Miraan Dewan,Guwahati,Assam,Books,Novel,8,53216.21,425729.68,Debit Card,Shipped,2024-11-04
ORD03746,Riaan Gokhale,Kolkata,West Bengal,Books,Comics,10,5811.63,58116.3,Debit Card,Cancelled,2026-04-12
ORD03747,Nayantara Ghosh,Lucknow,Uttar Pradesh,Furniture,Bed,8,90462.19,723697.52,Net Banking,Delivered,2025-01-21
ORD03748,Dhanush Venkatesh,Visakhapatnam,Andhra Pradesh,Furniture,Wardrobe,9,51284.65,461561.85,UPI,Cancelled,2024-06-16
ORD03749,Chirag Sarkar,Pune,Maharashtra,Furniture,Bed,7,19831.78,138822.46,Net Banking,Cancelled,2025-01-12
ORD03750,Saksham Kohli,Nagpur,Maharashtra,Books,Comics,6,59237.64,355425.84,Net Banking,Pending,2024-06-25
ORD03751,Nishith Dara,Kolkata,West Bengal,Books,History Book,1,39512.05,39512.05,UPI,Shipped,2024-07-07
ORD03752,Aaina Chacko,Vadodara,Gujarat,Home Appliances,Washing Machine,8,36721.39,293771.12,Cash,Pending,2025-04-15
ORD03753,Jayant Datta,Ahmedabad,Gujarat,Fashion,Jacket,3,68538.12,205614.36,Net Banking,Pending,2024-10-15
ORD03754,Rohan Barad,Mysuru,Karnataka,Beauty,Shampoo,2,45780.63,91561.26,Net Banking,Pending,2026-03-28
ORD03755,Ehsaan Wagle,Kolkata,West Bengal,Furniture,Bed,5,26653.05,133265.25,UPI,Pending,2024-11-04
ORD03756,Vivaan Varughese,Bengaluru,Karnataka,Furniture,Chair,4,84134.3,336537.2,Credit Card,Shipped,2025-12-20
ORD03757,Veer Doctor,Delhi,Delhi,Groceries,Juice,9,15734.46,141610.14,Net Banking,Cancelled,2024-11-16
ORD03758,Rhea Sem,Mysuru,Karnataka,Beauty,Shampoo,2,98828.71,197657.42,Cash,Pending,2026-01-28
ORD03759,Ela Balan,Pune,Maharashtra,Groceries,Milk,7,7435.53,52048.71,Cash,Shipped,2026-03-17
ORD03760,Anahi Bahri,Hyderabad,Telangana,Groceries,Oil,1,3065.29,3065.29,Cash,Cancelled,2026-04-25
ORD03761,Jhanvi Taneja,Ranchi,Jharkhand,Books,Comics,9,52210.62,469895.58,UPI,Pending,2025-12-19
ORD03762,Yakshit Talwar,Nagpur,Maharashtra,Fashion,Jacket,5,545.13,2725.65,Net Banking,Delivered,2025-02-03
ORD03763,Vritika Dugar,Ahmedabad,Gujarat,Fashion,T-Shirt,7,23211.61,162481.27,UPI,Shipped,2025-07-03
ORD03764,Dharmajan Dada,Ranchi,Jharkhand,Fashion,T-Shirt,8,84473.13,675785.04,Cash,Cancelled,2024-06-18
ORD03765,Samiha Golla,Patna,Bihar,Fashion,Watch,6,2677.14,16062.84,Debit Card,Delivered,2024-10-26
ORD03766,Lagan Mahajan,Chennai,Tamil Nadu,Electronics,Smart TV,6,78113.14,468678.84,Cash,Delivered,2024-07-22
ORD03767,Madhav Sarin,Delhi,Delhi,Home Appliances,AC,5,27511.09,137555.45,Cash,Pending,2025-03-31
ORD03768,Jhanvi Choudhury,Guwahati,Assam,Beauty,Face Wash,7,945.4,6617.8,UPI,Delivered,2026-01-11
ORD03769,Anvi Singh,Ranchi,Jharkhand,Home Appliances,Microwave,5,90478.94,452394.7,Credit Card,Delivered,2025-03-23
ORD03770,Yuvraj  Agarwal,Jaipur,Rajasthan,Fashion,T-Shirt,2,66851.73,133703.46,Cash,Cancelled,2024-08-12
ORD03771,Rhea Sarma,Pune,Maharashtra,Groceries,Milk,4,78167.68,312670.72,Cash,Cancelled,2025-03-19
ORD03772,Hansh Bala,Kochi,Kerala,Fashion,T-Shirt,8,79330.33,634642.64,Cash,Shipped,2025-01-01
ORD03773,Ranbir Varughese,Patna,Bihar,Groceries,Milk,8,77027.79,616222.32,Cash,Pending,2024-05-28
ORD03774,Aradhya Baria,Patna,Bihar,Sports,Cricket Bat,2,50522.26,101044.52,Cash,Shipped,2024-11-22
ORD03775,Damini Dhar,Lucknow,Uttar Pradesh,Home Appliances,Fan,7,30566.91,213968.37,Credit Card,Shipped,2025-08-21
ORD03776,Shamik Sengupta,Nagpur,Maharashtra,Books,History Book,1,81112.61,81112.61,Debit Card,Pending,2025-02-16
ORD03777,Faiyaz Kamdar,Kolkata,West Bengal,Fashion,Jeans,9,97741.62,879674.58,Credit Card,Pending,2024-07-20
ORD03778,Nitya Manne,Delhi,Delhi,Books,Biography,3,99243.89,297731.67,Net Banking,Delivered,2024-12-01
ORD03779,Kismat Suri,Bhopal,Madhya Pradesh,Groceries,Snacks,9,16962.49,152662.41,Net Banking,Cancelled,2025-05-24
ORD03780,Vritika Jayaraman,Vadodara,Gujarat,Electronics,Headphones,4,64760.8,259043.2,Debit Card,Shipped,2024-12-07
ORD03781,Tejas Sethi,Guwahati,Assam,Groceries,Rice,5,76082.96,380414.8,Cash,Pending,2024-07-14
ORD03782,Umang Gade,Visakhapatnam,Andhra Pradesh,Books,Comics,4,76590.14,306360.56,Cash,Cancelled,2024-05-06
ORD03783,Riya Setty,Bhopal,Madhya Pradesh,Home Appliances,Microwave,9,5528.8,49759.2,Debit Card,Shipped,2025-03-23
ORD03784,Alia Kashyap,Mumbai,Maharashtra,Electronics,Smart TV,9,644.78,5803.02,Cash,Shipped,2025-09-19
ORD03785,Rati Sur,Hyderabad,Telangana,Books,Science Book,1,33497.41,33497.41,Net Banking,Cancelled,2026-04-13
ORD03786,Lakshit Wali,Noida,Uttar Pradesh,Fashion,T-Shirt,8,79096.21,632769.68,UPI,Shipped,2025-05-10
ORD03787,Renee Saxena,Kolkata,West Bengal,Books,Comics,9,90776.7,816990.3,Debit Card,Pending,2025-03-01
ORD03788,Ryan Sura,Coimbatore,Tamil Nadu,Groceries,Snacks,5,41960.52,209802.6,Net Banking,Delivered,2024-06-29
ORD03789,Vidur Bhardwaj,Guwahati,Assam,Books,Science Book,10,16268.46,162684.6,Net Banking,Cancelled,2025-03-06
ORD03790,Renee Sheth,Indore,Madhya Pradesh,Home Appliances,Microwave,3,63850.1,191550.3,Net Banking,Delivered,2024-11-13
ORD03791,Nakul Som,Guwahati,Assam,Sports,Tennis Racket,9,86032.9,774296.1,UPI,Shipped,2025-01-19
ORD03792,Inaaya  Gole,Mysuru,Karnataka,Beauty,Face Wash,5,36357.17,181785.85,Net Banking,Shipped,2025-08-31
ORD03793,Trisha Krishna,Coimbatore,Tamil Nadu,Furniture,Sofa,4,51437.96,205751.84,UPI,Cancelled,2025-06-07
ORD03794,Mamooty Bhardwaj,Ranchi,Jharkhand,Groceries,Snacks,1,2872.28,2872.28,Cash,Pending,2024-09-26
ORD03795,Divit Ravi,Noida,Uttar Pradesh,Beauty,Perfume,4,20788.2,83152.8,Cash,Cancelled,2025-10-25
ORD03796,Eva Sangha,Ranchi,Jharkhand,Books,Biography,10,93059.42,930594.2,Net Banking,Shipped,2025-01-10
ORD03797,Rania Gaba,Noida,Uttar Pradesh,Electronics,Headphones,7,45195.83,316370.81,Net Banking,Shipped,2024-05-20
ORD03798,Gatik Sura,Bhopal,Madhya Pradesh,Home Appliances,AC,6,13067.91,78407.46,Debit Card,Delivered,2025-11-29
ORD03799,Krish Iyengar,Coimbatore,Tamil Nadu,Home Appliances,Fan,9,32500.72,292506.48,UPI,Pending,2026-01-25
ORD03800,Sara Lanka,Hyderabad,Telangana,Sports,Yoga Mat,8,4786.58,38292.64,Cash,Shipped,2026-03-08
ORD03801,Madhup Gokhale,Delhi,Delhi,Sports,Cricket Bat,7,82467.25,577270.75,Cash,Shipped,2026-02-13
ORD03802,Alia Sem,Nagpur,Maharashtra,Beauty,Face Wash,9,41617.19,374554.71,Credit Card,Shipped,2024-05-11
ORD03803,Rania Sachar,Chennai,Tamil Nadu,Furniture,Sofa,4,55002.14,220008.56,Net Banking,Cancelled,2024-09-08
ORD03804,Parinaaz Varughese,Kolkata,West Bengal,Books,Comics,9,49154.17,442387.53,Debit Card,Cancelled,2024-12-11
ORD03805,Ryan Madan,Guwahati,Assam,Sports,Tennis Racket,2,71887.84,143775.68,Debit Card,Delivered,2025-01-27
ORD03806,Shalv Mann,Delhi,Delhi,Groceries,Milk,3,24825.99,74477.97,Cash,Cancelled,2025-09-15
ORD03807,Ritvik Kapadia,Ahmedabad,Gujarat,Electronics,Mobile,5,22538.24,112691.2,Credit Card,Shipped,2025-01-20
ORD03808,Indrajit Savant,Kolkata,West Bengal,Books,History Book,8,42848.03,342784.24,UPI,Pending,2025-11-08
ORD03809,Reyansh Chopra,Noida,Uttar Pradesh,Beauty,Perfume,2,85098.54,170197.08,UPI,Pending,2025-09-01
ORD03810,Bhamini Baria,Chandigarh,Chandigarh,Books,Novel,9,71986.98,647882.82,UPI,Delivered,2025-01-07
ORD03811,Shanaya Basu,Jaipur,Rajasthan,Furniture,Sofa,2,12225.39,24450.78,UPI,Delivered,2024-09-16
ORD03812,Indrans Khosla,Bhopal,Madhya Pradesh,Electronics,Mobile,7,25564.44,178951.08,Credit Card,Delivered,2025-02-25
ORD03813,Arhaan Din,Indore,Madhya Pradesh,Books,Comics,10,23635.5,236355.0,Net Banking,Shipped,2026-01-13
ORD03814,Nayantara Sabharwal,Lucknow,Uttar Pradesh,Sports,Yoga Mat,5,17183.01,85915.05,Net Banking,Cancelled,2024-11-13
ORD03815,Shayak Yogi,Pune,Maharashtra,Home Appliances,Microwave,10,97480.01,974800.1,Net Banking,Shipped,2025-06-09
ORD03816,Sara Dhar,Hyderabad,Telangana,Books,History Book,10,5929.65,59296.5,Cash,Delivered,2024-07-17
ORD03817,Suhana Gaba,Jaipur,Rajasthan,Electronics,Smart TV,2,79218.77,158437.54,Debit Card,Cancelled,2025-05-02
ORD03818,Abram Hayer,Mysuru,Karnataka,Furniture,Wardrobe,4,93540.63,374162.52,Debit Card,Cancelled,2025-03-05
ORD03819,Biju Kota,Pune,Maharashtra,Sports,Football,2,25160.49,50320.98,UPI,Shipped,2024-08-11
ORD03820,Jayan Dash,Indore,Madhya Pradesh,Beauty,Face Wash,2,78356.49,156712.98,UPI,Cancelled,2026-01-30
ORD03821,Vanya Warrior,Ahmedabad,Gujarat,Books,Comics,5,44856.76,224283.8,Net Banking,Delivered,2025-12-26
ORD03822,Rati Soman,Chandigarh,Chandigarh,Furniture,Wardrobe,6,79593.14,477558.84,UPI,Cancelled,2024-11-12
ORD03823,Jayesh Dube,Nagpur,Maharashtra,Electronics,Laptop,6,6818.99,40913.94,Debit Card,Pending,2025-01-07
ORD03824,Samaira Brar,Hyderabad,Telangana,Groceries,Juice,1,99850.89,99850.89,Net Banking,Pending,2024-06-22
ORD03825,Hazel Dewan,Visakhapatnam,Andhra Pradesh,Groceries,Milk,4,49492.35,197969.4,Credit Card,Cancelled,2024-10-04
ORD03826,Aayush Kata,Hyderabad,Telangana,Beauty,Shampoo,4,62462.04,249848.16,Net Banking,Shipped,2025-04-07
ORD03827,Mannat Sangha,Kolkata,West Bengal,Furniture,Sofa,2,37180.06,74360.12,Debit Card,Shipped,2025-01-19
ORD03828,Badal Bath,Chandigarh,Chandigarh,Fashion,T-Shirt,4,89207.72,356830.88,Credit Card,Delivered,2024-05-21
ORD03829,Azad Chhabra,Chandigarh,Chandigarh,Electronics,Mobile,9,11690.67,105216.03,Debit Card,Delivered,2024-07-04
ORD03830,Azad Deep,Ranchi,Jharkhand,Fashion,T-Shirt,6,76896.55,461379.3,UPI,Cancelled,2024-05-26
ORD03831,Anahita Tiwari,Surat,Gujarat,Fashion,Jacket,9,89145.08,802305.72,UPI,Shipped,2025-06-10
ORD03832,Hansh Manne,Coimbatore,Tamil Nadu,Furniture,Chair,10,24084.53,240845.3,UPI,Shipped,2025-08-30
ORD03833,Yuvaan Sundaram,Patna,Bihar,Sports,Tennis Racket,1,41723.51,41723.51,Credit Card,Delivered,2025-03-18
ORD03834,Faiyaz Dhillon,Surat,Gujarat,Groceries,Milk,5,8432.03,42160.15,Cash,Delivered,2024-09-25
ORD03835,Bhamini Shanker,Coimbatore,Tamil Nadu,Books,History Book,7,70180.58,491264.06,Debit Card,Shipped,2024-09-05
ORD03836,Elakshi Ramachandran,Coimbatore,Tamil Nadu,Groceries,Snacks,8,38246.2,305969.6,Net Banking,Cancelled,2024-06-30
ORD03837,Vedika Bandi,Mumbai,Maharashtra,Groceries,Oil,9,76668.48,690016.32,UPI,Pending,2025-02-06
ORD03838,Mamooty Dyal,Ranchi,Jharkhand,Beauty,Lipstick,5,23441.58,117207.9,Net Banking,Pending,2025-06-03
ORD03839,Aarna Loyal,Vadodara,Gujarat,Books,Novel,10,53535.46,535354.6,UPI,Delivered,2024-12-12
ORD03840,Mishti Kara,Vadodara,Gujarat,Groceries,Juice,7,48309.62,338167.34,Credit Card,Delivered,2024-07-11
ORD03841,Myra Mann,Mumbai,Maharashtra,Beauty,Face Wash,5,88725.56,443627.8,UPI,Delivered,2025-11-27
ORD03842,Kartik Anand,Kolkata,West Bengal,Groceries,Juice,5,55405.22,277026.1,UPI,Cancelled,2024-07-09
ORD03843,Khushi Divan,Kolkata,West Bengal,Fashion,Jacket,2,54565.79,109131.58,UPI,Shipped,2025-10-08
ORD03844,Samarth Mandal,Kochi,Kerala,Beauty,Face Wash,1,93265.69,93265.69,Cash,Pending,2025-11-29
ORD03845,Akarsh Varma,Visakhapatnam,Andhra Pradesh,Sports,Tennis Racket,8,97972.22,783777.76,UPI,Shipped,2025-07-07
ORD03846,Prisha Mani,Nagpur,Maharashtra,Books,Novel,7,6028.33,42198.31,UPI,Pending,2025-11-02
ORD03847,Prisha Dhawan,Kolkata,West Bengal,Electronics,Mobile,6,28776.28,172657.68,Net Banking,Cancelled,2025-11-11
ORD03848,Kanav Khare,Indore,Madhya Pradesh,Beauty,Cream,10,24143.72,241437.2,Cash,Delivered,2024-12-02
ORD03849,Lakshay Sanghvi,Chandigarh,Chandigarh,Beauty,Face Wash,7,42299.99,296099.93,Debit Card,Delivered,2024-05-12
ORD03850,Dhanush Badal,Visakhapatnam,Andhra Pradesh,Furniture,Sofa,4,26886.38,107545.52,Debit Card,Shipped,2025-08-19
ORD03851,Ela Dora,Jaipur,Rajasthan,Home Appliances,Microwave,3,12981.57,38944.71,Credit Card,Delivered,2025-10-11
ORD03852,Saira Dave,Noida,Uttar Pradesh,Home Appliances,Microwave,6,42403.27,254419.62,UPI,Delivered,2025-11-10
ORD03853,Bhamini Bedi,Patna,Bihar,Beauty,Shampoo,3,74185.14,222555.42,Cash,Cancelled,2026-02-28
ORD03854,Zaina Krishna,Ahmedabad,Gujarat,Groceries,Milk,6,84524.52,507147.12,Credit Card,Cancelled,2025-08-14
ORD03855,Keya Sarin,Visakhapatnam,Andhra Pradesh,Furniture,Chair,3,68479.82,205439.46,Net Banking,Delivered,2025-07-20
ORD03856,Sumer Khatri,Mumbai,Maharashtra,Sports,Cricket Bat,3,22634.33,67902.99,Cash,Delivered,2024-06-08
ORD03857,Ela Bal,Noida,Uttar Pradesh,Books,Comics,2,56014.13,112028.26,Net Banking,Shipped,2026-03-12
ORD03858,Jivin Bal,Patna,Bihar,Beauty,Cream,4,40564.49,162257.96,UPI,Cancelled,2025-11-22
ORD03859,Elakshi Guha,Pune,Maharashtra,Beauty,Cream,5,93299.32,466496.6,Net Banking,Shipped,2025-01-30
ORD03860,Onkar Dey,Chandigarh,Chandigarh,Sports,Gym Bag,4,81916.11,327664.44,UPI,Pending,2026-04-14
ORD03861,Jayant Ganesh,Ranchi,Jharkhand,Electronics,Smart TV,6,23837.25,143023.5,Credit Card,Delivered,2024-11-02
ORD03862,Divit Sura,Mysuru,Karnataka,Groceries,Rice,8,53811.54,430492.32,UPI,Shipped,2024-07-02
ORD03863,Kavya Som,Jaipur,Rajasthan,Furniture,Chair,6,29163.86,174983.16,UPI,Shipped,2025-02-24
ORD03864,Hunar Amble,Pune,Maharashtra,Groceries,Oil,1,29622.26,29622.26,UPI,Pending,2026-01-14
ORD03865,Siya Sunder,Kolkata,West Bengal,Electronics,Camera,5,7525.74,37628.7,Net Banking,Delivered,2025-08-05
ORD03866,Amira Lad,Mumbai,Maharashtra,Electronics,Laptop,3,16086.99,48260.97,Debit Card,Pending,2024-11-01
ORD03867,Gatik Choudhry,Pune,Maharashtra,Electronics,Headphones,4,65332.92,261331.68,Debit Card,Pending,2025-11-27
ORD03868,Khushi Sem,Chandigarh,Chandigarh,Beauty,Perfume,10,47548.99,475489.9,Credit Card,Shipped,2025-08-11
ORD03869,Hunar Dutta,Hyderabad,Telangana,Books,Comics,6,17042.05,102252.3,Net Banking,Cancelled,2025-11-22
ORD03870,Vihaan Boase,Visakhapatnam,Andhra Pradesh,Home Appliances,Microwave,7,78649.21,550544.47,Net Banking,Pending,2024-06-08
ORD03871,Manjari Joshi,Vadodara,Gujarat,Beauty,Face Wash,5,48223.35,241116.75,Cash,Cancelled,2025-07-25
ORD03872,Sumer Lalla,Jaipur,Rajasthan,Electronics,Laptop,1,31062.21,31062.21,Debit Card,Pending,2025-06-18
ORD03873,Sumer Bumb,Indore,Madhya Pradesh,Beauty,Perfume,1,24039.47,24039.47,Debit Card,Cancelled,2024-09-23
ORD03874,Jayesh Dar,Chandigarh,Chandigarh,Home Appliances,Fan,1,94737.95,94737.95,Credit Card,Shipped,2026-03-08
ORD03875,Seher Karan,Ranchi,Jharkhand,Home Appliances,AC,3,68704.31,206112.93,UPI,Delivered,2025-10-13
ORD03876,Miraan Handa,Chennai,Tamil Nadu,Sports,Yoga Mat,5,69314.68,346573.4,Debit Card,Shipped,2025-08-01
ORD03877,Kartik Banik,Chandigarh,Chandigarh,Fashion,Watch,2,30943.54,61887.08,UPI,Delivered,2025-07-06
ORD03878,Shamik Sanghvi,Pune,Maharashtra,Beauty,Cream,10,12789.28,127892.8,Cash,Pending,2024-10-19
ORD03879,Dishani Bhat,Chandigarh,Chandigarh,Home Appliances,Washing Machine,4,66090.04,264360.16,UPI,Pending,2024-08-13
ORD03880,Miraan Comar,Nagpur,Maharashtra,Groceries,Rice,3,68565.07,205695.21,Cash,Shipped,2024-12-25
ORD03881,Eshani Soman,Noida,Uttar Pradesh,Sports,Cricket Bat,2,73344.14,146688.28,UPI,Shipped,2024-08-18
ORD03882,Sana Venkatesh,Kolkata,West Bengal,Groceries,Oil,7,18640.28,130481.96,Credit Card,Pending,2024-10-27
ORD03883,Divyansh Doshi,Bengaluru,Karnataka,Groceries,Snacks,6,2080.27,12481.62,Credit Card,Shipped,2026-02-01
ORD03884,Amira Upadhyay,Coimbatore,Tamil Nadu,Sports,Yoga Mat,9,30661.76,275955.84,Debit Card,Delivered,2025-09-14
ORD03885,Zara Ramaswamy,Guwahati,Assam,Home Appliances,Washing Machine,8,97081.12,776648.96,Credit Card,Shipped,2025-09-10
ORD03886,Jayan Kaur,Patna,Bihar,Sports,Football,8,3444.22,27553.76,Net Banking,Pending,2025-07-17
ORD03887,Armaan Dhar,Pune,Maharashtra,Electronics,Laptop,3,53538.48,160615.44,Debit Card,Shipped,2026-01-11
ORD03888,Badal Chakrabarti,Chandigarh,Chandigarh,Fashion,Shoes,8,64070.04,512560.32,Cash,Delivered,2024-05-09
ORD03889,Akarsh Datta,Guwahati,Assam,Home Appliances,AC,7,87524.33,612670.31,Cash,Delivered,2026-02-02
ORD03890,Hazel Saha,Visakhapatnam,Andhra Pradesh,Electronics,Smart TV,3,38385.56,115156.68,UPI,Pending,2025-05-28
ORD03891,Saksham Ganesh,Chandigarh,Chandigarh,Groceries,Snacks,9,70893.28,638039.52,Cash,Pending,2025-04-13
ORD03892,Priyansh Wason,Hyderabad,Telangana,Electronics,Mobile,10,26578.22,265782.2,Net Banking,Shipped,2025-02-05
ORD03893,Shamik Raju,Mumbai,Maharashtra,Beauty,Perfume,2,42463.31,84926.62,UPI,Delivered,2024-12-06
ORD03894,Rohan Mani,Chennai,Tamil Nadu,Home Appliances,AC,6,70968.81,425812.86,Cash,Shipped,2024-12-10
ORD03895,Urvi Shukla,Bengaluru,Karnataka,Books,History Book,7,26258.91,183812.37,UPI,Pending,2025-07-08
ORD03896,Zaina Lala,Patna,Bihar,Groceries,Snacks,3,12803.06,38409.18,UPI,Shipped,2025-03-24
ORD03897,Jivika Sunder,Chandigarh,Chandigarh,Home Appliances,Fan,6,48561.4,291368.4,Credit Card,Delivered,2024-10-04
ORD03898,Raghav Badal,Pune,Maharashtra,Sports,Tennis Racket,1,13318.08,13318.08,Credit Card,Shipped,2025-10-27
ORD03899,Jayan Raja,Coimbatore,Tamil Nadu,Furniture,Sofa,6,2901.83,17410.98,Debit Card,Delivered,2025-11-30
ORD03900,Azad Kannan,Kolkata,West Bengal,Furniture,Bed,1,88605.34,88605.34,Net Banking,Shipped,2024-08-01
ORD03901,Divit Mandal,Chennai,Tamil Nadu,Books,Biography,3,50276.11,150828.33,Cash,Delivered,2024-11-10
ORD03902,Ahana  Kohli,Coimbatore,Tamil Nadu,Furniture,Wardrobe,2,45720.28,91440.56,Cash,Shipped,2026-02-08
ORD03903,Jivin Shenoy,Mysuru,Karnataka,Groceries,Rice,8,8685.84,69486.72,Cash,Cancelled,2025-10-14
ORD03904,Yashvi Agate,Pune,Maharashtra,Sports,Yoga Mat,4,30539.26,122157.04,Debit Card,Pending,2025-09-30
ORD03905,Veer Dey,Ranchi,Jharkhand,Groceries,Juice,6,36548.67,219292.02,UPI,Pending,2026-01-08
ORD03906,Ryan Mann,Kochi,Kerala,Electronics,Headphones,6,45048.21,270289.26,Cash,Delivered,2025-10-16
ORD03907,Urvi Dua,Indore,Madhya Pradesh,Home Appliances,Microwave,4,36202.57,144810.28,Debit Card,Cancelled,2024-10-04
ORD03908,Sumer Lad,Chandigarh,Chandigarh,Electronics,Laptop,2,2561.18,5122.36,Cash,Delivered,2025-02-08
ORD03909,Kanav Deo,Kochi,Kerala,Electronics,Laptop,7,94883.47,664184.29,Credit Card,Pending,2024-05-12
ORD03910,Armaan Chaudhari,Chandigarh,Chandigarh,Electronics,Laptop,6,55499.07,332994.42,UPI,Delivered,2025-02-14
ORD03911,Hunar Shan,Jaipur,Rajasthan,Beauty,Cream,1,12953.03,12953.03,Debit Card,Cancelled,2024-05-20
ORD03912,Nayantara Hegde,Mysuru,Karnataka,Sports,Gym Bag,8,15509.49,124075.92,Cash,Pending,2025-04-19
ORD03913,Aarush Saini,Bhopal,Madhya Pradesh,Home Appliances,Refrigerator,2,79753.56,159507.12,Credit Card,Pending,2025-07-24
ORD03914,Prisha Tiwari,Pune,Maharashtra,Electronics,Mobile,10,51388.98,513889.8,Net Banking,Cancelled,2025-01-09
ORD03915,Divyansh Varghese,Pune,Maharashtra,Groceries,Milk,8,38704.43,309635.44,Net Banking,Delivered,2025-05-15
ORD03916,Stuvan Karnik,Nagpur,Maharashtra,Sports,Tennis Racket,2,62123.96,124247.92,Credit Card,Pending,2025-10-13
ORD03917,Yashvi Chaudhari,Pune,Maharashtra,Home Appliances,Fan,6,64238.18,385429.08,Cash,Shipped,2024-09-26
ORD03918,Nakul Kothari,Pune,Maharashtra,Furniture,Dining Table,4,21130.37,84521.48,Debit Card,Pending,2024-07-04
ORD03919,Shamik Handa,Chennai,Tamil Nadu,Furniture,Sofa,10,47282.08,472820.8,Debit Card,Pending,2024-07-03
ORD03920,Eshani Sahni,Patna,Bihar,Home Appliances,Fan,7,77934.13,545538.91,Credit Card,Pending,2026-03-20
ORD03921,Taran Sama,Chandigarh,Chandigarh,Sports,Yoga Mat,2,83252.14,166504.28,Cash,Shipped,2025-07-23
ORD03922,Amira Dara,Coimbatore,Tamil Nadu,Home Appliances,AC,4,45139.55,180558.2,Net Banking,Delivered,2025-07-10
ORD03923,Yuvraj  Wali,Bhopal,Madhya Pradesh,Books,Comics,2,49095.45,98190.9,Credit Card,Cancelled,2025-10-02
ORD03924,Aniruddh Saraf,Surat,Gujarat,Books,Comics,8,90778.2,726225.6,UPI,Cancelled,2024-11-01
ORD03925,Kabir Chauhan,Guwahati,Assam,Home Appliances,Microwave,9,46636.88,419731.92,Cash,Pending,2025-12-29
ORD03926,Mohanlal Biswas,Indore,Madhya Pradesh,Furniture,Dining Table,3,43014.37,129043.11,Credit Card,Shipped,2025-07-28
ORD03927,Misha Sharaf,Visakhapatnam,Andhra Pradesh,Sports,Tennis Racket,7,72443.36,507103.52,Debit Card,Shipped,2024-06-29
ORD03928,Myra Mall,Mumbai,Maharashtra,Electronics,Mobile,10,60951.55,609515.5,Cash,Delivered,2026-03-13
ORD03929,Akarsh Sekhon,Chennai,Tamil Nadu,Home Appliances,Microwave,7,92149.74,645048.18,UPI,Delivered,2026-04-18
ORD03930,Yuvaan Barman,Delhi,Delhi,Electronics,Headphones,8,33889.37,271114.96,Debit Card,Cancelled,2025-12-12
ORD03931,Jiya Chokshi,Mumbai,Maharashtra,Home Appliances,Washing Machine,1,49485.06,49485.06,Cash,Shipped,2025-05-11
ORD03932,Anay Suresh,Guwahati,Assam,Furniture,Bed,6,51828.69,310972.14,Net Banking,Shipped,2025-03-18
ORD03933,Ivan Sule,Hyderabad,Telangana,Books,Science Book,8,57637.12,461096.96,Debit Card,Shipped,2024-07-24
ORD03934,Saanvi Wagle,Pune,Maharashtra,Books,Science Book,4,7327.72,29310.88,Net Banking,Cancelled,2025-12-19
ORD03935,Purab Baral,Pune,Maharashtra,Furniture,Chair,4,16286.33,65145.32,Credit Card,Pending,2026-03-06
ORD03936,Fateh Vasa,Lucknow,Uttar Pradesh,Groceries,Milk,8,88663.31,709306.48,Cash,Delivered,2026-03-09
ORD03937,Miraan Balasubramanian,Kolkata,West Bengal,Home Appliances,Fan,3,61530.4,184591.2,UPI,Shipped,2024-09-08
ORD03938,Krish Soni,Ahmedabad,Gujarat,Sports,Yoga Mat,5,14867.85,74339.25,Cash,Pending,2025-01-21
ORD03939,Riaan Saxena,Guwahati,Assam,Books,Comics,9,77130.28,694172.52,UPI,Delivered,2024-11-11
ORD03940,Kanav Din,Vadodara,Gujarat,Home Appliances,Fan,10,66263.45,662634.5,Cash,Shipped,2024-10-14
ORD03941,Dhanush Bedi,Visakhapatnam,Andhra Pradesh,Furniture,Wardrobe,10,43532.76,435327.6,UPI,Pending,2025-12-21
ORD03942,Akarsh Majumdar,Nagpur,Maharashtra,Electronics,Mobile,6,43243.86,259463.16,Cash,Delivered,2025-04-28
ORD03943,Piya Goel,Coimbatore,Tamil Nadu,Electronics,Smart TV,10,55282.03,552820.3,Credit Card,Cancelled,2025-03-26
ORD03944,Oorja Din,Visakhapatnam,Andhra Pradesh,Groceries,Snacks,6,61773.04,370638.24,Credit Card,Cancelled,2024-07-17
ORD03945,Madhup Sen,Bengaluru,Karnataka,Sports,Football,1,56409.29,56409.29,Cash,Shipped,2024-07-20
ORD03946,Bhavin Arya,Visakhapatnam,Andhra Pradesh,Fashion,Jacket,6,55850.92,335105.52,Net Banking,Cancelled,2025-01-01
ORD03947,Shalv Kapadia,Ranchi,Jharkhand,Fashion,Shoes,9,61970.96,557738.64,Net Banking,Shipped,2025-11-26
ORD03948,Dhanush Bawa,Indore,Madhya Pradesh,Groceries,Snacks,3,30351.29,91053.87,Credit Card,Shipped,2024-11-21
ORD03949,Nitara Sarraf,Lucknow,Uttar Pradesh,Beauty,Shampoo,9,40334.95,363014.55,Net Banking,Cancelled,2026-01-19
ORD03950,Shayak Buch,Ranchi,Jharkhand,Books,Science Book,3,34048.26,102144.78,UPI,Cancelled,2025-05-24
ORD03951,Tejas Vora,Coimbatore,Tamil Nadu,Electronics,Smart TV,3,95278.82,285836.46,UPI,Cancelled,2026-02-26
ORD03952,Aarav Bassi,Patna,Bihar,Fashion,Watch,4,11583.48,46333.92,Credit Card,Delivered,2025-02-19
ORD03953,Armaan Hayer,Mysuru,Karnataka,Beauty,Lipstick,2,95484.31,190968.62,UPI,Delivered,2024-07-30
ORD03954,Ela Issac,Kolkata,West Bengal,Home Appliances,Refrigerator,3,72055.72,216167.16,Cash,Delivered,2025-12-11
ORD03955,Samarth Mannan,Mumbai,Maharashtra,Books,Novel,3,55443.29,166329.87,Credit Card,Cancelled,2024-06-27
ORD03956,Mahika Choudhury,Kochi,Kerala,Sports,Football,8,10395.93,83167.44,Credit Card,Shipped,2026-01-10
ORD03957,Shanaya Dyal,Patna,Bihar,Sports,Cricket Bat,10,69793.44,697934.4,Cash,Delivered,2025-09-21
ORD03958,Krish Jaggi,Pune,Maharashtra,Sports,Cricket Bat,8,59458.24,475665.92,Cash,Shipped,2025-09-28
ORD03959,Vardaniya Dara,Visakhapatnam,Andhra Pradesh,Beauty,Face Wash,4,69678.69,278714.76,Credit Card,Cancelled,2025-06-27
ORD03960,Samar Barman,Surat,Gujarat,Home Appliances,Refrigerator,10,24247.98,242479.8,Cash,Shipped,2024-08-31
ORD03961,Aradhya Saran,Guwahati,Assam,Fashion,Watch,5,42201.15,211005.75,Net Banking,Shipped,2026-04-21
ORD03962,Devansh Sibal,Ahmedabad,Gujarat,Books,Biography,8,46754.34,374034.72,Credit Card,Delivered,2024-10-30
ORD03963,Charvi Chauhan,Delhi,Delhi,Books,Comics,1,48522.62,48522.62,Cash,Delivered,2025-05-04
ORD03964,Rania Wable,Bengaluru,Karnataka,Beauty,Cream,9,10317.88,92860.92,UPI,Cancelled,2025-09-29
ORD03965,Lagan Lad,Patna,Bihar,Sports,Yoga Mat,6,43281.57,259689.42,Cash,Cancelled,2025-02-11
ORD03966,Pihu Sidhu,Delhi,Delhi,Beauty,Face Wash,9,68973.16,620758.44,UPI,Delivered,2025-08-27
ORD03967,Anika Walia,Mysuru,Karnataka,Home Appliances,AC,6,4605.18,27631.08,UPI,Shipped,2026-03-14
ORD03968,Anvi Karan,Bengaluru,Karnataka,Electronics,Smart TV,2,77394.11,154788.22,Net Banking,Delivered,2024-09-11
ORD03969,Rohan Sachdeva,Chandigarh,Chandigarh,Sports,Gym Bag,9,41981.5,377833.5,Cash,Pending,2024-08-08
ORD03970,Tara Bala,Visakhapatnam,Andhra Pradesh,Furniture,Dining Table,7,12598.69,88190.83,UPI,Cancelled,2025-07-08
ORD03971,Tushar Ratti,Mysuru,Karnataka,Beauty,Lipstick,7,7391.59,51741.13,Credit Card,Delivered,2025-07-02
ORD03972,Ivana Deo,Bhopal,Madhya Pradesh,Furniture,Sofa,10,44608.01,446080.1,Cash,Shipped,2024-10-20
ORD03973,Nirvi Goda,Chennai,Tamil Nadu,Sports,Football,4,62596.07,250384.28,Net Banking,Cancelled,2025-01-06
ORD03974,Vihaan Sarna,Chennai,Tamil Nadu,Beauty,Lipstick,2,96602.54,193205.08,Credit Card,Delivered,2025-06-13
ORD03975,Bhavin Bhat,Lucknow,Uttar Pradesh,Electronics,Smart TV,4,66311.01,265244.04,UPI,Cancelled,2024-10-17
ORD03976,Mehul Deshmukh,Chennai,Tamil Nadu,Groceries,Oil,4,22014.37,88057.48,Cash,Shipped,2024-12-25
ORD03977,Arhaan Ganesh,Coimbatore,Tamil Nadu,Furniture,Bed,1,90726.5,90726.5,Credit Card,Pending,2024-08-21
ORD03978,Suhana Dhawan,Kolkata,West Bengal,Groceries,Juice,2,88920.31,177840.62,Net Banking,Pending,2025-09-12
ORD03979,Dhanuk Sekhon,Chennai,Tamil Nadu,Furniture,Bed,6,85046.14,510276.84,Net Banking,Cancelled,2026-02-26
ORD03980,Misha Kalla,Indore,Madhya Pradesh,Electronics,Smart TV,5,42974.83,214874.15,Credit Card,Delivered,2024-08-19
ORD03981,Myra Sachdev,Jaipur,Rajasthan,Electronics,Mobile,7,87206.07,610442.49,UPI,Pending,2024-08-15
ORD03982,Jayesh Chauhan,Hyderabad,Telangana,Home Appliances,Washing Machine,8,36154.91,289239.28,Credit Card,Pending,2025-07-21
ORD03983,Divyansh Chanda,Patna,Bihar,Sports,Football,10,49111.92,491119.2,UPI,Delivered,2025-06-07
ORD03984,Anaya Kapur,Chandigarh,Chandigarh,Sports,Gym Bag,8,56439.23,451513.84,UPI,Shipped,2026-02-11
ORD03985,Aniruddh Edwin,Chennai,Tamil Nadu,Beauty,Shampoo,6,7022.86,42137.16,UPI,Shipped,2025-02-21
ORD03986,Nirvaan Mander,Patna,Bihar,Books,Comics,3,48498.01,145494.03,Credit Card,Pending,2025-07-28
ORD03987,Eshani Bir,Kochi,Kerala,Books,Comics,6,54078.1,324468.6,UPI,Shipped,2024-07-08
ORD03988,Nirvi Chada,Noida,Uttar Pradesh,Groceries,Oil,8,55696.97,445575.76,Debit Card,Shipped,2026-03-31
ORD03989,Himmat Bava,Ahmedabad,Gujarat,Beauty,Lipstick,7,25118.33,175828.31,UPI,Pending,2026-04-05
ORD03990,Ayesha Baral,Mumbai,Maharashtra,Home Appliances,Refrigerator,7,97238.7,680670.9,Credit Card,Shipped,2025-03-25
ORD03991,Raghav Devi,Guwahati,Assam,Home Appliances,Microwave,5,68145.78,340728.9,Credit Card,Shipped,2025-07-26
ORD03992,Aaryahi Kamdar,Chennai,Tamil Nadu,Furniture,Wardrobe,3,80442.23,241326.69,Net Banking,Delivered,2024-06-27
ORD03993,Shalv Mani,Bhopal,Madhya Pradesh,Sports,Gym Bag,2,23009.89,46019.78,Net Banking,Cancelled,2025-02-16
ORD03994,Riya Kashyap,Surat,Gujarat,Home Appliances,Refrigerator,10,31205.55,312055.5,Debit Card,Pending,2024-12-29
ORD03995,Shanaya Banik,Jaipur,Rajasthan,Fashion,T-Shirt,6,95210.66,571263.96,Credit Card,Pending,2025-04-04
ORD03996,Devansh Johal,Mumbai,Maharashtra,Home Appliances,Fan,10,43946.82,439468.2,Cash,Pending,2025-05-01
ORD03997,Kiaan Rajagopalan,Guwahati,Assam,Electronics,Mobile,9,13851.66,124664.94,Debit Card,Shipped,2025-09-10
ORD03998,Samiha Kohli,Bengaluru,Karnataka,Books,History Book,4,23923.0,95692.0,Cash,Cancelled,2024-10-23
ORD03999,Indranil Bir,Delhi,Delhi,Electronics,Laptop,2,50737.03,101474.06,Credit Card,Delivered,2025-06-30
ORD04000,Saanvi Gola,Visakhapatnam,Andhra Pradesh,Books,History Book,7,85451.0,598157.0,Cash,Pending,2025-07-13
ORD04001,Veer Wali,Jaipur,Rajasthan,Sports,Tennis Racket,4,3152.63,12610.52,Debit Card,Cancelled,2026-04-27
ORD04002,Jayan Contractor,Ahmedabad,Gujarat,Sports,Gym Bag,6,10640.46,63842.76,UPI,Delivered,2025-02-04
ORD04003,Sumer Bail,Bhopal,Madhya Pradesh,Beauty,Face Wash,2,53308.77,106617.54,UPI,Pending,2024-06-25
ORD04004,Amani Saraf,Vadodara,Gujarat,Electronics,Laptop,6,38568.16,231408.96,Credit Card,Cancelled,2026-03-20
ORD04005,Dharmajan Sridhar,Kochi,Kerala,Furniture,Wardrobe,3,78445.65,235336.95,Net Banking,Pending,2025-12-23
ORD04006,Nayantara Sarna,Ranchi,Jharkhand,Electronics,Headphones,5,41838.2,209191.0,Cash,Delivered,2026-01-19
ORD04007,Anay Dubey,Noida,Uttar Pradesh,Electronics,Smart TV,6,49963.46,299780.76,UPI,Pending,2025-04-23
ORD04008,Baiju Kale,Indore,Madhya Pradesh,Books,Biography,5,96009.76,480048.8,Debit Card,Delivered,2024-06-16
ORD04009,Mahika Gola,Chandigarh,Chandigarh,Home Appliances,Refrigerator,2,81603.22,163206.44,Debit Card,Delivered,2024-07-27
ORD04010,Diya Master,Pune,Maharashtra,Furniture,Chair,2,1377.02,2754.04,Cash,Pending,2025-08-18
ORD04011,Neelofar Wable,Chandigarh,Chandigarh,Furniture,Wardrobe,8,64977.77,519822.16,UPI,Shipped,2025-10-03
ORD04012,Lavanya Tata,Coimbatore,Tamil Nadu,Books,Science Book,1,75087.02,75087.02,Debit Card,Cancelled,2026-03-04
ORD04013,Hridaan Vaidya,Coimbatore,Tamil Nadu,Beauty,Face Wash,2,5391.7,10783.4,UPI,Cancelled,2025-02-11
ORD04014,Drishya Sidhu,Ahmedabad,Gujarat,Furniture,Bed,3,26279.5,78838.5,Net Banking,Pending,2025-03-23
ORD04015,Bhamini Thaman,Jaipur,Rajasthan,Sports,Yoga Mat,6,3010.47,18062.82,Cash,Cancelled,2024-12-29
ORD04016,Nirvi Mandal,Chennai,Tamil Nadu,Home Appliances,AC,1,61225.19,61225.19,Credit Card,Cancelled,2025-10-18
ORD04017,Tiya Setty,Mysuru,Karnataka,Sports,Gym Bag,4,54985.25,219941.0,Cash,Shipped,2026-03-20
ORD04018,Dhanuk Rajagopal,Surat,Gujarat,Fashion,T-Shirt,1,73570.55,73570.55,UPI,Delivered,2025-03-24
ORD04019,Farhan Bawa,Delhi,Delhi,Books,Novel,2,20380.96,40761.92,Net Banking,Cancelled,2026-04-28
ORD04020,Nitara Agrawal,Hyderabad,Telangana,Electronics,Mobile,6,13996.52,83979.12,Cash,Shipped,2024-10-19
ORD04021,Jiya Sarin,Lucknow,Uttar Pradesh,Fashion,Shoes,3,21908.92,65726.76,Debit Card,Delivered,2025-12-02
ORD04022,Ryan Gour,Ahmedabad,Gujarat,Beauty,Cream,10,73895.13,738951.3,Cash,Delivered,2026-05-06
ORD04023,Veer Soni,Jaipur,Rajasthan,Furniture,Bed,1,3268.48,3268.48,Net Banking,Cancelled,2026-02-13
ORD04024,Farhan Bakshi,Hyderabad,Telangana,Furniture,Sofa,5,73653.27,368266.35,Cash,Delivered,2026-02-06
ORD04025,Ahana  Solanki,Surat,Gujarat,Electronics,Camera,9,57883.77,520953.93,Cash,Cancelled,2025-07-13
ORD04026,Arnav Bhalla,Chennai,Tamil Nadu,Home Appliances,Microwave,4,66743.45,266973.8,Credit Card,Delivered,2025-04-17
ORD04027,Misha Dugal,Noida,Uttar Pradesh,Fashion,Shoes,3,23156.27,69468.81,Net Banking,Delivered,2025-09-20
ORD04028,Advik Bakshi,Kolkata,West Bengal,Electronics,Camera,10,46293.39,462933.9,UPI,Shipped,2024-07-08
ORD04029,Pranay Singhal,Indore,Madhya Pradesh,Sports,Football,2,4492.16,8984.32,Credit Card,Delivered,2025-05-11
ORD04030,Oorja Baral,Vadodara,Gujarat,Home Appliances,Refrigerator,5,29787.02,148935.1,Net Banking,Cancelled,2025-04-21
ORD04031,Anika Sarma,Kochi,Kerala,Groceries,Oil,8,87874.54,702996.32,Net Banking,Cancelled,2024-12-28
ORD04032,Jayesh Raval,Surat,Gujarat,Groceries,Rice,4,93307.65,373230.6,Cash,Pending,2025-11-22
ORD04033,Tarini Kala,Nagpur,Maharashtra,Beauty,Lipstick,8,57083.62,456668.96,Credit Card,Cancelled,2024-10-16
ORD04034,Suhana Raman,Nagpur,Maharashtra,Beauty,Perfume,7,13222.86,92560.02,Net Banking,Pending,2025-05-12
ORD04035,Manikya Sule,Hyderabad,Telangana,Electronics,Laptop,4,52307.35,209229.4,Net Banking,Shipped,2024-06-09
ORD04036,Jayan Shenoy,Coimbatore,Tamil Nadu,Home Appliances,Refrigerator,2,40424.15,80848.3,Debit Card,Pending,2024-08-05
ORD04037,Riaan Tailor,Nagpur,Maharashtra,Fashion,T-Shirt,4,74542.29,298169.16,UPI,Pending,2024-09-07
ORD04038,Ayesha Tella,Jaipur,Rajasthan,Fashion,Jeans,2,61431.38,122862.76,UPI,Shipped,2026-04-30
ORD04039,Tiya Krishnamurthy,Hyderabad,Telangana,Electronics,Mobile,6,83809.84,502859.04,Cash,Delivered,2025-11-01
ORD04040,Pranay Sule,Guwahati,Assam,Groceries,Oil,1,85668.92,85668.92,Net Banking,Delivered,2025-07-03
ORD04041,Zara Dubey,Jaipur,Rajasthan,Beauty,Lipstick,10,65034.92,650349.2,Credit Card,Delivered,2026-03-12
ORD04042,Dhanuk Sodhi,Nagpur,Maharashtra,Books,Comics,10,10773.38,107733.8,Net Banking,Cancelled,2024-11-13
ORD04043,Tushar Suresh,Mysuru,Karnataka,Fashion,Watch,2,16412.61,32825.22,Net Banking,Pending,2025-06-15
ORD04044,Kismat Sankar,Nagpur,Maharashtra,Beauty,Lipstick,3,46498.58,139495.74,Net Banking,Pending,2026-02-09
ORD04045,Manikya Chaudry,Ahmedabad,Gujarat,Beauty,Lipstick,4,37930.03,151720.12,Cash,Cancelled,2026-02-26
ORD04046,Tiya Agate,Visakhapatnam,Andhra Pradesh,Electronics,Headphones,3,95331.62,285994.86,Cash,Delivered,2024-09-28
ORD04047,Sana Rajan,Nagpur,Maharashtra,Groceries,Juice,9,50438.63,453947.67,Net Banking,Shipped,2025-11-03
ORD04048,Ira Brahmbhatt,Guwahati,Assam,Fashion,Jacket,2,70410.2,140820.4,UPI,Delivered,2025-12-09
ORD04049,Riya Issac,Chandigarh,Chandigarh,Electronics,Mobile,3,91583.49,274750.47,UPI,Cancelled,2025-07-20
ORD04050,Tanya Bali,Kochi,Kerala,Home Appliances,Microwave,2,95902.69,191805.38,Debit Card,Cancelled,2024-11-08
ORD04051,Riya Lad,Guwahati,Assam,Furniture,Bed,8,50683.18,405465.44,Debit Card,Shipped,2025-12-23
ORD04052,Nitya Shetty,Lucknow,Uttar Pradesh,Beauty,Shampoo,5,80140.1,400700.5,UPI,Pending,2026-02-11
ORD04053,Armaan Srivastava,Bengaluru,Karnataka,Home Appliances,Washing Machine,6,33342.45,200054.7,Cash,Pending,2025-04-07
ORD04054,Myra Sabharwal,Indore,Madhya Pradesh,Home Appliances,Refrigerator,6,7366.23,44197.38,UPI,Shipped,2025-08-20
ORD04055,Nitara Doshi,Mysuru,Karnataka,Groceries,Snacks,1,28282.01,28282.01,Credit Card,Cancelled,2026-02-04
ORD04056,Baiju Deep,Mumbai,Maharashtra,Books,Biography,9,16601.61,149414.49,Cash,Delivered,2025-04-06
ORD04057,Gatik Varkey,Surat,Gujarat,Fashion,Watch,4,98881.14,395524.56,UPI,Shipped,2024-07-04
ORD04058,Bhavin Issac,Nagpur,Maharashtra,Sports,Gym Bag,2,29091.38,58182.76,Net Banking,Delivered,2026-02-06
ORD04059,Anaya Lanka,Pune,Maharashtra,Books,Science Book,8,92985.59,743884.72,Net Banking,Pending,2024-09-02
ORD04060,Akarsh Solanki,Surat,Gujarat,Beauty,Cream,6,26988.11,161928.66,UPI,Pending,2024-08-25
ORD04061,Jhanvi Arya,Vadodara,Gujarat,Furniture,Wardrobe,5,19612.46,98062.3,Debit Card,Pending,2024-12-26
ORD04062,Rania Chokshi,Mysuru,Karnataka,Furniture,Dining Table,8,2260.48,18083.84,Credit Card,Shipped,2025-12-15
ORD04063,Taimur Bhavsar,Vadodara,Gujarat,Sports,Football,3,7604.83,22814.49,UPI,Cancelled,2025-10-01
ORD04064,Yuvaan Sunder,Coimbatore,Tamil Nadu,Beauty,Perfume,9,1944.71,17502.39,UPI,Pending,2026-04-24
ORD04065,Saira Gaba,Ranchi,Jharkhand,Groceries,Snacks,5,22521.52,112607.6,Debit Card,Cancelled,2026-03-06
ORD04066,Vanya Kuruvilla,Noida,Uttar Pradesh,Sports,Tennis Racket,5,65193.03,325965.15,Cash,Pending,2024-05-11
ORD04067,Shaan Baral,Guwahati,Assam,Electronics,Camera,2,66530.39,133060.78,Net Banking,Shipped,2025-10-21
ORD04068,Raghav Krishnamurthy,Surat,Gujarat,Furniture,Sofa,3,83676.85,251030.55,Credit Card,Pending,2025-12-29
ORD04069,Prerak Kurian,Nagpur,Maharashtra,Books,History Book,2,11733.93,23467.86,Net Banking,Delivered,2025-05-27
ORD04070,Kimaya Sangha,Ranchi,Jharkhand,Books,Biography,4,15181.29,60725.16,Debit Card,Cancelled,2025-06-30
ORD04071,Navya Salvi,Guwahati,Assam,Furniture,Dining Table,3,43019.09,129057.27,UPI,Shipped,2025-07-28
ORD04072,Yuvaan Sarna,Nagpur,Maharashtra,Fashion,Jeans,8,85739.64,685917.12,UPI,Shipped,2025-11-25
ORD04073,Saanvi Bhatnagar,Guwahati,Assam,Groceries,Oil,3,98886.59,296659.77,Cash,Delivered,2025-01-11
ORD04074,Shanaya Venkatesh,Hyderabad,Telangana,Home Appliances,Microwave,6,70574.05,423444.3,Net Banking,Delivered,2026-03-23
ORD04075,Aniruddh Wason,Bhopal,Madhya Pradesh,Groceries,Rice,10,30889.92,308899.2,Debit Card,Pending,2024-12-07
ORD04076,Vanya Gala,Kolkata,West Bengal,Electronics,Camera,3,82760.69,248282.07,Debit Card,Cancelled,2024-06-30
ORD04077,Neelofar Jayaraman,Nagpur,Maharashtra,Home Appliances,Fan,5,3337.75,16688.75,Debit Card,Shipped,2025-11-20
ORD04078,Mishti Kuruvilla,Kolkata,West Bengal,Furniture,Wardrobe,1,84891.71,84891.71,Credit Card,Cancelled,2024-12-11
ORD04079,Amira Hans,Ahmedabad,Gujarat,Books,Comics,4,87477.08,349908.32,Net Banking,Cancelled,2025-11-22
ORD04080,Khushi Vyas,Mumbai,Maharashtra,Furniture,Wardrobe,9,69404.45,624640.05,Credit Card,Delivered,2025-08-01
ORD04081,Hunar Babu,Chandigarh,Chandigarh,Home Appliances,Microwave,7,39209.44,274466.08,Credit Card,Delivered,2025-11-09
ORD04082,Oorja Bawa,Kochi,Kerala,Home Appliances,Refrigerator,9,31558.1,284022.9,Cash,Shipped,2024-06-29
ORD04083,Reyansh Chhabra,Pune,Maharashtra,Beauty,Shampoo,1,16492.03,16492.03,UPI,Delivered,2025-05-18
ORD04084,Alia Kalla,Lucknow,Uttar Pradesh,Groceries,Oil,5,60801.93,304009.65,UPI,Pending,2025-01-26
ORD04085,Azad Basu,Patna,Bihar,Furniture,Chair,2,75790.92,151581.84,Credit Card,Shipped,2025-03-22
ORD04086,Jhanvi Badami,Surat,Gujarat,Furniture,Sofa,1,95162.72,95162.72,Net Banking,Pending,2024-07-06
ORD04087,Anaya Toor,Bengaluru,Karnataka,Furniture,Dining Table,8,44063.31,352506.48,Debit Card,Delivered,2025-05-21
ORD04088,Charvi Jha,Pune,Maharashtra,Electronics,Camera,6,11201.02,67206.12,Credit Card,Delivered,2025-05-16
ORD04089,Diya Rana,Indore,Madhya Pradesh,Groceries,Oil,7,5435.96,38051.72,UPI,Shipped,2025-10-09
ORD04090,Gokul Jayaraman,Lucknow,Uttar Pradesh,Groceries,Juice,7,75916.55,531415.85,Credit Card,Shipped,2024-07-19
ORD04091,Emir Gupta,Lucknow,Uttar Pradesh,Electronics,Camera,6,75546.12,453276.72,Debit Card,Delivered,2024-11-01
ORD04092,Hrishita Lad,Ranchi,Jharkhand,Furniture,Dining Table,3,5622.86,16868.58,Net Banking,Pending,2024-11-22
ORD04093,Arhaan Choudhry,Visakhapatnam,Andhra Pradesh,Books,History Book,5,89020.04,445100.2,Cash,Delivered,2025-11-11
ORD04094,Yuvraj  Karpe,Chennai,Tamil Nadu,Fashion,T-Shirt,2,47997.1,95994.2,Debit Card,Pending,2024-10-14
ORD04095,Anahita Joshi,Jaipur,Rajasthan,Books,Novel,5,44464.19,222320.95,UPI,Delivered,2025-09-25
ORD04096,Piya Tella,Lucknow,Uttar Pradesh,Groceries,Snacks,4,64589.18,258356.72,UPI,Shipped,2025-08-20
ORD04097,Oorja Bahl,Visakhapatnam,Andhra Pradesh,Home Appliances,AC,7,12753.9,89277.3,UPI,Pending,2024-05-23
ORD04098,Indrajit Dixit,Chennai,Tamil Nadu,Books,Biography,2,20090.87,40181.74,Cash,Delivered,2025-07-08
ORD04099,Ahana  Kar,Chennai,Tamil Nadu,Home Appliances,Microwave,7,6072.01,42504.07,Net Banking,Cancelled,2024-06-07
ORD04100,Adah Thakkar,Vadodara,Gujarat,Books,Comics,5,47588.45,237942.25,Credit Card,Cancelled,2025-04-17
ORD04101,Samar Tella,Hyderabad,Telangana,Books,Comics,9,54290.6,488615.4,UPI,Cancelled,2025-12-26
ORD04102,Ritvik Borra,Noida,Uttar Pradesh,Books,History Book,1,67716.87,67716.87,Net Banking,Shipped,2025-01-29
ORD04103,Fateh Verma,Guwahati,Assam,Sports,Tennis Racket,6,41704.55,250227.3,Cash,Cancelled,2024-10-19
ORD04104,Renee Wali,Bhopal,Madhya Pradesh,Groceries,Juice,2,49721.47,99442.94,UPI,Cancelled,2025-07-14
ORD04105,Yashvi Ravi,Hyderabad,Telangana,Books,Novel,4,37212.9,148851.6,Debit Card,Pending,2025-04-05
ORD04106,Anahi Krishnan,Surat,Gujarat,Fashion,T-Shirt,8,74552.69,596421.52,Debit Card,Shipped,2025-01-22
ORD04107,Miraya Saraf,Indore,Madhya Pradesh,Furniture,Dining Table,9,91776.61,825989.49,Cash,Delivered,2024-09-27
ORD04108,Anay Chakrabarti,Chennai,Tamil Nadu,Furniture,Dining Table,9,82044.0,738396.0,Credit Card,Pending,2026-01-21
ORD04109,Anaya Kakar,Nagpur,Maharashtra,Groceries,Oil,9,4062.62,36563.58,Cash,Delivered,2025-10-24
ORD04110,Eva Sem,Pune,Maharashtra,Books,Science Book,7,61428.73,430001.11,Debit Card,Pending,2025-10-15
ORD04111,Kabir Baria,Ahmedabad,Gujarat,Fashion,Jeans,6,66609.59,399657.54,Net Banking,Delivered,2025-04-12
ORD04112,Bhamini Dyal,Chennai,Tamil Nadu,Home Appliances,Fan,4,51149.76,204599.04,Credit Card,Shipped,2025-11-05
ORD04113,Lagan Krish,Bhopal,Madhya Pradesh,Home Appliances,Refrigerator,6,43707.18,262243.08,UPI,Delivered,2025-01-26
ORD04114,Anay Rout,Chennai,Tamil Nadu,Furniture,Sofa,10,42423.33,424233.3,Debit Card,Cancelled,2024-06-08
ORD04115,Gokul Raval,Bhopal,Madhya Pradesh,Fashion,Jacket,2,79863.85,159727.7,Credit Card,Pending,2025-09-27
ORD04116,Indrajit Karan,Delhi,Delhi,Home Appliances,Fan,8,99680.85,797446.8,Cash,Delivered,2026-02-20
ORD04117,Eshani Sastry,Pune,Maharashtra,Home Appliances,Refrigerator,7,43236.21,302653.47,UPI,Delivered,2025-09-11
ORD04118,Vanya Kothari,Patna,Bihar,Groceries,Rice,6,63268.46,379610.76,Cash,Cancelled,2024-06-14
ORD04119,Nitara Dasgupta,Chandigarh,Chandigarh,Fashion,Jacket,7,52134.39,364940.73,Net Banking,Shipped,2025-02-24
ORD04120,Parinaaz Sandhu,Chandigarh,Chandigarh,Furniture,Wardrobe,7,73431.94,514023.58,Credit Card,Delivered,2026-03-22
ORD04121,Sumer Atwal,Lucknow,Uttar Pradesh,Books,Biography,3,4783.77,14351.31,Credit Card,Cancelled,2024-10-22
ORD04122,Faiyaz Jaggi,Surat,Gujarat,Groceries,Milk,10,89606.66,896066.6,UPI,Pending,2024-11-18
ORD04123,Vivaan Sharaf,Jaipur,Rajasthan,Electronics,Smart TV,1,76222.36,76222.36,Credit Card,Delivered,2024-10-18
ORD04124,Yuvraj  Luthra,Mysuru,Karnataka,Sports,Football,3,48201.04,144603.12,Net Banking,Cancelled,2025-04-01
ORD04125,Nakul Thakkar,Bengaluru,Karnataka,Fashion,Jeans,7,34766.45,243365.15,Credit Card,Pending,2025-09-30
ORD04126,Kaira Gole,Visakhapatnam,Andhra Pradesh,Electronics,Headphones,9,40845.84,367612.56,Debit Card,Cancelled,2025-04-08
ORD04127,Rasha Sibal,Kolkata,West Bengal,Beauty,Perfume,8,18604.51,148836.08,Debit Card,Pending,2024-09-12
ORD04128,Misha Chad,Guwahati,Assam,Home Appliances,Fan,6,11540.59,69243.54,UPI,Delivered,2024-12-23
ORD04129,Madhav Bava,Delhi,Delhi,Beauty,Cream,10,84576.0,845760.0,Debit Card,Pending,2025-09-14
ORD04130,Amani Mall,Bengaluru,Karnataka,Home Appliances,Microwave,10,41342.43,413424.3,Net Banking,Shipped,2025-03-07
ORD04131,Samarth Mand,Ranchi,Jharkhand,Fashion,Shoes,5,6154.65,30773.25,Debit Card,Cancelled,2024-08-22
ORD04132,Miraya Khalsa,Jaipur,Rajasthan,Sports,Tennis Racket,6,19055.8,114334.8,Net Banking,Cancelled,2025-12-21
ORD04133,Piya Lala,Bengaluru,Karnataka,Beauty,Perfume,6,57996.71,347980.26,UPI,Delivered,2025-02-19
ORD04134,Vaibhav Bakshi,Indore,Madhya Pradesh,Beauty,Perfume,8,46099.58,368796.64,Net Banking,Delivered,2026-02-15
ORD04135,Nirvi Dasgupta,Lucknow,Uttar Pradesh,Groceries,Oil,8,2335.56,18684.48,Credit Card,Shipped,2026-03-04
ORD04136,Nayantara Upadhyay,Hyderabad,Telangana,Groceries,Juice,7,45074.0,315518.0,Net Banking,Delivered,2024-07-07
ORD04137,Vidur Chandra,Visakhapatnam,Andhra Pradesh,Groceries,Oil,10,33879.86,338798.6,Cash,Pending,2024-05-13
ORD04138,Tiya Acharya,Ranchi,Jharkhand,Furniture,Bed,7,97195.52,680368.64,Net Banking,Pending,2026-04-27
ORD04139,Tushar Kala,Jaipur,Rajasthan,Books,Novel,5,74561.04,372805.2,UPI,Shipped,2025-10-03
ORD04140,Ishaan Upadhyay,Lucknow,Uttar Pradesh,Groceries,Milk,2,88634.42,177268.84,UPI,Shipped,2024-08-13
ORD04141,Vivaan Choudhry,Indore,Madhya Pradesh,Groceries,Snacks,10,20981.47,209814.7,Cash,Cancelled,2025-08-26
ORD04142,Myra Deol,Pune,Maharashtra,Beauty,Lipstick,8,27471.22,219769.76,Debit Card,Pending,2024-08-31
ORD04143,Jayesh Sibal,Delhi,Delhi,Fashion,Watch,1,25773.78,25773.78,Debit Card,Pending,2025-11-04
ORD04144,Nakul Johal,Ahmedabad,Gujarat,Fashion,Shoes,4,63024.84,252099.36,Debit Card,Pending,2025-07-19
ORD04145,Biju Sahni,Bhopal,Madhya Pradesh,Home Appliances,Fan,6,34866.84,209201.04,Cash,Pending,2024-10-05
ORD04146,Faiyaz Goyal,Coimbatore,Tamil Nadu,Beauty,Lipstick,10,55987.16,559871.6,Credit Card,Shipped,2025-12-06
ORD04147,Suhana Som,Chandigarh,Chandigarh,Fashion,Jeans,8,59218.49,473747.92,UPI,Delivered,2024-07-30
ORD04148,Manikya Borde,Mysuru,Karnataka,Beauty,Lipstick,5,60222.68,301113.4,Debit Card,Shipped,2025-06-11
ORD04149,Tara Sem,Mumbai,Maharashtra,Electronics,Smart TV,4,61247.53,244990.12,Net Banking,Cancelled,2025-02-11
ORD04150,Uthkarsh Malhotra,Lucknow,Uttar Pradesh,Furniture,Dining Table,4,96288.5,385154.0,Debit Card,Cancelled,2024-05-27
ORD04151,Darshit Sagar,Coimbatore,Tamil Nadu,Furniture,Wardrobe,4,92413.33,369653.32,Net Banking,Shipped,2025-06-05
ORD04152,Ira Kade,Chandigarh,Chandigarh,Groceries,Juice,6,66310.57,397863.42,Cash,Cancelled,2025-02-07
ORD04153,Uthkarsh Gala,Mumbai,Maharashtra,Electronics,Headphones,8,83421.84,667374.72,Net Banking,Delivered,2024-08-24
ORD04154,Myra Saha,Ranchi,Jharkhand,Books,Biography,10,40244.54,402445.4,Credit Card,Pending,2026-01-20
ORD04155,Nitya Ghosh,Coimbatore,Tamil Nadu,Sports,Cricket Bat,5,88046.98,440234.9,Debit Card,Shipped,2025-12-01
ORD04156,Gokul Choudhury,Bengaluru,Karnataka,Furniture,Sofa,7,34173.48,239214.36,Net Banking,Shipped,2025-12-26
ORD04157,Nirvaan Rastogi,Ranchi,Jharkhand,Groceries,Snacks,6,83508.39,501050.34,Cash,Shipped,2024-09-06
ORD04158,Ivan Buch,Noida,Uttar Pradesh,Beauty,Cream,2,2893.17,5786.34,Cash,Shipped,2024-06-09
ORD04159,Nishith Loke,Indore,Madhya Pradesh,Furniture,Bed,9,952.88,8575.92,Debit Card,Shipped,2025-08-21
ORD04160,Alisha Anne,Bengaluru,Karnataka,Fashion,Shoes,4,71181.84,284727.36,Credit Card,Delivered,2026-04-18
ORD04161,Himmat Dhaliwal,Lucknow,Uttar Pradesh,Fashion,Watch,6,93413.69,560482.14,Debit Card,Pending,2026-03-10
ORD04162,Prisha Deep,Jaipur,Rajasthan,Fashion,Jacket,1,91450.44,91450.44,Credit Card,Shipped,2025-10-31
ORD04163,Nishith Sastry,Jaipur,Rajasthan,Groceries,Rice,2,31597.19,63194.38,Debit Card,Pending,2025-07-09
ORD04164,Tara Bumb,Guwahati,Assam,Books,Science Book,10,55401.16,554011.6,Net Banking,Shipped,2025-05-18
ORD04165,Arnav Bir,Ahmedabad,Gujarat,Home Appliances,Refrigerator,3,78441.57,235324.71,Debit Card,Delivered,2026-03-01
ORD04166,Tiya Char,Coimbatore,Tamil Nadu,Beauty,Shampoo,6,27431.54,164589.24,Debit Card,Pending,2024-08-26
ORD04167,Dhruv Bala,Lucknow,Uttar Pradesh,Beauty,Perfume,9,15003.65,135032.85,UPI,Shipped,2025-04-15
ORD04168,Lakshit Bhatti,Kolkata,West Bengal,Groceries,Milk,10,64070.77,640707.7,Credit Card,Cancelled,2024-12-10
ORD04169,Dhanuk Kaur,Mysuru,Karnataka,Fashion,Jacket,4,72495.2,289980.8,Credit Card,Pending,2025-10-29
ORD04170,Ryan Chowdhury,Ahmedabad,Gujarat,Home Appliances,Fan,4,303.26,1213.04,UPI,Shipped,2024-09-05
ORD04171,Ahana  Andra,Mumbai,Maharashtra,Furniture,Chair,3,97114.11,291342.33,Net Banking,Cancelled,2024-11-29
ORD04172,Sahil Brahmbhatt,Kolkata,West Bengal,Sports,Football,10,48298.34,482983.4,Credit Card,Shipped,2026-04-09
ORD04173,Aarav Bhat,Bhopal,Madhya Pradesh,Furniture,Sofa,6,27071.64,162429.84,Net Banking,Delivered,2025-12-12
ORD04174,Rasha Trivedi,Kochi,Kerala,Furniture,Dining Table,4,23053.25,92213.0,Credit Card,Delivered,2024-06-15
ORD04175,Ryan Chandra,Pune,Maharashtra,Electronics,Laptop,3,74130.46,222391.38,Credit Card,Delivered,2026-02-07
ORD04176,Mehul Bose,Chennai,Tamil Nadu,Books,Novel,9,55271.12,497440.08,UPI,Delivered,2025-04-30
ORD04177,Armaan Swamy,Mysuru,Karnataka,Beauty,Perfume,1,49789.54,49789.54,Debit Card,Cancelled,2024-08-20
ORD04178,Darshit Bhagat,Noida,Uttar Pradesh,Beauty,Lipstick,4,99117.45,396469.8,Net Banking,Shipped,2025-07-31
ORD04179,Advika Walia,Lucknow,Uttar Pradesh,Electronics,Camera,5,38168.16,190840.8,Cash,Cancelled,2025-02-03
ORD04180,Yuvaan Dhawan,Surat,Gujarat,Groceries,Oil,7,20647.87,144535.09,Credit Card,Pending,2024-12-09
ORD04181,Gatik Batra,Mumbai,Maharashtra,Furniture,Sofa,3,14494.24,43482.72,Net Banking,Cancelled,2025-12-20
ORD04182,Oorja Hari,Lucknow,Uttar Pradesh,Sports,Cricket Bat,9,79293.41,713640.69,Debit Card,Cancelled,2025-01-18
ORD04183,Ivan Sengupta,Kolkata,West Bengal,Fashion,Watch,8,79316.24,634529.92,UPI,Pending,2025-04-10
ORD04184,Ahana  Varghese,Vadodara,Gujarat,Electronics,Camera,6,29314.82,175888.92,Net Banking,Cancelled,2024-07-10
ORD04185,Aarav Bahri,Indore,Madhya Pradesh,Groceries,Milk,9,65826.19,592435.71,Net Banking,Shipped,2026-03-15
ORD04186,Vritika Bail,Hyderabad,Telangana,Furniture,Bed,3,51303.76,153911.28,Net Banking,Pending,2025-07-09
ORD04187,Mahika Magar,Pune,Maharashtra,Furniture,Sofa,6,20359.31,122155.86,UPI,Delivered,2024-06-14
ORD04188,Azad Mandal,Patna,Bihar,Fashion,Jacket,6,80844.74,485068.44,Credit Card,Shipped,2025-03-26
ORD04189,Adah Balakrishnan,Lucknow,Uttar Pradesh,Electronics,Laptop,9,45025.03,405225.27,Credit Card,Pending,2026-02-12
ORD04190,Vritika Choudhury,Surat,Gujarat,Home Appliances,AC,5,6049.74,30248.7,UPI,Pending,2025-03-12
ORD04191,Faiyaz Rao,Kochi,Kerala,Groceries,Snacks,3,46951.38,140854.14,Debit Card,Cancelled,2026-01-04
ORD04192,Rasha Rau,Chandigarh,Chandigarh,Electronics,Smart TV,6,94020.44,564122.64,Cash,Delivered,2025-10-29
ORD04193,Aaryahi Ratti,Visakhapatnam,Andhra Pradesh,Groceries,Rice,4,65717.47,262869.88,UPI,Pending,2025-04-07
ORD04194,Arhaan Kapadia,Mysuru,Karnataka,Groceries,Rice,8,62036.12,496288.96,Credit Card,Shipped,2024-11-03
ORD04195,Madhup Borra,Bhopal,Madhya Pradesh,Fashion,Watch,6,88889.38,533336.28,Credit Card,Pending,2024-12-20
ORD04196,Purab Jaggi,Mysuru,Karnataka,Groceries,Milk,6,58538.04,351228.24,Cash,Cancelled,2025-06-25
ORD04197,Vedika Srinivas,Mysuru,Karnataka,Beauty,Shampoo,10,28740.62,287406.2,Debit Card,Pending,2024-09-19
ORD04198,Hunar Seshadri,Guwahati,Assam,Electronics,Camera,6,86863.94,521183.64,Debit Card,Delivered,2024-08-09
ORD04199,Divit Rana,Hyderabad,Telangana,Sports,Football,1,16387.47,16387.47,Debit Card,Pending,2024-07-02
ORD04200,Kiara Madan,Coimbatore,Tamil Nadu,Electronics,Mobile,4,45983.69,183934.76,UPI,Cancelled,2025-07-24
ORD04201,Nakul Char,Kolkata,West Bengal,Fashion,Jeans,2,10671.9,21343.8,Credit Card,Shipped,2025-09-18
ORD04202,Faiyaz Mani,Chandigarh,Chandigarh,Furniture,Chair,8,23656.33,189250.64,Credit Card,Shipped,2026-02-26
ORD04203,Dhruv Din,Patna,Bihar,Furniture,Wardrobe,9,51024.45,459220.05,Cash,Cancelled,2026-03-16
ORD04204,Kabir Setty,Hyderabad,Telangana,Electronics,Laptop,3,77881.99,233645.97,Net Banking,Pending,2025-06-26
ORD04205,Hazel Dar,Kolkata,West Bengal,Furniture,Dining Table,5,34448.45,172242.25,Cash,Pending,2025-01-20
ORD04206,Raghav Lanka,Visakhapatnam,Andhra Pradesh,Home Appliances,Microwave,10,13319.82,133198.2,Cash,Shipped,2026-01-09
ORD04207,Arnav Cherian,Kochi,Kerala,Beauty,Face Wash,1,22378.37,22378.37,Credit Card,Shipped,2024-06-12
ORD04208,Badal Bhandari,Bhopal,Madhya Pradesh,Furniture,Sofa,10,54573.56,545735.6,Cash,Delivered,2025-03-27
ORD04209,Urvi Chadha,Mumbai,Maharashtra,Furniture,Sofa,7,13500.22,94501.54,Net Banking,Pending,2026-05-01
ORD04210,Prerak Wagle,Pune,Maharashtra,Beauty,Lipstick,6,62966.25,377797.5,Debit Card,Shipped,2025-08-12
ORD04211,Nehmat Lanka,Kolkata,West Bengal,Fashion,Shoes,10,20952.06,209520.6,Credit Card,Delivered,2025-03-20
ORD04212,Vidur Mallick,Bengaluru,Karnataka,Electronics,Camera,5,42361.36,211806.8,Net Banking,Delivered,2026-05-02
ORD04213,Divij Mangal,Chandigarh,Chandigarh,Electronics,Headphones,2,27853.52,55707.04,Cash,Shipped,2024-05-31
ORD04214,Kiara Hari,Coimbatore,Tamil Nadu,Sports,Tennis Racket,10,55160.78,551607.8,Debit Card,Delivered,2024-06-03
ORD04215,Farhan Ravel,Lucknow,Uttar Pradesh,Sports,Football,9,49106.16,441955.44,Debit Card,Shipped,2025-12-05
ORD04216,Kabir Tella,Noida,Uttar Pradesh,Books,Biography,4,17744.68,70978.72,Net Banking,Delivered,2024-05-28
ORD04217,Saanvi Sachar,Bhopal,Madhya Pradesh,Electronics,Headphones,4,41596.99,166387.96,Credit Card,Pending,2024-06-09
ORD04218,Neysa Gaba,Mumbai,Maharashtra,Furniture,Sofa,5,12500.49,62502.45,UPI,Pending,2025-05-04
ORD04219,Ayesha Babu,Guwahati,Assam,Electronics,Smart TV,8,75363.33,602906.64,UPI,Delivered,2025-07-07
ORD04220,Kartik Deshmukh,Hyderabad,Telangana,Sports,Tennis Racket,9,1765.99,15893.91,Net Banking,Delivered,2024-05-30
ORD04221,Myra Ganguly,Coimbatore,Tamil Nadu,Sports,Cricket Bat,7,61873.57,433114.99,Net Banking,Cancelled,2025-04-28
ORD04222,Ira Barad,Kolkata,West Bengal,Groceries,Juice,3,44999.89,134999.67,UPI,Shipped,2024-07-14
ORD04223,Vaibhav Sabharwal,Coimbatore,Tamil Nadu,Electronics,Headphones,3,88580.73,265742.19,Net Banking,Cancelled,2026-04-30
ORD04224,Bhavin Swaminathan,Hyderabad,Telangana,Furniture,Dining Table,3,53404.59,160213.77,Net Banking,Cancelled,2025-01-14
ORD04225,Kanav Gole,Delhi,Delhi,Beauty,Face Wash,2,73735.14,147470.28,Net Banking,Shipped,2024-07-22
ORD04226,Tanya Sahota,Bengaluru,Karnataka,Furniture,Bed,5,97030.25,485151.25,Cash,Pending,2024-06-27
ORD04227,Indrans Sandal,Nagpur,Maharashtra,Fashion,Jacket,5,2799.16,13995.8,UPI,Shipped,2024-05-30
ORD04228,Aayush Basu,Mysuru,Karnataka,Furniture,Dining Table,8,6923.95,55391.6,Cash,Pending,2025-10-07
ORD04229,Yasmin Kashyap,Ranchi,Jharkhand,Sports,Tennis Racket,6,92742.48,556454.88,Credit Card,Cancelled,2025-02-01
ORD04230,Saanvi Master,Bhopal,Madhya Pradesh,Furniture,Dining Table,3,88532.5,265597.5,UPI,Pending,2025-09-20
ORD04231,Divit Srinivas,Visakhapatnam,Andhra Pradesh,Beauty,Shampoo,1,97227.9,97227.9,UPI,Shipped,2025-06-09
ORD04232,Advik Tank,Hyderabad,Telangana,Books,Novel,7,98654.5,690581.5,UPI,Pending,2025-01-21
ORD04233,Aayush Maharaj,Visakhapatnam,Andhra Pradesh,Groceries,Rice,3,41634.48,124903.44,Cash,Pending,2026-01-01
ORD04234,Rati Sunder,Hyderabad,Telangana,Fashion,Shoes,6,32300.85,193805.1,Net Banking,Pending,2024-08-18
ORD04235,Aaryahi Sura,Bhopal,Madhya Pradesh,Books,Comics,6,80988.86,485933.16,UPI,Pending,2026-01-02
ORD04236,Sumer Sem,Jaipur,Rajasthan,Beauty,Lipstick,5,68974.68,344873.4,Credit Card,Shipped,2025-07-17
ORD04237,Sahil Kumar,Nagpur,Maharashtra,Home Appliances,Microwave,6,36892.05,221352.3,Net Banking,Delivered,2026-01-02
ORD04238,Prisha Rege,Kochi,Kerala,Beauty,Cream,6,63891.88,383351.28,Net Banking,Pending,2025-09-06
ORD04239,Kaira Ramakrishnan,Lucknow,Uttar Pradesh,Sports,Yoga Mat,7,21324.55,149271.85,Debit Card,Pending,2024-10-19
ORD04240,Hrishita Uppal,Kochi,Kerala,Sports,Yoga Mat,4,98037.58,392150.32,Credit Card,Shipped,2025-01-29
ORD04241,Miraan Deshpande,Bengaluru,Karnataka,Books,Novel,6,57632.54,345795.24,Net Banking,Delivered,2025-03-30
ORD04242,Aniruddh Ratta,Chennai,Tamil Nadu,Furniture,Bed,9,69084.7,621762.3,Credit Card,Shipped,2025-07-16
ORD04243,Jayant Vaidya,Patna,Bihar,Electronics,Headphones,8,35145.49,281163.92,Cash,Delivered,2025-03-07
ORD04244,Diya Kapoor,Vadodara,Gujarat,Beauty,Shampoo,5,54087.3,270436.5,Credit Card,Cancelled,2024-07-19
ORD04245,Hridaan Lad,Bhopal,Madhya Pradesh,Beauty,Face Wash,2,80349.95,160699.9,UPI,Delivered,2026-04-03
ORD04246,Miraan Keer,Delhi,Delhi,Home Appliances,Refrigerator,9,90537.33,814835.97,Credit Card,Delivered,2025-07-12
ORD04247,Taran Dave,Patna,Bihar,Electronics,Laptop,2,11985.96,23971.92,Net Banking,Cancelled,2025-03-10
ORD04248,Mishti Vala,Surat,Gujarat,Electronics,Smart TV,8,1032.42,8259.36,Net Banking,Cancelled,2025-02-07
ORD04249,Vidur Manda,Jaipur,Rajasthan,Home Appliances,Refrigerator,5,96713.94,483569.7,Debit Card,Delivered,2025-01-18
ORD04250,Miraan Singh,Mumbai,Maharashtra,Electronics,Camera,7,9614.23,67299.61,Credit Card,Pending,2026-03-26
ORD04251,Prisha Vig,Vadodara,Gujarat,Beauty,Lipstick,5,60733.48,303667.4,Debit Card,Pending,2026-02-18
ORD04252,Rohan Manne,Pune,Maharashtra,Beauty,Face Wash,9,67549.32,607943.88,UPI,Delivered,2026-03-26
ORD04253,Divyansh Srivastava,Lucknow,Uttar Pradesh,Books,Biography,7,64506.48,451545.36,Debit Card,Cancelled,2025-01-03
ORD04254,Jiya Lanka,Chandigarh,Chandigarh,Books,Comics,4,70348.06,281392.24,UPI,Cancelled,2025-02-20
ORD04255,Neysa Baral,Lucknow,Uttar Pradesh,Sports,Football,3,37385.27,112155.81,UPI,Cancelled,2025-09-15
ORD04256,Neysa Kunda,Noida,Uttar Pradesh,Sports,Cricket Bat,7,56449.91,395149.37,Debit Card,Cancelled,2025-02-10
ORD04257,Vaibhav Bhargava,Noida,Uttar Pradesh,Groceries,Oil,1,90404.95,90404.95,Cash,Cancelled,2026-05-06
ORD04258,Neysa Sane,Nagpur,Maharashtra,Home Appliances,Fan,4,6905.61,27622.44,UPI,Delivered,2025-05-13
ORD04259,Kanav Sharma,Bengaluru,Karnataka,Electronics,Smart TV,6,21873.63,131241.78,Net Banking,Delivered,2024-08-20
ORD04260,Anahi Handa,Mysuru,Karnataka,Groceries,Milk,1,39365.6,39365.6,Net Banking,Delivered,2025-12-22
ORD04261,Raunak Kalla,Pune,Maharashtra,Beauty,Cream,3,54645.2,163935.6,Credit Card,Delivered,2024-12-21
ORD04262,Adira Rege,Kolkata,West Bengal,Fashion,Watch,9,51208.59,460877.31,Net Banking,Cancelled,2024-07-24
ORD04263,Ritvik Setty,Mysuru,Karnataka,Home Appliances,Washing Machine,3,2016.11,6048.33,Credit Card,Delivered,2025-02-23
ORD04264,Azad Chaudry,Indore,Madhya Pradesh,Home Appliances,Microwave,7,79271.18,554898.26,Net Banking,Cancelled,2025-11-07
ORD04265,Inaaya  Ramanathan,Patna,Bihar,Home Appliances,Refrigerator,5,68063.83,340319.15,Debit Card,Cancelled,2024-10-23
ORD04266,Rati Venkatesh,Bengaluru,Karnataka,Fashion,Shoes,3,51647.0,154941.0,UPI,Delivered,2026-03-20
ORD04267,Umang Kannan,Guwahati,Assam,Groceries,Oil,4,95828.06,383312.24,Credit Card,Shipped,2025-03-02
ORD04268,Anahi Halder,Jaipur,Rajasthan,Books,Science Book,9,7194.72,64752.48,Credit Card,Shipped,2025-03-26
ORD04269,Ivana Hora,Bhopal,Madhya Pradesh,Electronics,Smart TV,3,47294.34,141883.02,UPI,Pending,2025-05-16
ORD04270,Prerak Bora,Indore,Madhya Pradesh,Beauty,Cream,7,80766.65,565366.55,Cash,Pending,2025-02-01
ORD04271,Elakshi Handa,Noida,Uttar Pradesh,Furniture,Dining Table,2,91198.81,182397.62,UPI,Delivered,2025-08-09
ORD04272,Vivaan Sodhi,Noida,Uttar Pradesh,Electronics,Smart TV,3,67197.22,201591.66,Cash,Cancelled,2024-11-06
ORD04273,Bhamini Chakrabarti,Chandigarh,Chandigarh,Beauty,Cream,5,39644.41,198222.05,Debit Card,Shipped,2025-04-15
ORD04274,Hiran Kapur,Mumbai,Maharashtra,Beauty,Perfume,6,39876.31,239257.86,Cash,Cancelled,2025-11-08
ORD04275,Indrajit Barad,Guwahati,Assam,Books,Biography,9,13930.64,125375.76,Net Banking,Pending,2024-06-13
ORD04276,Trisha Srinivasan,Noida,Uttar Pradesh,Beauty,Cream,5,66991.91,334959.55,UPI,Pending,2025-07-23
ORD04277,Anvi Ben,Patna,Bihar,Books,Novel,6,98487.0,590922.0,Net Banking,Delivered,2025-04-06
ORD04278,Dharmajan Verma,Ahmedabad,Gujarat,Beauty,Cream,5,54844.65,274223.25,Debit Card,Delivered,2025-03-19
ORD04279,Nirvi Kala,Jaipur,Rajasthan,Groceries,Juice,6,84812.94,508877.64,Net Banking,Cancelled,2025-03-20
ORD04280,Zoya Sarin,Mumbai,Maharashtra,Electronics,Laptop,6,28378.83,170272.98,Debit Card,Delivered,2026-01-12
ORD04281,Biju Chandra,Bengaluru,Karnataka,Home Appliances,AC,6,4534.92,27209.52,Credit Card,Pending,2025-03-20
ORD04282,Saksham Varughese,Mysuru,Karnataka,Electronics,Mobile,4,42248.9,168995.6,UPI,Cancelled,2026-03-10
ORD04283,Parinaaz Gill,Hyderabad,Telangana,Fashion,Shoes,9,69227.77,623049.93,Credit Card,Shipped,2024-11-12
ORD04284,Stuvan Keer,Chennai,Tamil Nadu,Electronics,Headphones,7,84358.45,590509.15,Debit Card,Pending,2025-04-12
ORD04285,Vaibhav Chaudhary,Lucknow,Uttar Pradesh,Electronics,Mobile,9,43433.57,390902.13,UPI,Delivered,2025-10-13
ORD04286,Lavanya Sandhu,Delhi,Delhi,Sports,Tennis Racket,5,95803.31,479016.55,Net Banking,Delivered,2024-06-14
ORD04287,Himmat Sood,Nagpur,Maharashtra,Electronics,Mobile,2,26250.44,52500.88,UPI,Pending,2025-04-09
ORD04288,Mehul Krishnan,Kochi,Kerala,Beauty,Lipstick,7,16996.31,118974.17,UPI,Cancelled,2025-05-07
ORD04289,Bhavin Hari,Guwahati,Assam,Beauty,Lipstick,1,59933.67,59933.67,Cash,Pending,2026-03-26
ORD04290,Indranil Sha,Pune,Maharashtra,Electronics,Smart TV,4,84978.24,339912.96,Cash,Cancelled,2026-01-08
ORD04291,Nakul Sarin,Lucknow,Uttar Pradesh,Fashion,T-Shirt,2,6868.05,13736.1,Debit Card,Cancelled,2024-06-30
ORD04292,Madhav Yadav,Bengaluru,Karnataka,Fashion,Watch,9,6473.86,58264.74,Cash,Delivered,2025-11-23
ORD04293,Eva Chadha,Surat,Gujarat,Electronics,Headphones,2,37752.91,75505.82,Net Banking,Pending,2025-04-14
ORD04294,Sana Majumdar,Hyderabad,Telangana,Electronics,Camera,1,25967.13,25967.13,Credit Card,Shipped,2024-12-13
ORD04295,Ela Mammen,Nagpur,Maharashtra,Fashion,Jeans,10,48139.34,481393.4,Cash,Cancelled,2025-08-18
ORD04296,Tara Thakkar,Bengaluru,Karnataka,Books,Biography,7,72370.12,506590.84,Cash,Shipped,2025-11-17
ORD04297,Hridaan Dixit,Chandigarh,Chandigarh,Books,Science Book,4,98072.53,392290.12,UPI,Cancelled,2025-10-22
ORD04298,Ishaan Gara,Vadodara,Gujarat,Beauty,Lipstick,1,48098.96,48098.96,UPI,Pending,2024-10-18
ORD04299,Riya Yohannan,Surat,Gujarat,Groceries,Milk,10,36474.79,364747.9,UPI,Cancelled,2026-02-24
ORD04300,Bhamini Bakshi,Mumbai,Maharashtra,Home Appliances,Fan,1,98776.2,98776.2,UPI,Shipped,2025-09-03
ORD04301,Adah Bhardwaj,Vadodara,Gujarat,Fashion,T-Shirt,2,66670.77,133341.54,UPI,Delivered,2025-07-01
ORD04302,Indranil Banik,Kolkata,West Bengal,Sports,Yoga Mat,10,55176.65,551766.5,Credit Card,Pending,2025-11-14
ORD04303,Shamik Rastogi,Bhopal,Madhya Pradesh,Home Appliances,AC,4,83369.52,333478.08,UPI,Pending,2025-11-06
ORD04304,Armaan Varghese,Chennai,Tamil Nadu,Books,Novel,2,12042.3,24084.6,Net Banking,Shipped,2026-03-26
ORD04305,Jiya Wagle,Jaipur,Rajasthan,Groceries,Snacks,1,38075.84,38075.84,Net Banking,Cancelled,2026-04-04
ORD04306,Kartik Gara,Bengaluru,Karnataka,Furniture,Sofa,3,92013.9,276041.7,Debit Card,Delivered,2026-04-16
ORD04307,Hridaan Bir,Mumbai,Maharashtra,Books,Comics,1,22461.22,22461.22,Cash,Delivered,2025-11-12
ORD04308,Ayesha Lalla,Kochi,Kerala,Sports,Yoga Mat,8,81839.08,654712.64,Cash,Delivered,2024-08-15
ORD04309,Mannat Bath,Ahmedabad,Gujarat,Home Appliances,Washing Machine,9,74948.84,674539.56,Cash,Cancelled,2025-09-27
ORD04310,Priyansh Srivastava,Chandigarh,Chandigarh,Beauty,Lipstick,5,30848.42,154242.1,Net Banking,Pending,2026-01-04
ORD04311,Misha Kothari,Vadodara,Gujarat,Electronics,Smart TV,7,75660.98,529626.86,Cash,Cancelled,2025-08-31
ORD04312,Vaibhav Uppal,Coimbatore,Tamil Nadu,Sports,Gym Bag,5,22219.02,111095.1,Debit Card,Shipped,2025-05-22
ORD04313,Piya Dalal,Ranchi,Jharkhand,Furniture,Wardrobe,1,41741.48,41741.48,Credit Card,Delivered,2024-09-18
ORD04314,Khushi Goel,Chandigarh,Chandigarh,Electronics,Laptop,10,26050.2,260502.0,Credit Card,Pending,2025-03-20
ORD04315,Adira Rao,Visakhapatnam,Andhra Pradesh,Books,Science Book,2,89337.37,178674.74,Debit Card,Shipped,2025-06-17
ORD04316,Navya Sandal,Patna,Bihar,Beauty,Perfume,3,8311.26,24933.78,Cash,Pending,2025-06-26
ORD04317,Darshit Ramachandran,Patna,Bihar,Fashion,Shoes,2,67580.46,135160.92,Cash,Delivered,2024-06-03
ORD04318,Gokul Raj,Kochi,Kerala,Beauty,Lipstick,7,75013.56,525094.92,Debit Card,Pending,2025-03-28
ORD04319,Ivan Dua,Patna,Bihar,Home Appliances,Refrigerator,9,30384.7,273462.3,Credit Card,Shipped,2026-03-05
ORD04320,Elakshi Vig,Mysuru,Karnataka,Beauty,Shampoo,7,42871.59,300101.13,Debit Card,Shipped,2024-10-05
ORD04321,Abram Kalita,Delhi,Delhi,Sports,Cricket Bat,1,97111.37,97111.37,Credit Card,Cancelled,2025-01-03
ORD04322,Aarav Kala,Delhi,Delhi,Electronics,Smart TV,3,43288.05,129864.15,Net Banking,Cancelled,2026-05-03
ORD04323,Himmat Saran,Ahmedabad,Gujarat,Groceries,Oil,5,15173.04,75865.2,Debit Card,Pending,2024-06-01
ORD04324,Indrans Koshy,Hyderabad,Telangana,Furniture,Chair,4,6853.44,27413.76,Debit Card,Delivered,2025-01-19
ORD04325,Biju Bahl,Chandigarh,Chandigarh,Fashion,Jeans,5,39303.0,196515.0,Cash,Cancelled,2024-09-29
ORD04326,Nirvaan Sha,Noida,Uttar Pradesh,Groceries,Juice,10,17701.11,177011.1,UPI,Shipped,2025-07-24
ORD04327,Fateh Bhatia,Noida,Uttar Pradesh,Sports,Cricket Bat,9,50711.46,456403.14,Credit Card,Cancelled,2024-06-15
ORD04328,Advika Sani,Visakhapatnam,Andhra Pradesh,Books,Novel,5,41774.74,208873.7,Net Banking,Shipped,2025-05-09
ORD04329,Urvi Sheth,Lucknow,Uttar Pradesh,Groceries,Juice,4,92745.24,370980.96,Credit Card,Cancelled,2025-09-22
ORD04330,Ranbir Bora,Hyderabad,Telangana,Books,Biography,5,94841.37,474206.85,Credit Card,Cancelled,2024-09-21
ORD04331,Yasmin Kapur,Pune,Maharashtra,Fashion,Jacket,8,60201.39,481611.12,Cash,Cancelled,2024-10-18
ORD04332,Elakshi Balay,Mysuru,Karnataka,Books,Comics,10,54779.96,547799.6,Debit Card,Pending,2024-09-22
ORD04333,Miraan Bala,Visakhapatnam,Andhra Pradesh,Electronics,Camera,5,54238.86,271194.3,Cash,Delivered,2025-11-20
ORD04334,Romil Sem,Patna,Bihar,Groceries,Rice,4,12889.23,51556.92,Debit Card,Shipped,2025-08-04
ORD04335,Nayantara Vaidya,Vadodara,Gujarat,Electronics,Smart TV,7,3184.18,22289.26,Credit Card,Shipped,2024-06-07
ORD04336,Mishti Kunda,Kolkata,West Bengal,Sports,Cricket Bat,9,74305.63,668750.67,Credit Card,Cancelled,2025-02-23
ORD04337,Eva Bhandari,Indore,Madhya Pradesh,Beauty,Face Wash,5,11754.96,58774.8,Cash,Shipped,2024-11-14
ORD04338,Oorja Raja,Noida,Uttar Pradesh,Books,Novel,7,5592.34,39146.38,UPI,Cancelled,2025-06-16
ORD04339,Shamik Hora,Jaipur,Rajasthan,Home Appliances,Washing Machine,8,63443.79,507550.32,Cash,Cancelled,2024-12-28
ORD04340,Rhea Sathe,Lucknow,Uttar Pradesh,Sports,Football,3,2926.33,8778.99,Cash,Delivered,2024-10-24
ORD04341,Keya Deo,Noida,Uttar Pradesh,Beauty,Face Wash,2,21176.85,42353.7,Cash,Pending,2026-04-30
ORD04342,Urvi Khare,Pune,Maharashtra,Electronics,Laptop,9,39633.27,356699.43,Debit Card,Pending,2025-04-26
ORD04343,Kaira Shroff,Patna,Bihar,Sports,Cricket Bat,7,27607.9,193255.3,UPI,Cancelled,2025-01-16
ORD04344,Pranay Balakrishnan,Kolkata,West Bengal,Electronics,Camera,2,36989.85,73979.7,Credit Card,Shipped,2025-02-17
ORD04345,Rania Desai,Indore,Madhya Pradesh,Furniture,Sofa,7,7198.08,50386.56,Debit Card,Pending,2026-05-01
ORD04346,Riaan Sandhu,Bhopal,Madhya Pradesh,Home Appliances,Refrigerator,5,85529.06,427645.3,Net Banking,Cancelled,2026-01-25
ORD04347,Purab Ray,Visakhapatnam,Andhra Pradesh,Fashion,Jeans,8,5010.86,40086.88,Cash,Cancelled,2026-02-05
ORD04348,Pihu Kala,Indore,Madhya Pradesh,Sports,Football,5,65132.86,325664.3,Net Banking,Shipped,2025-08-25
ORD04349,Divit Deshpande,Nagpur,Maharashtra,Groceries,Juice,4,11597.51,46390.04,Credit Card,Delivered,2024-09-01
ORD04350,Khushi Kurian,Surat,Gujarat,Sports,Cricket Bat,3,98848.11,296544.33,Cash,Cancelled,2026-03-02
ORD04351,Advika Thakkar,Jaipur,Rajasthan,Books,History Book,4,55197.65,220790.6,Credit Card,Cancelled,2024-11-21
ORD04352,Kismat Sharma,Patna,Bihar,Books,Biography,1,65762.15,65762.15,Cash,Cancelled,2025-06-13
ORD04353,Vritika Tiwari,Visakhapatnam,Andhra Pradesh,Groceries,Oil,7,40119.77,280838.39,Net Banking,Delivered,2024-08-06
ORD04354,Parinaaz Behl,Chennai,Tamil Nadu,Furniture,Dining Table,9,28494.63,256451.67,Cash,Delivered,2025-01-22
ORD04355,Yakshit Aggarwal,Hyderabad,Telangana,Furniture,Sofa,3,22956.52,68869.56,Cash,Delivered,2025-12-07
ORD04356,Sahil Comar,Vadodara,Gujarat,Beauty,Shampoo,2,61753.36,123506.72,Credit Card,Shipped,2026-05-01
ORD04357,Shamik Garg,Bhopal,Madhya Pradesh,Fashion,T-Shirt,3,92596.08,277788.24,Credit Card,Cancelled,2024-10-01
ORD04358,Ivan Sant,Surat,Gujarat,Electronics,Smart TV,6,35432.27,212593.62,UPI,Delivered,2025-02-15
ORD04359,Samar Grover,Vadodara,Gujarat,Sports,Gym Bag,10,33594.3,335943.0,Net Banking,Shipped,2025-09-10
ORD04360,Madhav Atwal,Kochi,Kerala,Home Appliances,Microwave,2,26563.02,53126.04,Cash,Shipped,2024-11-05
ORD04361,Siya Kohli,Visakhapatnam,Andhra Pradesh,Beauty,Shampoo,1,3044.78,3044.78,Net Banking,Shipped,2025-10-31
ORD04362,Tanya Yohannan,Chennai,Tamil Nadu,Home Appliances,Microwave,2,52816.18,105632.36,Net Banking,Pending,2025-01-05
ORD04363,Ivana Srinivas,Jaipur,Rajasthan,Beauty,Shampoo,4,66890.13,267560.52,Debit Card,Shipped,2025-10-02
ORD04364,Ahana  Bera,Hyderabad,Telangana,Furniture,Chair,8,17312.12,138496.96,Net Banking,Cancelled,2025-03-30
ORD04365,Rania Bal,Surat,Gujarat,Books,History Book,2,16676.19,33352.38,Net Banking,Cancelled,2026-01-31
ORD04366,Tanya Agate,Ranchi,Jharkhand,Home Appliances,Refrigerator,7,24013.73,168096.11,Debit Card,Cancelled,2026-02-07
ORD04367,Aaina Magar,Vadodara,Gujarat,Home Appliances,Refrigerator,5,43974.84,219874.2,Net Banking,Cancelled,2025-11-13
ORD04368,Hunar Ramanathan,Surat,Gujarat,Fashion,Jeans,8,2534.68,20277.44,Credit Card,Cancelled,2025-04-05
ORD04369,Indrans Ratti,Mysuru,Karnataka,Electronics,Headphones,6,20119.7,120718.2,Debit Card,Delivered,2026-01-01
ORD04370,Samarth Kade,Ranchi,Jharkhand,Groceries,Juice,8,66193.26,529546.08,Credit Card,Shipped,2025-07-18
ORD04371,Hridaan Barad,Chandigarh,Chandigarh,Fashion,Shoes,4,77404.38,309617.52,UPI,Pending,2024-08-02
ORD04372,Chirag Yohannan,Chennai,Tamil Nadu,Books,Comics,6,21717.67,130306.02,Cash,Cancelled,2026-03-03
ORD04373,Hunar Sengupta,Kolkata,West Bengal,Furniture,Chair,3,24085.42,72256.26,Credit Card,Pending,2025-03-15
ORD04374,Manikya Shere,Chandigarh,Chandigarh,Beauty,Perfume,6,83834.31,503005.86,Credit Card,Pending,2024-06-05
ORD04375,Chirag Mall,Nagpur,Maharashtra,Furniture,Wardrobe,6,26716.19,160297.14,Debit Card,Cancelled,2025-08-16
ORD04376,Hiran Doctor,Pune,Maharashtra,Books,Comics,3,14168.08,42504.24,Debit Card,Pending,2024-09-08
ORD04377,Reyansh Chacko,Delhi,Delhi,Beauty,Face Wash,3,62970.78,188912.34,UPI,Pending,2025-04-30
ORD04378,Riya Dash,Coimbatore,Tamil Nadu,Groceries,Juice,5,54429.19,272145.95,UPI,Delivered,2024-12-18
ORD04379,Shanaya Saini,Vadodara,Gujarat,Groceries,Snacks,8,72518.92,580151.36,Cash,Shipped,2025-12-20
ORD04380,Ayesha Sarin,Chandigarh,Chandigarh,Sports,Football,6,20003.0,120018.0,Cash,Delivered,2025-10-06
ORD04381,Advika Sridhar,Chennai,Tamil Nadu,Books,Novel,5,31849.87,159249.35,Cash,Cancelled,2024-09-01
ORD04382,Shayak Dar,Jaipur,Rajasthan,Beauty,Perfume,6,82184.8,493108.8,Debit Card,Cancelled,2024-12-27
ORD04383,Shlok Rout,Patna,Bihar,Groceries,Juice,2,21261.43,42522.86,Debit Card,Cancelled,2024-11-17
ORD04384,Indrajit Dhawan,Noida,Uttar Pradesh,Beauty,Perfume,5,6716.66,33583.3,Credit Card,Cancelled,2025-11-28
ORD04385,Damini Sane,Chennai,Tamil Nadu,Electronics,Laptop,6,78249.83,469498.98,Cash,Pending,2024-12-04
ORD04386,Vedika Master,Nagpur,Maharashtra,Groceries,Juice,10,7264.26,72642.6,Debit Card,Cancelled,2025-03-02
ORD04387,Purab Sani,Lucknow,Uttar Pradesh,Furniture,Chair,6,91331.52,547989.12,Net Banking,Delivered,2025-06-27
ORD04388,Gokul Loke,Lucknow,Uttar Pradesh,Sports,Gym Bag,2,99323.42,198646.84,Credit Card,Cancelled,2025-11-19
ORD04389,Vritika Sule,Hyderabad,Telangana,Sports,Yoga Mat,10,50332.77,503327.7,UPI,Cancelled,2025-07-09
ORD04390,Bhavin Ray,Delhi,Delhi,Furniture,Dining Table,3,76173.57,228520.71,Cash,Delivered,2024-10-19
ORD04391,Aaina Kohli,Chandigarh,Chandigarh,Fashion,Shoes,10,21129.9,211299.0,Cash,Shipped,2026-03-27
ORD04392,Samaira Dube,Chandigarh,Chandigarh,Furniture,Dining Table,6,48046.76,288280.56,Net Banking,Pending,2024-08-12
ORD04393,Advik Kumer,Chennai,Tamil Nadu,Fashion,Jacket,8,702.85,5622.8,Cash,Shipped,2025-05-22
ORD04394,Rasha Soman,Nagpur,Maharashtra,Beauty,Shampoo,9,50832.27,457490.43,Credit Card,Delivered,2024-07-08
ORD04395,Yakshit Bandi,Vadodara,Gujarat,Home Appliances,Refrigerator,1,38735.32,38735.32,Net Banking,Pending,2025-08-17
ORD04396,Pranay Vora,Delhi,Delhi,Books,Novel,2,5842.79,11685.58,Cash,Cancelled,2025-12-13
ORD04397,Nitya Biswas,Hyderabad,Telangana,Fashion,Shoes,7,86902.45,608317.15,UPI,Pending,2025-08-16
ORD04398,Armaan Chhabra,Chandigarh,Chandigarh,Furniture,Sofa,8,3558.94,28471.52,Cash,Delivered,2025-02-27
ORD04399,Samiha Virk,Ahmedabad,Gujarat,Fashion,Shoes,7,82393.94,576757.58,Cash,Cancelled,2026-01-14
ORD04400,Mishti Kala,Indore,Madhya Pradesh,Beauty,Lipstick,7,96138.02,672966.14,Net Banking,Cancelled,2025-01-30
ORD04401,Aarush Ganguly,Ahmedabad,Gujarat,Electronics,Camera,5,30919.81,154599.05,Net Banking,Shipped,2024-06-21
ORD04402,Yakshit Dutt,Visakhapatnam,Andhra Pradesh,Electronics,Camera,7,65553.57,458874.99,Credit Card,Pending,2025-09-30
ORD04403,Sahil Bains,Chandigarh,Chandigarh,Groceries,Juice,1,31638.94,31638.94,Net Banking,Pending,2026-01-04
ORD04404,Emir Viswanathan,Patna,Bihar,Beauty,Lipstick,4,67348.82,269395.28,Credit Card,Shipped,2025-07-22
ORD04405,Nehmat Bandi,Nagpur,Maharashtra,Electronics,Camera,1,89970.7,89970.7,Net Banking,Delivered,2026-01-02
ORD04406,Neysa Brar,Noida,Uttar Pradesh,Groceries,Oil,4,99528.42,398113.68,UPI,Shipped,2024-08-25
ORD04407,Kismat Doshi,Noida,Uttar Pradesh,Electronics,Headphones,5,68096.17,340480.85,UPI,Delivered,2026-03-08
ORD04408,Advika Sha,Ranchi,Jharkhand,Fashion,Shoes,8,55863.03,446904.24,Net Banking,Cancelled,2025-06-17
ORD04409,Yasmin Shan,Kolkata,West Bengal,Home Appliances,Washing Machine,1,74649.74,74649.74,Debit Card,Delivered,2024-10-21
ORD04410,Dhruv Gopal,Guwahati,Assam,Home Appliances,Fan,5,95593.8,477969.0,Cash,Cancelled,2026-03-24
ORD04411,Piya Raman,Coimbatore,Tamil Nadu,Home Appliances,Washing Machine,6,204.77,1228.62,Cash,Delivered,2024-08-11
ORD04412,Hridaan Mannan,Chennai,Tamil Nadu,Sports,Gym Bag,3,97807.53,293422.59,Net Banking,Delivered,2026-02-14
ORD04413,Akarsh Edwin,Guwahati,Assam,Home Appliances,AC,9,75699.04,681291.36,Credit Card,Cancelled,2025-01-21
ORD04414,Anaya Shere,Guwahati,Assam,Electronics,Headphones,9,62484.23,562358.07,UPI,Delivered,2024-05-25
ORD04415,Rasha Kapoor,Chennai,Tamil Nadu,Home Appliances,Fan,4,57033.73,228134.92,Net Banking,Cancelled,2025-12-25
ORD04416,Raunak Raval,Mysuru,Karnataka,Books,Comics,1,62970.28,62970.28,Cash,Pending,2026-02-26
ORD04417,Aarush Baria,Nagpur,Maharashtra,Sports,Yoga Mat,2,34086.24,68172.48,Credit Card,Shipped,2024-07-02
ORD04418,Indrans Kurian,Pune,Maharashtra,Home Appliances,Fan,9,70961.37,638652.33,UPI,Delivered,2024-09-21
ORD04419,Anaya Iyer,Kolkata,West Bengal,Fashion,T-Shirt,4,31355.59,125422.36,Credit Card,Pending,2025-03-22
ORD04420,Anahita Gulati,Visakhapatnam,Andhra Pradesh,Groceries,Oil,9,14255.13,128296.17,Net Banking,Pending,2025-01-16
ORD04421,Kismat Bhatti,Delhi,Delhi,Electronics,Smart TV,9,98978.61,890807.49,Cash,Delivered,2025-12-31
ORD04422,Abram Jha,Ahmedabad,Gujarat,Groceries,Oil,5,25327.66,126638.3,Net Banking,Cancelled,2025-12-20
ORD04423,Vardaniya Sachar,Guwahati,Assam,Fashion,Shoes,9,36345.26,327107.34,UPI,Pending,2025-09-03
ORD04424,Nakul Chaudhary,Chennai,Tamil Nadu,Groceries,Rice,2,16439.98,32879.96,Cash,Cancelled,2026-01-21
ORD04425,Shaan Shetty,Lucknow,Uttar Pradesh,Groceries,Oil,7,16246.69,113726.83,Cash,Pending,2024-08-19
ORD04426,Saanvi Bali,Chandigarh,Chandigarh,Sports,Yoga Mat,3,82769.69,248309.07,Credit Card,Shipped,2025-06-01
ORD04427,Divij Joshi,Guwahati,Assam,Fashion,T-Shirt,5,69397.69,346988.45,UPI,Pending,2025-06-03
ORD04428,Lavanya Borra,Patna,Bihar,Sports,Gym Bag,6,32069.98,192419.88,UPI,Shipped,2026-02-12
ORD04429,Zeeshan Sarin,Kolkata,West Bengal,Groceries,Snacks,6,94697.01,568182.06,Cash,Shipped,2025-04-23
ORD04430,Aradhya Sani,Vadodara,Gujarat,Fashion,Jeans,1,93378.16,93378.16,Credit Card,Shipped,2024-09-08
ORD04431,Fateh Ramachandran,Chennai,Tamil Nadu,Home Appliances,AC,8,69332.19,554657.52,Debit Card,Shipped,2024-05-12
ORD04432,Tiya Ramanathan,Delhi,Delhi,Electronics,Camera,9,54756.7,492810.3,UPI,Pending,2025-11-09
ORD04433,Aarav Sodhi,Chandigarh,Chandigarh,Beauty,Cream,7,81441.36,570089.52,Credit Card,Delivered,2025-09-18
ORD04434,Sumer Kala,Visakhapatnam,Andhra Pradesh,Groceries,Snacks,9,58804.1,529236.9,UPI,Shipped,2025-04-04
ORD04435,Arhaan Gulati,Coimbatore,Tamil Nadu,Books,Novel,6,38340.08,230040.48,Debit Card,Cancelled,2025-01-10
ORD04436,Nehmat Ahuja,Ranchi,Jharkhand,Sports,Cricket Bat,10,22521.0,225210.0,UPI,Delivered,2025-01-22
ORD04437,Onkar Khanna,Surat,Gujarat,Home Appliances,Microwave,1,57880.54,57880.54,Cash,Shipped,2024-06-08
ORD04438,Mahika Malhotra,Lucknow,Uttar Pradesh,Groceries,Rice,10,55493.68,554936.8,Debit Card,Cancelled,2024-09-12
ORD04439,Madhup Sule,Kolkata,West Bengal,Home Appliances,Refrigerator,10,53448.74,534487.4,Cash,Shipped,2025-09-09
ORD04440,Damini Bhattacharyya,Ahmedabad,Gujarat,Sports,Tennis Racket,5,14057.61,70288.05,UPI,Cancelled,2024-09-09
ORD04441,Kimaya Sundaram,Kolkata,West Bengal,Beauty,Lipstick,9,5393.36,48540.24,Cash,Pending,2024-08-19
ORD04442,Aarav Tata,Hyderabad,Telangana,Fashion,Jacket,5,50286.01,251430.05,Credit Card,Delivered,2025-09-24
ORD04443,Anaya Vasa,Ranchi,Jharkhand,Books,History Book,3,11238.56,33715.68,Net Banking,Pending,2024-09-06
ORD04444,Diya Din,Chennai,Tamil Nadu,Fashion,T-Shirt,8,99891.38,799131.04,Cash,Shipped,2025-10-07
ORD04445,Kaira Mandal,Indore,Madhya Pradesh,Furniture,Dining Table,1,13601.15,13601.15,Debit Card,Pending,2024-10-13
ORD04446,Kanav Walla,Delhi,Delhi,Groceries,Milk,2,923.56,1847.12,Net Banking,Delivered,2025-12-01
ORD04447,Tiya Seth,Mumbai,Maharashtra,Furniture,Sofa,3,4839.54,14518.62,Debit Card,Delivered,2026-04-27
ORD04448,Purab Shere,Coimbatore,Tamil Nadu,Furniture,Wardrobe,2,81185.07,162370.14,Net Banking,Shipped,2025-08-29
ORD04449,Tiya Chakrabarti,Noida,Uttar Pradesh,Electronics,Headphones,2,45248.59,90497.18,Net Banking,Shipped,2026-04-13
ORD04450,Heer Kannan,Chennai,Tamil Nadu,Home Appliances,Refrigerator,1,63510.61,63510.61,Debit Card,Cancelled,2025-07-16
ORD04451,Sumer Kara,Indore,Madhya Pradesh,Electronics,Headphones,9,59042.85,531385.65,Cash,Delivered,2024-12-09
ORD04452,Adah Brahmbhatt,Bhopal,Madhya Pradesh,Electronics,Smart TV,4,13356.18,53424.72,Net Banking,Shipped,2024-08-02
ORD04453,Tarini Seth,Noida,Uttar Pradesh,Books,Biography,9,32956.31,296606.79,Credit Card,Pending,2025-08-04
ORD04454,Hansh Bansal,Kochi,Kerala,Groceries,Juice,8,89416.83,715334.64,Debit Card,Pending,2025-01-24
ORD04455,Neysa Kulkarni,Patna,Bihar,Fashion,Jacket,1,28710.51,28710.51,Cash,Delivered,2025-02-13
ORD04456,Anvi Khanna,Surat,Gujarat,Books,Novel,6,58744.06,352464.36,Cash,Pending,2026-04-06
ORD04457,Krish Kunda,Mysuru,Karnataka,Electronics,Mobile,6,5515.35,33092.1,UPI,Cancelled,2024-06-15
ORD04458,Manikya Thakur,Bengaluru,Karnataka,Furniture,Chair,5,95416.62,477083.1,Cash,Shipped,2026-01-17
ORD04459,Zaina Sangha,Jaipur,Rajasthan,Books,Biography,10,35264.22,352642.2,UPI,Pending,2024-09-07
ORD04460,Yakshit Sunder,Mysuru,Karnataka,Home Appliances,Washing Machine,10,4847.1,48471.0,Cash,Cancelled,2024-09-15
ORD04461,Advika Chandra,Lucknow,Uttar Pradesh,Fashion,Watch,6,19322.42,115934.52,Credit Card,Cancelled,2026-03-30
ORD04462,Manjari Ramesh,Chandigarh,Chandigarh,Sports,Yoga Mat,9,7149.51,64345.59,UPI,Delivered,2024-09-23
ORD04463,Trisha Guha,Mysuru,Karnataka,Sports,Tennis Racket,4,33818.27,135273.08,Credit Card,Cancelled,2025-01-15
ORD04464,Riaan Varughese,Coimbatore,Tamil Nadu,Groceries,Rice,9,19053.15,171478.35,Cash,Delivered,2026-02-15
ORD04465,Damini Bawa,Delhi,Delhi,Electronics,Headphones,2,39099.99,78199.98,Credit Card,Pending,2024-11-22
ORD04466,Baiju Viswanathan,Kolkata,West Bengal,Beauty,Cream,8,8789.56,70316.48,UPI,Delivered,2025-07-16
ORD04467,Lakshit Saran,Pune,Maharashtra,Groceries,Oil,5,37523.99,187619.95,Net Banking,Cancelled,2025-08-30
ORD04468,Anika Kadakia,Lucknow,Uttar Pradesh,Books,Comics,1,32212.63,32212.63,Cash,Cancelled,2024-06-01
ORD04469,Madhup Shanker,Nagpur,Maharashtra,Beauty,Cream,1,30512.28,30512.28,Debit Card,Pending,2025-01-05
ORD04470,Keya Dyal,Visakhapatnam,Andhra Pradesh,Beauty,Lipstick,4,11452.52,45810.08,Cash,Delivered,2024-11-21
ORD04471,Rati Borde,Jaipur,Rajasthan,Groceries,Oil,1,61519.21,61519.21,Debit Card,Shipped,2024-10-23
ORD04472,Pranay Shankar,Chandigarh,Chandigarh,Groceries,Juice,9,40416.12,363745.08,UPI,Pending,2026-02-12
ORD04473,Hunar Bhatti,Vadodara,Gujarat,Sports,Yoga Mat,10,66167.51,661675.1,Net Banking,Cancelled,2026-03-11
ORD04474,Kashvi Madan,Delhi,Delhi,Groceries,Milk,3,41206.54,123619.62,Cash,Shipped,2024-06-01
ORD04475,Lakshit Aggarwal,Hyderabad,Telangana,Home Appliances,Refrigerator,2,88207.64,176415.28,Debit Card,Delivered,2025-11-27
ORD04476,Eshani Saxena,Vadodara,Gujarat,Books,Comics,10,97534.49,975344.9,UPI,Pending,2024-06-19
ORD04477,Rhea Issac,Chennai,Tamil Nadu,Beauty,Perfume,5,80468.27,402341.35,UPI,Pending,2025-02-09
ORD04478,Adah Virk,Nagpur,Maharashtra,Books,Science Book,8,9486.34,75890.72,Debit Card,Shipped,2025-02-23
ORD04479,Jayant Hayre,Ranchi,Jharkhand,Beauty,Shampoo,8,3275.5,26204.0,Credit Card,Pending,2025-10-28
ORD04480,Ishaan Sekhon,Kochi,Kerala,Fashion,Jeans,9,66076.45,594688.05,UPI,Shipped,2025-12-22
ORD04481,Khushi Devi,Patna,Bihar,Sports,Cricket Bat,8,88136.87,705094.96,Net Banking,Delivered,2025-12-21
ORD04482,Suhana Dara,Patna,Bihar,Furniture,Dining Table,3,98395.59,295186.77,UPI,Pending,2025-12-07
ORD04483,Divit Dutta,Nagpur,Maharashtra,Books,Comics,5,95740.43,478702.15,Credit Card,Shipped,2025-04-09
ORD04484,Parinaaz Raman,Nagpur,Maharashtra,Home Appliances,Washing Machine,6,2265.9,13595.4,UPI,Shipped,2025-06-24
ORD04485,Jayesh Dasgupta,Hyderabad,Telangana,Beauty,Lipstick,7,55850.19,390951.33,Credit Card,Delivered,2024-11-25
ORD04486,Ivan Mahajan,Hyderabad,Telangana,Electronics,Smart TV,4,67577.54,270310.16,Debit Card,Delivered,2024-10-24
ORD04487,Sumer Dugal,Ahmedabad,Gujarat,Sports,Gym Bag,4,14098.78,56395.12,Net Banking,Delivered,2025-06-28
ORD04488,Pranay Kothari,Guwahati,Assam,Groceries,Juice,9,50533.01,454797.09,Credit Card,Cancelled,2025-10-09
ORD04489,Kartik Bedi,Nagpur,Maharashtra,Groceries,Oil,4,72696.88,290787.52,Cash,Shipped,2026-03-17
ORD04490,Damini Sethi,Kochi,Kerala,Groceries,Oil,2,81435.39,162870.78,Debit Card,Delivered,2026-04-08
ORD04491,Zain Raval,Indore,Madhya Pradesh,Books,Science Book,7,29723.61,208065.27,UPI,Pending,2026-04-18
ORD04492,Mishti Lad,Vadodara,Gujarat,Groceries,Oil,9,76860.16,691741.44,Cash,Cancelled,2024-06-25
ORD04493,Azad Toor,Nagpur,Maharashtra,Groceries,Juice,6,14585.84,87515.04,Net Banking,Cancelled,2025-02-05
ORD04494,Neelofar Kata,Vadodara,Gujarat,Books,Biography,8,13516.52,108132.16,Debit Card,Shipped,2025-06-26
ORD04495,Shayak Choudhary,Surat,Gujarat,Groceries,Oil,2,66135.76,132271.52,Cash,Delivered,2024-12-11
ORD04496,Neysa Reddy,Surat,Gujarat,Electronics,Headphones,6,52381.15,314286.9,Net Banking,Shipped,2024-07-31
ORD04497,Jayant Sodhi,Kochi,Kerala,Groceries,Juice,7,9956.62,69696.34,Cash,Delivered,2024-10-18
ORD04498,Anay Jani,Surat,Gujarat,Sports,Gym Bag,8,82851.82,662814.56,Debit Card,Shipped,2025-05-04
ORD04499,Vedika Rao,Lucknow,Uttar Pradesh,Books,Novel,10,54539.03,545390.3,Credit Card,Shipped,2024-06-25
ORD04500,Eshani Kaur,Kochi,Kerala,Furniture,Wardrobe,2,32572.91,65145.82,Net Banking,Cancelled,2025-09-23
ORD04501,Ira Trivedi,Lucknow,Uttar Pradesh,Books,Comics,3,41323.7,123971.1,Debit Card,Pending,2024-08-11
ORD04502,Nakul Mannan,Coimbatore,Tamil Nadu,Groceries,Juice,5,72615.79,363078.95,Credit Card,Delivered,2025-07-09
ORD04503,Miraan Cherian,Coimbatore,Tamil Nadu,Sports,Football,3,48384.84,145154.52,Credit Card,Cancelled,2024-12-21
ORD04504,Yuvaan Shan,Hyderabad,Telangana,Fashion,Jeans,4,55163.92,220655.68,Debit Card,Pending,2025-12-25
ORD04505,Neelofar Jha,Delhi,Delhi,Home Appliances,Microwave,6,32449.9,194699.4,Cash,Delivered,2025-04-20
ORD04506,Kavya Deo,Lucknow,Uttar Pradesh,Fashion,Shoes,3,18882.96,56648.88,Debit Card,Cancelled,2025-06-17
ORD04507,Piya Gour,Vadodara,Gujarat,Books,Science Book,5,94765.94,473829.7,Credit Card,Pending,2025-05-06
ORD04508,Krish Mander,Nagpur,Maharashtra,Beauty,Lipstick,3,65612.39,196837.17,Net Banking,Delivered,2024-12-10
ORD04509,Fateh Rastogi,Noida,Uttar Pradesh,Beauty,Shampoo,7,99712.02,697984.14,UPI,Pending,2025-09-02
ORD04510,Tarini Devi,Ahmedabad,Gujarat,Groceries,Snacks,10,76079.71,760797.1,Cash,Shipped,2025-08-25
ORD04511,Aniruddh Mannan,Kochi,Kerala,Sports,Yoga Mat,1,34077.17,34077.17,Net Banking,Cancelled,2025-07-27
ORD04512,Arhaan Malhotra,Kolkata,West Bengal,Fashion,Jeans,2,50295.32,100590.64,Credit Card,Delivered,2025-08-20
ORD04513,Aarush Sehgal,Mumbai,Maharashtra,Groceries,Juice,10,41685.75,416857.5,UPI,Shipped,2025-12-22
ORD04514,Tara Gole,Coimbatore,Tamil Nadu,Books,History Book,1,17345.91,17345.91,Debit Card,Pending,2025-01-13
ORD04515,Seher Sethi,Visakhapatnam,Andhra Pradesh,Electronics,Smart TV,1,52613.84,52613.84,Net Banking,Shipped,2024-06-07
ORD04516,Miraan Sant,Pune,Maharashtra,Groceries,Snacks,10,48989.64,489896.4,Cash,Cancelled,2025-09-05
ORD04517,Priyansh Ghosh,Lucknow,Uttar Pradesh,Furniture,Chair,10,59569.64,595696.4,Debit Card,Cancelled,2024-08-01
ORD04518,Anya Kannan,Lucknow,Uttar Pradesh,Beauty,Face Wash,3,97824.28,293472.84,UPI,Shipped,2024-12-17
ORD04519,Hunar Reddy,Pune,Maharashtra,Electronics,Mobile,6,10092.02,60552.12,Net Banking,Pending,2025-09-08
ORD04520,Aarav Jhaveri,Bhopal,Madhya Pradesh,Electronics,Camera,1,13670.93,13670.93,UPI,Pending,2025-12-30
ORD04521,Adira Bassi,Visakhapatnam,Andhra Pradesh,Electronics,Headphones,7,48196.68,337376.76,Debit Card,Cancelled,2025-03-19
ORD04522,Akarsh Deshmukh,Hyderabad,Telangana,Books,Comics,1,90916.92,90916.92,Cash,Delivered,2025-04-02
ORD04523,Zoya Sunder,Mumbai,Maharashtra,Home Appliances,Washing Machine,8,54024.1,432192.8,Net Banking,Pending,2025-06-23
ORD04524,Tushar Saha,Mumbai,Maharashtra,Sports,Tennis Racket,7,42630.23,298411.61,Debit Card,Delivered,2025-11-17
ORD04525,Pari Devan,Ahmedabad,Gujarat,Books,Comics,2,19057.1,38114.2,Cash,Pending,2025-12-16
ORD04526,Rati Chowdhury,Bhopal,Madhya Pradesh,Furniture,Bed,6,79643.66,477861.96,Debit Card,Shipped,2025-01-09
ORD04527,Vritika Ramachandran,Coimbatore,Tamil Nadu,Electronics,Headphones,5,18987.66,94938.3,UPI,Delivered,2024-10-16
ORD04528,Sumer Date,Bhopal,Madhya Pradesh,Beauty,Cream,2,63679.66,127359.32,Cash,Pending,2025-01-13
ORD04529,Kabir Ratti,Ahmedabad,Gujarat,Sports,Gym Bag,9,95899.11,863091.99,Debit Card,Pending,2025-05-19
ORD04530,Umang Gaba,Kolkata,West Bengal,Home Appliances,Fan,7,62235.71,435649.97,Cash,Pending,2024-09-18
ORD04531,Hazel Kalla,Ranchi,Jharkhand,Books,Biography,5,61601.04,308005.2,Debit Card,Pending,2024-09-16
ORD04532,Amani Viswanathan,Chennai,Tamil Nadu,Groceries,Rice,4,63896.78,255587.12,UPI,Pending,2026-04-10
ORD04533,Gatik Upadhyay,Lucknow,Uttar Pradesh,Home Appliances,Washing Machine,9,21816.42,196347.78,Net Banking,Shipped,2024-09-20
ORD04534,Vihaan Chauhan,Visakhapatnam,Andhra Pradesh,Books,Novel,5,60150.26,300751.3,Cash,Cancelled,2026-01-30
ORD04535,Vedika Korpal,Chennai,Tamil Nadu,Home Appliances,Microwave,1,69635.72,69635.72,Cash,Pending,2025-04-13
ORD04536,Anya Savant,Ahmedabad,Gujarat,Home Appliances,Fan,3,96340.86,289022.58,Cash,Cancelled,2024-08-10
ORD04537,Saanvi Yohannan,Kochi,Kerala,Home Appliances,Washing Machine,5,66360.82,331804.1,Cash,Cancelled,2025-06-28
ORD04538,Rati Dara,Bhopal,Madhya Pradesh,Electronics,Camera,3,83997.03,251991.09,UPI,Cancelled,2025-04-11
ORD04539,Samiha Kothari,Mumbai,Maharashtra,Furniture,Wardrobe,10,94474.8,944748.0,Net Banking,Pending,2024-11-04
ORD04540,Baiju Sarraf,Chennai,Tamil Nadu,Sports,Yoga Mat,3,24186.55,72559.65,UPI,Shipped,2025-01-03
ORD04541,Pranay Tank,Lucknow,Uttar Pradesh,Fashion,Jeans,9,87115.27,784037.43,UPI,Pending,2026-04-20
ORD04542,Yakshit Mann,Bengaluru,Karnataka,Sports,Yoga Mat,4,60978.0,243912.0,Debit Card,Cancelled,2026-01-20
ORD04543,Mishti Sarin,Mumbai,Maharashtra,Beauty,Perfume,1,3214.34,3214.34,Credit Card,Pending,2025-08-25
ORD04544,Aaryahi Uppal,Noida,Uttar Pradesh,Fashion,Shoes,8,92957.52,743660.16,Credit Card,Shipped,2025-11-24
ORD04545,Reyansh Rama,Mumbai,Maharashtra,Groceries,Milk,1,5873.05,5873.05,Credit Card,Cancelled,2025-01-12
ORD04546,Lakshay Kari,Ranchi,Jharkhand,Books,History Book,10,18448.2,184482.0,Net Banking,Shipped,2025-02-02
ORD04547,Gokul Chauhan,Lucknow,Uttar Pradesh,Furniture,Wardrobe,1,59394.89,59394.89,Credit Card,Pending,2025-02-24
ORD04548,Kashvi Loyal,Visakhapatnam,Andhra Pradesh,Books,Biography,5,22841.31,114206.55,Debit Card,Cancelled,2026-03-21
ORD04549,Baiju Bhandari,Indore,Madhya Pradesh,Home Appliances,Washing Machine,6,42731.18,256387.08,UPI,Delivered,2024-12-12
ORD04550,Dhanush Keer,Patna,Bihar,Sports,Yoga Mat,9,34944.47,314500.23,Cash,Cancelled,2025-10-09
ORD04551,Ivana Karnik,Coimbatore,Tamil Nadu,Beauty,Shampoo,6,74515.48,447092.88,Debit Card,Shipped,2024-06-20
ORD04552,Zara Kade,Ranchi,Jharkhand,Home Appliances,Refrigerator,2,45982.16,91964.32,Cash,Shipped,2025-11-10
ORD04553,Manikya Deshpande,Bengaluru,Karnataka,Groceries,Milk,4,27592.55,110370.2,UPI,Shipped,2025-07-14
ORD04554,Divit Gara,Visakhapatnam,Andhra Pradesh,Fashion,T-Shirt,5,56489.26,282446.3,Cash,Shipped,2026-02-02
ORD04555,Reyansh Raju,Mumbai,Maharashtra,Electronics,Smart TV,3,67805.61,203416.83,Net Banking,Pending,2024-09-27
ORD04556,Tanya Mane,Chennai,Tamil Nadu,Furniture,Chair,1,31595.27,31595.27,Net Banking,Delivered,2024-08-05
ORD04557,Samiha Jha,Bengaluru,Karnataka,Beauty,Cream,1,33247.68,33247.68,Cash,Cancelled,2025-03-24
ORD04558,Ranbir Kale,Noida,Uttar Pradesh,Books,Comics,8,79961.69,639693.52,Debit Card,Delivered,2024-06-09
ORD04559,Kimaya Kapur,Bhopal,Madhya Pradesh,Electronics,Camera,9,50323.05,452907.45,Net Banking,Cancelled,2024-09-16
ORD04560,Badal Konda,Hyderabad,Telangana,Groceries,Rice,1,51908.74,51908.74,Net Banking,Pending,2024-06-07
ORD04561,Neelofar Gill,Ranchi,Jharkhand,Beauty,Shampoo,6,52364.15,314184.9,UPI,Delivered,2024-05-20
ORD04562,Sara Upadhyay,Indore,Madhya Pradesh,Fashion,Watch,10,14007.71,140077.1,UPI,Pending,2026-01-19
ORD04563,Siya Sastry,Nagpur,Maharashtra,Home Appliances,Refrigerator,2,82705.87,165411.74,Credit Card,Shipped,2025-08-16
ORD04564,Myra Bandi,Bengaluru,Karnataka,Home Appliances,Microwave,5,78005.11,390025.55,Debit Card,Cancelled,2024-12-05
ORD04565,Ehsaan Buch,Vadodara,Gujarat,Groceries,Rice,10,86440.06,864400.6,Net Banking,Cancelled,2024-06-11
ORD04566,Nitya Bassi,Nagpur,Maharashtra,Groceries,Oil,4,21820.07,87280.28,Cash,Delivered,2025-06-13
ORD04567,Tiya Bansal,Surat,Gujarat,Sports,Gym Bag,4,28116.14,112464.56,UPI,Cancelled,2025-04-19
ORD04568,Uthkarsh Kumer,Lucknow,Uttar Pradesh,Groceries,Oil,9,82088.39,738795.51,Credit Card,Cancelled,2025-02-02
ORD04569,Kabir Rau,Hyderabad,Telangana,Groceries,Juice,10,65101.38,651013.8,Cash,Delivered,2025-08-24
ORD04570,Vritika Vala,Pune,Maharashtra,Beauty,Perfume,4,36945.31,147781.24,Credit Card,Cancelled,2024-05-19
ORD04571,Ryan Dugal,Chandigarh,Chandigarh,Electronics,Smart TV,4,43189.78,172759.12,Credit Card,Pending,2025-06-01
ORD04572,Kismat Desai,Coimbatore,Tamil Nadu,Electronics,Mobile,4,36560.99,146243.96,Net Banking,Shipped,2024-11-14
ORD04573,Oorja Joshi,Indore,Madhya Pradesh,Electronics,Mobile,2,54894.89,109789.78,Net Banking,Cancelled,2025-05-15
ORD04574,Bhamini Subramaniam,Visakhapatnam,Andhra Pradesh,Beauty,Cream,1,32578.13,32578.13,Debit Card,Shipped,2026-03-31
ORD04575,Piya Salvi,Mysuru,Karnataka,Electronics,Headphones,2,3988.03,7976.06,Cash,Cancelled,2025-04-17
ORD04576,Aradhya Buch,Ranchi,Jharkhand,Home Appliances,Microwave,5,32387.69,161938.45,Debit Card,Pending,2024-05-15
ORD04577,Amira Majumdar,Guwahati,Assam,Furniture,Dining Table,4,67788.83,271155.32,Credit Card,Shipped,2025-03-03
ORD04578,Anay Tandon,Delhi,Delhi,Furniture,Bed,4,3318.68,13274.72,UPI,Pending,2024-07-02
ORD04579,Zeeshan Golla,Nagpur,Maharashtra,Books,Comics,2,21235.05,42470.1,Credit Card,Delivered,2025-10-29
ORD04580,Purab Sahota,Delhi,Delhi,Fashion,Jeans,7,26485.02,185395.14,Debit Card,Cancelled,2024-10-17
ORD04581,Anvi Handa,Mumbai,Maharashtra,Books,Science Book,1,29372.57,29372.57,Cash,Shipped,2026-04-22
ORD04582,Jhanvi Boase,Bhopal,Madhya Pradesh,Beauty,Cream,5,57901.37,289506.85,Net Banking,Pending,2024-05-18
ORD04583,Miraan Suri,Patna,Bihar,Beauty,Face Wash,5,66065.01,330325.05,Cash,Delivered,2025-11-29
ORD04584,Veer Sethi,Visakhapatnam,Andhra Pradesh,Fashion,Watch,1,82875.34,82875.34,Credit Card,Cancelled,2024-05-18
ORD04585,Myra Deol,Noida,Uttar Pradesh,Furniture,Dining Table,1,76799.95,76799.95,Cash,Pending,2024-10-21
ORD04586,Ritvik Mane,Mumbai,Maharashtra,Books,Comics,7,4565.02,31955.14,UPI,Delivered,2024-05-16
ORD04587,Suhana Sahota,Bengaluru,Karnataka,Home Appliances,Washing Machine,5,81801.37,409006.85,Cash,Cancelled,2025-09-03
ORD04588,Anaya Kala,Delhi,Delhi,Sports,Gym Bag,4,56586.49,226345.96,Net Banking,Cancelled,2025-06-17
ORD04589,Saksham Jayaraman,Guwahati,Assam,Electronics,Camera,7,78722.67,551058.69,Debit Card,Delivered,2024-12-30
ORD04590,Rasha Chacko,Indore,Madhya Pradesh,Sports,Tennis Racket,5,19792.48,98962.4,Net Banking,Delivered,2024-05-30
ORD04591,Misha Sarin,Lucknow,Uttar Pradesh,Groceries,Juice,7,50546.5,353825.5,Cash,Cancelled,2024-05-17
ORD04592,Saksham Sidhu,Chandigarh,Chandigarh,Sports,Yoga Mat,9,93634.11,842706.99,Net Banking,Delivered,2025-06-24
ORD04593,Uthkarsh Basu,Chennai,Tamil Nadu,Beauty,Cream,4,17857.89,71431.56,Debit Card,Pending,2026-03-01
ORD04594,Stuvan Bahri,Mumbai,Maharashtra,Furniture,Bed,8,65383.83,523070.64,Cash,Delivered,2025-09-13
ORD04595,Divyansh Wali,Kochi,Kerala,Fashion,Watch,8,49436.81,395494.48,Debit Card,Delivered,2024-08-08
ORD04596,Aarush Goel,Bengaluru,Karnataka,Furniture,Chair,2,33823.68,67647.36,UPI,Delivered,2026-02-11
ORD04597,Pari Chaudhry,Surat,Gujarat,Furniture,Chair,1,59579.75,59579.75,UPI,Cancelled,2024-08-24
ORD04598,Jayan Dyal,Bhopal,Madhya Pradesh,Furniture,Wardrobe,3,24245.23,72735.69,Credit Card,Delivered,2024-10-23
ORD04599,Inaaya  Keer,Bhopal,Madhya Pradesh,Electronics,Mobile,7,12280.08,85960.56,Net Banking,Delivered,2026-01-13
ORD04600,Aayush Sood,Coimbatore,Tamil Nadu,Fashion,Watch,6,8990.25,53941.5,Net Banking,Cancelled,2026-01-19
ORD04601,Aaryahi Varty,Pune,Maharashtra,Sports,Gym Bag,4,27999.38,111997.52,UPI,Pending,2025-03-08
ORD04602,Mamooty Ramaswamy,Pune,Maharashtra,Electronics,Headphones,5,80314.76,401573.8,UPI,Shipped,2026-02-17
ORD04603,Yashvi Barad,Ranchi,Jharkhand,Fashion,Jeans,6,83519.69,501118.14,Credit Card,Shipped,2024-10-19
ORD04604,Suhana Sood,Mumbai,Maharashtra,Sports,Tennis Racket,7,10141.06,70987.42,Credit Card,Delivered,2025-01-15
ORD04605,Purab Sule,Patna,Bihar,Fashion,Shoes,3,50069.96,150209.88,Credit Card,Shipped,2025-03-27
ORD04606,Reyansh Amble,Noida,Uttar Pradesh,Groceries,Milk,9,87753.3,789779.7,Cash,Pending,2025-01-08
ORD04607,Trisha Khosla,Surat,Gujarat,Groceries,Oil,1,48019.36,48019.36,Credit Card,Delivered,2026-01-05
ORD04608,Aarna Reddy,Guwahati,Assam,Electronics,Laptop,7,22063.82,154446.74,Credit Card,Shipped,2024-11-08
ORD04609,Amani Bahri,Surat,Gujarat,Fashion,T-Shirt,10,80808.52,808085.2,Credit Card,Cancelled,2024-11-17
ORD04610,Trisha Bobal,Surat,Gujarat,Sports,Tennis Racket,5,986.31,4931.55,UPI,Pending,2024-09-03
ORD04611,Anahi Sahota,Delhi,Delhi,Groceries,Snacks,4,63076.41,252305.64,Debit Card,Delivered,2025-07-09
ORD04612,Zain Biswas,Ranchi,Jharkhand,Sports,Gym Bag,8,99484.2,795873.6,Debit Card,Cancelled,2024-09-24
ORD04613,Jivin Arora,Jaipur,Rajasthan,Groceries,Milk,4,89068.55,356274.2,Debit Card,Pending,2025-06-23
ORD04614,Kiara Kapoor,Nagpur,Maharashtra,Books,Science Book,1,36226.49,36226.49,Debit Card,Delivered,2025-01-25
ORD04615,Yasmin Tiwari,Delhi,Delhi,Books,Biography,6,82986.29,497917.74,Cash,Cancelled,2026-04-21
ORD04616,Inaaya  Chander,Guwahati,Assam,Beauty,Lipstick,6,72350.53,434103.18,Debit Card,Delivered,2026-01-07
ORD04617,Tushar Rajagopal,Bengaluru,Karnataka,Fashion,Jeans,8,79750.75,638006.0,Debit Card,Pending,2024-07-11
ORD04618,Rohan Varty,Mysuru,Karnataka,Books,Science Book,1,92969.52,92969.52,Credit Card,Pending,2025-07-11
ORD04619,Purab Tank,Ahmedabad,Gujarat,Fashion,T-Shirt,7,97615.09,683305.63,UPI,Shipped,2024-05-19
ORD04620,Dhanuk Balay,Patna,Bihar,Books,Science Book,2,10093.95,20187.9,Cash,Cancelled,2026-05-02
ORD04621,Vidur Srinivas,Mysuru,Karnataka,Groceries,Snacks,2,96789.0,193578.0,Net Banking,Delivered,2026-01-20
ORD04622,Madhup Hari,Mysuru,Karnataka,Groceries,Oil,9,95682.47,861142.23,UPI,Shipped,2024-10-15
ORD04623,Anika Hayer,Jaipur,Rajasthan,Sports,Tennis Racket,9,29487.57,265388.13,Net Banking,Delivered,2025-03-02
ORD04624,Zaina Kar,Mysuru,Karnataka,Home Appliances,AC,6,15251.06,91506.36,UPI,Cancelled,2025-01-02
ORD04625,Taimur Bath,Patna,Bihar,Furniture,Chair,7,879.67,6157.69,Net Banking,Cancelled,2025-04-10
ORD04626,Dhanuk Shroff,Lucknow,Uttar Pradesh,Electronics,Headphones,8,56726.22,453809.76,Cash,Pending,2025-12-24
ORD04627,Kanav Sidhu,Coimbatore,Tamil Nadu,Home Appliances,AC,9,60097.61,540878.49,Cash,Shipped,2025-09-16
ORD04628,Ehsaan Sarma,Chandigarh,Chandigarh,Furniture,Chair,1,41858.65,41858.65,Debit Card,Pending,2025-04-01
ORD04629,Kaira Kapur,Kochi,Kerala,Beauty,Lipstick,8,53971.12,431768.96,Net Banking,Cancelled,2024-07-23
ORD04630,Amira Aurora,Pune,Maharashtra,Groceries,Milk,4,9899.0,39596.0,Cash,Delivered,2025-04-02
ORD04631,Anahita Batta,Kolkata,West Bengal,Beauty,Lipstick,6,84446.11,506676.66,Cash,Shipped,2024-08-19
ORD04632,Anika Anne,Surat,Gujarat,Electronics,Camera,7,43575.63,305029.41,Net Banking,Cancelled,2025-07-23
ORD04633,Kimaya Varghese,Kochi,Kerala,Fashion,Shoes,6,99189.51,595137.06,Debit Card,Cancelled,2025-08-20
ORD04634,Akarsh Tata,Visakhapatnam,Andhra Pradesh,Beauty,Face Wash,1,45825.25,45825.25,Debit Card,Cancelled,2025-01-14
ORD04635,Miraya Johal,Vadodara,Gujarat,Home Appliances,Fan,3,86385.39,259156.17,Debit Card,Shipped,2025-01-05
ORD04636,Aayush Wable,Ahmedabad,Gujarat,Fashion,T-Shirt,7,26486.6,185406.2,Cash,Delivered,2024-08-12
ORD04637,Jivika Chander,Chandigarh,Chandigarh,Beauty,Cream,4,44611.13,178444.52,Cash,Shipped,2024-07-02
ORD04638,Mishti Suri,Pune,Maharashtra,Furniture,Sofa,6,21731.2,130387.2,Debit Card,Pending,2026-04-30
ORD04639,Kashvi Subramanian,Vadodara,Gujarat,Books,Science Book,4,49184.13,196736.52,Net Banking,Delivered,2024-12-15
ORD04640,Jayan Dayal,Coimbatore,Tamil Nadu,Groceries,Juice,8,91506.54,732052.32,Debit Card,Cancelled,2025-01-31
ORD04641,Anya Dhar,Ahmedabad,Gujarat,Electronics,Mobile,1,7265.69,7265.69,Debit Card,Cancelled,2025-07-04
ORD04642,Trisha Chhabra,Noida,Uttar Pradesh,Electronics,Camera,5,34827.99,174139.95,Credit Card,Shipped,2025-12-20
ORD04643,Dhanuk Char,Coimbatore,Tamil Nadu,Furniture,Sofa,2,28817.97,57635.94,Credit Card,Delivered,2024-05-12
ORD04644,Advika Deshmukh,Nagpur,Maharashtra,Fashion,T-Shirt,1,11097.66,11097.66,UPI,Delivered,2025-07-18
ORD04645,Saanvi Sidhu,Bengaluru,Karnataka,Furniture,Chair,8,16477.68,131821.44,Net Banking,Cancelled,2026-03-03
ORD04646,Mannat Goel,Noida,Uttar Pradesh,Sports,Tennis Racket,9,8546.46,76918.14,UPI,Shipped,2025-05-21
ORD04647,Krish Chacko,Noida,Uttar Pradesh,Fashion,T-Shirt,10,519.42,5194.2,Cash,Cancelled,2024-08-20
ORD04648,Nirvaan Kaul,Kochi,Kerala,Home Appliances,Washing Machine,4,75090.95,300363.8,UPI,Delivered,2025-03-09
ORD04649,Samar Kaul,Visakhapatnam,Andhra Pradesh,Books,Comics,5,65769.14,328845.7,Debit Card,Pending,2024-08-15
ORD04650,Aayush Bumb,Coimbatore,Tamil Nadu,Electronics,Headphones,7,25371.47,177600.29,Credit Card,Cancelled,2026-03-12
ORD04651,Tiya Krishnan,Nagpur,Maharashtra,Electronics,Camera,2,43149.85,86299.7,Debit Card,Pending,2025-12-20
ORD04652,Armaan Sura,Kochi,Kerala,Beauty,Shampoo,8,25082.08,200656.64,UPI,Pending,2025-11-05
ORD04653,Hrishita Taneja,Indore,Madhya Pradesh,Sports,Cricket Bat,1,15447.38,15447.38,Credit Card,Delivered,2024-07-16
ORD04654,Hansh Hans,Patna,Bihar,Sports,Yoga Mat,10,20516.11,205161.1,Credit Card,Cancelled,2025-07-01
ORD04655,Shayak Bava,Bhopal,Madhya Pradesh,Books,Science Book,9,29233.27,263099.43,Cash,Shipped,2024-09-06
ORD04656,Shayak Ahuja,Bengaluru,Karnataka,Beauty,Lipstick,1,70301.1,70301.1,Cash,Cancelled,2024-12-01
ORD04657,Misha Ghose,Vadodara,Gujarat,Fashion,Jacket,4,21252.69,85010.76,Credit Card,Cancelled,2024-12-19
ORD04658,Khushi Mandal,Indore,Madhya Pradesh,Books,Science Book,2,80126.61,160253.22,Cash,Delivered,2025-04-03
ORD04659,Lakshay Borah,Lucknow,Uttar Pradesh,Books,Novel,9,10470.16,94231.44,Net Banking,Cancelled,2026-01-04
ORD04660,Dhanuk Bhalla,Hyderabad,Telangana,Fashion,Jacket,9,90431.24,813881.16,Debit Card,Delivered,2025-07-05
ORD04661,Anya Yadav,Indore,Madhya Pradesh,Groceries,Juice,7,55338.58,387370.06,Debit Card,Cancelled,2024-09-07
ORD04662,Tarini Jhaveri,Patna,Bihar,Home Appliances,Refrigerator,9,96424.52,867820.68,Debit Card,Delivered,2024-09-22
ORD04663,Kavya Batta,Chennai,Tamil Nadu,Home Appliances,Fan,4,41601.87,166407.48,UPI,Cancelled,2025-05-21
ORD04664,Aniruddh Khurana,Vadodara,Gujarat,Sports,Tennis Racket,2,79206.08,158412.16,UPI,Delivered,2026-04-13
ORD04665,Jayan Boase,Guwahati,Assam,Electronics,Smart TV,2,15921.77,31843.54,Cash,Shipped,2025-10-19
ORD04666,Shaan Saraf,Patna,Bihar,Electronics,Camera,1,57382.71,57382.71,Credit Card,Shipped,2025-09-08
ORD04667,Parinaaz Dhar,Delhi,Delhi,Sports,Football,8,26993.63,215949.04,Cash,Cancelled,2026-02-17
ORD04668,Sahil Sarraf,Chennai,Tamil Nadu,Furniture,Dining Table,5,39621.09,198105.45,UPI,Shipped,2025-07-02
ORD04669,Romil Khare,Patna,Bihar,Electronics,Laptop,2,27825.83,55651.66,Credit Card,Delivered,2025-10-03
ORD04670,Badal Bhardwaj,Lucknow,Uttar Pradesh,Beauty,Cream,8,19865.83,158926.64,UPI,Cancelled,2025-03-10
ORD04671,Alia Bera,Pune,Maharashtra,Sports,Gym Bag,9,3826.81,34441.29,Cash,Pending,2025-06-13
ORD04672,Charvi Vala,Nagpur,Maharashtra,Furniture,Dining Table,1,47393.25,47393.25,Cash,Delivered,2026-03-09
ORD04673,Jiya Bhatti,Noida,Uttar Pradesh,Home Appliances,Microwave,4,39895.85,159583.4,Cash,Delivered,2025-06-30
ORD04674,Zaina Bajwa,Nagpur,Maharashtra,Sports,Cricket Bat,4,70634.62,282538.48,UPI,Pending,2024-08-14
ORD04675,Rohan Choudhary,Ahmedabad,Gujarat,Books,Comics,9,44139.45,397255.05,Cash,Shipped,2025-03-19
ORD04676,Hiran Krishnan,Hyderabad,Telangana,Electronics,Smart TV,9,61396.84,552571.56,UPI,Cancelled,2026-02-03
ORD04677,Mamooty Kaur,Kolkata,West Bengal,Books,Biography,7,88770.79,621395.53,UPI,Cancelled,2025-11-05
ORD04678,Manjari Ganesan,Bengaluru,Karnataka,Sports,Cricket Bat,8,56083.89,448671.12,Debit Card,Pending,2025-04-20
ORD04679,Prerak Tiwari,Guwahati,Assam,Sports,Tennis Racket,5,28513.42,142567.1,UPI,Cancelled,2025-10-09
ORD04680,Diya Som,Lucknow,Uttar Pradesh,Fashion,Jacket,7,77054.82,539383.74,Debit Card,Pending,2026-02-15
ORD04681,Nitya Bassi,Mumbai,Maharashtra,Sports,Cricket Bat,10,48702.79,487027.9,Net Banking,Pending,2026-01-29
ORD04682,Vanya Suresh,Pune,Maharashtra,Books,History Book,2,18172.6,36345.2,UPI,Pending,2024-10-23
ORD04683,Anya Kaur,Bhopal,Madhya Pradesh,Groceries,Juice,9,56637.9,509741.1,Credit Card,Delivered,2025-06-14
ORD04684,Tara Shan,Patna,Bihar,Fashion,Jeans,6,1900.7,11404.2,Net Banking,Cancelled,2026-04-05
ORD04685,Aaina Bahri,Ahmedabad,Gujarat,Home Appliances,Microwave,3,47978.71,143936.13,Net Banking,Delivered,2025-03-09
ORD04686,Kavya Varghese,Pune,Maharashtra,Fashion,T-Shirt,6,22830.32,136981.92,Net Banking,Delivered,2025-05-17
ORD04687,Tanya Bhatti,Coimbatore,Tamil Nadu,Groceries,Rice,10,72174.41,721744.1,Credit Card,Shipped,2024-06-04
ORD04688,Indrans Kant,Kolkata,West Bengal,Books,Biography,1,16201.55,16201.55,Credit Card,Shipped,2025-03-23
ORD04689,Mohanlal Krish,Mumbai,Maharashtra,Beauty,Shampoo,1,33027.17,33027.17,Debit Card,Cancelled,2025-07-19
ORD04690,Aniruddh Singh,Hyderabad,Telangana,Beauty,Cream,7,79513.87,556597.09,Net Banking,Cancelled,2025-07-20
ORD04691,Arnav Thaman,Mumbai,Maharashtra,Furniture,Dining Table,3,54615.12,163845.36,Credit Card,Delivered,2025-01-20
ORD04692,Anya Lall,Ranchi,Jharkhand,Beauty,Face Wash,3,70044.13,210132.39,Debit Card,Shipped,2025-01-28
ORD04693,Suhana Thakkar,Lucknow,Uttar Pradesh,Beauty,Lipstick,1,61227.89,61227.89,Credit Card,Cancelled,2024-07-23
ORD04694,Prerak Balasubramanian,Coimbatore,Tamil Nadu,Beauty,Perfume,8,9564.07,76512.56,Debit Card,Delivered,2025-07-19
ORD04695,Vritika Karpe,Chandigarh,Chandigarh,Electronics,Camera,4,93100.83,372403.32,Net Banking,Delivered,2026-03-03
ORD04696,Eshani Rajagopalan,Ahmedabad,Gujarat,Electronics,Headphones,5,62472.99,312364.95,Cash,Delivered,2025-11-11
ORD04697,Kimaya Sidhu,Visakhapatnam,Andhra Pradesh,Books,Comics,2,37554.31,75108.62,Debit Card,Pending,2025-02-11
ORD04698,Amani Chopra,Bhopal,Madhya Pradesh,Fashion,Shoes,1,60534.99,60534.99,UPI,Cancelled,2025-03-02
ORD04699,Shalv Dixit,Noida,Uttar Pradesh,Sports,Gym Bag,4,78964.29,315857.16,Cash,Cancelled,2026-04-16
ORD04700,Shalv Dugar,Jaipur,Rajasthan,Books,Science Book,7,70832.87,495830.09,Credit Card,Pending,2024-07-24
ORD04701,Ayesha Rout,Lucknow,Uttar Pradesh,Groceries,Milk,9,84625.65,761630.85,Credit Card,Delivered,2024-07-08
ORD04702,Jayan Ray,Delhi,Delhi,Furniture,Bed,10,93258.4,932584.0,Net Banking,Delivered,2025-06-16
ORD04703,Nishith Kant,Pune,Maharashtra,Fashion,Jeans,1,97331.27,97331.27,Credit Card,Delivered,2026-02-21
ORD04704,Diya Ramaswamy,Pune,Maharashtra,Home Appliances,AC,8,59631.11,477048.88,Debit Card,Pending,2026-04-10
ORD04705,Umang Ramachandran,Chandigarh,Chandigarh,Home Appliances,AC,7,47428.02,331996.14,Credit Card,Delivered,2026-01-21
ORD04706,Umang Mahal,Hyderabad,Telangana,Fashion,Jacket,9,34212.44,307911.96,Cash,Pending,2025-06-02
ORD04707,Faiyaz Sethi,Chandigarh,Chandigarh,Beauty,Lipstick,8,61562.68,492501.44,Credit Card,Cancelled,2025-09-19
ORD04708,Ritvik Mangat,Surat,Gujarat,Groceries,Juice,1,21963.04,21963.04,Credit Card,Pending,2025-11-17
ORD04709,Amani Bala,Hyderabad,Telangana,Fashion,Watch,9,80150.71,721356.39,Debit Card,Pending,2026-03-30
ORD04710,Adira Rout,Kolkata,West Bengal,Electronics,Camera,7,46340.11,324380.77,Net Banking,Pending,2026-03-17
ORD04711,Manikya Shan,Ahmedabad,Gujarat,Electronics,Laptop,6,71798.91,430793.46,Debit Card,Cancelled,2026-03-29
ORD04712,Tarini Srinivasan,Delhi,Delhi,Sports,Tennis Racket,9,53578.65,482207.85,Net Banking,Delivered,2025-04-10
ORD04713,Ishaan Chauhan,Surat,Gujarat,Electronics,Headphones,9,95920.82,863287.38,Debit Card,Delivered,2026-04-11
ORD04714,Yuvraj  Randhawa,Kolkata,West Bengal,Books,History Book,10,38082.38,380823.8,UPI,Cancelled,2024-05-24
ORD04715,Anvi Kata,Guwahati,Assam,Beauty,Face Wash,4,52888.6,211554.4,UPI,Delivered,2025-07-13
ORD04716,Vihaan Kumer,Surat,Gujarat,Beauty,Face Wash,6,27752.11,166512.66,Credit Card,Pending,2025-04-14
ORD04717,Shray Deshpande,Pune,Maharashtra,Fashion,Watch,2,48548.31,97096.62,Credit Card,Delivered,2024-08-31
ORD04718,Shanaya Warrior,Jaipur,Rajasthan,Fashion,Jacket,6,57000.2,342001.2,Cash,Delivered,2024-05-31
ORD04719,Bhamini Saraf,Chandigarh,Chandigarh,Beauty,Shampoo,4,97479.18,389916.72,UPI,Shipped,2025-04-22
ORD04720,Suhana Sarna,Patna,Bihar,Fashion,Shoes,4,82306.17,329224.68,Credit Card,Cancelled,2026-02-18
ORD04721,Fateh Dixit,Noida,Uttar Pradesh,Electronics,Smart TV,4,58432.95,233731.8,Cash,Shipped,2026-02-20
ORD04722,Aarna Choudhry,Surat,Gujarat,Fashion,Jacket,1,13418.21,13418.21,Debit Card,Shipped,2025-10-04
ORD04723,Rhea Gera,Visakhapatnam,Andhra Pradesh,Beauty,Cream,4,17369.57,69478.28,UPI,Cancelled,2026-04-28
ORD04724,Shray Dani,Indore,Madhya Pradesh,Groceries,Milk,1,37331.74,37331.74,UPI,Shipped,2024-11-17
ORD04725,Ishita Dass,Chennai,Tamil Nadu,Electronics,Camera,9,57711.88,519406.92,Debit Card,Pending,2025-11-04
ORD04726,Inaaya  Manda,Chandigarh,Chandigarh,Sports,Gym Bag,7,51507.24,360550.68,UPI,Pending,2025-11-21
ORD04727,Nitara Goel,Ahmedabad,Gujarat,Sports,Yoga Mat,8,71594.3,572754.4,Cash,Delivered,2025-11-20
ORD04728,Siya Solanki,Vadodara,Gujarat,Beauty,Face Wash,5,22652.6,113263.0,Net Banking,Pending,2026-03-12
ORD04729,Tanya Iyengar,Lucknow,Uttar Pradesh,Groceries,Oil,7,51457.11,360199.77,Cash,Pending,2025-05-02
ORD04730,Ahana  Gill,Kochi,Kerala,Home Appliances,Fan,9,62436.29,561926.61,Cash,Delivered,2025-01-23
ORD04731,Jayan Swaminathan,Jaipur,Rajasthan,Groceries,Snacks,8,22813.18,182505.44,UPI,Pending,2024-09-11
ORD04732,Indrajit Apte,Noida,Uttar Pradesh,Groceries,Oil,7,38375.65,268629.55,Credit Card,Delivered,2025-11-22
ORD04733,Hunar Baria,Bhopal,Madhya Pradesh,Home Appliances,Microwave,3,95944.72,287834.16,Debit Card,Shipped,2025-05-16
ORD04734,Adira Shere,Mysuru,Karnataka,Groceries,Rice,4,73632.3,294529.2,UPI,Pending,2024-05-23
ORD04735,Misha Khalsa,Noida,Uttar Pradesh,Fashion,T-Shirt,2,14626.14,29252.28,Cash,Delivered,2024-12-08
ORD04736,Shanaya Bhattacharyya,Patna,Bihar,Furniture,Sofa,8,87568.88,700551.04,UPI,Pending,2026-03-14
ORD04737,Ishita Chowdhury,Chandigarh,Chandigarh,Home Appliances,AC,8,63953.72,511629.76,Net Banking,Shipped,2026-03-17
ORD04738,Chirag Sane,Coimbatore,Tamil Nadu,Books,Science Book,7,70169.17,491184.19,Credit Card,Cancelled,2024-06-04
ORD04739,Vaibhav Devi,Visakhapatnam,Andhra Pradesh,Groceries,Oil,6,69109.02,414654.12,Debit Card,Shipped,2025-07-09
ORD04740,Himmat Gola,Pune,Maharashtra,Sports,Gym Bag,3,77097.65,231292.95,Debit Card,Cancelled,2026-03-10
ORD04741,Jayan Sandhu,Chandigarh,Chandigarh,Sports,Yoga Mat,6,20198.99,121193.94,Debit Card,Cancelled,2024-10-18
ORD04742,Samarth Kalita,Ahmedabad,Gujarat,Home Appliances,Microwave,9,67202.45,604822.05,Net Banking,Pending,2024-12-16
ORD04743,Ivan Master,Indore,Madhya Pradesh,Electronics,Camera,2,92132.28,184264.56,UPI,Delivered,2025-03-01
ORD04744,Eshani Sarkar,Guwahati,Assam,Groceries,Snacks,1,98985.05,98985.05,Net Banking,Delivered,2025-03-24
ORD04745,Hrishita Bhat,Jaipur,Rajasthan,Fashion,T-Shirt,4,88647.05,354588.2,Credit Card,Cancelled,2024-12-26
ORD04746,Shayak Bose,Vadodara,Gujarat,Groceries,Milk,7,2993.2,20952.4,Debit Card,Shipped,2025-01-03
ORD04747,Arhaan Varghese,Delhi,Delhi,Electronics,Headphones,6,62181.44,373088.64,UPI,Cancelled,2026-02-26
ORD04748,Dharmajan Rama,Delhi,Delhi,Furniture,Sofa,3,79150.81,237452.43,Cash,Shipped,2026-02-04
ORD04749,Bhamini Bir,Mumbai,Maharashtra,Books,Biography,7,20388.72,142721.04,Net Banking,Delivered,2025-12-30
ORD04750,Bhamini Deshmukh,Kolkata,West Bengal,Sports,Football,2,56945.05,113890.1,UPI,Cancelled,2024-11-24
ORD04751,Tarini Sami,Bhopal,Madhya Pradesh,Sports,Yoga Mat,4,53768.11,215072.44,Cash,Pending,2025-08-06
ORD04752,Gatik Joshi,Guwahati,Assam,Fashion,Jacket,5,68044.75,340223.75,Credit Card,Pending,2025-11-05
ORD04753,Riaan Bali,Coimbatore,Tamil Nadu,Furniture,Wardrobe,9,51225.48,461029.32,Net Banking,Shipped,2025-06-05
ORD04754,Purab Gala,Pune,Maharashtra,Fashion,Jacket,6,12793.26,76759.56,Credit Card,Delivered,2026-04-30
ORD04755,Zaina Lalla,Coimbatore,Tamil Nadu,Beauty,Shampoo,7,68865.9,482061.3,Net Banking,Shipped,2025-11-21
ORD04756,Jayan Thaker,Lucknow,Uttar Pradesh,Beauty,Cream,7,60686.91,424808.37,UPI,Shipped,2024-06-07
ORD04757,Zara Deep,Bengaluru,Karnataka,Fashion,T-Shirt,4,57220.68,228882.72,UPI,Cancelled,2025-03-06
ORD04758,Vritika Mallick,Jaipur,Rajasthan,Sports,Yoga Mat,5,67095.23,335476.15,Net Banking,Pending,2025-11-05
ORD04759,Diya Talwar,Bengaluru,Karnataka,Electronics,Camera,1,73489.2,73489.2,UPI,Shipped,2026-03-29
ORD04760,Yuvaan Mandal,Vadodara,Gujarat,Books,Comics,8,67935.2,543481.6,UPI,Delivered,2025-11-17
ORD04761,Siya Dayal,Hyderabad,Telangana,Electronics,Smart TV,9,86392.71,777534.39,Net Banking,Shipped,2024-12-26
ORD04762,Kaira Chadha,Chennai,Tamil Nadu,Groceries,Snacks,10,30831.09,308310.9,Cash,Delivered,2026-03-03
ORD04763,Jayant Varkey,Mumbai,Maharashtra,Furniture,Bed,10,54876.81,548768.1,Credit Card,Pending,2024-09-06
ORD04764,Nehmat Taneja,Jaipur,Rajasthan,Home Appliances,Microwave,9,62407.03,561663.27,UPI,Pending,2024-07-03
ORD04765,Farhan Bhattacharyya,Ranchi,Jharkhand,Home Appliances,Refrigerator,2,99089.14,198178.28,UPI,Cancelled,2025-12-12
ORD04766,Kimaya Khosla,Bengaluru,Karnataka,Groceries,Milk,5,77127.92,385639.6,UPI,Cancelled,2024-11-22
ORD04767,Ivana Tak,Delhi,Delhi,Groceries,Rice,4,12706.16,50824.64,Net Banking,Shipped,2026-03-20
ORD04768,Samiha Sood,Kochi,Kerala,Electronics,Laptop,1,73666.39,73666.39,Debit Card,Delivered,2025-08-30
ORD04769,Manikya Ramesh,Jaipur,Rajasthan,Sports,Tennis Racket,6,91157.84,546947.04,Cash,Delivered,2025-10-20
ORD04770,Badal Ray,Coimbatore,Tamil Nadu,Sports,Cricket Bat,7,81941.05,573587.35,Net Banking,Cancelled,2024-08-14
ORD04771,Farhan Sodhi,Delhi,Delhi,Fashion,Jacket,1,2351.08,2351.08,Credit Card,Pending,2024-10-31
ORD04772,Jayesh Tiwari,Mysuru,Karnataka,Books,Biography,6,30949.45,185696.7,Cash,Delivered,2024-12-15
ORD04773,Ojas Shenoy,Jaipur,Rajasthan,Groceries,Oil,3,47079.21,141237.63,Cash,Delivered,2025-03-22
ORD04774,Aaina Bumb,Lucknow,Uttar Pradesh,Home Appliances,Microwave,8,97349.21,778793.68,Net Banking,Pending,2025-04-30
ORD04775,Nayantara Sandal,Delhi,Delhi,Home Appliances,Microwave,10,9948.48,99484.8,Cash,Cancelled,2026-03-24
ORD04776,Kashvi Kumar,Bengaluru,Karnataka,Home Appliances,AC,6,31146.14,186876.84,Cash,Pending,2025-09-30
ORD04777,Darshit Maharaj,Mysuru,Karnataka,Sports,Yoga Mat,4,50666.17,202664.68,Cash,Shipped,2024-11-19
ORD04778,Dishani Thakkar,Surat,Gujarat,Electronics,Laptop,5,60385.3,301926.5,UPI,Pending,2026-02-07
ORD04779,Taran Bhavsar,Kolkata,West Bengal,Fashion,Shoes,4,58991.47,235965.88,Net Banking,Shipped,2026-01-16
ORD04780,Nitara Guha,Ranchi,Jharkhand,Groceries,Oil,9,97553.2,877978.8,Net Banking,Shipped,2025-01-02
ORD04781,Tushar Lala,Indore,Madhya Pradesh,Beauty,Lipstick,3,23148.81,69446.43,Credit Card,Cancelled,2024-11-17
ORD04782,Yuvraj  Khosla,Guwahati,Assam,Beauty,Lipstick,7,82903.07,580321.49,Debit Card,Delivered,2024-07-14
ORD04783,Madhav Shere,Pune,Maharashtra,Beauty,Cream,7,51510.07,360570.49,UPI,Pending,2025-11-07
ORD04784,Ivana Sharaf,Noida,Uttar Pradesh,Furniture,Sofa,2,98290.49,196580.98,Debit Card,Cancelled,2025-10-22
ORD04785,Ayesha Karan,Coimbatore,Tamil Nadu,Electronics,Smart TV,2,31507.47,63014.94,Net Banking,Delivered,2025-09-21
ORD04786,Sahil Devan,Visakhapatnam,Andhra Pradesh,Books,Comics,6,54145.5,324873.0,Debit Card,Pending,2025-01-01
ORD04787,Indrajit Kaul,Mumbai,Maharashtra,Home Appliances,Microwave,9,35770.58,321935.22,Debit Card,Pending,2025-01-16
ORD04788,Romil Swaminathan,Patna,Bihar,Home Appliances,Microwave,6,56767.48,340604.88,Credit Card,Cancelled,2024-11-26
ORD04789,Farhan Mand,Bengaluru,Karnataka,Home Appliances,Washing Machine,5,33257.29,166286.45,UPI,Shipped,2025-02-12
ORD04790,Tanya Sidhu,Mumbai,Maharashtra,Home Appliances,Microwave,7,28049.57,196346.99,Debit Card,Delivered,2024-10-28
ORD04791,Anahita Dave,Delhi,Delhi,Groceries,Juice,7,96148.29,673038.03,UPI,Cancelled,2025-02-04
ORD04792,Shalv Balasubramanian,Indore,Madhya Pradesh,Beauty,Shampoo,1,16508.83,16508.83,Debit Card,Shipped,2026-01-10
ORD04793,Faiyaz Singhal,Lucknow,Uttar Pradesh,Sports,Gym Bag,3,59909.94,179729.82,Net Banking,Pending,2024-09-23
ORD04794,Amani Comar,Delhi,Delhi,Home Appliances,Washing Machine,8,42111.16,336889.28,Credit Card,Cancelled,2025-05-01
ORD04795,Ela Doctor,Guwahati,Assam,Books,Biography,5,87731.73,438658.65,Cash,Cancelled,2025-10-25
ORD04796,Aarav Luthra,Chandigarh,Chandigarh,Beauty,Face Wash,6,34659.84,207959.04,Cash,Delivered,2025-08-04
ORD04797,Farhan Doshi,Noida,Uttar Pradesh,Electronics,Headphones,9,68129.38,613164.42,Debit Card,Shipped,2025-12-07
ORD04798,Shanaya Raju,Patna,Bihar,Fashion,Watch,4,20193.9,80775.6,UPI,Shipped,2025-06-05
ORD04799,Hazel Chaudhuri,Coimbatore,Tamil Nadu,Beauty,Shampoo,10,73598.78,735987.8,UPI,Pending,2026-02-02
ORD04800,Zaina Balay,Mysuru,Karnataka,Fashion,Jacket,5,74504.31,372521.55,UPI,Shipped,2024-11-30
ORD04801,Arnav Gupta,Chandigarh,Chandigarh,Furniture,Bed,2,27790.06,55580.12,Net Banking,Pending,2025-07-18
ORD04802,Adira Bose,Visakhapatnam,Andhra Pradesh,Fashion,Jacket,2,63024.69,126049.38,UPI,Delivered,2025-08-03
ORD04803,Yakshit Bansal,Guwahati,Assam,Books,Science Book,6,13654.8,81928.8,Debit Card,Cancelled,2024-05-31
ORD04804,Romil Chacko,Ahmedabad,Gujarat,Sports,Gym Bag,1,77976.17,77976.17,Net Banking,Cancelled,2025-07-13
ORD04805,Heer Krishna,Visakhapatnam,Andhra Pradesh,Electronics,Camera,7,64655.73,452590.11,Debit Card,Cancelled,2025-04-22
ORD04806,Abram Hayre,Noida,Uttar Pradesh,Groceries,Oil,2,37699.77,75399.54,Debit Card,Delivered,2024-07-03
ORD04807,Kabir Shanker,Chandigarh,Chandigarh,Fashion,Shoes,6,28584.67,171508.02,Cash,Pending,2024-08-04
ORD04808,Pihu Shere,Bhopal,Madhya Pradesh,Beauty,Perfume,5,13466.39,67331.95,Credit Card,Shipped,2025-02-20
ORD04809,Ryan Som,Lucknow,Uttar Pradesh,Groceries,Oil,8,92989.67,743917.36,Cash,Pending,2024-12-10
ORD04810,Jhanvi Gara,Ahmedabad,Gujarat,Groceries,Milk,10,65524.75,655247.5,Cash,Shipped,2025-08-17
ORD04811,Ivan Mannan,Delhi,Delhi,Sports,Gym Bag,3,3386.37,10159.11,Debit Card,Pending,2024-07-30
ORD04812,Vardaniya Ramakrishnan,Nagpur,Maharashtra,Furniture,Chair,7,72559.35,507915.45,Debit Card,Cancelled,2024-12-11
ORD04813,Manjari Choudhary,Nagpur,Maharashtra,Home Appliances,Microwave,4,55609.32,222437.28,Credit Card,Shipped,2025-04-15
ORD04814,Lakshit Kata,Lucknow,Uttar Pradesh,Fashion,Jeans,9,9184.72,82662.48,Credit Card,Shipped,2025-02-12
ORD04815,Kanav Dhaliwal,Mysuru,Karnataka,Books,Science Book,8,33870.29,270962.32,Debit Card,Cancelled,2025-05-18
ORD04816,Vaibhav Samra,Surat,Gujarat,Groceries,Snacks,6,34534.06,207204.36,Net Banking,Shipped,2025-10-23
ORD04817,Prerak Bir,Coimbatore,Tamil Nadu,Fashion,Shoes,5,24827.21,124136.05,Debit Card,Delivered,2024-12-17
ORD04818,Kiara Bhalla,Guwahati,Assam,Electronics,Headphones,2,87888.68,175777.36,Net Banking,Pending,2024-07-22
ORD04819,Bhavin Choudhary,Ahmedabad,Gujarat,Home Appliances,Washing Machine,7,11530.6,80714.2,Debit Card,Shipped,2024-11-01
ORD04820,Kavya Sastry,Lucknow,Uttar Pradesh,Groceries,Juice,8,32959.3,263674.4,Credit Card,Cancelled,2024-12-30
ORD04821,Shaan Bala,Ahmedabad,Gujarat,Fashion,Jacket,10,90713.12,907131.2,UPI,Cancelled,2025-06-12
ORD04822,Pari Baral,Bengaluru,Karnataka,Books,Biography,6,76298.84,457793.04,Debit Card,Shipped,2024-07-17
ORD04823,Ira Sankaran,Nagpur,Maharashtra,Books,Science Book,10,8945.9,89459.0,Net Banking,Delivered,2026-02-02
ORD04824,Damini Kuruvilla,Coimbatore,Tamil Nadu,Home Appliances,Microwave,10,43769.4,437694.0,Credit Card,Pending,2025-02-26
ORD04825,Mahika Master,Chennai,Tamil Nadu,Beauty,Face Wash,10,21685.04,216850.4,Net Banking,Delivered,2026-04-29
ORD04826,Parinaaz Majumdar,Chennai,Tamil Nadu,Sports,Cricket Bat,1,20889.0,20889.0,Net Banking,Cancelled,2025-09-02
ORD04827,Gokul Varghese,Ahmedabad,Gujarat,Furniture,Dining Table,10,35414.51,354145.1,Net Banking,Pending,2025-11-30
ORD04828,Hunar Jayaraman,Noida,Uttar Pradesh,Fashion,T-Shirt,6,42209.62,253257.72,Net Banking,Delivered,2024-10-27
ORD04829,Taran Shankar,Visakhapatnam,Andhra Pradesh,Furniture,Sofa,8,16151.06,129208.48,UPI,Pending,2024-06-07
ORD04830,Siya Varty,Bhopal,Madhya Pradesh,Beauty,Lipstick,2,76155.41,152310.82,Cash,Pending,2025-12-07
ORD04831,Nehmat Rout,Chennai,Tamil Nadu,Electronics,Laptop,10,29990.69,299906.9,Credit Card,Cancelled,2024-06-24
ORD04832,Amira Halder,Surat,Gujarat,Home Appliances,Washing Machine,9,38924.86,350323.74,Net Banking,Cancelled,2025-03-05
ORD04833,Veer Sastry,Kochi,Kerala,Electronics,Smart TV,4,54859.55,219438.2,UPI,Cancelled,2026-03-30
ORD04834,Akarsh Doctor,Vadodara,Gujarat,Beauty,Lipstick,3,61961.46,185884.38,Debit Card,Delivered,2025-12-17
ORD04835,Alisha Mangat,Ahmedabad,Gujarat,Fashion,T-Shirt,6,1990.44,11942.64,Net Banking,Cancelled,2025-10-08
ORD04836,Divij Sur,Mysuru,Karnataka,Books,Novel,2,88311.55,176623.1,Debit Card,Pending,2025-07-09
ORD04837,Misha Agrawal,Vadodara,Gujarat,Books,History Book,3,23824.26,71472.78,Debit Card,Cancelled,2025-07-08
ORD04838,Heer Vohra,Visakhapatnam,Andhra Pradesh,Sports,Tennis Racket,4,84035.34,336141.36,UPI,Shipped,2024-10-10
ORD04839,Dharmajan Chaudhuri,Mysuru,Karnataka,Furniture,Dining Table,3,59390.34,178171.02,Debit Card,Pending,2025-10-17
ORD04840,Yashvi Kumer,Patna,Bihar,Sports,Gym Bag,1,1450.54,1450.54,Debit Card,Pending,2025-12-05
ORD04841,Taran Ratti,Ahmedabad,Gujarat,Electronics,Laptop,9,26916.43,242247.87,Cash,Pending,2025-08-11
ORD04842,Azad Shah,Kochi,Kerala,Groceries,Snacks,3,81725.88,245177.64,Credit Card,Shipped,2025-04-03
ORD04843,Siya Dash,Delhi,Delhi,Books,Comics,5,55082.9,275414.5,Cash,Shipped,2025-10-17
ORD04844,Yuvraj  Iyer,Lucknow,Uttar Pradesh,Sports,Tennis Racket,5,5161.48,25807.4,Debit Card,Shipped,2025-08-16
ORD04845,Sana Shan,Bhopal,Madhya Pradesh,Groceries,Milk,9,99021.27,891191.43,Debit Card,Cancelled,2025-02-17
ORD04846,Stuvan Taneja,Guwahati,Assam,Home Appliances,Washing Machine,4,580.41,2321.64,Credit Card,Shipped,2024-12-30
ORD04847,Darshit Grover,Patna,Bihar,Furniture,Bed,3,38049.11,114147.33,Debit Card,Cancelled,2025-01-29
ORD04848,Jhanvi Dave,Lucknow,Uttar Pradesh,Beauty,Lipstick,6,43730.07,262380.42,Credit Card,Cancelled,2026-01-28
ORD04849,Saksham Wable,Hyderabad,Telangana,Furniture,Wardrobe,9,70777.5,636997.5,Cash,Shipped,2026-04-13
ORD04850,Mehul Acharya,Bhopal,Madhya Pradesh,Books,Biography,1,84610.39,84610.39,Debit Card,Shipped,2024-10-06
ORD04851,Veer Deol,Guwahati,Assam,Sports,Tennis Racket,1,93746.75,93746.75,Cash,Delivered,2026-03-09
ORD04852,Rohan Khare,Chennai,Tamil Nadu,Electronics,Laptop,7,71133.62,497935.34,Credit Card,Pending,2025-07-04
ORD04853,Arhaan Bumb,Guwahati,Assam,Books,Novel,2,21631.59,43263.18,Debit Card,Shipped,2024-07-09
ORD04854,Ishita Kala,Vadodara,Gujarat,Sports,Cricket Bat,4,75436.63,301746.52,Net Banking,Shipped,2025-08-03
ORD04855,Dishani Sankar,Ranchi,Jharkhand,Fashion,Jeans,4,85200.43,340801.72,Net Banking,Pending,2025-01-05
ORD04856,Nayantara Upadhyay,Mysuru,Karnataka,Beauty,Cream,7,50080.48,350563.36,Cash,Shipped,2024-11-23
ORD04857,Reyansh Kaul,Pune,Maharashtra,Electronics,Camera,7,14292.35,100046.45,Cash,Cancelled,2025-05-01
ORD04858,Emir Bail,Hyderabad,Telangana,Beauty,Face Wash,2,96770.28,193540.56,Net Banking,Pending,2026-03-22
ORD04859,Raghav Varkey,Lucknow,Uttar Pradesh,Home Appliances,Washing Machine,5,58626.88,293134.4,Cash,Delivered,2024-08-25
ORD04860,Jiya Sengupta,Nagpur,Maharashtra,Electronics,Mobile,2,2832.93,5665.86,Debit Card,Delivered,2025-12-21
ORD04861,Emir Baria,Bhopal,Madhya Pradesh,Fashion,Jacket,9,74699.53,672295.77,Cash,Cancelled,2026-02-15
ORD04862,Indranil Aggarwal,Bhopal,Madhya Pradesh,Sports,Yoga Mat,6,5782.16,34692.96,Cash,Pending,2026-02-25
ORD04863,Aarush Balan,Nagpur,Maharashtra,Books,Biography,1,8749.75,8749.75,Cash,Shipped,2024-09-09
ORD04864,Kanav Kant,Hyderabad,Telangana,Sports,Football,9,47495.1,427455.9,Credit Card,Cancelled,2026-03-12
ORD04865,Parinaaz Sibal,Vadodara,Gujarat,Electronics,Mobile,5,65682.06,328410.3,Debit Card,Shipped,2024-11-04
ORD04866,Pihu Cherian,Pune,Maharashtra,Furniture,Wardrobe,5,57573.53,287867.65,UPI,Shipped,2025-07-20
ORD04867,Nishith Shankar,Guwahati,Assam,Fashion,Jeans,4,10313.04,41252.16,Debit Card,Shipped,2024-10-27
ORD04868,Vritika Chand,Ahmedabad,Gujarat,Furniture,Chair,5,79699.67,398498.35,Credit Card,Shipped,2025-09-06
ORD04869,Ritvik Mann,Nagpur,Maharashtra,Books,History Book,4,6727.21,26908.84,Debit Card,Pending,2024-05-27
ORD04870,Jivin Sharma,Noida,Uttar Pradesh,Books,Novel,2,1117.08,2234.16,Net Banking,Cancelled,2024-12-21
ORD04871,Romil Raman,Ranchi,Jharkhand,Books,Biography,1,83524.63,83524.63,Debit Card,Pending,2025-10-19
ORD04872,Aarav Dhaliwal,Jaipur,Rajasthan,Fashion,Watch,1,4597.22,4597.22,Debit Card,Delivered,2024-12-01
ORD04873,Shayak Karnik,Chennai,Tamil Nadu,Beauty,Shampoo,3,26543.88,79631.64,Net Banking,Cancelled,2025-02-05
ORD04874,Alia Lala,Coimbatore,Tamil Nadu,Beauty,Shampoo,5,80302.66,401513.3,Cash,Delivered,2024-05-29
ORD04875,Emir Kannan,Coimbatore,Tamil Nadu,Beauty,Perfume,2,7891.12,15782.24,UPI,Pending,2024-10-09
ORD04876,Piya Khanna,Patna,Bihar,Furniture,Chair,5,49425.29,247126.45,Credit Card,Delivered,2024-12-01
ORD04877,Vivaan Kohli,Pune,Maharashtra,Books,Comics,5,98153.79,490768.95,Net Banking,Shipped,2025-03-03
ORD04878,Nakul Chand,Noida,Uttar Pradesh,Electronics,Headphones,4,52678.29,210713.16,Cash,Pending,2024-11-07
ORD04879,Indrajit Hora,Kolkata,West Bengal,Electronics,Mobile,7,82342.87,576400.09,Net Banking,Delivered,2024-11-29
ORD04880,Sumer Jayaraman,Kolkata,West Bengal,Furniture,Bed,1,1228.82,1228.82,UPI,Shipped,2024-11-19
ORD04881,Samiha Shan,Guwahati,Assam,Books,History Book,2,95331.16,190662.32,Cash,Pending,2025-05-03
ORD04882,Neysa Aurora,Delhi,Delhi,Fashion,Jacket,10,9033.36,90333.6,Cash,Pending,2025-07-06
ORD04883,Kismat Soman,Jaipur,Rajasthan,Furniture,Wardrobe,10,33504.23,335042.3,Debit Card,Shipped,2025-03-16
ORD04884,Biju Bose,Kolkata,West Bengal,Furniture,Chair,10,3564.75,35647.5,Credit Card,Pending,2025-08-12
ORD04885,Yashvi Buch,Pune,Maharashtra,Home Appliances,Refrigerator,10,98928.96,989289.6,Net Banking,Delivered,2026-01-11
ORD04886,Eshani Edwin,Noida,Uttar Pradesh,Furniture,Chair,5,22169.59,110847.95,Credit Card,Pending,2025-06-25
ORD04887,Miraya Goyal,Coimbatore,Tamil Nadu,Beauty,Face Wash,1,22621.14,22621.14,UPI,Pending,2025-07-19
ORD04888,Zain Venkataraman,Bhopal,Madhya Pradesh,Home Appliances,Washing Machine,6,60319.21,361915.26,UPI,Shipped,2024-12-08
ORD04889,Dhruv Bhargava,Nagpur,Maharashtra,Home Appliances,Microwave,4,71732.1,286928.4,Cash,Cancelled,2026-04-23
ORD04890,Anvi Chacko,Pune,Maharashtra,Fashion,Shoes,4,898.02,3592.08,Cash,Shipped,2026-03-15
ORD04891,Hridaan Hayer,Jaipur,Rajasthan,Furniture,Dining Table,10,37135.31,371353.1,Credit Card,Delivered,2024-07-16
ORD04892,Ranbir Ram,Pune,Maharashtra,Groceries,Milk,7,88741.71,621191.97,Credit Card,Delivered,2024-10-02
ORD04893,Amira Virk,Indore,Madhya Pradesh,Furniture,Sofa,2,90282.05,180564.1,Debit Card,Cancelled,2026-01-09
ORD04894,Romil Buch,Ranchi,Jharkhand,Fashion,Jacket,6,12499.08,74994.48,Net Banking,Delivered,2024-11-11
ORD04895,Yuvraj  Ratta,Nagpur,Maharashtra,Books,Biography,9,43483.71,391353.39,Cash,Delivered,2025-12-28
ORD04896,Shayak Arya,Surat,Gujarat,Electronics,Laptop,8,74781.01,598248.08,UPI,Shipped,2025-09-27
ORD04897,Mehul Thaman,Lucknow,Uttar Pradesh,Books,Novel,4,44515.13,178060.52,Net Banking,Shipped,2026-02-25
ORD04898,Rati Thakkar,Visakhapatnam,Andhra Pradesh,Fashion,T-Shirt,6,87596.21,525577.26,Debit Card,Pending,2024-06-28
ORD04899,Bhavin Dhawan,Chennai,Tamil Nadu,Fashion,Jeans,8,65850.37,526802.96,Cash,Cancelled,2026-02-22
ORD04900,Divyansh Mall,Indore,Madhya Pradesh,Books,Comics,4,64283.63,257134.52,Credit Card,Shipped,2025-05-27
ORD04901,Tushar Sastry,Hyderabad,Telangana,Fashion,T-Shirt,5,49280.29,246401.45,UPI,Delivered,2025-07-28
ORD04902,Bhavin Mall,Kochi,Kerala,Electronics,Smart TV,5,44409.24,222046.2,UPI,Shipped,2024-05-27
ORD04903,Neysa Mangal,Patna,Bihar,Beauty,Perfume,1,82321.6,82321.6,Net Banking,Shipped,2025-03-21
ORD04904,Taran Gade,Guwahati,Assam,Electronics,Camera,8,24586.58,196692.64,Credit Card,Pending,2026-05-05
ORD04905,Kiaan Joshi,Visakhapatnam,Andhra Pradesh,Groceries,Snacks,1,37606.24,37606.24,Cash,Shipped,2026-04-09
ORD04906,Indrans Gara,Patna,Bihar,Groceries,Oil,4,76505.68,306022.72,Credit Card,Shipped,2024-11-02
ORD04907,Aayush Halder,Vadodara,Gujarat,Books,History Book,4,79584.24,318336.96,Net Banking,Cancelled,2024-12-14
ORD04908,Shaan Bhatnagar,Bhopal,Madhya Pradesh,Books,Comics,4,66229.62,264918.48,Debit Card,Cancelled,2025-09-29
ORD04909,Manikya Kohli,Pune,Maharashtra,Electronics,Laptop,10,89134.51,891345.1,Cash,Cancelled,2025-07-19
ORD04910,Samiha Sarna,Mumbai,Maharashtra,Books,Novel,2,54144.15,108288.3,Cash,Delivered,2025-06-11
ORD04911,Aarush Swaminathan,Noida,Uttar Pradesh,Electronics,Camera,2,17797.88,35595.76,UPI,Pending,2026-05-06
ORD04912,Ojas Jain,Noida,Uttar Pradesh,Beauty,Shampoo,6,10797.65,64785.9,UPI,Cancelled,2025-09-23
ORD04913,Lavanya Dugar,Surat,Gujarat,Books,Novel,1,87528.01,87528.01,Net Banking,Cancelled,2024-05-09
ORD04914,Vardaniya Deshmukh,Bengaluru,Karnataka,Fashion,Jeans,9,15299.14,137692.26,Net Banking,Pending,2025-07-18
ORD04915,Anya Ramanathan,Hyderabad,Telangana,Books,Novel,5,40695.75,203478.75,Debit Card,Delivered,2025-09-08
ORD04916,Priyansh Sawhney,Indore,Madhya Pradesh,Home Appliances,Refrigerator,10,37756.26,377562.6,Net Banking,Shipped,2024-10-01
ORD04917,Krish Setty,Jaipur,Rajasthan,Fashion,Jacket,2,59929.7,119859.4,UPI,Delivered,2024-11-01
ORD04918,Badal Krishna,Jaipur,Rajasthan,Sports,Yoga Mat,8,38960.74,311685.92,Credit Card,Shipped,2025-09-21
ORD04919,Ojas Vig,Mysuru,Karnataka,Books,Biography,9,71010.61,639095.49,Cash,Shipped,2025-06-14
ORD04920,Hrishita Chada,Nagpur,Maharashtra,Books,Biography,9,54637.66,491738.94,Credit Card,Cancelled,2025-11-17
ORD04921,Arnav Salvi,Nagpur,Maharashtra,Fashion,Jacket,5,58597.6,292988.0,Debit Card,Cancelled,2026-01-06
ORD04922,Samar Majumdar,Indore,Madhya Pradesh,Electronics,Smart TV,6,29459.53,176757.18,Cash,Pending,2025-11-03
ORD04923,Hunar Sandal,Bengaluru,Karnataka,Beauty,Face Wash,1,49759.22,49759.22,UPI,Delivered,2024-07-10
ORD04924,Advika Master,Ahmedabad,Gujarat,Electronics,Headphones,4,68129.45,272517.8,Net Banking,Shipped,2024-08-27
ORD04925,Kashvi Gulati,Chennai,Tamil Nadu,Books,History Book,8,695.4,5563.2,Debit Card,Delivered,2026-04-27
ORD04926,Dhanuk Tella,Kochi,Kerala,Furniture,Wardrobe,5,58510.86,292554.3,UPI,Delivered,2025-03-23
ORD04927,Tushar Balakrishnan,Bengaluru,Karnataka,Books,Comics,10,38276.32,382763.2,Credit Card,Cancelled,2025-09-09
ORD04928,Fateh Vora,Pune,Maharashtra,Sports,Tennis Racket,9,35716.56,321449.04,Debit Card,Shipped,2026-02-21
ORD04929,Anay Hans,Indore,Madhya Pradesh,Books,Novel,7,67220.75,470545.25,Credit Card,Shipped,2024-11-06
ORD04930,Dharmajan Gala,Mysuru,Karnataka,Books,History Book,3,71193.37,213580.11,Credit Card,Shipped,2025-10-02
ORD04931,Akarsh Kadakia,Jaipur,Rajasthan,Home Appliances,Washing Machine,3,16192.54,48577.62,UPI,Cancelled,2025-07-23
ORD04932,Nakul Bir,Indore,Madhya Pradesh,Fashion,Shoes,8,68226.23,545809.84,Credit Card,Shipped,2024-07-13
ORD04933,Vedika Aggarwal,Kochi,Kerala,Fashion,Watch,1,89113.16,89113.16,UPI,Cancelled,2024-08-08
ORD04934,Anvi Wali,Surat,Gujarat,Electronics,Camera,2,75351.58,150703.16,UPI,Delivered,2026-04-13
ORD04935,Yuvaan Mangal,Kochi,Kerala,Furniture,Chair,9,89990.43,809913.87,Net Banking,Pending,2025-02-03
ORD04936,Vardaniya Golla,Ranchi,Jharkhand,Sports,Cricket Bat,7,33781.05,236467.35,UPI,Shipped,2025-12-13
ORD04937,Sahil Varma,Indore,Madhya Pradesh,Sports,Football,3,46867.61,140602.83,UPI,Shipped,2024-08-19
ORD04938,Abram Yogi,Ahmedabad,Gujarat,Furniture,Sofa,5,89706.18,448530.9,Debit Card,Shipped,2024-05-25
ORD04939,Hansh Manne,Mumbai,Maharashtra,Fashion,Jacket,5,88726.87,443634.35,Net Banking,Cancelled,2025-02-13
ORD04940,Tiya Seshadri,Hyderabad,Telangana,Books,Novel,2,98907.13,197814.26,Cash,Shipped,2024-12-02
ORD04941,Darshit Handa,Mysuru,Karnataka,Fashion,T-Shirt,7,997.63,6983.41,Cash,Delivered,2025-08-15
ORD04942,Tarini Mannan,Hyderabad,Telangana,Fashion,Jeans,4,59612.08,238448.32,Net Banking,Pending,2026-01-11
ORD04943,Elakshi Singhal,Patna,Bihar,Books,History Book,8,40283.27,322266.16,Cash,Cancelled,2026-03-29
ORD04944,Aradhya Babu,Ahmedabad,Gujarat,Books,Novel,2,83134.84,166269.68,Cash,Delivered,2025-12-22
ORD04945,Lavanya Saxena,Chandigarh,Chandigarh,Electronics,Camera,6,31300.81,187804.86,Cash,Pending,2026-02-24
ORD04946,Riya Gaba,Pune,Maharashtra,Fashion,Watch,7,86282.21,603975.47,UPI,Delivered,2025-06-03
ORD04947,Ishaan Bobal,Hyderabad,Telangana,Books,Science Book,4,28483.02,113932.08,UPI,Cancelled,2025-08-11
ORD04948,Samiha Vig,Ahmedabad,Gujarat,Fashion,Watch,2,66686.04,133372.08,Debit Card,Cancelled,2026-01-13
ORD04949,Neelofar Bhatnagar,Ahmedabad,Gujarat,Furniture,Wardrobe,4,61895.17,247580.68,Credit Card,Pending,2025-02-26
ORD04950,Neelofar Chander,Vadodara,Gujarat,Beauty,Face Wash,5,44066.66,220333.3,Net Banking,Delivered,2025-01-13
ORD04951,Sumer Sura,Delhi,Delhi,Beauty,Cream,8,44577.16,356617.28,Cash,Delivered,2025-09-16
ORD04952,Arnav Savant,Kolkata,West Bengal,Groceries,Milk,8,22829.4,182635.2,Debit Card,Delivered,2024-06-13
ORD04953,Urvi Dara,Bhopal,Madhya Pradesh,Fashion,Jeans,5,87041.89,435209.45,Credit Card,Delivered,2024-07-11
ORD04954,Dhanuk Dyal,Mysuru,Karnataka,Books,Comics,3,98914.22,296742.66,Credit Card,Pending,2024-08-24
ORD04955,Damini Ravel,Ranchi,Jharkhand,Fashion,Watch,6,56568.03,339408.18,Cash,Pending,2026-01-20
ORD04956,Darshit Sem,Noida,Uttar Pradesh,Groceries,Rice,3,59925.78,179777.34,Debit Card,Delivered,2024-12-29
ORD04957,Darshit Bansal,Delhi,Delhi,Fashion,Watch,4,5036.3,20145.2,UPI,Pending,2025-08-17
ORD04958,Raghav Seshadri,Vadodara,Gujarat,Fashion,Shoes,4,27923.43,111693.72,Net Banking,Shipped,2025-02-14
ORD04959,Umang Suri,Jaipur,Rajasthan,Groceries,Snacks,8,78556.64,628453.12,Debit Card,Cancelled,2025-09-09
ORD04960,Yuvaan Mand,Jaipur,Rajasthan,Fashion,Jeans,1,58088.86,58088.86,Cash,Cancelled,2024-07-24
ORD04961,Devansh Chadha,Mysuru,Karnataka,Sports,Cricket Bat,1,97376.47,97376.47,Net Banking,Pending,2025-10-19
ORD04962,Mamooty Chander,Indore,Madhya Pradesh,Electronics,Smart TV,1,65900.13,65900.13,Cash,Delivered,2026-02-12
ORD04963,Ranbir Goyal,Visakhapatnam,Andhra Pradesh,Furniture,Chair,7,22085.4,154597.8,UPI,Pending,2025-04-28
ORD04964,Rania Chada,Bhopal,Madhya Pradesh,Beauty,Lipstick,6,14996.35,89978.1,Net Banking,Pending,2024-11-03
ORD04965,Rasha Dara,Coimbatore,Tamil Nadu,Groceries,Rice,7,97693.4,683853.8,Cash,Delivered,2025-04-21
ORD04966,Rania Sahota,Vadodara,Gujarat,Groceries,Oil,4,87138.69,348554.76,UPI,Cancelled,2025-09-11
ORD04967,Himmat Bandi,Visakhapatnam,Andhra Pradesh,Books,Comics,10,17527.29,175272.9,Cash,Cancelled,2026-03-28
ORD04968,Faiyaz Tank,Lucknow,Uttar Pradesh,Furniture,Chair,5,44468.37,222341.85,Cash,Delivered,2024-06-08
ORD04969,Tanya Gara,Indore,Madhya Pradesh,Electronics,Headphones,6,80548.81,483292.86,Net Banking,Shipped,2025-02-12
ORD04970,Myra Kakar,Kochi,Kerala,Beauty,Face Wash,2,46939.16,93878.32,Credit Card,Pending,2025-11-13
ORD04971,Ivan Chandra,Noida,Uttar Pradesh,Furniture,Sofa,5,54659.84,273299.2,Cash,Cancelled,2024-09-09
ORD04972,Priyansh Loyal,Mysuru,Karnataka,Books,History Book,6,24076.04,144456.24,Net Banking,Delivered,2026-02-10
ORD04973,Faiyaz Ghose,Bengaluru,Karnataka,Beauty,Cream,6,76167.55,457005.3,Cash,Pending,2024-11-14
ORD04974,Ira Tara,Visakhapatnam,Andhra Pradesh,Electronics,Headphones,6,27959.46,167756.76,Net Banking,Delivered,2025-12-27
ORD04975,Reyansh Din,Pune,Maharashtra,Furniture,Dining Table,9,15209.87,136888.83,Debit Card,Cancelled,2024-07-28
ORD04976,Anahita Varghese,Bhopal,Madhya Pradesh,Sports,Tennis Racket,5,50035.2,250176.0,Cash,Cancelled,2024-05-15
ORD04977,Rati Arya,Bhopal,Madhya Pradesh,Sports,Football,7,80863.47,566044.29,UPI,Shipped,2024-07-28
ORD04978,Vritika Zacharia,Nagpur,Maharashtra,Fashion,Shoes,7,30863.1,216041.7,Net Banking,Pending,2025-07-15
ORD04979,Mahika Batra,Kolkata,West Bengal,Fashion,Jacket,5,28939.91,144699.55,Credit Card,Delivered,2026-01-19
ORD04980,Shanaya Seshadri,Surat,Gujarat,Groceries,Oil,6,95122.45,570734.7,Cash,Shipped,2025-04-11
ORD04981,Priyansh Saha,Noida,Uttar Pradesh,Electronics,Smart TV,5,16350.34,81751.7,Credit Card,Pending,2024-10-18
ORD04982,Zoya Sunder,Mumbai,Maharashtra,Groceries,Snacks,7,70325.59,492279.13,UPI,Cancelled,2025-02-23
ORD04983,Madhup Kala,Guwahati,Assam,Home Appliances,AC,10,11241.6,112416.0,Cash,Delivered,2024-09-19
ORD04984,Darshit Seth,Bengaluru,Karnataka,Beauty,Lipstick,7,62849.46,439946.22,Net Banking,Cancelled,2025-01-12
ORD04985,Tanya Johal,Bhopal,Madhya Pradesh,Beauty,Face Wash,3,60437.14,181311.42,Cash,Delivered,2025-08-07
ORD04986,Riya Ravel,Visakhapatnam,Andhra Pradesh,Books,Biography,4,79801.53,319206.12,Debit Card,Delivered,2025-01-29
ORD04987,Aniruddh Atwal,Coimbatore,Tamil Nadu,Sports,Football,6,21011.2,126067.2,Net Banking,Pending,2024-07-08
ORD04988,Pihu Handa,Jaipur,Rajasthan,Beauty,Lipstick,8,44414.67,355317.36,Cash,Pending,2024-06-19
ORD04989,Mahika Chhabra,Pune,Maharashtra,Electronics,Headphones,5,41224.33,206121.65,Debit Card,Pending,2025-10-09
ORD04990,Dishani Yohannan,Mysuru,Karnataka,Beauty,Face Wash,7,91053.79,637376.53,Credit Card,Cancelled,2025-12-14
ORD04991,Kabir Batra,Indore,Madhya Pradesh,Home Appliances,AC,1,25202.85,25202.85,Net Banking,Shipped,2025-07-18
ORD04992,Nirvaan Kala,Delhi,Delhi,Sports,Tennis Racket,8,59892.91,479143.28,Net Banking,Shipped,2025-12-19
ORD04993,Akarsh Sastry,Chandigarh,Chandigarh,Beauty,Lipstick,10,67075.98,670759.8,Net Banking,Pending,2026-01-28
ORD04994,Eshani Bora,Noida,Uttar Pradesh,Books,Comics,5,92030.44,460152.2,Credit Card,Delivered,2025-12-23
ORD04995,Akarsh Rastogi,Lucknow,Uttar Pradesh,Furniture,Sofa,5,78934.41,394672.05,Net Banking,Delivered,2025-01-07
ORD04996,Gatik Chanda,Mumbai,Maharashtra,Beauty,Perfume,1,34442.38,34442.38,Credit Card,Shipped,2024-06-18
ORD04997,Aaina Lala,Nagpur,Maharashtra,Groceries,Juice,3,26780.48,80341.44,Cash,Delivered,2025-01-15
ORD04998,Ranbir Gola,Mumbai,Maharashtra,Books,Science Book,6,14160.55,84963.3,Cash,Pending,2025-11-05
ORD04999,Jayesh Andra,Mysuru,Karnataka,Groceries,Milk,9,28270.6,254435.4,Debit Card,Delivered,2025-11-18
ORD05000,Taran Rajagopalan,Kolkata,West Bengal,Sports,Cricket Bat,8,20355.3,162842.4,Cash,Cancelled,2024-11-08
