City,Category,Product,Quantity_Sold,Unit_Price,Total_Revenue,Sale_Date
Pune,Fashion,Watch,30.0,7896,204056,2025-03-23
Mumbai,Accessories,Speaker,33.0,6653,30827,2025-09-04
Kolkata,Home Appliances,Fan,4.0,5497,21988,2025-11-07
Mysuru,Fashion,Shoes,14.0,7971,48782,2025-03-07
Ahmedabad,Accessories,Mouse,27.0,7991,215757,2025-04-13
Delhi,Accessories,Speaker,11.0,7116,78276,2025-11-04
Chennai,Electronics,Monitor,26.0,1309,34034,2025-10-06
Delhi,Fashion,T-Shirt,16.0,3771,60336,2025-11-13
Hyderabad,Electronics,Monitor,16.0,5976,95616,2025-09-23
Pune,Accessories,Mouse,35.0,7097,248395,2025-06-16
Kochi,Electronics,Laptop,20.0,5437,108740,2025-05-08
Bengaluru,Home Appliances,Air Cooler,32.0,7486,154747,2025-05-05
Mumbai,Accessories,Keyboard,4.0,6275,25100,2025-12-23
Chennai,Electronics,Monitor,15.0,7357,83227,2025-09-20
Chennai,Accessories,Mouse,30.0,202,6060,2025-02-16
Pune,Electronics,Monitor,14.0,459,6426,2025-12-04
Bengaluru,Fashion,Watch,35.0,418,14630,2025-08-06
Bengaluru,Home Appliances,Mixer,13.0,7751,67219,2025-03-04
Bhopal,Fashion,Jeans,6.0,1107,6642,2025-02-23
Bhopal,Home Appliances,Mixer,35.0,3592,125720,2025-08-11
Delhi,Home Appliances,Air Cooler,13.0,5068,65884,2025-05-14
Kochi,Fashion,Watch,5.0,7721,38605,2025-05-13
Bengaluru,Accessories,Headphones,13.0,1964,14412,2025-07-09
Chennai,Accessories,Mouse,3.0,7773,8841,2025-09-10
Bhopal,Home Appliances,Mixer,6.0,1899,11394,2025-11-21
Bengaluru,Electronics,Laptop,38.0,2988,86945,2025-11-15
Patna,Fashion,T-Shirt,2.0,5777,11554,2025-06-28
Kolkata,Fashion,Jeans,1.0,5690,5690,2025-01-23
Chennai,Home Appliances,Mixer,25.0,3230,80750,2025-08-07
Delhi,Fashion,Shoes,5.0,5223,26115,2025-11-24
Delhi,Home Appliances,Air Cooler,38.0,4232,31109,2025-11-10
Ahmedabad,Electronics,Monitor,40.0,1927,14358,2025-07-26
Mysuru,Home Appliances,Air Cooler,23.0,7151,24922,2025-02-02
Bhopal,Home Appliances,Fan,2.0,4736,9472,2025-08-04
Patna,Electronics,Tablet,7.0,4646,32522,2025-03-05
Mysuru,Fashion,Jeans,23.0,6135,141105,2025-07-23
Hyderabad,Electronics,Camera,21.0,1050,22050,2025-08-27
Jaipur,Fashion,Shoes,15.0,386,5790,2025-01-08
Bhopal,Electronics,Monitor,6.0,1124,6744,2025-11-02
Mysuru,Home Appliances,Fan,33.0,4011,55356,2025-08-02
Delhi,Accessories,Headphones,39.0,4403,139379,2025-02-23
Chennai,Electronics,Monitor,15.0,3893,58395,2025-01-04
Hyderabad,Accessories,Mouse,8.0,5238,41904,2025-02-10
Lucknow,Home Appliances,Air Cooler,13.0,2766,25138,2025-03-11
Chennai,Fashion,Jeans,28.0,770,21560,2025-06-20
Mysuru,Accessories,Mouse,10.0,5560,31036,2025-08-25
Kochi,Electronics,Smartphone,34.0,1429,48586,2025-12-20
Bengaluru,Electronics,Monitor,29.0,2971,3917,2025-02-16
Hyderabad,Home Appliances,Fan,10.0,1692,16920,2025-03-07
Kolkata,Accessories,Keyboard,19.0,3379,64201,2025-07-09
Surat,Electronics,Tablet,16.0,7117,113872,2025-03-02
Kolkata,Home Appliances,Mixer,23.0,1080,24840,2025-10-16
Kolkata,Fashion,Jeans,26.0,7872,7633,2025-08-27
Bengaluru,Electronics,Tablet,32.0,4987,14948,2025-02-12
Pune,Accessories,Speaker,37.0,5166,190994,2025-05-18
Kolkata,Accessories,Mouse,11.0,7626,35068,2025-12-06
Mumbai,Home Appliances,Fan,40.0,3447,66721,2025-08-24
Patna,Fashion,Jeans,5.0,2112,10560,2025-01-20
Bhopal,Accessories,Speaker,15.0,7824,117360,2025-06-14
Mysuru,Electronics,Monitor,18.0,4000,72000,2025-12-11
Kolkata,Electronics,Monitor,19.0,7156,135964,2025-12-06
Mumbai,Accessories,Keyboard,26.0,3658,12375,2025-01-09
Bhopal,Electronics,Tablet,28.0,7720,127603,2025-09-09
Ahmedabad,Electronics,Camera,20.0,1593,24622,2025-02-25
Jaipur,Fashion,T-Shirt,22.0,5114,112508,2025-03-13
Kochi,Electronics,Camera,22.0,3430,48527,2025-10-14
Pune,Fashion,T-Shirt,29.0,3116,90364,2025-01-10
Ahmedabad,Electronics,Camera,39.0,2454,95706,2025-04-26
Delhi,Home Appliances,Air Cooler,34.0,7035,231317,2025-03-16
Patna,Fashion,Shoes,25.0,174,4350,2025-07-04
Hyderabad,Fashion,Jeans,16.0,6889,110224,2025-03-14
Surat,Accessories,Speaker,25.0,3287,82175,2025-12-25
Jaipur,Home Appliances,Mixer,36.0,4774,171864,2025-03-02
Bengaluru,Electronics,Laptop,33.0,3606,103572,2025-07-08
Jaipur,Electronics,Laptop,15.0,5589,83835,2025-05-10
Kolkata,Fashion,Watch,40.0,6265,147028,2025-06-22
Pune,Accessories,Speaker,18.0,705,12690,2025-04-27
Kochi,Electronics,Tablet,35.0,378,13230,2025-06-25
Lucknow,Home Appliances,Fan,17.0,3690,38185,2025-12-16
Patna,Accessories,Mouse,1.0,727,727,2025-02-17
Mumbai,Home Appliances,Mixer,11.0,2312,15017,2025-01-23
Surat,Home Appliances,Fan,2.0,7586,15172,2025-06-19
Mysuru,Fashion,Shoes,16.0,4804,76864,2025-09-20
Delhi,Accessories,Mouse,21.0,7751,84083,2025-05-04
Kolkata,Accessories,Speaker,33.0,5299,63153,2025-04-08
Surat,Fashion,Watch,31.0,3935,39136,2025-07-12
Hyderabad,Fashion,Jeans,40.0,7370,62219,2025-12-10
Kolkata,Home Appliances,Fan,36.0,5306,156687,2025-05-19
Kochi,Electronics,Camera,40.0,3259,130360,2025-07-16
Delhi,Accessories,Speaker,2.0,5915,11830,2025-07-24
Delhi,Accessories,Mouse,23.0,3171,72933,2025-02-19
Bengaluru,Fashion,T-Shirt,6.0,3924,23544,2025-04-06
Kolkata,Home Appliances,Fan,38.0,2601,20780,2025-07-04
Jaipur,Home Appliances,Air Cooler,29.0,3855,111795,2025-10-10
Lucknow,Electronics,Monitor,10.0,669,6690,2025-12-15
Mysuru,Electronics,Tablet,2.0,4803,9606,2025-11-18
Pune,Electronics,Monitor,7.0,851,5957,2025-06-26
Patna,Electronics,Tablet,1.0,5110,5110,2025-01-15
Bhopal,Fashion,T-Shirt,27.0,599,16173,2025-11-21
Ahmedabad,Accessories,Mouse,32.0,857,15586,2025-12-15
Lucknow,Accessories,Keyboard,25.0,418,10450,2025-07-25
Bengaluru,Electronics,Laptop,18.0,1616,29088,2025-07-27
Chennai,Fashion,Watch,11.0,7454,81994,2025-11-19
Jaipur,Accessories,Keyboard,5.0,1258,6290,2025-09-02
Lucknow,Accessories,Headphones,38.0,5916,224808,2025-10-10
Bengaluru,Fashion,T-Shirt,26.0,4875,126750,2025-06-25
Surat,Accessories,Speaker,3.0,7280,21840,2025-09-20
Mumbai,Accessories,Keyboard,22.0,6157,81189,2025-09-06
Bhopal,Home Appliances,Fan,8.0,145,1160,2025-06-22
Lucknow,Accessories,Keyboard,30.0,490,14700,2025-03-04
Ahmedabad,Electronics,Tablet,36.0,7379,8424,2025-05-17
Ahmedabad,Fashion,T-Shirt,24.0,1923,46152,2025-12-07
Delhi,Electronics,Laptop,30.0,5228,11567,2025-08-27
Patna,Home Appliances,Fan,29.0,5807,113381,2025-08-19
Mysuru,Accessories,Speaker,5.0,2156,10780,2025-07-07
Kolkata,Electronics,Monitor,14.0,689,9646,2025-09-01
Jaipur,Fashion,T-Shirt,39.0,3370,131430,2025-08-21
Mumbai,Electronics,Tablet,23.0,4959,114057,2025-06-03
Ahmedabad,Electronics,Tablet,12.0,4045,48540,2025-01-19
Jaipur,Accessories,Headphones,29.0,253,7337,2025-07-07
Lucknow,Electronics,Tablet,10.0,4995,29973,2025-12-27
Mumbai,Home Appliances,Air Cooler,16.0,116,1856,2025-11-23
Patna,Accessories,Headphones,28.0,1615,45220,2025-11-10
Hyderabad,Fashion,T-Shirt,18.0,3298,59364,2025-01-06
Surat,Accessories,Mouse,37.0,7523,70810,2025-08-13
Kolkata,Accessories,Keyboard,33.0,760,25080,2025-04-24
Jaipur,Home Appliances,Fan,7.0,180,1260,2025-11-05
Surat,Fashion,T-Shirt,3.0,2039,6117,2025-10-23
Surat,Home Appliances,Air Cooler,31.0,6212,160878,2025-09-10
Bengaluru,Home Appliances,Mixer,25.0,3344,83600,2025-02-21
Pune,Fashion,Shoes,27.0,6890,45776,2025-02-12
Mysuru,Fashion,Jeans,22.0,1434,31548,2025-04-27
Ahmedabad,Accessories,Mouse,11.0,2717,29887,2025-08-04
Mysuru,Home Appliances,Fan,27.0,1460,39420,2025-08-03
Lucknow,Accessories,Keyboard,27.0,4076,110052,2025-11-05
Lucknow,Electronics,Monitor,35.0,6368,143886,2025-05-17
Jaipur,Electronics,Smartphone,33.0,4308,142164,2025-09-22
Hyderabad,Electronics,Smartphone,1.0,3742,3742,2025-11-23
Lucknow,Home Appliances,Air Cooler,29.0,7350,85690,2025-04-09
Bhopal,Accessories,Mouse,10.0,6230,62300,2025-10-23
Mumbai,Electronics,Smartphone,7.0,3190,22330,2025-12-05
Hyderabad,Fashion,Watch,12.0,6748,80976,2025-05-04
Bhopal,Accessories,Headphones,12.0,8000,96000,2025-09-17
Pune,Electronics,Monitor,36.0,5561,59784,2025-09-24
Ahmedabad,Accessories,Headphones,35.0,2336,64344,2025-09-13
Surat,Home Appliances,Mixer,1.0,1490,1490,2025-01-09
Mumbai,Fashion,Jeans,2.0,3034,6068,2025-11-11
Chennai,Electronics,Tablet,12.0,5223,62676,2025-08-19
Chennai,Accessories,Keyboard,7.0,1785,12495,2025-04-23
Kochi,Accessories,Keyboard,16.0,7428,118848,2025-03-02
Mysuru,Electronics,Laptop,14.0,3984,55776,2025-07-28
Chennai,Electronics,Tablet,36.0,6481,51237,2025-10-04
Ahmedabad,Electronics,Camera,3.0,7888,12456,2025-10-15
Chennai,Fashion,Watch,4.0,1244,4976,2025-09-07
Ahmedabad,Accessories,Keyboard,6.0,899,5394,2025-06-25
Lucknow,Home Appliances,Air Cooler,21.0,6344,133224,2025-04-17
Pune,Fashion,Watch,25.0,843,21075,2025-09-22
Chennai,Accessories,Keyboard,4.0,2950,11800,2025-12-06
Hyderabad,Fashion,T-Shirt,3.0,7701,23103,2025-07-26
Surat,Fashion,Jeans,5.0,6125,30625,2025-05-09
Surat,Fashion,T-Shirt,19.0,6382,121258,2025-04-04
Hyderabad,Home Appliances,Mixer,40.0,3422,128446,2025-01-17
Ahmedabad,Accessories,Mouse,3.0,3543,10629,2025-07-05
Hyderabad,Accessories,Mouse,18.0,4691,84438,2025-01-21
Ahmedabad,Accessories,Speaker,33.0,7081,121624,2025-01-06
Delhi,Accessories,Speaker,20.0,1267,25340,2025-10-04
Delhi,Home Appliances,Fan,9.0,2161,19449,2025-10-03
Mumbai,Electronics,Monitor,9.0,7812,70308,2025-05-24
Chennai,Home Appliances,Fan,13.0,6136,79768,2025-04-02
Kochi,Accessories,Headphones,7.0,2693,18851,2025-08-25
Bhopal,Accessories,Headphones,37.0,5152,29034,2025-05-09
Bengaluru,Accessories,Headphones,18.0,652,11736,2025-04-01
Chennai,Electronics,Tablet,15.0,3355,50325,2025-11-21
Lucknow,Electronics,Laptop,34.0,6895,54431,2025-05-23
Bhopal,Home Appliances,Air Cooler,38.0,2447,92986,2025-03-25
Patna,Home Appliances,Fan,21.0,2157,45297,2025-05-02
Mysuru,Fashion,T-Shirt,32.0,1086,34752,2025-06-10
Bhopal,Electronics,Laptop,24.0,5284,60056,2025-08-27
Bengaluru,Fashion,Jeans,28.0,2254,63112,2025-07-23
Bhopal,Electronics,Laptop,18.0,3262,58716,2025-01-08
Bengaluru,Electronics,Camera,24.0,1505,36120,2025-02-08
Ahmedabad,Accessories,Headphones,6.0,2015,12090,2025-05-13
Mysuru,Electronics,Smartphone,21.0,2096,44016,2025-11-11
Surat,Fashion,Shoes,36.0,3727,134172,2025-01-16
Surat,Home Appliances,Fan,24.0,6350,152400,2025-06-11
Surat,Fashion,Watch,37.0,6002,180697,2025-04-28
Mysuru,Accessories,Speaker,21.0,2205,46305,2025-01-22
Bengaluru,Fashion,Shoes,10.0,2932,29320,2025-12-02
Mumbai,Electronics,Camera,27.0,6296,101477,2025-03-17
Jaipur,Fashion,T-Shirt,11.0,4538,49918,2025-04-14
Surat,Home Appliances,Mixer,29.0,1397,22031,2025-11-17
Kolkata,Accessories,Mouse,19.0,2939,13889,2025-06-07
Delhi,Accessories,Headphones,40.0,1678,67120,2025-07-24
Hyderabad,Accessories,Keyboard,3.0,3478,10434,2025-04-02
Jaipur,Electronics,Smartphone,30.0,4497,134910,2025-12-21
Kochi,Electronics,Laptop,21.0,3677,48494,2025-05-07
Mumbai,Electronics,Laptop,8.0,1919,15352,2025-04-02
Delhi,Fashion,Shoes,6.0,3666,21996,2025-07-04
Mumbai,Fashion,Jeans,18.0,1691,30438,2025-11-01
Patna,Home Appliances,Air Cooler,23.0,7496,90976,2025-05-13
Hyderabad,Accessories,Headphones,28.0,3293,70376,2025-01-04
Mysuru,Electronics,Smartphone,36.0,915,32940,2025-03-28
Ahmedabad,Accessories,Speaker,13.0,7708,100204,2025-11-10
Delhi,Home Appliances,Mixer,7.0,4995,34965,2025-10-02
Kolkata,Home Appliances,Air Cooler,27.0,166,4482,2025-04-06
Mumbai,Fashion,Watch,29.0,1213,35177,2025-06-12
Kochi,Home Appliances,Fan,33.0,5022,107633,2025-01-20
Mumbai,Electronics,Smartphone,5.0,2382,11910,2025-05-23
Patna,Electronics,Smartphone,29.0,5254,11007,2025-08-24
Mysuru,Fashion,Shoes,15.0,632,9480,2025-05-19
Pune,Electronics,Smartphone,15.0,4413,66195,2025-09-14
Lucknow,Accessories,Headphones,32.0,6544,209408,2025-02-20
Surat,Accessories,Headphones,40.0,155,6200,2025-12-07
Bhopal,Electronics,Smartphone,16.0,7419,113411,2025-09-12
Pune,Home Appliances,Mixer,33.0,3842,108322,2025-02-22
Patna,Home Appliances,Mixer,39.0,3139,122421,2025-06-10
Chennai,Accessories,Headphones,37.0,1696,62752,2025-12-10
Bengaluru,Home Appliances,Mixer,7.0,4418,30926,2025-07-07
Jaipur,Fashion,Shoes,33.0,4511,19421,2025-03-06
Ahmedabad,Electronics,Tablet,24.0,3089,54502,2025-02-18
Patna,Fashion,T-Shirt,1.0,5379,5379,2025-10-10
Chennai,Electronics,Camera,34.0,2822,21014,2025-11-06
Chennai,Home Appliances,Air Cooler,31.0,5283,163773,2025-10-12
Ahmedabad,Electronics,Camera,26.0,7044,183144,2025-07-12
Mysuru,Electronics,Monitor,26.0,972,25272,2025-06-21
Surat,Fashion,Shoes,35.0,5994,209790,2025-08-19
Bengaluru,Electronics,Tablet,18.0,150,2700,2025-05-11
Mumbai,Electronics,Laptop,23.0,2089,48047,2025-10-05
Pune,Fashion,Watch,36.0,5056,98405,2025-01-24
Mumbai,Accessories,Speaker,27.0,1289,34803,2025-12-11
Pune,Fashion,T-Shirt,3.0,6649,19947,2025-09-05
Bhopal,Home Appliances,Mixer,2.0,1420,2840,2025-07-13
Mumbai,Home Appliances,Mixer,3.0,113,339,2025-06-25
Lucknow,Accessories,Speaker,37.0,7197,50982,2025-09-04
Delhi,Electronics,Laptop,8.0,1682,13456,2025-11-07
Hyderabad,Accessories,Speaker,16.0,533,8528,2025-05-17
Chennai,Home Appliances,Mixer,25.0,5796,85750,2025-11-11
Delhi,Accessories,Speaker,20.0,2353,47060,2025-06-25
Mysuru,Accessories,Headphones,19.0,2507,47633,2025-06-13
Pune,Accessories,Headphones,32.0,3254,76509,2025-10-05
Bengaluru,Home Appliances,Fan,6.0,1779,10674,2025-04-10
Hyderabad,Electronics,Tablet,16.0,1457,23312,2025-08-03
Mumbai,Accessories,Speaker,4.0,6345,25380,2025-11-22
Kochi,Fashion,Shoes,19.0,1640,31160,2025-07-13
Delhi,Accessories,Headphones,7.0,4628,32396,2025-03-17
Bengaluru,Electronics,Monitor,22.0,7054,155188,2025-02-11
Bhopal,Fashion,Jeans,20.0,7441,148820,2025-08-02
Lucknow,Home Appliances,Air Cooler,12.0,4254,30279,2025-10-05
Hyderabad,Home Appliances,Mixer,7.0,5654,6826,2025-02-02
Jaipur,Accessories,Speaker,3.0,1604,4812,2025-11-17
Pune,Fashion,T-Shirt,32.0,1223,39136,2025-05-10
Bengaluru,Accessories,Speaker,32.0,7736,163499,2025-03-10
Kochi,Home Appliances,Air Cooler,26.0,4801,124826,2025-11-08
Surat,Fashion,T-Shirt,1.0,4141,4141,2025-12-18
Mysuru,Accessories,Speaker,38.0,4288,162944,2025-11-17
Hyderabad,Electronics,Smartphone,6.0,1208,7248,2025-11-24
Mysuru,Electronics,Smartphone,10.0,331,3310,2025-02-20
Ahmedabad,Electronics,Camera,34.0,2474,84116,2025-04-04
Lucknow,Home Appliances,Air Cooler,34.0,3968,87769,2025-12-19
Chennai,Fashion,T-Shirt,13.0,4993,64909,2025-03-28
Kolkata,Accessories,Headphones,24.0,4280,102720,2025-08-10
Mysuru,Fashion,Watch,35.0,6521,168216,2025-02-23
Patna,Electronics,Camera,17.0,6356,6979,2025-11-25
Ahmedabad,Home Appliances,Fan,11.0,7145,78595,2025-12-26
Kolkata,Electronics,Laptop,24.0,6503,156072,2025-01-27
Pune,Electronics,Monitor,31.0,563,17453,2025-09-02
Patna,Fashion,Jeans,36.0,3251,117036,2025-07-15
Ahmedabad,Electronics,Tablet,3.0,6399,19197,2025-06-11
Jaipur,Electronics,Smartphone,3.0,3490,10470,2025-06-12
Lucknow,Electronics,Camera,3.0,5048,15144,2025-07-16
Chennai,Home Appliances,Fan,28.0,1005,28140,2025-09-21
Bhopal,Electronics,Camera,21.0,3741,78561,2025-07-01
Bhopal,Fashion,Watch,15.0,1363,20445,2025-04-03
Patna,Accessories,Keyboard,27.0,241,6507,2025-08-22
Pune,Fashion,Jeans,18.0,5070,88377,2025-09-07
Kolkata,Electronics,Laptop,40.0,4976,199040,2025-11-10
Ahmedabad,Fashion,Jeans,9.0,5914,53226,2025-03-15
Bhopal,Electronics,Laptop,13.0,5158,11534,2025-03-10
Ahmedabad,Accessories,Speaker,10.0,4166,41660,2025-11-22
Patna,Accessories,Mouse,17.0,6469,71659,2025-06-06
Kochi,Electronics,Tablet,18.0,1170,21060,2025-04-19
Ahmedabad,Home Appliances,Air Cooler,23.0,1083,24909,2025-04-20
Chennai,Home Appliances,Mixer,3.0,7259,21777,2025-11-28
Hyderabad,Electronics,Smartphone,28.0,3495,97860,2025-10-12
Chennai,Home Appliances,Mixer,40.0,6460,159275,2025-06-08
Hyderabad,Fashion,Watch,37.0,2720,100640,2025-09-16
Patna,Electronics,Camera,23.0,4816,110768,2025-04-22
Mysuru,Accessories,Headphones,18.0,6718,120924,2025-12-19
Chennai,Home Appliances,Air Cooler,13.0,2417,31421,2025-01-13
Kolkata,Accessories,Mouse,29.0,2178,63162,2025-06-14
Pune,Home Appliances,Air Cooler,32.0,6032,118930,2025-10-19
Kochi,Electronics,Monitor,7.0,286,2002,2025-05-07
Surat,Home Appliances,Air Cooler,15.0,1564,23460,2025-03-17
Bengaluru,Electronics,Camera,14.0,1760,24640,2025-03-28
Mysuru,Home Appliances,Fan,7.0,3995,27965,2025-04-16
Patna,Home Appliances,Air Cooler,24.0,5139,123336,2025-12-05
Ahmedabad,Home Appliances,Air Cooler,20.0,7733,154660,2025-11-10
Jaipur,Home Appliances,Mixer,37.0,3435,127095,2025-07-06
Chennai,Home Appliances,Mixer,29.0,6480,187920,2025-06-08
Bhopal,Accessories,Mouse,29.0,2995,3884,2025-02-06
Kolkata,Accessories,Mouse,33.0,1995,65835,2025-01-02
Kochi,Home Appliances,Air Cooler,17.0,4766,55397,2025-02-18
Bengaluru,Fashion,T-Shirt,17.0,1416,24072,2025-09-25
Bhopal,Fashion,Jeans,15.0,5828,87420,2025-11-12
Mysuru,Accessories,Keyboard,35.0,3413,9100,2025-10-17
Patna,Fashion,Watch,2.0,7564,15128,2025-08-18
Delhi,Fashion,Jeans,15.0,7258,108870,2025-12-10
Surat,Fashion,Shoes,12.0,2821,33852,2025-10-02
Kochi,Accessories,Mouse,40.0,4819,134595,2025-08-21
Kolkata,Home Appliances,Air Cooler,40.0,4927,153450,2025-03-22
Surat,Accessories,Keyboard,22.0,2644,58168,2025-02-09
Ahmedabad,Electronics,Smartphone,16.0,7012,112192,2025-04-01
Kolkata,Home Appliances,Mixer,7.0,7604,53228,2025-08-21
Mumbai,Home Appliances,Fan,27.0,4620,124740,2025-05-02
Jaipur,Electronics,Laptop,11.0,7993,87923,2025-06-20
Lucknow,Electronics,Laptop,3.0,1432,4296,2025-10-25
Hyderabad,Home Appliances,Air Cooler,34.0,2146,72964,2025-02-06
Hyderabad,Fashion,Shoes,4.0,3901,15604,2025-01-11
Bengaluru,Fashion,T-Shirt,24.0,6619,158856,2025-05-11
Pune,Accessories,Speaker,32.0,7826,181017,2025-01-16
Mysuru,Electronics,Tablet,32.0,2105,67360,2025-04-17
Kolkata,Home Appliances,Mixer,17.0,4550,77350,2025-10-28
Chennai,Fashion,Watch,28.0,4890,55707,2025-04-25
Mysuru,Electronics,Camera,29.0,891,25839,2025-10-13
Patna,Home Appliances,Fan,18.0,7683,138294,2025-12-27
Ahmedabad,Electronics,Smartphone,13.0,7257,67372,2025-05-04
Ahmedabad,Fashion,T-Shirt,19.0,5498,46692,2025-02-09
Mumbai,Home Appliances,Mixer,8.0,841,6728,2025-11-21
Lucknow,Fashion,T-Shirt,40.0,7508,223478,2025-11-15
Bhopal,Electronics,Laptop,28.0,2092,58576,2025-03-23
Surat,Home Appliances,Fan,22.0,7619,33223,2025-01-05
Chennai,Electronics,Camera,32.0,6161,29181,2025-04-07
Mysuru,Home Appliances,Fan,12.0,2734,32808,2025-02-28
Bhopal,Electronics,Laptop,37.0,5071,187627,2025-12-20
Bhopal,Fashion,T-Shirt,38.0,3064,74233,2025-04-18
Chennai,Home Appliances,Mixer,6.0,4987,16839,2025-04-21
Lucknow,Accessories,Speaker,34.0,2902,98668,2025-02-14
Mumbai,Accessories,Speaker,21.0,2188,45948,2025-11-24
Delhi,Home Appliances,Mixer,22.0,6000,64369,2025-12-01
Delhi,Electronics,Monitor,20.0,2282,2190,2025-03-07
Kolkata,Fashion,Shoes,24.0,7991,87319,2025-03-12
Kolkata,Electronics,Tablet,7.0,5295,37065,2025-06-27
Ahmedabad,Home Appliances,Mixer,25.0,535,13375,2025-02-11
Ahmedabad,Home Appliances,Fan,5.0,5894,29470,2025-08-08
Chennai,Accessories,Speaker,12.0,5351,64212,2025-11-17
Patna,Electronics,Monitor,26.0,6842,96588,2025-02-11
Kolkata,Electronics,Tablet,36.0,7624,147137,2025-10-18
Mysuru,Electronics,Tablet,25.0,4158,103950,2025-10-06
Jaipur,Accessories,Keyboard,39.0,4543,177177,2025-08-23
Bengaluru,Fashion,Watch,12.0,3037,36444,2025-05-06
Kochi,Home Appliances,Mixer,35.0,742,25970,2025-04-06
Hyderabad,Electronics,Camera,30.0,4376,131280,2025-08-25
Kolkata,Home Appliances,Fan,16.0,6406,102496,2025-06-04
Pune,Accessories,Mouse,26.0,7366,8025,2025-12-02
Jaipur,Home Appliances,Fan,8.0,5584,44672,2025-01-22
Lucknow,Accessories,Mouse,12.0,2396,28752,2025-02-19
Kochi,Home Appliances,Air Cooler,40.0,1366,54640,2025-03-06
Kochi,Fashion,Shoes,38.0,7528,100778,2025-02-13
Hyderabad,Accessories,Mouse,30.0,428,12840,2025-04-04
Bhopal,Electronics,Laptop,2.0,7715,15430,2025-04-02
Lucknow,Home Appliances,Mixer,28.0,6826,191128,2025-05-09
Jaipur,Home Appliances,Fan,26.0,3975,98876,2025-01-28
Pune,Accessories,Mouse,8.0,4050,32400,2025-03-13
Delhi,Electronics,Smartphone,23.0,1796,16189,2025-03-17
Surat,Electronics,Monitor,18.0,3363,60534,2025-10-08
Surat,Accessories,Mouse,38.0,5274,75874,2025-05-12
Delhi,Electronics,Tablet,5.0,822,4110,2025-12-25
Bengaluru,Fashion,T-Shirt,26.0,5527,143702,2025-03-25
Surat,Accessories,Mouse,38.0,6253,213127,2025-06-28
Delhi,Home Appliances,Fan,33.0,3767,98378,2025-11-26
Hyderabad,Home Appliances,Fan,31.0,5785,179335,2025-09-16
Mumbai,Electronics,Smartphone,17.0,6083,103411,2025-10-02
Lucknow,Home Appliances,Fan,21.0,7457,156597,2025-07-27
Bhopal,Home Appliances,Air Cooler,3.0,4558,13674,2025-10-03
Mysuru,Home Appliances,Fan,33.0,5453,8568,2025-01-28
Mysuru,Accessories,Headphones,24.0,2625,37679,2025-04-24
Pune,Electronics,Tablet,35.0,1915,67025,2025-09-16
Hyderabad,Home Appliances,Fan,19.0,6761,46716,2025-11-26
Patna,Home Appliances,Air Cooler,13.0,809,10517,2025-04-14
Hyderabad,Electronics,Tablet,9.0,4937,13180,2025-06-15
Surat,Fashion,Watch,29.0,5405,156745,2025-01-15
Jaipur,Accessories,Mouse,8.0,2312,18496,2025-05-24
Delhi,Electronics,Smartphone,40.0,7450,40693,2025-01-16
Hyderabad,Home Appliances,Fan,34.0,5861,199274,2025-02-04
Chennai,Fashion,Shoes,3.0,1966,5898,2025-03-14
Bhopal,Electronics,Tablet,13.0,7498,82133,2025-07-03
Bhopal,Accessories,Mouse,16.0,2521,40336,2025-02-27
Pune,Fashion,Jeans,22.0,7919,174218,2025-11-13
Patna,Home Appliances,Fan,24.0,1880,45120,2025-12-26
Pune,Fashion,Watch,5.0,7829,39145,2025-10-21
Ahmedabad,Home Appliances,Mixer,35.0,6123,175185,2025-11-04
Mumbai,Electronics,Laptop,39.0,5261,104515,2025-05-22
Kolkata,Accessories,Speaker,3.0,5839,17517,2025-11-07
Ahmedabad,Accessories,Headphones,30.0,3959,118770,2025-08-04
Chennai,Fashion,Watch,32.0,6704,105203,2025-10-11
Kolkata,Home Appliances,Mixer,35.0,1868,65380,2025-02-21
Surat,Fashion,T-Shirt,5.0,914,4570,2025-02-16
Bhopal,Home Appliances,Fan,31.0,2360,73160,2025-03-12
Jaipur,Accessories,Headphones,31.0,1952,41379,2025-03-06
Delhi,Home Appliances,Air Cooler,22.0,7724,35621,2025-06-27
Pune,Home Appliances,Air Cooler,25.0,2309,57725,2025-03-20
Jaipur,Electronics,Camera,12.0,6087,12030,2025-02-06
Chennai,Accessories,Headphones,36.0,441,15876,2025-03-03
Hyderabad,Home Appliances,Air Cooler,31.0,3537,109647,2025-08-25
Ahmedabad,Fashion,T-Shirt,36.0,4211,151596,2025-04-05
Mysuru,Electronics,Laptop,2.0,3498,6996,2025-05-21
Bengaluru,Accessories,Mouse,11.0,3367,37037,2025-08-16
Hyderabad,Home Appliances,Air Cooler,6.0,1689,10134,2025-06-06
Mysuru,Electronics,Laptop,7.0,6182,43274,2025-11-09
Kolkata,Home Appliances,Fan,22.0,2317,50974,2025-06-18
Surat,Electronics,Smartphone,4.0,6139,24556,2025-01-26
Surat,Accessories,Mouse,9.0,4439,39951,2025-01-22
Bengaluru,Fashion,Jeans,16.0,842,13472,2025-01-20
Mysuru,Fashion,Watch,10.0,3278,32780,2025-08-15
Delhi,Electronics,Smartphone,37.0,5097,155469,2025-10-22
Mumbai,Accessories,Keyboard,29.0,5995,142618,2025-11-23
Patna,Accessories,Keyboard,16.0,2658,42528,2025-11-04
Delhi,Electronics,Tablet,39.0,6505,166494,2025-08-13
Kochi,Accessories,Speaker,23.0,543,12489,2025-11-08
Patna,Electronics,Camera,13.0,747,9711,2025-02-12
Kolkata,Electronics,Tablet,23.0,7670,84188,2025-11-16
Bengaluru,Fashion,Jeans,22.0,4415,97130,2025-01-05
Kolkata,Accessories,Speaker,10.0,7447,74470,2025-04-11
Jaipur,Electronics,Smartphone,20.0,2253,45060,2025-01-23
Kolkata,Electronics,Camera,8.0,3864,30912,2025-09-12
Bhopal,Fashion,Jeans,27.0,3540,95580,2025-05-07
Jaipur,Accessories,Speaker,4.0,4149,16596,2025-01-17
Pune,Fashion,Jeans,12.0,5775,47902,2025-12-20
Kolkata,Fashion,Watch,16.0,6857,42473,2025-06-26
Pune,Electronics,Smartphone,28.0,4998,115717,2025-04-24
Hyderabad,Accessories,Headphones,39.0,5938,178165,2025-03-05
Surat,Fashion,T-Shirt,14.0,1822,25508,2025-11-26
Kochi,Electronics,Tablet,13.0,7108,92404,2025-09-11
Jaipur,Accessories,Speaker,19.0,6822,75799,2025-05-18
Ahmedabad,Accessories,Headphones,12.0,6685,80220,2025-03-09
Delhi,Electronics,Laptop,29.0,6518,98326,2025-05-26
Surat,Fashion,T-Shirt,14.0,3362,45908,2025-12-21
Hyderabad,Accessories,Mouse,9.0,7381,66429,2025-03-12
Chennai,Home Appliances,Fan,18.0,6439,43906,2025-10-14
Delhi,Accessories,Headphones,39.0,5474,16552,2025-01-08
Pune,Home Appliances,Fan,37.0,2147,79439,2025-04-21
Hyderabad,Accessories,Mouse,17.0,2463,41871,2025-07-05
Pune,Fashion,Jeans,24.0,1693,40632,2025-09-20
Patna,Fashion,Watch,31.0,5054,156674,2025-12-09
Ahmedabad,Home Appliances,Mixer,13.0,467,6071,2025-04-10
Patna,Electronics,Monitor,14.0,3262,30101,2025-03-04
Ahmedabad,Electronics,Monitor,39.0,6311,224516,2025-12-06
Surat,Fashion,T-Shirt,30.0,6579,167531,2025-10-07
Hyderabad,Electronics,Camera,21.0,2963,62223,2025-12-11
Jaipur,Fashion,Jeans,39.0,702,27378,2025-04-10
Delhi,Home Appliances,Fan,40.0,6622,169150,2025-04-06
Surat,Home Appliances,Fan,33.0,383,12639,2025-04-16
Bhopal,Accessories,Keyboard,24.0,7503,180072,2025-04-04
Pune,Fashion,Watch,36.0,7858,91813,2025-08-13
Bhopal,Electronics,Tablet,28.0,3252,91056,2025-11-13
Lucknow,Accessories,Mouse,19.0,3288,62472,2025-07-22
Mumbai,Electronics,Smartphone,8.0,829,6632,2025-02-08
Mysuru,Fashion,Watch,2.0,6861,13722,2025-11-06
Mumbai,Accessories,Mouse,24.0,2117,50808,2025-01-08
Mysuru,Electronics,Smartphone,19.0,2265,43035,2025-02-16
Pune,Home Appliances,Air Cooler,24.0,5086,25988,2025-09-06
Mysuru,Accessories,Mouse,28.0,4868,74458,2025-04-22
Mumbai,Fashion,Jeans,28.0,3980,111440,2025-06-26
Kolkata,Fashion,Shoes,40.0,5256,210240,2025-08-04
Hyderabad,Accessories,Keyboard,13.0,7011,91143,2025-05-02
Ahmedabad,Home Appliances,Air Cooler,16.0,2809,44944,2025-03-21
Kochi,Electronics,Laptop,2.0,5667,11334,2025-10-15
Bengaluru,Electronics,Smartphone,9.0,7884,70956,2025-03-09
Chennai,Electronics,Laptop,14.0,147,2058,2025-07-25
Delhi,Electronics,Monitor,39.0,5430,43514,2025-10-17
Kolkata,Accessories,Mouse,37.0,2301,85137,2025-09-10
Delhi,Home Appliances,Fan,11.0,3985,43835,2025-10-23
Mumbai,Fashion,Watch,9.0,1399,12591,2025-04-13
Patna,Electronics,Camera,11.0,5082,55902,2025-01-04
Bengaluru,Accessories,Headphones,19.0,2764,52516,2025-04-10
Delhi,Accessories,Speaker,10.0,4267,42670,2025-06-16
Lucknow,Home Appliances,Fan,22.0,5300,116600,2025-11-04
Hyderabad,Fashion,Watch,4.0,3098,12392,2025-08-07
Pune,Electronics,Tablet,11.0,1404,15444,2025-10-05
Kolkata,Fashion,Watch,28.0,7323,205044,2025-12-09
Surat,Home Appliances,Mixer,22.0,6848,84283,2025-12-18
Ahmedabad,Accessories,Mouse,11.0,6101,67111,2025-08-18
Kochi,Home Appliances,Air Cooler,29.0,5666,34902,2025-05-23
Mysuru,Electronics,Camera,16.0,4806,59468,2025-07-09
Mumbai,Home Appliances,Fan,40.0,5780,84512,2025-04-01
Surat,Accessories,Headphones,22.0,7691,42399,2025-11-26
Jaipur,Electronics,Tablet,12.0,5198,34816,2025-02-06
Patna,Fashion,Watch,29.0,7432,215528,2025-07-19
Hyderabad,Accessories,Headphones,21.0,2398,50358,2025-08-27
Surat,Electronics,Laptop,4.0,5449,21796,2025-11-16
Bhopal,Accessories,Speaker,4.0,3867,15468,2025-05-14
Patna,Home Appliances,Air Cooler,29.0,3694,107126,2025-06-09
Kolkata,Electronics,Monitor,32.0,4346,139072,2025-07-27
Delhi,Accessories,Mouse,20.0,4304,86080,2025-02-17
Mysuru,Fashion,Watch,35.0,5275,40653,2025-08-17
Mysuru,Accessories,Keyboard,22.0,5899,129778,2025-03-23
Jaipur,Electronics,Smartphone,7.0,6208,43456,2025-03-07
Surat,Accessories,Keyboard,19.0,7589,27939,2025-02-14
Lucknow,Accessories,Headphones,3.0,5118,15354,2025-10-28
Patna,Home Appliances,Air Cooler,5.0,1537,7685,2025-07-23
Patna,Fashion,Shoes,3.0,335,1005,2025-10-19
Ahmedabad,Electronics,Laptop,10.0,6047,60470,2025-11-15
Pune,Electronics,Laptop,2.0,6951,13902,2025-10-11
Surat,Home Appliances,Fan,23.0,570,13110,2025-09-03
Patna,Home Appliances,Mixer,26.0,7971,207246,2025-04-25
Patna,Electronics,Monitor,12.0,350,4200,2025-11-20
Patna,Home Appliances,Fan,35.0,1835,64225,2025-04-19
Bengaluru,Accessories,Keyboard,16.0,6354,27544,2025-07-09
Mumbai,Home Appliances,Fan,10.0,7089,70890,2025-04-16
Mumbai,Electronics,Camera,33.0,5358,121548,2025-05-10
Hyderabad,Electronics,Camera,19.0,4091,63253,2025-06-02
Mumbai,Home Appliances,Mixer,2.0,1978,3956,2025-12-03
Bengaluru,Accessories,Mouse,5.0,5566,27830,2025-01-14
Ahmedabad,Home Appliances,Air Cooler,11.0,639,7029,2025-06-02
Ahmedabad,Electronics,Camera,15.0,565,8475,2025-12-04
Kolkata,Accessories,Mouse,4.0,7562,30248,2025-01-11
Lucknow,Home Appliances,Air Cooler,17.0,6625,53788,2025-06-22
Ahmedabad,Home Appliances,Air Cooler,37.0,5359,154153,2025-11-11
Kolkata,Home Appliances,Mixer,40.0,7811,24008,2025-07-28
Mysuru,Electronics,Tablet,27.0,1705,16999,2025-09-07
Mysuru,Accessories,Speaker,28.0,7888,35412,2025-11-20
Patna,Electronics,Smartphone,35.0,4132,71398,2025-04-20
Bhopal,Electronics,Laptop,14.0,5394,17022,2025-12-28
Ahmedabad,Fashion,Jeans,18.0,2235,18100,2025-08-22
Jaipur,Electronics,Laptop,20.0,1687,29463,2025-01-02
Patna,Accessories,Headphones,10.0,6136,25025,2025-11-13
Hyderabad,Electronics,Smartphone,3.0,4273,12819,2025-10-18
Kochi,Electronics,Camera,38.0,7794,143771,2025-03-12
Mysuru,Electronics,Camera,22.0,2690,59180,2025-12-16
Mumbai,Accessories,Speaker,17.0,5125,87125,2025-09-24
Hyderabad,Accessories,Keyboard,31.0,980,30380,2025-10-01
Ahmedabad,Accessories,Speaker,10.0,2232,22320,2025-06-08
Jaipur,Home Appliances,Mixer,8.0,3191,25528,2025-06-23
Lucknow,Accessories,Speaker,22.0,924,20328,2025-05-04
Patna,Fashion,Jeans,10.0,6182,61820,2025-12-22
Delhi,Accessories,Keyboard,15.0,7511,112665,2025-06-26
Hyderabad,Electronics,Smartphone,9.0,2970,26730,2025-02-28
Kolkata,Fashion,Jeans,10.0,5845,58450,2025-11-22
Mysuru,Fashion,Jeans,40.0,7404,31212,2025-09-09
Lucknow,Home Appliances,Fan,28.0,2752,77056,2025-05-11
Mysuru,Accessories,Headphones,24.0,2927,70248,2025-02-23
Mysuru,Fashion,Jeans,13.0,1707,22191,2025-09-06
Delhi,Home Appliances,Fan,5.0,327,1635,2025-01-16
Mysuru,Electronics,Tablet,39.0,1887,73593,2025-08-06
Mysuru,Electronics,Monitor,25.0,1973,49325,2025-01-09
Surat,Accessories,Keyboard,11.0,7629,4757,2025-07-22
Lucknow,Home Appliances,Fan,25.0,249,6225,2025-02-13
Chennai,Electronics,Tablet,6.0,1742,10452,2025-01-20
Chennai,Accessories,Speaker,2.0,1917,3834,2025-07-15
Surat,Home Appliances,Mixer,36.0,6098,20035,2025-03-17
Lucknow,Home Appliances,Air Cooler,36.0,1849,66564,2025-11-24
Hyderabad,Electronics,Camera,14.0,5975,83650,2025-09-25
Jaipur,Fashion,Watch,4.0,6975,27900,2025-06-16
Ahmedabad,Electronics,Laptop,36.0,6423,145891,2025-11-07
Chennai,Home Appliances,Fan,14.0,433,6062,2025-09-17
Kochi,Fashion,Jeans,12.0,4496,53952,2025-03-09
Kochi,Accessories,Mouse,23.0,3467,11427,2025-08-24
Surat,Electronics,Smartphone,31.0,7416,213833,2025-08-03
Hyderabad,Accessories,Headphones,29.0,4585,44185,2025-06-18
Lucknow,Home Appliances,Fan,20.0,6037,7505,2025-07-06
Jaipur,Home Appliances,Air Cooler,2.0,5437,10874,2025-03-19
Ahmedabad,Fashion,Watch,37.0,4081,150997,2025-01-01
Kolkata,Electronics,Monitor,14.0,7221,101094,2025-04-26
Delhi,Home Appliances,Mixer,19.0,603,11457,2025-01-06
Pune,Home Appliances,Mixer,12.0,4065,48780,2025-10-28
Bhopal,Home Appliances,Mixer,19.0,3636,69084,2025-07-11
Mumbai,Fashion,Shoes,17.0,2272,38624,2025-04-18
Pune,Fashion,Shoes,32.0,7111,146660,2025-04-28
Kochi,Fashion,Shoes,8.0,6507,52056,2025-05-03
Mumbai,Electronics,Laptop,12.0,4974,20217,2025-02-01
Jaipur,Fashion,T-Shirt,10.0,5604,56040,2025-04-21
Hyderabad,Home Appliances,Air Cooler,29.0,3497,45503,2025-07-10
Surat,Accessories,Speaker,1.0,1036,1036,2025-05-02
Chennai,Home Appliances,Air Cooler,30.0,2489,74670,2025-03-12
Bhopal,Home Appliances,Fan,26.0,257,6682,2025-05-24
Surat,Accessories,Speaker,40.0,5675,47839,2025-12-10
Bengaluru,Fashion,Jeans,23.0,5875,94622,2025-12-03
Jaipur,Home Appliances,Fan,36.0,5060,67767,2025-08-18
Jaipur,Fashion,Watch,28.0,3296,92288,2025-07-08
Bhopal,Electronics,Tablet,21.0,3314,52546,2025-08-09
Mysuru,Fashion,T-Shirt,37.0,3498,129426,2025-09-21
Jaipur,Fashion,Jeans,37.0,520,19240,2025-10-09
Pune,Fashion,Watch,17.0,4170,70890,2025-02-17
Mumbai,Electronics,Laptop,16.0,6571,105136,2025-08-13
Delhi,Home Appliances,Air Cooler,26.0,2880,74880,2025-02-01
Jaipur,Home Appliances,Mixer,11.0,7056,77616,2025-07-15
Ahmedabad,Accessories,Keyboard,13.0,5504,71552,2025-11-28
Hyderabad,Accessories,Keyboard,23.0,6646,121596,2025-12-06
Lucknow,Electronics,Camera,14.0,3439,48146,2025-04-24
Kolkata,Fashion,Shoes,11.0,2186,24046,2025-04-17
Lucknow,Home Appliances,Mixer,1.0,7605,7605,2025-11-23
Delhi,Accessories,Headphones,37.0,1681,42560,2025-09-11
Surat,Accessories,Headphones,36.0,1635,58860,2025-11-23
Chennai,Electronics,Laptop,40.0,4233,169320,2025-10-15
Lucknow,Fashion,Jeans,23.0,6964,160172,2025-07-23
Surat,Home Appliances,Mixer,31.0,1566,48546,2025-09-25
Mumbai,Fashion,Shoes,40.0,3965,79387,2025-08-10
Delhi,Accessories,Headphones,1.0,6312,6312,2025-11-06
Chennai,Home Appliances,Fan,9.0,5060,14697,2025-05-01
Bhopal,Home Appliances,Air Cooler,9.0,7831,70479,2025-09-15
Surat,Accessories,Keyboard,5.0,3721,18605,2025-03-13
Pune,Fashion,Watch,15.0,4806,72090,2025-12-08
Kolkata,Accessories,Speaker,20.0,2973,59460,2025-03-17
Mysuru,Fashion,Watch,7.0,927,6489,2025-10-08
Surat,Accessories,Keyboard,9.0,7975,50599,2025-08-25
Chennai,Electronics,Smartphone,17.0,3089,52513,2025-09-19
Delhi,Fashion,Shoes,38.0,5391,187243,2025-04-04
Bengaluru,Electronics,Tablet,27.0,2581,69687,2025-01-18
Chennai,Home Appliances,Fan,13.0,2344,30472,2025-03-22
Kochi,Fashion,T-Shirt,30.0,7505,193603,2025-05-28
Kolkata,Electronics,Monitor,8.0,335,2680,2025-07-21
Surat,Electronics,Tablet,2.0,5542,11084,2025-04-25
Ahmedabad,Electronics,Smartphone,26.0,4688,121888,2025-01-10
Kolkata,Fashion,Shoes,15.0,6908,93509,2025-06-13
Bhopal,Electronics,Laptop,20.0,4056,81120,2025-03-22
Lucknow,Home Appliances,Fan,6.0,2436,14616,2025-10-23
Ahmedabad,Electronics,Camera,3.0,2104,6312,2025-08-14
Lucknow,Fashion,Jeans,18.0,6914,32468,2025-10-17
Ahmedabad,Electronics,Laptop,31.0,7038,157122,2025-03-26
Bengaluru,Home Appliances,Mixer,1.0,2509,2509,2025-12-01
Hyderabad,Fashion,Watch,14.0,3504,49056,2025-07-11
Bhopal,Fashion,Shoes,26.0,6518,169468,2025-06-22
Pune,Home Appliances,Air Cooler,21.0,6704,108750,2025-08-15
Delhi,Fashion,Watch,8.0,2127,17016,2025-02-11
Chennai,Accessories,Mouse,17.0,4869,82773,2025-03-06
Kochi,Accessories,Keyboard,1.0,1668,1668,2025-06-08
Mysuru,Home Appliances,Mixer,38.0,3625,137750,2025-07-27
Hyderabad,Fashion,T-Shirt,39.0,4372,27997,2025-05-03
Hyderabad,Fashion,Jeans,16.0,2143,34288,2025-05-11
Mumbai,Home Appliances,Air Cooler,22.0,1061,23342,2025-06-26
Jaipur,Accessories,Mouse,7.0,695,4865,2025-03-05
Kolkata,Home Appliances,Mixer,32.0,5469,68345,2025-02-14
Jaipur,Accessories,Mouse,24.0,6599,158376,2025-12-27
Bengaluru,Fashion,T-Shirt,11.0,3351,36861,2025-02-28
Bhopal,Fashion,T-Shirt,1.0,1575,1575,2025-10-20
Surat,Electronics,Laptop,21.0,2244,47124,2025-09-27
Bhopal,Home Appliances,Fan,38.0,131,4978,2025-12-09
Delhi,Fashion,Watch,32.0,237,7584,2025-02-16
Bhopal,Home Appliances,Fan,13.0,431,5603,2025-01-03
Kochi,Accessories,Headphones,39.0,4389,171171,2025-10-06
Bhopal,Electronics,Tablet,40.0,2717,108680,2025-11-04
Pune,Electronics,Camera,32.0,5733,50311,2025-04-05
Kochi,Home Appliances,Air Cooler,7.0,3798,26586,2025-08-10
Bhopal,Home Appliances,Air Cooler,25.0,2432,60800,2025-11-22
Kolkata,Fashion,Watch,20.0,4873,97460,2025-10-11
Hyderabad,Electronics,Camera,25.0,233,5825,2025-12-09
Surat,Home Appliances,Air Cooler,31.0,1544,47864,2025-02-20
Kolkata,Accessories,Keyboard,13.0,7308,95004,2025-08-19
Chennai,Electronics,Laptop,14.0,3780,52920,2025-07-14
Mumbai,Fashion,Watch,40.0,6478,6662,2025-04-25
Pune,Fashion,T-Shirt,9.0,1093,9837,2025-11-13
Bhopal,Accessories,Speaker,4.0,5214,20856,2025-11-13
Kochi,Electronics,Smartphone,37.0,7168,79458,2025-09-08
Mysuru,Fashion,Watch,3.0,3225,9675,2025-08-09
Kochi,Home Appliances,Air Cooler,1.0,855,855,2025-06-10
Delhi,Accessories,Keyboard,40.0,246,9840,2025-11-18
Chennai,Electronics,Tablet,30.0,3794,113820,2025-05-20
Lucknow,Electronics,Monitor,27.0,4800,26553,2025-02-06
Bhopal,Electronics,Camera,2.0,1903,3806,2025-05-20
Patna,Accessories,Speaker,40.0,3040,108000,2025-05-11
Ahmedabad,Accessories,Speaker,20.0,6732,34810,2025-07-12
Kochi,Home Appliances,Mixer,31.0,2434,75454,2025-11-01
Chennai,Fashion,Shoes,35.0,957,33495,2025-05-17
Mumbai,Accessories,Keyboard,18.0,6084,109512,2025-02-09
Jaipur,Accessories,Headphones,6.0,2168,13008,2025-12-28
Hyderabad,Fashion,Shoes,13.0,1488,2965,2025-06-05
Bhopal,Accessories,Speaker,7.0,3000,21000,2025-08-11
Mumbai,Fashion,Shoes,38.0,506,19228,2025-11-04
Jaipur,Accessories,Headphones,16.0,1013,16208,2025-02-23
Mysuru,Home Appliances,Air Cooler,14.0,1658,23212,2025-09-17
Ahmedabad,Home Appliances,Fan,19.0,2735,9141,2025-02-23
Lucknow,Fashion,T-Shirt,4.0,2145,8580,2025-01-12
Delhi,Electronics,Smartphone,14.0,1423,8317,2025-06-21
Surat,Fashion,Jeans,11.0,2353,25883,2025-11-19
Kochi,Accessories,Speaker,24.0,5394,76134,2025-07-25
Delhi,Electronics,Smartphone,16.0,7127,114032,2025-05-03
Patna,Home Appliances,Fan,22.0,5751,14834,2025-06-25
Pune,Fashion,Watch,18.0,7295,3729,2025-08-09
Kochi,Fashion,T-Shirt,40.0,1158,46320,2025-04-28
Pune,Fashion,Jeans,35.0,4072,142520,2025-10-20
Kolkata,Fashion,Jeans,18.0,6274,112932,2025-10-10
Bhopal,Accessories,Mouse,27.0,1173,31671,2025-07-06
Bengaluru,Home Appliances,Fan,32.0,496,15872,2025-08-16
Bhopal,Fashion,T-Shirt,19.0,5626,106894,2025-06-23
Patna,Home Appliances,Air Cooler,18.0,2995,53910,2025-10-13
Surat,Accessories,Headphones,17.0,6387,108579,2025-12-04
Bhopal,Home Appliances,Mixer,21.0,7208,80529,2025-09-21
Mysuru,Fashion,Jeans,28.0,5615,55648,2025-07-12
Delhi,Electronics,Laptop,12.0,6476,77712,2025-06-03
Kolkata,Fashion,Shoes,37.0,7029,14897,2025-02-13
Hyderabad,Fashion,T-Shirt,5.0,1390,6950,2025-01-06
Patna,Electronics,Tablet,34.0,2407,81838,2025-04-04
Lucknow,Fashion,T-Shirt,1.0,2422,2422,2025-03-16
Kolkata,Fashion,Watch,5.0,5986,29930,2025-04-01
Lucknow,Fashion,Watch,4.0,4323,17292,2025-09-26
Kochi,Accessories,Mouse,34.0,5738,19972,2025-11-19
Chennai,Accessories,Keyboard,31.0,1460,45260,2025-07-01
Surat,Fashion,Watch,1.0,6638,6638,2025-12-26
Lucknow,Accessories,Headphones,5.0,2576,12880,2025-04-01
Mysuru,Accessories,Speaker,30.0,1136,30966,2025-01-06
Pune,Home Appliances,Mixer,30.0,4580,137400,2025-08-10
Bengaluru,Fashion,Watch,8.0,2644,21152,2025-07-20
Patna,Fashion,Watch,26.0,7727,200902,2025-11-22
Jaipur,Electronics,Laptop,37.0,6347,182287,2025-05-05
Delhi,Accessories,Keyboard,40.0,165,4388,2025-10-19
Ahmedabad,Home Appliances,Mixer,13.0,6811,38086,2025-05-09
Bengaluru,Electronics,Camera,37.0,2260,54398,2025-01-12
Bhopal,Accessories,Mouse,26.0,2532,62640,2025-10-11
Hyderabad,Accessories,Speaker,6.0,3493,20958,2025-05-25
Mumbai,Fashion,T-Shirt,40.0,4729,146440,2025-12-16
Kochi,Home Appliances,Fan,6.0,1917,11502,2025-07-19
Lucknow,Electronics,Smartphone,8.0,4483,14600,2025-12-06
Ahmedabad,Accessories,Headphones,38.0,3924,149112,2025-11-25
Delhi,Fashion,Watch,12.0,5058,57197,2025-09-26
Patna,Fashion,Shoes,30.0,1396,34962,2025-07-28
Ahmedabad,Electronics,Laptop,34.0,3713,111199,2025-02-24
Delhi,Accessories,Mouse,34.0,4225,128127,2025-12-25
Mysuru,Electronics,Camera,10.0,4925,49250,2025-11-18
Jaipur,Home Appliances,Air Cooler,2.0,2887,5774,2025-10-06
Kolkata,Accessories,Mouse,17.0,4353,74001,2025-10-24
Kolkata,Fashion,Jeans,29.0,3055,88595,2025-05-14
Bengaluru,Accessories,Mouse,11.0,6164,67804,2025-07-04
Pune,Fashion,Shoes,25.0,6708,167700,2025-04-14
Surat,Electronics,Smartphone,23.0,3326,42389,2025-10-27
Mysuru,Electronics,Smartphone,6.0,207,1242,2025-11-06
Patna,Fashion,Jeans,12.0,1889,22668,2025-06-07
Surat,Home Appliances,Fan,17.0,7528,75665,2025-04-09
Mumbai,Home Appliances,Air Cooler,14.0,4981,69734,2025-01-28
Bhopal,Accessories,Headphones,30.0,392,11760,2025-01-11
Delhi,Home Appliances,Air Cooler,31.0,5098,74693,2025-03-28
Ahmedabad,Accessories,Mouse,16.0,6069,97104,2025-11-24
Surat,Accessories,Mouse,10.0,1271,12710,2025-02-05
Lucknow,Fashion,Jeans,10.0,5431,54310,2025-11-18
Bhopal,Home Appliances,Mixer,34.0,4132,23956,2025-12-25
Hyderabad,Home Appliances,Mixer,31.0,5123,158813,2025-02-01
Bhopal,Home Appliances,Mixer,37.0,3390,125430,2025-02-12
Patna,Accessories,Headphones,30.0,1126,33780,2025-07-15
Surat,Electronics,Camera,10.0,6037,60370,2025-09-19
Surat,Accessories,Speaker,2.0,621,1242,2025-09-18
Surat,Electronics,Laptop,40.0,6347,180743,2025-06-01
Kolkata,Home Appliances,Mixer,27.0,635,17145,2025-05-25
Mumbai,Home Appliances,Mixer,7.0,4532,31724,2025-04-11
Ahmedabad,Home Appliances,Mixer,28.0,2022,56616,2025-02-07
Hyderabad,Fashion,Watch,26.0,3019,78494,2025-08-10
Kolkata,Electronics,Monitor,20.0,4138,66296,2025-05-01
Patna,Electronics,Camera,20.0,4488,28161,2025-03-14
Delhi,Home Appliances,Mixer,4.0,7671,30684,2025-09-01
Bengaluru,Accessories,Keyboard,18.0,3518,63324,2025-07-19
Bengaluru,Fashion,Shoes,22.0,1358,29876,2025-05-12
Delhi,Accessories,Keyboard,38.0,2831,107578,2025-02-19
Pune,Fashion,T-Shirt,21.0,5906,43473,2025-07-23
Kochi,Home Appliances,Mixer,19.0,4537,86203,2025-04-01
Patna,Electronics,Camera,9.0,168,1512,2025-04-06
Ahmedabad,Electronics,Smartphone,18.0,4700,84600,2025-11-13
Mysuru,Electronics,Tablet,31.0,4571,83514,2025-11-10
Patna,Electronics,Smartphone,35.0,7301,192909,2025-03-13
Chennai,Electronics,Tablet,27.0,1650,4364,2025-03-23
Surat,Accessories,Mouse,25.0,4014,100350,2025-07-03
Jaipur,Electronics,Camera,23.0,7203,165669,2025-01-16
Pune,Accessories,Keyboard,34.0,2988,23985,2025-01-01
Bhopal,Electronics,Laptop,26.0,5214,135564,2025-09-12
Mysuru,Fashion,T-Shirt,39.0,4348,166374,2025-10-05
Lucknow,Fashion,T-Shirt,17.0,4365,74205,2025-06-23
Hyderabad,Accessories,Headphones,5.0,2471,12355,2025-06-09
Pune,Accessories,Keyboard,9.0,5528,49752,2025-11-07
Lucknow,Electronics,Smartphone,2.0,4196,8392,2025-03-06
Hyderabad,Accessories,Mouse,33.0,1380,34050,2025-02-21
Delhi,Fashion,T-Shirt,22.0,7614,25407,2025-01-11
Kolkata,Electronics,Camera,40.0,6574,223774,2025-07-17
Kochi,Electronics,Smartphone,14.0,7089,40751,2025-07-17
Ahmedabad,Home Appliances,Air Cooler,18.0,675,12150,2025-12-10
Surat,Electronics,Tablet,26.0,7466,194116,2025-03-12
Mysuru,Fashion,Shoes,9.0,1834,7372,2025-04-12
Ahmedabad,Fashion,Watch,13.0,4193,54509,2025-01-21
Kolkata,Electronics,Smartphone,30.0,7792,93184,2025-03-01
Kolkata,Fashion,T-Shirt,21.0,3919,82299,2025-07-03
Kochi,Fashion,Watch,38.0,6049,23198,2025-12-23
Kolkata,Fashion,Jeans,26.0,2185,56810,2025-05-20
Jaipur,Fashion,T-Shirt,23.0,7216,138354,2025-12-12
Bhopal,Electronics,Monitor,39.0,6066,209801,2025-11-17
Mumbai,Fashion,T-Shirt,16.0,2584,41344,2025-11-19
Surat,Accessories,Mouse,8.0,2356,18848,2025-11-28
Delhi,Home Appliances,Mixer,34.0,1645,55930,2025-12-14
Mumbai,Accessories,Speaker,39.0,846,32994,2025-11-08
Chennai,Electronics,Laptop,6.0,2851,17106,2025-05-10
Jaipur,Accessories,Speaker,36.0,6332,58869,2025-10-12
Jaipur,Electronics,Camera,13.0,3246,42198,2025-04-28
Kolkata,Fashion,Watch,12.0,3736,44832,2025-01-23
Jaipur,Home Appliances,Air Cooler,33.0,5519,54010,2025-01-04
Pune,Accessories,Keyboard,12.0,4950,59400,2025-02-13
Bengaluru,Home Appliances,Fan,10.0,6385,18754,2025-04-10
Kolkata,Electronics,Camera,33.0,1211,39963,2025-09-23
Hyderabad,Accessories,Headphones,5.0,7990,39950,2025-12-22
Jaipur,Accessories,Headphones,19.0,1001,19019,2025-02-06
Surat,Accessories,Mouse,25.0,7170,179250,2025-02-24
Kolkata,Home Appliances,Air Cooler,38.0,6246,29257,2025-12-19
Lucknow,Accessories,Speaker,31.0,1782,55242,2025-11-14
Hyderabad,Home Appliances,Mixer,29.0,6635,109188,2025-08-24
Kolkata,Fashion,Jeans,35.0,7046,99142,2025-01-27
Pune,Home Appliances,Air Cooler,19.0,6119,116261,2025-05-14
Bengaluru,Electronics,Tablet,37.0,5238,136774,2025-02-09
Mumbai,Fashion,Watch,15.0,5976,89640,2025-07-17
Mumbai,Electronics,Monitor,28.0,5731,132297,2025-10-14
Bhopal,Fashion,Jeans,17.0,2151,36567,2025-11-23
Hyderabad,Home Appliances,Fan,33.0,6375,114062,2025-03-20
Bhopal,Fashion,Jeans,19.0,5150,97850,2025-08-24
Bhopal,Electronics,Monitor,26.0,7045,11012,2025-02-10
Patna,Fashion,T-Shirt,11.0,3654,40194,2025-04-10
Surat,Home Appliances,Mixer,10.0,2701,27010,2025-11-14
Kochi,Fashion,Shoes,20.0,4955,99100,2025-10-07
Pune,Accessories,Mouse,4.0,7251,29004,2025-10-09
Jaipur,Home Appliances,Air Cooler,3.0,2315,6945,2025-11-21
Surat,Electronics,Tablet,30.0,7043,94701,2025-01-16
Surat,Home Appliances,Fan,14.0,2118,27271,2025-11-22
Bengaluru,Accessories,Speaker,2.0,6597,13194,2025-07-11
Jaipur,Electronics,Monitor,10.0,3795,37950,2025-11-28
Bhopal,Electronics,Camera,6.0,2964,17784,2025-07-03
Kochi,Fashion,Watch,10.0,1951,19510,2025-08-17
Kochi,Electronics,Tablet,14.0,5213,72982,2025-06-23
Bhopal,Accessories,Keyboard,3.0,2314,6942,2025-06-26
Mumbai,Fashion,Shoes,22.0,898,19756,2025-08-17
Mysuru,Fashion,Jeans,4.0,3648,11138,2025-03-18
Surat,Accessories,Mouse,29.0,4245,21750,2025-07-17
Delhi,Home Appliances,Air Cooler,1.0,7701,7701,2025-04-06
Mysuru,Accessories,Headphones,32.0,2027,64864,2025-03-05
Pune,Home Appliances,Mixer,39.0,5632,53549,2025-06-02
Mumbai,Home Appliances,Fan,37.0,5440,176551,2025-05-22
Pune,Home Appliances,Mixer,37.0,7615,50783,2025-05-25
Lucknow,Fashion,T-Shirt,36.0,2907,12003,2025-06-21
Ahmedabad,Electronics,Camera,36.0,7345,92070,2025-07-17
Mumbai,Electronics,Camera,29.0,399,11571,2025-09-04
Bhopal,Electronics,Laptop,35.0,4351,80102,2025-05-03
Chennai,Home Appliances,Air Cooler,32.0,5584,66897,2025-09-14
Patna,Accessories,Headphones,11.0,710,7810,2025-12-20
Chennai,Accessories,Speaker,33.0,1583,52239,2025-08-08
Patna,Accessories,Speaker,39.0,4471,84183,2025-11-21
Delhi,Fashion,T-Shirt,26.0,2774,72124,2025-10-04
Kolkata,Home Appliances,Air Cooler,40.0,3614,144560,2025-06-19
Mysuru,Accessories,Speaker,2.0,7544,15088,2025-03-28
Mysuru,Home Appliances,Mixer,1.0,6649,6649,2025-12-01
Patna,Accessories,Speaker,1.0,2767,2528,2025-05-09
Ahmedabad,Fashion,Shoes,31.0,366,11346,2025-04-22
Delhi,Fashion,Shoes,40.0,3882,7095,2025-01-27
Pune,Accessories,Headphones,15.0,3716,55740,2025-08-08
Jaipur,Accessories,Keyboard,30.0,6234,14163,2025-12-03
Bengaluru,Accessories,Speaker,7.0,3835,26845,2025-07-10
Ahmedabad,Home Appliances,Air Cooler,16.0,3027,48432,2025-05-26
Mumbai,Fashion,T-Shirt,39.0,6049,160406,2025-06-20
Mysuru,Accessories,Speaker,31.0,7536,11389,2025-05-13
Mumbai,Electronics,Monitor,19.0,2207,41933,2025-11-21
Bhopal,Electronics,Tablet,21.0,3515,73815,2025-09-07
Chennai,Home Appliances,Mixer,36.0,6249,94417,2025-02-16
Jaipur,Accessories,Speaker,27.0,1743,27845,2025-09-26
Pune,Fashion,Jeans,11.0,5042,55462,2025-12-23
Jaipur,Fashion,Watch,36.0,2823,101628,2025-12-18
Delhi,Fashion,Jeans,1.0,6904,6904,2025-04-11
Hyderabad,Accessories,Mouse,8.0,5781,11119,2025-12-11
Patna,Electronics,Camera,7.0,328,2296,2025-02-01
Bhopal,Fashion,Shoes,40.0,2326,93040,2025-02-19
Bengaluru,Electronics,Laptop,30.0,6052,116289,2025-09-05
Bhopal,Home Appliances,Mixer,6.0,6835,7570,2025-01-26
Patna,Fashion,Watch,25.0,7156,60133,2025-07-01
Mumbai,Home Appliances,Air Cooler,39.0,4290,123645,2025-10-21
Lucknow,Home Appliances,Fan,1.0,134,134,2025-01-03
Kolkata,Accessories,Headphones,16.0,3147,50352,2025-10-10
Patna,Accessories,Headphones,33.0,126,4158,2025-03-05
Bhopal,Electronics,Smartphone,1.0,5178,5178,2025-09-01
Bhopal,Fashion,Watch,10.0,807,8070,2025-11-03
Bengaluru,Accessories,Keyboard,33.0,3224,77667,2025-05-01
Pune,Home Appliances,Air Cooler,5.0,4946,24730,2025-11-19
Kochi,Electronics,Tablet,3.0,6201,5949,2025-02-10
Surat,Home Appliances,Mixer,19.0,7632,116897,2025-09-20
Surat,Home Appliances,Air Cooler,22.0,157,3454,2025-01-12
Ahmedabad,Accessories,Mouse,24.0,5245,13855,2025-01-19
Ahmedabad,Fashion,T-Shirt,30.0,7524,105377,2025-05-04
Lucknow,Fashion,Jeans,14.0,1083,15162,2025-03-08
Bengaluru,Accessories,Mouse,22.0,3470,24376,2025-08-21
Ahmedabad,Accessories,Headphones,5.0,3384,16920,2025-10-19
Hyderabad,Electronics,Laptop,12.0,6841,36036,2025-02-22
Surat,Electronics,Tablet,39.0,4931,129369,2025-09-03
Ahmedabad,Fashion,T-Shirt,34.0,4999,169966,2025-01-16
Jaipur,Electronics,Camera,22.0,6925,150122,2025-03-01
Ahmedabad,Accessories,Speaker,9.0,7528,67752,2025-05-26
Mysuru,Fashion,Jeans,39.0,495,19305,2025-11-06
Chennai,Accessories,Headphones,33.0,1390,45870,2025-03-23
Chennai,Fashion,Watch,3.0,5988,17964,2025-04-14
Mumbai,Accessories,Speaker,23.0,682,15686,2025-11-27
Lucknow,Electronics,Smartphone,14.0,2743,38402,2025-08-22
Hyderabad,Home Appliances,Fan,37.0,3888,108738,2025-03-19
Ahmedabad,Accessories,Speaker,28.0,2501,70028,2025-08-27
Chennai,Electronics,Camera,34.0,3658,124372,2025-08-02
Kochi,Electronics,Laptop,14.0,6126,85764,2025-12-19
Ahmedabad,Home Appliances,Air Cooler,2.0,5740,11480,2025-02-06
Kolkata,Home Appliances,Fan,3.0,7978,23934,2025-01-08
Bhopal,Accessories,Mouse,40.0,4890,70560,2025-02-12
Patna,Home Appliances,Fan,26.0,5139,133614,2025-05-23
Kolkata,Accessories,Speaker,31.0,5609,20028,2025-09-16
Kochi,Home Appliances,Mixer,31.0,2556,79236,2025-02-25
Bhopal,Fashion,Shoes,25.0,7955,192605,2025-06-20
Lucknow,Accessories,Speaker,6.0,2276,13656,2025-04-23
Bhopal,Accessories,Keyboard,35.0,6233,6083,2025-11-15
Mysuru,Fashion,T-Shirt,13.0,496,6448,2025-06-01
Lucknow,Home Appliances,Mixer,40.0,7118,87816,2025-12-05
Lucknow,Accessories,Mouse,13.0,769,9997,2025-05-14
Bhopal,Accessories,Mouse,30.0,5334,11660,2025-11-11
Kolkata,Accessories,Keyboard,10.0,1017,10170,2025-09-15
Pune,Electronics,Monitor,30.0,523,15690,2025-09-21
Kolkata,Home Appliances,Fan,4.0,2662,10648,2025-04-10
Bengaluru,Home Appliances,Fan,12.0,2186,26232,2025-02-04
Kolkata,Accessories,Keyboard,22.0,5566,122452,2025-10-28
Bengaluru,Home Appliances,Air Cooler,28.0,4368,122304,2025-03-12
Lucknow,Home Appliances,Fan,33.0,6005,161742,2025-06-07
Pune,Fashion,Jeans,34.0,1132,38488,2025-05-04
Mysuru,Fashion,T-Shirt,15.0,5390,2614,2025-09-08
Bhopal,Fashion,T-Shirt,11.0,3047,33517,2025-10-09
Kochi,Electronics,Smartphone,11.0,3807,41877,2025-11-23
Patna,Electronics,Tablet,15.0,6955,34263,2025-02-08
Delhi,Accessories,Mouse,4.0,1686,6744,2025-02-12
Bengaluru,Electronics,Tablet,37.0,5631,98892,2025-01-06
Mysuru,Accessories,Keyboard,22.0,5913,130086,2025-11-17
Delhi,Electronics,Laptop,27.0,4289,115803,2025-05-27
Mumbai,Accessories,Speaker,36.0,6265,209603,2025-04-10
Surat,Electronics,Smartphone,11.0,2117,23287,2025-04-05
Surat,Home Appliances,Air Cooler,38.0,5117,103310,2025-12-03
Delhi,Accessories,Mouse,38.0,1929,73302,2025-02-14
Hyderabad,Accessories,Headphones,29.0,3879,43455,2025-05-06
Lucknow,Fashion,T-Shirt,34.0,2995,101830,2025-03-09
Delhi,Accessories,Mouse,27.0,3416,92232,2025-02-18
Hyderabad,Accessories,Headphones,10.0,6597,65970,2025-02-13
Jaipur,Home Appliances,Fan,26.0,6289,163514,2025-08-06
Surat,Accessories,Speaker,40.0,518,20720,2025-07-04
Kochi,Electronics,Smartphone,28.0,1733,48524,2025-03-14
Bengaluru,Fashion,Shoes,34.0,1510,11308,2025-02-22
Surat,Fashion,T-Shirt,4.0,1681,6724,2025-01-22
Chennai,Electronics,Smartphone,30.0,4580,26834,2025-07-06
Mysuru,Electronics,Camera,21.0,3084,64764,2025-06-25
Kochi,Fashion,Watch,24.0,6278,150672,2025-08-02
Kolkata,Accessories,Mouse,2.0,3312,6624,2025-06-06
Jaipur,Accessories,Headphones,32.0,4145,64208,2025-10-24
Hyderabad,Accessories,Headphones,13.0,3364,43732,2025-11-24
Mumbai,Home Appliances,Air Cooler,15.0,260,3900,2025-02-19
Chennai,Accessories,Speaker,15.0,5433,81495,2025-06-01
Kochi,Accessories,Speaker,17.0,7226,122842,2025-09-09
Chennai,Fashion,Watch,30.0,1231,36930,2025-02-06
Hyderabad,Home Appliances,Air Cooler,33.0,976,32208,2025-07-14
Chennai,Accessories,Speaker,11.0,4294,47234,2025-09-05
Ahmedabad,Home Appliances,Fan,12.0,4447,53364,2025-01-05
Mumbai,Electronics,Camera,31.0,3933,121923,2025-10-28
Jaipur,Fashion,Watch,38.0,6852,111663,2025-06-22
Jaipur,Fashion,Shoes,32.0,1271,40672,2025-04-05
Mysuru,Electronics,Laptop,10.0,6410,64100,2025-08-19
Chennai,Electronics,Tablet,32.0,7483,239456,2025-08-23
Chennai,Home Appliances,Mixer,17.0,1211,20587,2025-05-13
Hyderabad,Accessories,Headphones,23.0,3320,76360,2025-07-26
Ahmedabad,Accessories,Keyboard,36.0,3336,120096,2025-09-05
Jaipur,Home Appliances,Mixer,11.0,473,5203,2025-06-15
Kochi,Fashion,Jeans,3.0,5294,15882,2025-07-01
Patna,Home Appliances,Air Cooler,39.0,4862,128390,2025-01-15
Jaipur,Electronics,Tablet,25.0,1723,43075,2025-09-18
Lucknow,Home Appliances,Mixer,7.0,109,763,2025-04-23
Mysuru,Fashion,Shoes,22.0,7239,159258,2025-09-27
Kolkata,Home Appliances,Air Cooler,27.0,6464,132079,2025-02-08
Kochi,Home Appliances,Mixer,33.0,1625,53625,2025-07-28
Surat,Electronics,Camera,22.0,1509,33198,2025-08-16
Kochi,Accessories,Headphones,30.0,884,26520,2025-09-21
Lucknow,Home Appliances,Air Cooler,17.0,2424,41208,2025-01-28
Lucknow,Accessories,Speaker,31.0,4497,139407,2025-08-06
Hyderabad,Home Appliances,Mixer,36.0,5693,175785,2025-08-02
Kochi,Fashion,Shoes,11.0,6544,71984,2025-08-20
Jaipur,Accessories,Headphones,15.0,2595,28040,2025-03-23
Kolkata,Accessories,Mouse,7.0,2799,19593,2025-08-26
Pune,Home Appliances,Air Cooler,27.0,523,14121,2025-07-25
Hyderabad,Home Appliances,Mixer,19.0,7249,137731,2025-05-24
Patna,Home Appliances,Air Cooler,9.0,7426,66834,2025-08-02
Kochi,Fashion,Watch,4.0,3954,15816,2025-08-28
Lucknow,Electronics,Laptop,29.0,3404,11781,2025-08-20
Delhi,Home Appliances,Air Cooler,18.0,7608,127791,2025-03-01
Bengaluru,Fashion,Shoes,22.0,5317,116974,2025-04-16
Bengaluru,Electronics,Laptop,25.0,2831,70775,2025-05-01
Chennai,Accessories,Headphones,9.0,4388,39492,2025-04-05
Pune,Home Appliances,Mixer,22.0,174,3828,2025-06-05
Patna,Fashion,Jeans,16.0,5588,89408,2025-08-10
Ahmedabad,Home Appliances,Air Cooler,19.0,5743,109117,2025-11-21
Pune,Electronics,Laptop,20.0,3965,79300,2025-12-08
Kochi,Accessories,Headphones,12.0,7374,88488,2025-10-26
Mysuru,Accessories,Mouse,35.0,213,7455,2025-02-16
Mysuru,Electronics,Monitor,3.0,6238,18714,2025-02-25
Mumbai,Electronics,Monitor,28.0,7704,167558,2025-07-12
Bhopal,Electronics,Camera,13.0,307,3991,2025-07-12
Patna,Fashion,Shoes,14.0,1259,17626,2025-06-14
Bengaluru,Accessories,Keyboard,14.0,4404,29694,2025-02-08
Mysuru,Accessories,Keyboard,1.0,6801,6801,2025-11-10
Kochi,Electronics,Laptop,20.0,3920,78400,2025-12-10
Pune,Electronics,Camera,5.0,7349,36745,2025-01-23
Delhi,Fashion,Watch,10.0,7042,70420,2025-06-24
Mysuru,Electronics,Camera,31.0,7884,148705,2025-10-10
Bhopal,Fashion,Jeans,31.0,2442,75702,2025-12-27
Mysuru,Electronics,Smartphone,33.0,2441,42793,2025-06-15
Mumbai,Fashion,Jeans,6.0,3175,19050,2025-09-25
Lucknow,Accessories,Headphones,10.0,4450,44500,2025-03-15
Chennai,Fashion,T-Shirt,5.0,2402,7595,2025-07-16
Bhopal,Accessories,Headphones,29.0,5602,19688,2025-03-12
Pune,Accessories,Mouse,14.0,913,12782,2025-11-28
Pune,Electronics,Monitor,17.0,4875,82875,2025-03-09
Delhi,Home Appliances,Air Cooler,30.0,6893,191143,2025-12-17
Pune,Fashion,Jeans,3.0,1339,4017,2025-11-21
Jaipur,Fashion,T-Shirt,5.0,4470,22350,2025-11-21
Pune,Accessories,Mouse,37.0,1364,50468,2025-10-16
Pune,Accessories,Keyboard,7.0,2887,20209,2025-10-04
Hyderabad,Fashion,Shoes,7.0,7697,53879,2025-04-25
Pune,Home Appliances,Fan,24.0,6649,17950,2025-07-18
Mumbai,Accessories,Keyboard,23.0,2198,50554,2025-06-13
Patna,Electronics,Camera,13.0,6037,78481,2025-01-15
Mysuru,Fashion,T-Shirt,28.0,4561,127708,2025-03-21
Kochi,Fashion,Jeans,5.0,3284,16420,2025-05-05
Surat,Accessories,Headphones,15.0,2527,34141,2025-04-11
Bhopal,Home Appliances,Mixer,26.0,6916,63462,2025-12-24
Delhi,Home Appliances,Air Cooler,8.0,2888,21228,2025-11-20
Ahmedabad,Fashion,Watch,14.0,3437,48118,2025-11-10
Chennai,Electronics,Camera,7.0,4642,32494,2025-01-24
Bhopal,Accessories,Speaker,1.0,735,735,2025-06-14
Bengaluru,Fashion,Jeans,6.0,2200,13200,2025-08-18
Hyderabad,Accessories,Mouse,30.0,4873,124337,2025-12-20
Chennai,Accessories,Keyboard,8.0,3681,29448,2025-09-26
Lucknow,Fashion,Watch,22.0,480,10560,2025-06-15
Mysuru,Accessories,Mouse,33.0,814,26862,2025-04-09
Lucknow,Electronics,Tablet,23.0,5315,106384,2025-09-09
Chennai,Accessories,Speaker,26.0,2447,25167,2025-06-12
Pune,Accessories,Speaker,25.0,1655,7061,2025-03-16
Lucknow,Accessories,Headphones,29.0,1230,35670,2025-06-04
Surat,Home Appliances,Mixer,10.0,5631,56310,2025-10-28
Chennai,Electronics,Camera,28.0,3015,33723,2025-08-10
Mysuru,Accessories,Mouse,20.0,1897,37940,2025-04-14
Patna,Electronics,Tablet,17.0,5928,100776,2025-06-13
Surat,Accessories,Headphones,1.0,6432,6432,2025-09-06
Chennai,Home Appliances,Air Cooler,39.0,5046,15170,2025-12-20
Patna,Fashion,Jeans,13.0,2665,34645,2025-12-19
Mysuru,Home Appliances,Fan,23.0,4195,96485,2025-02-11
Bhopal,Accessories,Speaker,6.0,6906,15901,2025-09-24
Chennai,Electronics,Camera,12.0,4476,53712,2025-07-01
Delhi,Fashion,T-Shirt,27.0,7464,132315,2025-01-25
Delhi,Accessories,Headphones,8.0,1155,9240,2025-04-14
Bengaluru,Fashion,T-Shirt,19.0,5014,95266,2025-03-18
Jaipur,Accessories,Keyboard,29.0,5214,151206,2025-12-19
Kolkata,Fashion,Jeans,37.0,4114,151352,2025-07-19
Delhi,Fashion,Jeans,10.0,6665,66650,2025-03-16
Mysuru,Fashion,Shoes,34.0,4009,65552,2025-12-22
Chennai,Electronics,Smartphone,10.0,2128,21280,2025-12-23
Pune,Fashion,Watch,40.0,578,14262,2025-03-24
Chennai,Electronics,Camera,26.0,2310,60060,2025-11-15
Ahmedabad,Fashion,T-Shirt,36.0,7718,123526,2025-02-03
Bhopal,Fashion,T-Shirt,37.0,4380,162060,2025-04-22
Ahmedabad,Home Appliances,Air Cooler,4.0,3750,15000,2025-03-02
Kolkata,Fashion,Jeans,36.0,784,28224,2025-01-11
Bhopal,Accessories,Mouse,25.0,849,21225,2025-09-21
Bhopal,Home Appliances,Fan,18.0,2406,15378,2025-12-15
Patna,Fashion,Shoes,26.0,3392,88192,2025-01-10
Kolkata,Home Appliances,Fan,32.0,1405,44960,2025-06-04
Mumbai,Electronics,Camera,22.0,7503,36935,2025-10-11
Ahmedabad,Home Appliances,Mixer,31.0,499,15469,2025-11-04
Hyderabad,Accessories,Mouse,37.0,6122,107972,2025-11-07
Mysuru,Accessories,Keyboard,16.0,4454,71264,2025-01-19
Mumbai,Accessories,Keyboard,17.0,2419,41123,2025-02-17
Bengaluru,Accessories,Headphones,33.0,5141,33416,2025-11-19
Lucknow,Electronics,Laptop,13.0,7517,33035,2025-01-06
Lucknow,Home Appliances,Mixer,35.0,3879,25831,2025-02-13
Jaipur,Electronics,Smartphone,23.0,3505,80615,2025-11-24
Mumbai,Electronics,Camera,21.0,7301,117694,2025-03-15
Pune,Home Appliances,Air Cooler,1.0,3836,3836,2025-03-10
Mumbai,Accessories,Mouse,13.0,2093,27209,2025-04-21
Mumbai,Fashion,Watch,3.0,3060,9180,2025-10-13
Mumbai,Electronics,Laptop,13.0,2805,11107,2025-07-14
Chennai,Home Appliances,Mixer,37.0,2422,89614,2025-09-07
Ahmedabad,Fashion,T-Shirt,22.0,2407,52954,2025-10-23
Hyderabad,Home Appliances,Mixer,39.0,4592,68989,2025-01-05
Lucknow,Accessories,Keyboard,14.0,2088,29232,2025-02-07
Hyderabad,Home Appliances,Fan,2.0,543,1086,2025-12-17
Mumbai,Home Appliances,Fan,30.0,4762,49592,2025-10-24
Delhi,Fashion,Jeans,12.0,2070,24840,2025-05-28
Surat,Fashion,Jeans,19.0,6497,123443,2025-10-18
Mumbai,Home Appliances,Mixer,40.0,3445,137800,2025-11-20
Pune,Fashion,Shoes,36.0,714,17966,2025-07-05
Lucknow,Electronics,Camera,10.0,6455,64550,2025-08-27
Mumbai,Accessories,Mouse,36.0,5181,186516,2025-05-08
Kochi,Home Appliances,Air Cooler,23.0,4628,51602,2025-09-19
Pune,Home Appliances,Air Cooler,35.0,3331,36145,2025-08-05
Bengaluru,Home Appliances,Mixer,26.0,782,20332,2025-07-02
Kolkata,Fashion,Jeans,10.0,4269,26296,2025-11-13
Bengaluru,Fashion,Jeans,11.0,6494,71434,2025-11-27
Mumbai,Home Appliances,Air Cooler,24.0,2621,23461,2025-05-11
Kochi,Accessories,Keyboard,16.0,2287,36592,2025-01-03
Delhi,Home Appliances,Fan,35.0,7899,54595,2025-12-14
Bhopal,Fashion,T-Shirt,6.0,5857,35142,2025-04-24
Jaipur,Fashion,Watch,27.0,4162,81164,2025-05-20
Mysuru,Electronics,Smartphone,26.0,7655,191579,2025-08-08
Jaipur,Electronics,Monitor,15.0,7174,107610,2025-06-27
Bhopal,Accessories,Speaker,24.0,2427,58248,2025-03-09
Bhopal,Fashion,Shoes,37.0,6717,95543,2025-06-07
Kochi,Home Appliances,Mixer,33.0,4598,111943,2025-04-04
Chennai,Electronics,Laptop,35.0,7851,23749,2025-08-23
Hyderabad,Accessories,Speaker,29.0,4768,18085,2025-08-09
Delhi,Fashion,Watch,39.0,6664,10001,2025-11-13
Mumbai,Electronics,Tablet,7.0,7043,46635,2025-01-25
Hyderabad,Home Appliances,Mixer,24.0,4828,115872,2025-11-28
Delhi,Fashion,Watch,9.0,6590,59310,2025-03-26
Surat,Home Appliances,Air Cooler,9.0,3029,27261,2025-06-21
Pune,Electronics,Camera,31.0,1828,56668,2025-03-18
Surat,Accessories,Speaker,39.0,3697,137731,2025-08-01
Delhi,Fashion,Jeans,33.0,6358,19881,2025-07-24
Pune,Home Appliances,Air Cooler,5.0,1741,8705,2025-01-01
Mumbai,Home Appliances,Fan,3.0,5707,17121,2025-11-17
Jaipur,Home Appliances,Fan,23.0,181,4163,2025-11-23
Bengaluru,Accessories,Keyboard,9.0,4812,43308,2025-08-25
Lucknow,Accessories,Headphones,1.0,3314,3314,2025-03-20
Bhopal,Electronics,Monitor,23.0,941,21643,2025-11-16
Jaipur,Fashion,T-Shirt,2.0,5057,10114,2025-12-16
Surat,Home Appliances,Fan,19.0,7408,140752,2025-12-17
Kochi,Home Appliances,Air Cooler,24.0,4587,110088,2025-03-16
Kochi,Accessories,Mouse,6.0,2701,16206,2025-11-03
Bhopal,Fashion,Shoes,36.0,6367,25801,2025-07-07
Hyderabad,Home Appliances,Fan,14.0,5366,75124,2025-05-01
Bhopal,Fashion,Jeans,37.0,2904,107448,2025-02-07
Bhopal,Accessories,Mouse,18.0,3391,42531,2025-11-12
Kochi,Home Appliances,Fan,35.0,6509,26069,2025-08-05
Jaipur,Fashion,Shoes,32.0,390,12480,2025-01-09
Jaipur,Home Appliances,Air Cooler,39.0,7141,134337,2025-03-09
Delhi,Home Appliances,Fan,33.0,4168,137544,2025-11-22
Bengaluru,Fashion,Watch,13.0,7294,2828,2025-10-23
Lucknow,Home Appliances,Fan,7.0,4814,9739,2025-10-03
Hyderabad,Fashion,Watch,39.0,1550,54860,2025-06-25
Bhopal,Electronics,Smartphone,5.0,4985,24925,2025-02-11
Delhi,Accessories,Headphones,25.0,7540,188500,2025-10-16
Delhi,Home Appliances,Mixer,32.0,2591,82912,2025-04-13
Lucknow,Home Appliances,Mixer,11.0,5712,18377,2025-05-06
Kochi,Accessories,Mouse,13.0,6589,17288,2025-07-03
Kochi,Accessories,Headphones,40.0,3331,35992,2025-01-07
Bengaluru,Electronics,Monitor,7.0,5838,40702,2025-07-01
Mysuru,Electronics,Tablet,5.0,4698,23490,2025-11-27
Lucknow,Fashion,Shoes,14.0,4349,60886,2025-02-17
Jaipur,Electronics,Camera,35.0,2841,99435,2025-03-22
Pune,Accessories,Mouse,5.0,1970,9850,2025-03-12
Patna,Electronics,Camera,32.0,2314,74048,2025-05-06
Bengaluru,Home Appliances,Mixer,16.0,7609,121744,2025-02-10
Delhi,Electronics,Tablet,12.0,7942,19576,2025-07-10
Ahmedabad,Electronics,Camera,26.0,3803,98878,2025-04-06
Bengaluru,Home Appliances,Air Cooler,12.0,532,6384,2025-12-12
Bengaluru,Accessories,Speaker,21.0,1331,19406,2025-02-28
Bengaluru,Accessories,Keyboard,10.0,7551,52169,2025-05-20
Mumbai,Fashion,Watch,8.0,2096,10688,2025-04-17
Surat,Home Appliances,Air Cooler,16.0,2567,41072,2025-08-03
Lucknow,Accessories,Headphones,16.0,2980,47680,2025-10-11
Jaipur,Fashion,Watch,5.0,2781,13905,2025-11-12
Kochi,Electronics,Camera,7.0,3567,24969,2025-09-04
Chennai,Fashion,Shoes,34.0,7556,177202,2025-07-15
Mumbai,Electronics,Tablet,34.0,3131,106454,2025-08-12
Kochi,Electronics,Smartphone,7.0,3796,26572,2025-05-11
Pune,Fashion,Jeans,9.0,1739,15651,2025-10-25
Chennai,Electronics,Smartphone,40.0,4255,27275,2025-12-18
Chennai,Accessories,Speaker,28.0,2665,69366,2025-12-03
Mumbai,Accessories,Keyboard,40.0,1719,68760,2025-02-25
Bhopal,Electronics,Laptop,37.0,2336,86432,2025-09-03
Kochi,Fashion,T-Shirt,35.0,4098,104029,2025-04-01
Bengaluru,Home Appliances,Air Cooler,30.0,511,15330,2025-12-01
Chennai,Electronics,Smartphone,8.0,3433,27464,2025-03-27
Mysuru,Electronics,Laptop,21.0,1067,22407,2025-04-28
Kochi,Accessories,Speaker,25.0,306,7650,2025-02-20
Hyderabad,Electronics,Tablet,1.0,1784,1784,2025-06-16
Ahmedabad,Accessories,Headphones,21.0,5811,122031,2025-08-18
Mysuru,Electronics,Monitor,11.0,5328,58608,2025-05-25
Ahmedabad,Electronics,Camera,37.0,7412,158453,2025-04-17
Kolkata,Accessories,Speaker,7.0,1585,11095,2025-01-12
Ahmedabad,Accessories,Keyboard,19.0,1640,11050,2025-11-12
Mysuru,Home Appliances,Mixer,35.0,2693,94255,2025-12-16
Pune,Electronics,Camera,10.0,2889,28890,2025-04-05
Chennai,Home Appliances,Fan,13.0,495,6435,2025-01-14
Bengaluru,Fashion,Watch,15.0,585,8775,2025-05-27
Kochi,Home Appliances,Air Cooler,3.0,5647,16941,2025-09-05
Lucknow,Home Appliances,Air Cooler,22.0,2772,60984,2025-03-26
Mumbai,Home Appliances,Air Cooler,26.0,810,21060,2025-11-17
Ahmedabad,Accessories,Speaker,34.0,6902,22052,2025-08-09
Patna,Fashion,Jeans,20.0,629,12580,2025-09-28
Surat,Fashion,T-Shirt,33.0,5155,40364,2025-04-16
Mysuru,Home Appliances,Mixer,19.0,6973,132487,2025-06-12
Hyderabad,Electronics,Monitor,35.0,4954,170713,2025-12-12
Surat,Accessories,Speaker,12.0,5599,67188,2025-05-06
Kolkata,Accessories,Headphones,32.0,6067,181794,2025-01-03
Delhi,Accessories,Keyboard,40.0,448,17920,2025-03-22
Jaipur,Home Appliances,Mixer,24.0,825,19800,2025-06-23
Surat,Home Appliances,Mixer,30.0,4015,17466,2025-05-10
Delhi,Fashion,Jeans,9.0,2345,21105,2025-12-17
Jaipur,Home Appliances,Fan,31.0,2950,35810,2025-05-05
Mumbai,Electronics,Smartphone,24.0,4830,53628,2025-12-03
Jaipur,Accessories,Keyboard,3.0,3839,11517,2025-03-23
Surat,Electronics,Laptop,19.0,335,6365,2025-02-09
Kochi,Fashion,Shoes,35.0,1722,22334,2025-08-06
Ahmedabad,Accessories,Headphones,9.0,6730,60570,2025-10-28
Delhi,Home Appliances,Mixer,21.0,7325,153825,2025-02-21
Mysuru,Home Appliances,Fan,11.0,5686,62546,2025-02-28
Delhi,Fashion,T-Shirt,21.0,2532,53172,2025-12-23
Kolkata,Electronics,Smartphone,10.0,2079,20790,2025-01-25
Kolkata,Fashion,Jeans,11.0,6468,53537,2025-07-20
Mumbai,Electronics,Tablet,8.0,3693,29544,2025-07-27
Bhopal,Fashion,T-Shirt,28.0,6998,86569,2025-06-03
Mumbai,Home Appliances,Fan,3.0,268,804,2025-03-20
Chennai,Fashion,Watch,18.0,3861,40279,2025-11-14
Hyderabad,Electronics,Camera,33.0,2262,74646,2025-02-18
Mysuru,Accessories,Keyboard,10.0,3917,39170,2025-03-05
Pune,Electronics,Laptop,6.0,4487,26922,2025-10-11
Bhopal,Fashion,Shoes,6.0,2056,12336,2025-05-16
Mysuru,Accessories,Keyboard,14.0,3344,46816,2025-09-12
Mysuru,Fashion,Shoes,13.0,5715,74295,2025-09-03
Ahmedabad,Electronics,Smartphone,40.0,3812,90936,2025-01-08
Delhi,Accessories,Mouse,10.0,6566,50724,2025-03-24
Kolkata,Accessories,Mouse,22.0,898,19756,2025-07-16
Lucknow,Fashion,Jeans,24.0,6277,150648,2025-08-05
Patna,Home Appliances,Mixer,34.0,7483,91405,2025-11-23
Delhi,Accessories,Mouse,18.0,5286,95148,2025-10-05
Bengaluru,Fashion,Jeans,16.0,2282,36512,2025-10-13
Hyderabad,Home Appliances,Air Cooler,1.0,537,537,2025-12-09
Bengaluru,Electronics,Laptop,30.0,948,28440,2025-07-18
Bengaluru,Accessories,Headphones,40.0,1209,48360,2025-12-20
Kochi,Fashion,Jeans,19.0,2699,51281,2025-12-05
Pune,Accessories,Speaker,15.0,3228,48420,2025-08-02
Kolkata,Fashion,Jeans,34.0,7190,9678,2025-04-07
Mysuru,Electronics,Monitor,31.0,7192,216560,2025-05-17
Ahmedabad,Home Appliances,Fan,16.0,455,7280,2025-11-20
Mysuru,Fashion,Jeans,19.0,5572,105868,2025-07-02
Patna,Home Appliances,Mixer,36.0,4321,155556,2025-10-22
Bengaluru,Home Appliances,Mixer,40.0,5444,196663,2025-08-03
Mumbai,Fashion,Jeans,28.0,1786,50008,2025-04-22
Kolkata,Electronics,Camera,28.0,5341,149548,2025-09-24
Ahmedabad,Accessories,Mouse,34.0,6216,211344,2025-04-14
Hyderabad,Fashion,T-Shirt,10.0,330,3300,2025-08-28
Patna,Accessories,Keyboard,4.0,6753,27012,2025-07-26
Patna,Electronics,Monitor,33.0,7049,122201,2025-06-09
Mumbai,Electronics,Laptop,8.0,443,3544,2025-04-25
Mumbai,Electronics,Monitor,39.0,710,27690,2025-07-08
Hyderabad,Accessories,Headphones,33.0,4783,4488,2025-11-22
Bengaluru,Home Appliances,Fan,11.0,7600,83600,2025-03-13
Bhopal,Home Appliances,Mixer,12.0,4914,58968,2025-07-08
Surat,Electronics,Smartphone,3.0,5580,16740,2025-06-24
Jaipur,Home Appliances,Fan,39.0,3586,81148,2025-10-18
Chennai,Electronics,Camera,33.0,6393,65423,2025-02-10
Chennai,Home Appliances,Mixer,12.0,5456,65472,2025-08-09
Jaipur,Electronics,Smartphone,13.0,4979,64727,2025-10-20
Mysuru,Fashion,Jeans,5.0,3501,17505,2025-05-10
Jaipur,Home Appliances,Mixer,4.0,6209,24836,2025-08-23
Kolkata,Fashion,Watch,7.0,1783,12481,2025-07-08
Kolkata,Home Appliances,Mixer,23.0,7635,148428,2025-08-21
Delhi,Electronics,Camera,24.0,7833,187992,2025-05-14
Kolkata,Accessories,Mouse,1.0,1690,1690,2025-02-05
Hyderabad,Fashion,Shoes,11.0,3890,42790,2025-07-17
Patna,Accessories,Keyboard,8.0,3628,29024,2025-10-21
Hyderabad,Home Appliances,Air Cooler,34.0,2130,47273,2025-09-09
Chennai,Fashion,Shoes,27.0,7201,81875,2025-07-01
Delhi,Home Appliances,Mixer,17.0,2319,39423,2025-03-02
Hyderabad,Fashion,Jeans,4.0,2467,9868,2025-01-08
Lucknow,Electronics,Camera,37.0,3707,137159,2025-05-03
Lucknow,Accessories,Mouse,21.0,3145,66045,2025-05-10
Hyderabad,Accessories,Headphones,14.0,4912,68768,2025-06-26
Lucknow,Home Appliances,Air Cooler,17.0,3897,66249,2025-06-21
Jaipur,Electronics,Monitor,1.0,7256,7256,2025-04-07
Jaipur,Electronics,Camera,23.0,7226,84168,2025-08-28
Hyderabad,Fashion,Shoes,40.0,5102,153623,2025-10-21
Delhi,Fashion,Watch,11.0,739,8129,2025-11-17
Jaipur,Accessories,Speaker,25.0,2892,69010,2025-05-21
Jaipur,Accessories,Keyboard,24.0,3049,10960,2025-03-15
Surat,Electronics,Tablet,36.0,2573,92628,2025-08-23
Bengaluru,Electronics,Monitor,31.0,7718,121337,2025-04-16
Kochi,Fashion,Watch,22.0,6628,79897,2025-11-28
Chennai,Home Appliances,Fan,20.0,5971,119420,2025-02-23
Kochi,Accessories,Speaker,32.0,481,15392,2025-07-02
Chennai,Home Appliances,Air Cooler,33.0,121,3993,2025-05-06
Bengaluru,Electronics,Tablet,17.0,1925,9513,2025-01-03
Pune,Fashion,Jeans,28.0,1732,48496,2025-04-21
Mysuru,Electronics,Laptop,8.0,3862,29513,2025-06-12
Mumbai,Home Appliances,Mixer,19.0,3221,61199,2025-10-28
Bengaluru,Accessories,Keyboard,15.0,263,3945,2025-02-24
Patna,Fashion,Shoes,30.0,4049,121470,2025-09-28
Bengaluru,Electronics,Monitor,36.0,6540,196880,2025-07-04
Mysuru,Home Appliances,Mixer,12.0,743,8916,2025-03-02
Lucknow,Fashion,T-Shirt,27.0,1472,12868,2025-09-13
Hyderabad,Accessories,Headphones,20.0,6031,120620,2025-11-03
Patna,Electronics,Monitor,2.0,6909,13818,2025-12-05
Bhopal,Electronics,Camera,3.0,1123,3369,2025-11-18
Lucknow,Electronics,Laptop,4.0,6171,24684,2025-03-06
Kochi,Home Appliances,Air Cooler,33.0,4899,161667,2025-07-10
Patna,Home Appliances,Fan,40.0,5863,119203,2025-08-04
Ahmedabad,Fashion,T-Shirt,30.0,1323,39690,2025-09-18
Lucknow,Accessories,Headphones,21.0,5774,45486,2025-06-24
Kochi,Home Appliances,Mixer,39.0,7272,102523,2025-01-01
Ahmedabad,Fashion,Jeans,33.0,319,10527,2025-03-19
Delhi,Home Appliances,Mixer,26.0,2502,65052,2025-09-12
Mumbai,Electronics,Smartphone,14.0,1300,18200,2025-04-11
Mumbai,Accessories,Headphones,12.0,5774,69288,2025-06-05
Lucknow,Electronics,Tablet,9.0,6397,26644,2025-10-14
Lucknow,Fashion,T-Shirt,28.0,1204,33712,2025-04-17
Ahmedabad,Fashion,T-Shirt,30.0,1923,57690,2025-12-15
Bhopal,Home Appliances,Mixer,8.0,3806,30448,2025-04-23
Kochi,Accessories,Mouse,37.0,1541,57017,2025-09-27
Kochi,Accessories,Keyboard,19.0,4178,79382,2025-06-26
Lucknow,Accessories,Keyboard,40.0,7399,173092,2025-08-14
Ahmedabad,Fashion,T-Shirt,35.0,1955,68425,2025-08-20
Mysuru,Electronics,Camera,10.0,3011,10347,2025-07-06
Jaipur,Fashion,Shoes,20.0,4250,85000,2025-05-10
Delhi,Fashion,Watch,17.0,3199,54383,2025-05-13
Patna,Home Appliances,Fan,8.0,5305,42440,2025-08-19
Kolkata,Home Appliances,Air Cooler,39.0,1439,56121,2025-05-23
Jaipur,Home Appliances,Mixer,34.0,5721,51471,2025-10-14
Ahmedabad,Fashion,Watch,5.0,932,4660,2025-07-14
Jaipur,Fashion,T-Shirt,13.0,7623,99099,2025-02-02
Kochi,Electronics,Camera,36.0,1165,41940,2025-04-21
Kolkata,Accessories,Speaker,28.0,1813,50764,2025-02-24
Lucknow,Home Appliances,Air Cooler,5.0,5200,26000,2025-05-01
Surat,Home Appliances,Air Cooler,33.0,848,27984,2025-11-20
Pune,Fashion,Watch,31.0,4547,111201,2025-04-10
Bhopal,Fashion,T-Shirt,8.0,6275,50200,2025-05-18
Kolkata,Home Appliances,Fan,23.0,5111,75576,2025-04-21
Surat,Home Appliances,Mixer,17.0,4369,74273,2025-02-02
Ahmedabad,Accessories,Speaker,18.0,7736,139248,2025-07-02
Bengaluru,Home Appliances,Fan,33.0,3945,78605,2025-02-09
Mumbai,Accessories,Headphones,19.0,7199,7281,2025-08-07
Surat,Fashion,Watch,24.0,7264,174336,2025-10-08
Bhopal,Electronics,Camera,23.0,1156,26588,2025-04-25
Pune,Fashion,Watch,11.0,3790,41690,2025-01-12
Jaipur,Electronics,Smartphone,14.0,6613,92582,2025-03-28
Chennai,Home Appliances,Mixer,13.0,2566,33358,2025-02-13
Kochi,Fashion,Jeans,19.0,378,7182,2025-11-12
Bengaluru,Accessories,Headphones,16.0,2291,36656,2025-12-16
Pune,Home Appliances,Fan,24.0,5197,124728,2025-02-24
Mysuru,Fashion,Jeans,24.0,7507,180168,2025-03-23
Delhi,Fashion,Watch,34.0,7658,189738,2025-05-06
Jaipur,Home Appliances,Mixer,32.0,7795,57755,2025-09-03
Pune,Home Appliances,Air Cooler,39.0,437,17043,2025-07-15
Chennai,Fashion,Watch,10.0,4291,42910,2025-07-13
Pune,Home Appliances,Air Cooler,29.0,6267,52783,2025-12-11
Surat,Home Appliances,Mixer,32.0,717,22944,2025-02-07
Ahmedabad,Accessories,Mouse,30.0,7998,104794,2025-11-03
Delhi,Home Appliances,Fan,1.0,3086,3086,2025-11-05
Bengaluru,Home Appliances,Fan,36.0,654,23544,2025-09-02
Patna,Accessories,Speaker,21.0,6436,135156,2025-06-08
Lucknow,Fashion,Watch,37.0,5200,192400,2025-06-19
Chennai,Accessories,Headphones,27.0,1581,42687,2025-02-04
Bengaluru,Fashion,Shoes,9.0,7485,67365,2025-05-20
Bengaluru,Electronics,Smartphone,13.0,3019,39247,2025-11-24
Hyderabad,Fashion,T-Shirt,16.0,5998,19662,2025-07-19
Surat,Fashion,Watch,23.0,6896,158608,2025-01-25
Mumbai,Electronics,Monitor,3.0,6027,18081,2025-09-15
Bhopal,Home Appliances,Air Cooler,7.0,4579,32053,2025-12-03
Ahmedabad,Accessories,Headphones,33.0,6351,27966,2025-03-10
Patna,Electronics,Smartphone,4.0,4286,17144,2025-05-02
Delhi,Accessories,Keyboard,39.0,3743,101877,2025-04-05
Hyderabad,Electronics,Monitor,33.0,6915,164152,2025-01-03
Chennai,Accessories,Headphones,5.0,6251,31255,2025-09-10
Hyderabad,Accessories,Speaker,8.0,4351,30522,2025-07-13
Kolkata,Fashion,Watch,20.0,5736,114720,2025-10-27
Delhi,Accessories,Headphones,14.0,7876,34264,2025-05-23
Delhi,Accessories,Mouse,13.0,3970,51610,2025-05-28
Patna,Fashion,Watch,8.0,5689,45512,2025-04-22
Bengaluru,Home Appliances,Fan,21.0,3556,74676,2025-12-23
Pune,Electronics,Monitor,22.0,729,16038,2025-01-15
Jaipur,Accessories,Speaker,32.0,3663,117216,2025-09-02
Mumbai,Home Appliances,Air Cooler,12.0,2121,25452,2025-03-12
Patna,Electronics,Tablet,21.0,3949,55203,2025-11-05
Surat,Electronics,Monitor,11.0,2298,25278,2025-01-11
Mysuru,Accessories,Speaker,4.0,7435,29740,2025-04-01
Bengaluru,Accessories,Keyboard,21.0,2501,52521,2025-11-04
Patna,Accessories,Keyboard,38.0,1425,48417,2025-11-10
Chennai,Home Appliances,Fan,17.0,3049,51833,2025-11-22
Mumbai,Electronics,Monitor,25.0,6608,123147,2025-11-09
Mysuru,Fashion,Jeans,2.0,3481,6962,2025-01-09
Lucknow,Home Appliances,Mixer,13.0,4548,59124,2025-08-27
Kolkata,Home Appliances,Mixer,1.0,823,823,2025-11-11
Pune,Electronics,Monitor,11.0,1859,20449,2025-07-18
Ahmedabad,Electronics,Smartphone,25.0,5764,144100,2025-10-16
Kochi,Home Appliances,Mixer,39.0,3045,118755,2025-07-17
Mysuru,Accessories,Headphones,5.0,3500,17500,2025-05-18
Ahmedabad,Accessories,Mouse,16.0,2327,37232,2025-01-04
Bhopal,Accessories,Speaker,13.0,5734,74542,2025-03-15
Lucknow,Electronics,Camera,2.0,1411,2822,2025-01-20
Bengaluru,Accessories,Speaker,9.0,2863,25767,2025-10-25
Mumbai,Electronics,Tablet,35.0,886,31010,2025-12-08
Chennai,Fashion,Shoes,29.0,1102,31958,2025-02-10
Bhopal,Electronics,Monitor,5.0,3309,16545,2025-01-23
Ahmedabad,Fashion,Shoes,23.0,4053,93219,2025-05-11
Surat,Accessories,Headphones,30.0,2865,85950,2025-01-07
Jaipur,Accessories,Mouse,37.0,7135,224061,2025-12-03
Mumbai,Fashion,Jeans,12.0,2232,26784,2025-05-17
Mysuru,Fashion,Watch,39.0,1043,37705,2025-10-22
Kolkata,Home Appliances,Air Cooler,2.0,6903,13806,2025-09-17
Delhi,Electronics,Monitor,9.0,1836,16524,2025-03-15
Mumbai,Electronics,Smartphone,1.0,7828,7828,2025-06-04
Jaipur,Fashion,Watch,8.0,4324,34592,2025-04-06
Pune,Electronics,Laptop,18.0,4885,53500,2025-12-01
Pune,Electronics,Monitor,8.0,2939,23512,2025-05-05
Chennai,Accessories,Speaker,7.0,2254,15778,2025-09-16
Kolkata,Electronics,Laptop,21.0,4515,4331,2025-03-06
Chennai,Fashion,Watch,40.0,6575,122622,2025-05-24
Mysuru,Home Appliances,Fan,15.0,2306,34590,2025-06-12
Hyderabad,Accessories,Mouse,29.0,6391,60249,2025-03-06
Pune,Accessories,Speaker,30.0,4022,120660,2025-02-08
Kochi,Electronics,Camera,35.0,3887,136045,2025-06-04
Lucknow,Fashion,T-Shirt,10.0,7124,8548,2025-01-25
Bhopal,Fashion,Shoes,30.0,7876,119654,2025-01-11
Delhi,Home Appliances,Mixer,26.0,3906,101556,2025-10-22
Bhopal,Electronics,Camera,2.0,7669,15338,2025-11-01
Kolkata,Accessories,Keyboard,28.0,3978,78082,2025-05-23
Hyderabad,Home Appliances,Fan,22.0,5877,129294,2025-06-13
Hyderabad,Accessories,Mouse,11.0,4837,18990,2025-03-21
Patna,Fashion,Watch,21.0,3192,67032,2025-03-04
Chennai,Fashion,Shoes,32.0,4706,150592,2025-06-01
Kochi,Electronics,Laptop,38.0,6760,104071,2025-05-27
Surat,Accessories,Headphones,24.0,5597,134328,2025-05-23
Hyderabad,Electronics,Smartphone,34.0,2414,82076,2025-11-19
Chennai,Fashion,T-Shirt,16.0,3244,51904,2025-10-27
Lucknow,Home Appliances,Mixer,7.0,4784,33488,2025-05-07
Mysuru,Home Appliances,Fan,2.0,5773,11546,2025-03-05
Lucknow,Home Appliances,Air Cooler,40.0,538,21520,2025-05-13
Chennai,Electronics,Laptop,27.0,7554,192077,2025-12-11
Delhi,Electronics,Camera,28.0,5662,46756,2025-06-27
Hyderabad,Fashion,T-Shirt,1.0,629,629,2025-12-07
Lucknow,Electronics,Laptop,12.0,5338,64056,2025-08-12
Bhopal,Electronics,Camera,29.0,232,6728,2025-12-25
Kochi,Home Appliances,Fan,3.0,2436,7308,2025-02-10
Kolkata,Fashion,Jeans,32.0,4411,141152,2025-10-06
Chennai,Home Appliances,Fan,11.0,3222,35442,2025-10-08
Patna,Fashion,Watch,4.0,2042,8168,2025-06-07
Mysuru,Home Appliances,Air Cooler,21.0,2522,52962,2025-11-07
Lucknow,Home Appliances,Fan,4.0,6877,27508,2025-12-14
Lucknow,Accessories,Speaker,20.0,1912,38240,2025-05-15
Jaipur,Accessories,Headphones,37.0,1680,62160,2025-02-24
Ahmedabad,Fashion,Watch,10.0,7761,77610,2025-05-07
Kolkata,Electronics,Monitor,4.0,106,424,2025-07-01
Patna,Home Appliances,Air Cooler,25.0,215,5375,2025-07-20
Delhi,Accessories,Speaker,38.0,7718,201625,2025-09-19
Chennai,Fashion,Shoes,8.0,6264,50112,2025-01-28
Mysuru,Electronics,Monitor,6.0,2448,14688,2025-11-05
Bengaluru,Fashion,Watch,24.0,1567,37608,2025-12-13
Chennai,Electronics,Monitor,6.0,3320,19920,2025-06-03
Ahmedabad,Electronics,Tablet,28.0,6212,173936,2025-09-12
Delhi,Electronics,Camera,23.0,3977,91471,2025-12-27
Jaipur,Electronics,Smartphone,3.0,5327,15981,2025-01-10
Pune,Fashion,T-Shirt,7.0,6047,42329,2025-03-13
Bengaluru,Home Appliances,Fan,33.0,2724,89892,2025-08-27
Surat,Electronics,Monitor,32.0,3922,88697,2025-02-27
Patna,Fashion,Shoes,30.0,2126,63780,2025-06-09
Ahmedabad,Accessories,Keyboard,6.0,289,1734,2025-12-11
Jaipur,Accessories,Keyboard,11.0,2208,24288,2025-10-23
Mysuru,Accessories,Headphones,27.0,1512,40824,2025-08-11
Surat,Accessories,Keyboard,25.0,5497,45250,2025-12-16
Mumbai,Accessories,Headphones,40.0,4712,188480,2025-02-21
Chennai,Electronics,Camera,9.0,860,7740,2025-08-28
Kolkata,Fashion,Shoes,13.0,2685,34905,2025-12-23
Ahmedabad,Home Appliances,Mixer,20.0,730,14600,2025-04-03
Delhi,Accessories,Headphones,31.0,7848,243288,2025-11-13
Ahmedabad,Home Appliances,Mixer,14.0,2106,29484,2025-07-27
Patna,Electronics,Laptop,23.0,2562,58926,2025-04-07
Kochi,Home Appliances,Fan,2.0,4764,9528,2025-12-26
Hyderabad,Fashion,Shoes,8.0,7626,61008,2025-08-01
Bhopal,Electronics,Laptop,36.0,2572,92592,2025-09-17
Mumbai,Accessories,Speaker,31.0,2932,90892,2025-08-04
Lucknow,Home Appliances,Mixer,33.0,1084,29719,2025-09-01
Hyderabad,Fashion,Shoes,16.0,1512,24192,2025-04-23
Patna,Fashion,Shoes,7.0,1739,12173,2025-02-25
Ahmedabad,Fashion,T-Shirt,33.0,1454,47982,2025-09-19
Delhi,Accessories,Keyboard,3.0,6911,20733,2025-11-11
Hyderabad,Electronics,Laptop,8.0,2705,21640,2025-12-24
Lucknow,Home Appliances,Air Cooler,24.0,4701,72851,2025-05-06
Lucknow,Fashion,Shoes,16.0,1371,21936,2025-10-10
Chennai,Fashion,T-Shirt,36.0,4704,169344,2025-02-14
Chennai,Fashion,Shoes,9.0,383,3447,2025-02-09
Bhopal,Electronics,Monitor,14.0,5890,82460,2025-02-04
Kochi,Home Appliances,Air Cooler,9.0,1076,9684,2025-02-12
Ahmedabad,Fashion,Shoes,28.0,6688,122713,2025-05-26
Ahmedabad,Electronics,Laptop,37.0,7438,144362,2025-01-07
Chennai,Electronics,Laptop,11.0,1369,15059,2025-10-03
Jaipur,Home Appliances,Mixer,9.0,3941,2902,2025-10-12
Delhi,Accessories,Keyboard,34.0,593,20162,2025-11-26
Kochi,Fashion,Watch,6.0,4913,29478,2025-05-27
Jaipur,Electronics,Monitor,6.0,2535,15210,2025-06-25
Jaipur,Fashion,T-Shirt,40.0,1341,53640,2025-07-11
Jaipur,Accessories,Mouse,30.0,3507,12916,2025-02-18
Kolkata,Fashion,Shoes,21.0,4650,17529,2025-01-01
Bhopal,Electronics,Laptop,3.0,5045,15135,2025-07-14
Pune,Electronics,Laptop,7.0,6077,42539,2025-01-09
Patna,Fashion,Watch,12.0,6881,82572,2025-03-05
Mumbai,Home Appliances,Fan,22.0,6407,140954,2025-09-04
Hyderabad,Fashion,Shoes,10.0,4775,47750,2025-03-01
Pune,Home Appliances,Air Cooler,30.0,660,19800,2025-07-11
Mysuru,Electronics,Laptop,11.0,4249,46739,2025-10-28
Hyderabad,Electronics,Smartphone,31.0,6506,87377,2025-11-04
Delhi,Home Appliances,Fan,37.0,4434,46982,2025-07-18
Mumbai,Fashion,Jeans,34.0,2293,77962,2025-08-03
Bengaluru,Electronics,Tablet,30.0,7864,177535,2025-09-12
Jaipur,Accessories,Keyboard,35.0,7550,64909,2025-06-09
Bhopal,Accessories,Speaker,35.0,1425,49875,2025-01-28
Hyderabad,Accessories,Mouse,17.0,6323,93954,2025-02-09
Pune,Home Appliances,Air Cooler,34.0,1755,59670,2025-06-28
Pune,Electronics,Camera,5.0,2710,13550,2025-02-23
Bengaluru,Accessories,Keyboard,39.0,1463,57057,2025-10-24
Bhopal,Electronics,Monitor,16.0,1861,29776,2025-04-12
Mumbai,Home Appliances,Air Cooler,17.0,769,13073,2025-04-26
Bengaluru,Accessories,Speaker,28.0,6674,152971,2025-11-04
Ahmedabad,Electronics,Monitor,29.0,3209,93061,2025-05-04
Delhi,Accessories,Mouse,13.0,1358,17654,2025-05-05
Patna,Accessories,Mouse,35.0,6806,217262,2025-07-21
Kolkata,Accessories,Headphones,8.0,6759,54072,2025-07-23
Ahmedabad,Home Appliances,Fan,37.0,7942,94872,2025-03-28
Hyderabad,Home Appliances,Air Cooler,8.0,2393,19144,2025-08-02
Kolkata,Accessories,Keyboard,29.0,3137,90973,2025-12-25
Ahmedabad,Home Appliances,Fan,37.0,3645,89351,2025-04-02
Jaipur,Electronics,Smartphone,35.0,1515,53025,2025-07-05
Hyderabad,Electronics,Tablet,19.0,947,17993,2025-07-26
Bhopal,Home Appliances,Air Cooler,34.0,6772,120919,2025-10-07
Patna,Fashion,T-Shirt,30.0,4314,92978,2025-07-13
Patna,Electronics,Monitor,35.0,3374,30595,2025-03-02
Bengaluru,Accessories,Speaker,8.0,1396,11168,2025-10-23
Bhopal,Fashion,Shoes,3.0,7035,21105,2025-05-23
Bengaluru,Home Appliances,Mixer,5.0,4333,21665,2025-09-17
Chennai,Fashion,Shoes,26.0,5534,143884,2025-10-16
Mysuru,Accessories,Headphones,34.0,7461,13503,2025-11-24
Mysuru,Fashion,T-Shirt,35.0,3329,116515,2025-02-18
Lucknow,Home Appliances,Air Cooler,33.0,1130,37290,2025-06-16
Surat,Home Appliances,Fan,39.0,4581,6284,2025-04-15
Chennai,Home Appliances,Fan,14.0,3620,50680,2025-11-28
Hyderabad,Fashion,Shoes,25.0,1369,34225,2025-05-24
Lucknow,Home Appliances,Mixer,18.0,5251,94518,2025-05-17
Lucknow,Home Appliances,Mixer,39.0,7193,105628,2025-09-11
Patna,Home Appliances,Fan,32.0,5043,161376,2025-11-26
Kochi,Electronics,Laptop,33.0,1166,38478,2025-10-01
Bhopal,Accessories,Mouse,2.0,154,308,2025-03-01
Kochi,Fashion,Watch,9.0,3975,35775,2025-11-14
Mumbai,Home Appliances,Fan,23.0,2562,58926,2025-05-25
Bhopal,Home Appliances,Fan,22.0,124,2728,2025-09-07
Lucknow,Electronics,Monitor,12.0,5845,70140,2025-12-16
Patna,Electronics,Smartphone,33.0,4520,15796,2025-03-06
Chennai,Electronics,Laptop,3.0,3873,11619,2025-01-07
Lucknow,Home Appliances,Mixer,25.0,7847,103949,2025-12-17
Pune,Accessories,Headphones,12.0,6005,16495,2025-09-13
Bengaluru,Accessories,Headphones,35.0,7518,86602,2025-04-26
Bengaluru,Accessories,Speaker,26.0,6194,161044,2025-02-13
Lucknow,Electronics,Smartphone,25.0,5154,52025,2025-04-01
Ahmedabad,Fashion,T-Shirt,26.0,6491,21325,2025-10-13
Bengaluru,Electronics,Smartphone,31.0,6532,107687,2025-04-12
Kochi,Fashion,Watch,12.0,5844,70128,2025-02-21
Mysuru,Electronics,Tablet,39.0,4992,117051,2025-05-22
Lucknow,Electronics,Monitor,10.0,7457,74570,2025-11-18
Patna,Electronics,Tablet,10.0,1313,13130,2025-01-03
Mumbai,Fashion,Watch,25.0,3418,85450,2025-12-22
Kolkata,Home Appliances,Fan,19.0,2583,49077,2025-12-13
Ahmedabad,Home Appliances,Mixer,11.0,2960,32560,2025-11-17
Patna,Fashion,T-Shirt,37.0,7541,219493,2025-07-10
Kolkata,Fashion,T-Shirt,1.0,3546,3546,2025-05-22
Chennai,Accessories,Speaker,37.0,4029,28421,2025-11-21
Patna,Home Appliances,Fan,38.0,3224,72062,2025-11-23
Mysuru,Electronics,Laptop,26.0,5554,50424,2025-02-27
Kolkata,Fashion,Shoes,8.0,2101,16808,2025-11-04
Delhi,Fashion,Watch,17.0,3297,56049,2025-10-02
Pune,Fashion,Watch,7.0,7841,54887,2025-12-23
Mumbai,Electronics,Monitor,37.0,5708,133291,2025-03-02
Kochi,Accessories,Speaker,11.0,2594,5182,2025-10-25
Ahmedabad,Home Appliances,Mixer,17.0,7417,126089,2025-02-21
Kolkata,Fashion,Watch,17.0,901,15317,2025-10-23
Mumbai,Fashion,Shoes,6.0,2707,16242,2025-07-15
Kochi,Electronics,Smartphone,39.0,467,18213,2025-10-10
Chennai,Fashion,Jeans,14.0,7773,108822,2025-02-14
Lucknow,Accessories,Mouse,18.0,626,11268,2025-05-03
Delhi,Home Appliances,Fan,35.0,5760,94182,2025-11-17
Kochi,Accessories,Mouse,17.0,7835,14616,2025-08-24
Kolkata,Home Appliances,Fan,26.0,4141,107666,2025-08-01
Kolkata,Home Appliances,Air Cooler,14.0,7948,111272,2025-11-07
Bengaluru,Home Appliances,Air Cooler,12.0,1964,11094,2025-03-14
Pune,Home Appliances,Mixer,30.0,7066,211980,2025-12-02
Patna,Fashion,Jeans,33.0,5548,98343,2025-09-22
Bhopal,Accessories,Headphones,34.0,2281,77554,2025-01-01
Jaipur,Accessories,Mouse,5.0,5440,27200,2025-05-11
Pune,Home Appliances,Mixer,24.0,4104,92474,2025-04-03
Hyderabad,Home Appliances,Mixer,36.0,425,15300,2025-08-07
Kochi,Electronics,Laptop,25.0,1945,48625,2025-01-14
Jaipur,Electronics,Tablet,6.0,6645,39870,2025-06-05
Patna,Electronics,Smartphone,16.0,5342,85472,2025-10-26
Bengaluru,Accessories,Speaker,19.0,7375,41729,2025-06-06
Pune,Accessories,Mouse,21.0,4591,96411,2025-10-26
Hyderabad,Accessories,Mouse,38.0,1439,54682,2025-10-17
Kolkata,Electronics,Smartphone,21.0,6669,140049,2025-11-28
Mumbai,Home Appliances,Fan,39.0,6853,60780,2025-04-18
Kochi,Fashion,Jeans,29.0,1463,42427,2025-02-16
Bhopal,Electronics,Laptop,23.0,2733,3398,2025-03-24
Pune,Fashion,Shoes,36.0,3895,72420,2025-08-10
Hyderabad,Home Appliances,Fan,12.0,6300,75600,2025-08-19
Lucknow,Accessories,Headphones,7.0,867,6069,2025-05-07
Kolkata,Accessories,Speaker,23.0,2793,64239,2025-10-13
Surat,Electronics,Monitor,36.0,1179,42444,2025-06-15
Hyderabad,Fashion,T-Shirt,17.0,2753,46801,2025-08-13
Ahmedabad,Home Appliances,Mixer,12.0,4562,54744,2025-05-09
Patna,Accessories,Speaker,27.0,7702,109867,2025-01-21
Jaipur,Fashion,Shoes,32.0,1248,39936,2025-03-25
Ahmedabad,Accessories,Mouse,6.0,2188,13128,2025-07-02
Pune,Fashion,T-Shirt,32.0,6424,193669,2025-10-17
Kolkata,Fashion,T-Shirt,1.0,4507,4507,2025-07-10
Pune,Fashion,T-Shirt,4.0,4713,18852,2025-09-23
Patna,Accessories,Mouse,12.0,3086,37032,2025-10-25
Kochi,Fashion,Watch,2.0,3770,7540,2025-02-19
Hyderabad,Fashion,Watch,17.0,7229,122893,2025-01-23
Mumbai,Home Appliances,Air Cooler,33.0,6190,201886,2025-10-25
Lucknow,Accessories,Headphones,6.0,2973,17838,2025-07-07
Kolkata,Fashion,T-Shirt,2.0,5378,10756,2025-04-08
Lucknow,Accessories,Keyboard,35.0,4556,159460,2025-08-27
Kochi,Fashion,Jeans,8.0,1416,6333,2025-02-02
Delhi,Electronics,Camera,9.0,4745,42705,2025-12-26
Kochi,Electronics,Monitor,1.0,7515,7515,2025-07-19
Patna,Home Appliances,Air Cooler,22.0,4662,102564,2025-12-05
Lucknow,Fashion,Shoes,10.0,558,5580,2025-05-03
Jaipur,Home Appliances,Air Cooler,3.0,7081,21243,2025-11-19
Ahmedabad,Electronics,Tablet,21.0,1775,37275,2025-10-19
Kolkata,Accessories,Keyboard,38.0,4441,168758,2025-02-09
Mumbai,Home Appliances,Air Cooler,26.0,2992,77792,2025-01-07
Mumbai,Electronics,Tablet,26.0,4483,116558,2025-10-07
Delhi,Electronics,Smartphone,18.0,7510,117578,2025-12-07
Jaipur,Fashion,Jeans,18.0,7347,6270,2025-12-22
Jaipur,Electronics,Smartphone,3.0,3191,9573,2025-07-05
Pune,Home Appliances,Mixer,26.0,1901,49426,2025-08-14
Delhi,Electronics,Laptop,3.0,7431,22293,2025-08-18
Delhi,Fashion,Jeans,25.0,3248,81200,2025-01-10
Chennai,Electronics,Tablet,29.0,7170,207930,2025-10-20
Hyderabad,Home Appliances,Air Cooler,3.0,4471,13413,2025-10-12
Pune,Fashion,Jeans,17.0,6061,103037,2025-09-03
Mumbai,Accessories,Headphones,36.0,3597,129492,2025-03-03
Mysuru,Fashion,Jeans,10.0,805,8050,2025-10-26
Chennai,Home Appliances,Air Cooler,16.0,1271,20336,2025-09-12
Mumbai,Accessories,Mouse,22.0,6471,142093,2025-09-25
Mumbai,Accessories,Headphones,29.0,5875,170375,2025-07-19
Bengaluru,Accessories,Keyboard,29.0,7496,103023,2025-01-18
Kolkata,Fashion,T-Shirt,28.0,5515,141036,2025-07-02
Chennai,Accessories,Headphones,8.0,1155,9240,2025-04-20
Bhopal,Accessories,Speaker,6.0,1320,7920,2025-03-03
Patna,Fashion,T-Shirt,11.0,7281,80091,2025-11-12
Surat,Accessories,Keyboard,16.0,7542,3435,2025-02-24
Mysuru,Accessories,Mouse,36.0,5045,30838,2025-01-17
Jaipur,Accessories,Speaker,29.0,4501,130529,2025-06-01
Jaipur,Electronics,Tablet,40.0,2423,96920,2025-10-27
Bengaluru,Accessories,Headphones,1.0,3888,3888,2025-11-11
Lucknow,Home Appliances,Fan,9.0,7041,56339,2025-01-15
Hyderabad,Accessories,Keyboard,20.0,2898,57960,2025-10-16
Chennai,Electronics,Smartphone,1.0,5884,5884,2025-08-16
Kolkata,Accessories,Headphones,22.0,6847,150634,2025-02-23
Hyderabad,Accessories,Keyboard,3.0,4646,13938,2025-07-02
Ahmedabad,Electronics,Camera,4.0,4349,17396,2025-06-17
Lucknow,Fashion,Watch,11.0,6495,20419,2025-12-06
Mysuru,Home Appliances,Air Cooler,11.0,5167,56837,2025-06-07
Surat,Fashion,Watch,4.0,7031,28124,2025-05-09
Mumbai,Accessories,Keyboard,18.0,4757,39874,2025-04-02
Patna,Accessories,Headphones,1.0,3785,3785,2025-09-21
Jaipur,Home Appliances,Air Cooler,5.0,7567,37835,2025-02-02
Jaipur,Accessories,Speaker,21.0,3034,63714,2025-07-02
Pune,Fashion,Shoes,12.0,4536,54432,2025-11-12
Jaipur,Accessories,Mouse,39.0,7902,79976,2025-07-22
Ahmedabad,Home Appliances,Air Cooler,19.0,2315,43985,2025-05-02
Hyderabad,Home Appliances,Fan,1.0,195,195,2025-05-16
Surat,Home Appliances,Air Cooler,12.0,3096,37152,2025-01-26
Kochi,Accessories,Mouse,6.0,3354,20124,2025-10-27
Patna,Electronics,Camera,16.0,1906,30496,2025-04-20
Kolkata,Electronics,Smartphone,7.0,1362,9534,2025-08-10
Kolkata,Electronics,Laptop,1.0,4143,4143,2025-07-06
Ahmedabad,Accessories,Keyboard,26.0,2143,18898,2025-07-13
Bengaluru,Accessories,Speaker,3.0,1377,4131,2025-06-28
Bhopal,Electronics,Laptop,34.0,6724,3415,2025-11-16
Bengaluru,Electronics,Camera,6.0,2422,14532,2025-11-03
Bhopal,Fashion,Shoes,15.0,6524,61919,2025-02-11
Bengaluru,Fashion,Shoes,3.0,7011,21033,2025-07-21
Mysuru,Fashion,Watch,25.0,1777,44425,2025-06-01
Hyderabad,Home Appliances,Fan,38.0,1423,54074,2025-09-28
Lucknow,Electronics,Laptop,11.0,5982,63495,2025-03-21
Chennai,Accessories,Keyboard,37.0,5260,141142,2025-04-18
Mysuru,Accessories,Keyboard,30.0,7577,97474,2025-09-23
Chennai,Electronics,Monitor,35.0,5947,136478,2025-02-19
Chennai,Fashion,Jeans,1.0,104,104,2025-05-27
Patna,Electronics,Tablet,40.0,6137,66732,2025-11-03
Patna,Electronics,Monitor,32.0,3281,55584,2025-04-03
Mumbai,Electronics,Laptop,29.0,1359,39411,2025-04-21
Bhopal,Fashion,T-Shirt,7.0,393,2751,2025-05-27
Hyderabad,Accessories,Speaker,36.0,6026,147019,2025-05-23
Mysuru,Fashion,Jeans,19.0,4835,54377,2025-10-10
Lucknow,Home Appliances,Fan,24.0,2624,62976,2025-01-22
Kochi,Home Appliances,Air Cooler,2.0,4132,8264,2025-04-11
Patna,Home Appliances,Air Cooler,13.0,2002,26026,2025-12-23
Mumbai,Home Appliances,Fan,18.0,7468,134424,2025-05-05
Jaipur,Fashion,Jeans,8.0,2560,20480,2025-12-05
Ahmedabad,Accessories,Speaker,3.0,6578,19734,2025-09-15
Bhopal,Home Appliances,Fan,6.0,7980,47880,2025-11-13
Pune,Fashion,Shoes,4.0,3946,2140,2025-02-16
Chennai,Accessories,Keyboard,24.0,3695,88680,2025-05-23
Pune,Fashion,Jeans,38.0,1251,47538,2025-11-14
Mumbai,Home Appliances,Mixer,23.0,4816,91580,2025-02-18
Pune,Accessories,Mouse,39.0,919,35841,2025-11-25
Surat,Electronics,Laptop,20.0,875,17500,2025-06-03
Surat,Home Appliances,Air Cooler,21.0,7345,154245,2025-03-19
Kochi,Accessories,Mouse,29.0,3113,90277,2025-11-20
Pune,Accessories,Mouse,8.0,1218,9744,2025-03-03
Jaipur,Fashion,Jeans,40.0,1050,21270,2025-08-10
Bhopal,Home Appliances,Air Cooler,21.0,283,5943,2025-04-20
Kolkata,Electronics,Tablet,8.0,964,7712,2025-03-26
Bengaluru,Accessories,Speaker,21.0,6497,118532,2025-10-03
Lucknow,Accessories,Headphones,13.0,6681,76765,2025-12-03
Pune,Electronics,Tablet,26.0,5034,130884,2025-09-15
Hyderabad,Accessories,Headphones,23.0,3660,84180,2025-02-26
Kolkata,Fashion,Jeans,6.0,6613,39678,2025-11-02
Pune,Accessories,Mouse,34.0,2290,45067,2025-05-21
Chennai,Accessories,Headphones,9.0,5986,53874,2025-09-07
Surat,Accessories,Keyboard,10.0,4353,43530,2025-05-19
Jaipur,Fashion,Watch,8.0,1017,8136,2025-12-05
Patna,Accessories,Keyboard,22.0,967,21274,2025-03-09
Lucknow,Home Appliances,Air Cooler,10.0,4016,40160,2025-04-22
Bengaluru,Fashion,Jeans,18.0,4204,31143,2025-01-25
Ahmedabad,Electronics,Camera,37.0,2366,87542,2025-01-14
Pune,Fashion,Watch,12.0,7140,85680,2025-02-26
Jaipur,Accessories,Headphones,10.0,7147,71470,2025-11-21
Kolkata,Accessories,Keyboard,5.0,7380,28317,2025-04-27
Mumbai,Electronics,Camera,16.0,3530,56480,2025-07-03
Hyderabad,Home Appliances,Air Cooler,2.0,6068,5299,2025-06-25
Ahmedabad,Accessories,Speaker,2.0,1952,3904,2025-03-22
Pune,Home Appliances,Air Cooler,10.0,393,3930,2025-08-12
Bhopal,Accessories,Headphones,13.0,626,8138,2025-06-04
Chennai,Accessories,Mouse,18.0,5218,93924,2025-02-02
Mumbai,Accessories,Headphones,17.0,992,16864,2025-05-20
Jaipur,Fashion,Jeans,9.0,1373,12357,2025-05-10
Surat,Home Appliances,Air Cooler,24.0,4660,105563,2025-03-16
Chennai,Home Appliances,Air Cooler,13.0,4201,54613,2025-04-03
Ahmedabad,Accessories,Mouse,35.0,5993,209755,2025-05-11
Hyderabad,Accessories,Keyboard,29.0,3719,29210,2025-06-22
Delhi,Fashion,Jeans,16.0,2564,41024,2025-04-04
Kolkata,Home Appliances,Mixer,20.0,2907,58140,2025-08-27
Bengaluru,Home Appliances,Mixer,21.0,4618,96978,2025-06-02
Patna,Home Appliances,Mixer,19.0,690,13110,2025-10-06
Pune,Home Appliances,Air Cooler,21.0,7416,155736,2025-05-08
Lucknow,Electronics,Tablet,28.0,1832,51296,2025-12-16
Mysuru,Electronics,Camera,3.0,1725,5175,2025-05-05
Kochi,Electronics,Monitor,16.0,5616,89856,2025-04-05
Bhopal,Electronics,Monitor,11.0,2725,29975,2025-05-23
Bengaluru,Fashion,T-Shirt,8.0,3014,24112,2025-08-05
Ahmedabad,Accessories,Keyboard,40.0,3263,86154,2025-09-02
Patna,Electronics,Tablet,6.0,4094,4022,2025-04-21
Surat,Accessories,Headphones,34.0,3950,134300,2025-07-21
Bhopal,Accessories,Headphones,6.0,3193,19158,2025-12-07
Pune,Accessories,Mouse,18.0,4689,12759,2025-05-09
Surat,Home Appliances,Mixer,27.0,3995,107865,2025-10-06
Ahmedabad,Home Appliances,Fan,3.0,7214,21642,2025-09-05
Mysuru,Fashion,Jeans,16.0,2000,32000,2025-12-15
Kochi,Home Appliances,Mixer,21.0,5548,22582,2025-10-17
Mysuru,Electronics,Monitor,4.0,541,2164,2025-11-19
Hyderabad,Fashion,Shoes,12.0,3035,36420,2025-10-09
Bengaluru,Accessories,Mouse,39.0,7753,118996,2025-09-22
Kochi,Home Appliances,Fan,28.0,7404,95137,2025-07-02
Pune,Accessories,Keyboard,20.0,2989,12048,2025-05-12
Bhopal,Electronics,Smartphone,38.0,6993,136975,2025-11-23
Mysuru,Electronics,Tablet,17.0,3854,65518,2025-03-17
Chennai,Fashion,Watch,2.0,5232,10464,2025-05-26
Jaipur,Electronics,Smartphone,7.0,6326,2049,2025-08-19
Mysuru,Home Appliances,Mixer,27.0,5547,149769,2025-01-22
Mumbai,Fashion,Watch,30.0,1693,50790,2025-02-22
Kolkata,Electronics,Monitor,38.0,5884,223592,2025-12-21
Delhi,Accessories,Headphones,12.0,1749,20988,2025-11-14
Delhi,Accessories,Speaker,27.0,3607,97389,2025-03-01
Kochi,Home Appliances,Air Cooler,32.0,5053,161696,2025-12-08
Hyderabad,Electronics,Laptop,35.0,2736,95760,2025-02-05
Jaipur,Accessories,Keyboard,18.0,4308,77544,2025-09-24
Patna,Accessories,Speaker,6.0,2988,17928,2025-09-06
Delhi,Home Appliances,Fan,34.0,6494,9720,2025-11-10
Kolkata,Fashion,Shoes,17.0,1643,27931,2025-12-20
Kolkata,Accessories,Keyboard,21.0,1615,33915,2025-08-21
Mumbai,Home Appliances,Air Cooler,7.0,1837,12859,2025-07-28
Mumbai,Fashion,Shoes,5.0,2438,12190,2025-03-01
Lucknow,Home Appliances,Fan,23.0,7991,168970,2025-10-16
Jaipur,Accessories,Keyboard,1.0,1897,1897,2025-12-02
Bhopal,Fashion,Watch,26.0,5205,135330,2025-02-26
Bengaluru,Fashion,Jeans,35.0,6387,131134,2025-09-25
Lucknow,Electronics,Camera,33.0,4596,81690,2025-01-26
Hyderabad,Electronics,Monitor,21.0,2001,42021,2025-05-13
Kolkata,Home Appliances,Mixer,28.0,781,21868,2025-02-27
Pune,Accessories,Mouse,28.0,4412,54698,2025-10-18
Mumbai,Home Appliances,Fan,9.0,1119,10071,2025-06-15
Chennai,Accessories,Mouse,34.0,2306,39318,2025-01-06
Kolkata,Fashion,Jeans,14.0,5337,74718,2025-09-24
Hyderabad,Fashion,T-Shirt,14.0,5861,78225,2025-05-09
Patna,Accessories,Speaker,19.0,5201,98819,2025-09-21
Patna,Electronics,Tablet,20.0,7640,73563,2025-12-28
Hyderabad,Home Appliances,Mixer,32.0,3789,83284,2025-04-03
Jaipur,Fashion,T-Shirt,2.0,6181,12362,2025-01-10
Kochi,Accessories,Speaker,28.0,835,23380,2025-01-02
Bengaluru,Electronics,Smartphone,9.0,3557,32013,2025-06-06
Patna,Fashion,T-Shirt,25.0,273,6825,2025-08-23
Chennai,Accessories,Speaker,40.0,2999,32969,2025-09-15
Patna,Accessories,Speaker,3.0,5603,16809,2025-08-28
Hyderabad,Accessories,Speaker,40.0,2149,85960,2025-07-12
Jaipur,Fashion,Watch,1.0,4770,4770,2025-08-11
Lucknow,Home Appliances,Fan,26.0,902,23452,2025-06-17
Delhi,Accessories,Mouse,10.0,5569,11582,2025-11-28
Kochi,Accessories,Headphones,35.0,2875,16240,2025-12-10
Lucknow,Home Appliances,Air Cooler,25.0,2693,67325,2025-01-12
Delhi,Home Appliances,Air Cooler,36.0,3929,16179,2025-04-11
Chennai,Electronics,Tablet,25.0,6168,154200,2025-07-04
Bhopal,Accessories,Headphones,16.0,4223,67568,2025-12-04
Kochi,Accessories,Headphones,40.0,7178,178770,2025-01-17
Delhi,Fashion,Watch,31.0,2398,19984,2025-07-02
Jaipur,Electronics,Smartphone,30.0,3254,97620,2025-11-15
Surat,Fashion,Watch,1.0,7015,7015,2025-06-27
Chennai,Accessories,Speaker,40.0,7745,10922,2025-11-18
Chennai,Electronics,Tablet,1.0,5473,5473,2025-07-21
Surat,Electronics,Smartphone,40.0,1464,58560,2025-08-01
Delhi,Electronics,Laptop,38.0,5714,140839,2025-12-22
Hyderabad,Electronics,Laptop,29.0,2319,67251,2025-03-24
Bhopal,Fashion,T-Shirt,19.0,1810,34390,2025-02-21
Mumbai,Accessories,Speaker,40.0,4042,39124,2025-12-04
Pune,Fashion,T-Shirt,33.0,2307,2483,2025-04-22
Mumbai,Fashion,Shoes,39.0,5588,61926,2025-01-12
Pune,Fashion,Watch,11.0,7401,58386,2025-01-08
Chennai,Fashion,T-Shirt,31.0,5607,173817,2025-09-11
Jaipur,Home Appliances,Mixer,15.0,5802,59776,2025-11-10
Bengaluru,Electronics,Monitor,2.0,7438,4709,2025-01-27
Jaipur,Home Appliances,Fan,21.0,3104,65184,2025-08-12
Patna,Electronics,Monitor,25.0,7015,60637,2025-08-04
Bengaluru,Home Appliances,Mixer,23.0,7737,68242,2025-08-07
Mumbai,Home Appliances,Fan,2.0,4366,8732,2025-12-12
Kolkata,Home Appliances,Air Cooler,5.0,861,4305,2025-01-28
Ahmedabad,Accessories,Headphones,6.0,400,2400,2025-05-25
Kochi,Fashion,Jeans,38.0,6643,139623,2025-03-07
Kochi,Electronics,Camera,4.0,6776,18680,2025-03-08
Kolkata,Home Appliances,Air Cooler,31.0,2699,83669,2025-08-01
Lucknow,Accessories,Keyboard,4.0,3589,14356,2025-07-03
Kochi,Home Appliances,Mixer,23.0,4395,72850,2025-08-05
Mysuru,Accessories,Keyboard,7.0,5714,39998,2025-01-19
Lucknow,Electronics,Monitor,34.0,5278,51243,2025-03-07
Lucknow,Home Appliances,Mixer,31.0,2908,90148,2025-12-05
Pune,Electronics,Smartphone,3.0,7237,21711,2025-04-05
Mumbai,Home Appliances,Mixer,33.0,3446,46816,2025-11-11
Chennai,Accessories,Mouse,7.0,7171,50197,2025-04-14
Lucknow,Accessories,Keyboard,7.0,5649,39543,2025-08-17
Kochi,Electronics,Tablet,16.0,1148,18368,2025-02-24
Mysuru,Electronics,Camera,17.0,3816,64872,2025-01-13
Bhopal,Electronics,Laptop,25.0,677,16925,2025-11-01
Kochi,Electronics,Tablet,37.0,1059,39183,2025-11-27
Bengaluru,Fashion,Watch,11.0,5021,37577,2025-10-26
Delhi,Accessories,Keyboard,21.0,4724,99204,2025-05-17
Bhopal,Fashion,Watch,19.0,356,6764,2025-05-13
Chennai,Home Appliances,Air Cooler,17.0,4431,75327,2025-01-16
Bhopal,Fashion,Shoes,21.0,3354,70434,2025-12-08
Mysuru,Electronics,Smartphone,38.0,7019,193549,2025-06-14
Surat,Home Appliances,Mixer,6.0,2299,13794,2025-04-10
Hyderabad,Electronics,Tablet,37.0,3225,109952,2025-02-02
Delhi,Electronics,Camera,35.0,3267,114345,2025-09-24
Jaipur,Home Appliances,Fan,32.0,7193,125708,2025-07-23
Kochi,Home Appliances,Mixer,38.0,2948,12881,2025-10-03
Kochi,Home Appliances,Mixer,32.0,3960,126720,2025-08-17
Jaipur,Home Appliances,Mixer,28.0,2431,37544,2025-05-13
Pune,Accessories,Headphones,33.0,4614,8990,2025-05-17
Pune,Fashion,T-Shirt,28.0,3584,98833,2025-11-03
Lucknow,Home Appliances,Mixer,22.0,499,10978,2025-05-26
Kochi,Electronics,Laptop,13.0,5015,65195,2025-08-13
Pune,Home Appliances,Mixer,12.0,261,3132,2025-07-01
Lucknow,Accessories,Mouse,17.0,705,11985,2025-03-14
Chennai,Fashion,Jeans,21.0,3137,65877,2025-10-17
Bhopal,Electronics,Smartphone,6.0,2757,16542,2025-11-21
Chennai,Fashion,Jeans,29.0,7035,111111,2025-09-13
Chennai,Fashion,Watch,24.0,3790,90960,2025-04-10
Mysuru,Accessories,Headphones,3.0,1556,4668,2025-04-24
Kochi,Electronics,Tablet,19.0,5496,61413,2025-02-14
Kolkata,Electronics,Laptop,32.0,5782,124131,2025-02-09
Surat,Electronics,Tablet,31.0,4427,137237,2025-08-01
Mumbai,Accessories,Mouse,11.0,5726,33368,2025-09-25
Patna,Home Appliances,Air Cooler,33.0,4569,150777,2025-05-26
Jaipur,Fashion,Shoes,18.0,7689,138402,2025-10-28
Mysuru,Home Appliances,Mixer,13.0,4355,56615,2025-04-17
Kolkata,Electronics,Laptop,38.0,1875,41998,2025-02-05
Chennai,Electronics,Laptop,40.0,7071,79348,2025-05-22
Bengaluru,Accessories,Speaker,34.0,2122,72148,2025-05-16
Jaipur,Accessories,Headphones,20.0,7159,143180,2025-11-25
Pune,Home Appliances,Mixer,35.0,1606,56210,2025-07-15
Bengaluru,Home Appliances,Fan,23.0,6914,159022,2025-12-12
Jaipur,Electronics,Smartphone,9.0,7506,67554,2025-05-14
Chennai,Home Appliances,Mixer,34.0,7316,203790,2025-04-13
Bengaluru,Electronics,Smartphone,34.0,231,7854,2025-04-18
Bengaluru,Fashion,Jeans,29.0,5293,153497,2025-06-20
Delhi,Accessories,Mouse,6.0,7767,46602,2025-06-25
Mysuru,Electronics,Laptop,13.0,4727,61451,2025-08-01
Kochi,Accessories,Headphones,36.0,332,11952,2025-04-07
Bhopal,Electronics,Camera,18.0,4497,80946,2025-10-11
Kolkata,Electronics,Laptop,39.0,1608,9322,2025-08-19
Delhi,Accessories,Speaker,28.0,2208,61824,2025-10-17
Mumbai,Accessories,Headphones,4.0,7827,9318,2025-11-11
Pune,Fashion,Jeans,30.0,2453,73590,2025-08-16
Hyderabad,Electronics,Laptop,31.0,7881,158070,2025-04-09
Lucknow,Home Appliances,Fan,24.0,2726,65424,2025-09-16
Mysuru,Electronics,Monitor,10.0,2475,24750,2025-10-22
Jaipur,Home Appliances,Fan,16.0,6800,108800,2025-10-24
Bengaluru,Home Appliances,Fan,16.0,282,4512,2025-10-25
Bengaluru,Accessories,Speaker,8.0,3299,26392,2025-09-13
Mumbai,Fashion,Jeans,2.0,541,1082,2025-09-09
Lucknow,Fashion,Shoes,5.0,7891,21859,2025-02-03
Ahmedabad,Electronics,Monitor,24.0,779,18696,2025-10-26
Bhopal,Home Appliances,Air Cooler,29.0,6980,169969,2025-04-22
Jaipur,Home Appliances,Mixer,4.0,1765,7060,2025-04-15
Hyderabad,Accessories,Speaker,16.0,2437,38992,2025-05-26
Hyderabad,Accessories,Headphones,11.0,657,7227,2025-01-27
Bengaluru,Accessories,Keyboard,17.0,4066,69122,2025-08-09
Patna,Accessories,Keyboard,24.0,7400,40974,2025-08-24
Jaipur,Fashion,T-Shirt,25.0,779,19475,2025-02-23
Bengaluru,Accessories,Headphones,39.0,5212,107781,2025-06-10
Surat,Home Appliances,Mixer,34.0,1510,47414,2025-02-10
Lucknow,Electronics,Monitor,5.0,1437,7185,2025-12-20
Kochi,Fashion,Watch,8.0,5024,40192,2025-01-06
Lucknow,Home Appliances,Mixer,23.0,1189,27347,2025-03-07
Lucknow,Fashion,T-Shirt,39.0,5573,122479,2025-01-15
Ahmedabad,Fashion,Shoes,3.0,3960,11880,2025-04-02
Chennai,Home Appliances,Mixer,13.0,4801,62413,2025-01-26
Hyderabad,Fashion,Jeans,19.0,4870,73542,2025-01-16
Chennai,Accessories,Speaker,6.0,627,3762,2025-05-05
Bhopal,Fashion,Watch,40.0,5536,35508,2025-11-02
Hyderabad,Electronics,Camera,17.0,3035,51595,2025-10-12
Bengaluru,Accessories,Speaker,11.0,1385,15235,2025-10-11
Jaipur,Accessories,Keyboard,35.0,4759,74142,2025-10-05
Mysuru,Electronics,Tablet,37.0,2069,76553,2025-07-13
Kochi,Fashion,T-Shirt,27.0,4419,119313,2025-08-19
Jaipur,Fashion,T-Shirt,39.0,6306,237111,2025-06-14
Mysuru,Electronics,Camera,23.0,6525,125762,2025-02-28
Bhopal,Electronics,Smartphone,38.0,2289,50491,2025-11-28
Jaipur,Fashion,Jeans,12.0,3747,44964,2025-08-25
Chennai,Home Appliances,Mixer,31.0,7247,148610,2025-02-27
Pune,Accessories,Mouse,34.0,3171,107814,2025-10-05
Mysuru,Fashion,T-Shirt,26.0,265,6890,2025-05-24
Mumbai,Accessories,Headphones,20.0,5896,117920,2025-03-23
Jaipur,Electronics,Camera,22.0,3347,73634,2025-04-08
Hyderabad,Fashion,Shoes,8.0,2776,22208,2025-09-16
Lucknow,Fashion,Watch,37.0,5841,171569,2025-11-27
Delhi,Accessories,Mouse,25.0,3510,49052,2025-08-22
Surat,Electronics,Monitor,14.0,2754,38556,2025-07-08
Jaipur,Accessories,Speaker,40.0,7232,67520,2025-06-07
Pune,Electronics,Smartphone,12.0,7166,85992,2025-11-21
Kochi,Accessories,Mouse,30.0,2138,64140,2025-05-13
Chennai,Electronics,Laptop,35.0,3906,136710,2025-01-02
Bhopal,Fashion,Watch,10.0,6947,69470,2025-11-08
Lucknow,Fashion,Shoes,26.0,1505,22652,2025-02-11
Pune,Electronics,Monitor,2.0,4552,9104,2025-09-10
Pune,Accessories,Headphones,22.0,4374,96228,2025-07-14
Mumbai,Home Appliances,Fan,30.0,2090,62700,2025-09-19
Jaipur,Electronics,Tablet,40.0,362,14480,2025-07-21
Kochi,Accessories,Mouse,28.0,5380,120398,2025-04-21
Mumbai,Electronics,Laptop,13.0,5195,67535,2025-10-17
Hyderabad,Electronics,Camera,30.0,5386,116492,2025-01-10
Ahmedabad,Electronics,Tablet,7.0,5490,38430,2025-01-06
Bhopal,Electronics,Camera,35.0,3782,132370,2025-07-18
Chennai,Electronics,Monitor,37.0,6337,47517,2025-07-13
Mumbai,Accessories,Mouse,8.0,1042,8336,2025-08-18
Patna,Accessories,Headphones,20.0,1113,20346,2025-05-09
Delhi,Electronics,Tablet,38.0,5638,72708,2025-11-08
Pune,Home Appliances,Fan,25.0,747,18675,2025-10-22
Delhi,Home Appliances,Air Cooler,12.0,6343,76116,2025-09-17
Patna,Home Appliances,Air Cooler,5.0,1870,9350,2025-05-26
Kochi,Accessories,Speaker,27.0,4174,42652,2025-10-23
Pune,Accessories,Mouse,3.0,2063,6189,2025-10-20
Bhopal,Fashion,Watch,39.0,3254,81816,2025-02-03
Pune,Home Appliances,Mixer,6.0,5163,30978,2025-04-02
Mumbai,Accessories,Headphones,1.0,4880,4880,2025-01-16
Lucknow,Home Appliances,Mixer,36.0,6938,33466,2025-01-06
Bengaluru,Home Appliances,Mixer,32.0,5268,14367,2025-12-02
Lucknow,Fashion,Watch,22.0,7993,25480,2025-08-09
Lucknow,Electronics,Camera,16.0,3923,62768,2025-04-13
Bhopal,Fashion,Watch,39.0,3870,72564,2025-07-20
Kolkata,Accessories,Headphones,39.0,3330,129870,2025-02-06
Lucknow,Accessories,Speaker,21.0,6746,141666,2025-07-03
Kolkata,Fashion,T-Shirt,5.0,1850,9250,2025-05-13
Hyderabad,Electronics,Camera,10.0,2879,28790,2025-09-06
Mysuru,Home Appliances,Mixer,32.0,7738,187000,2025-03-13
Jaipur,Fashion,Shoes,21.0,193,4053,2025-02-04
Kolkata,Accessories,Speaker,39.0,2152,53284,2025-07-02
Ahmedabad,Electronics,Monitor,7.0,1249,8743,2025-06-10
Hyderabad,Electronics,Laptop,31.0,7048,218488,2025-06-21
Pune,Home Appliances,Air Cooler,22.0,5906,70065,2025-02-07
Kochi,Electronics,Monitor,2.0,6099,12198,2025-09-23
Ahmedabad,Home Appliances,Air Cooler,18.0,5465,52746,2025-10-01
Ahmedabad,Electronics,Camera,35.0,4148,72019,2025-02-01
Jaipur,Fashion,Shoes,28.0,4468,111106,2025-04-11
Jaipur,Home Appliances,Fan,34.0,1672,31776,2025-03-06
Hyderabad,Electronics,Smartphone,30.0,7488,142175,2025-08-10
Patna,Home Appliances,Fan,11.0,1636,17996,2025-08-08
Lucknow,Home Appliances,Mixer,38.0,846,32148,2025-04-01
Ahmedabad,Home Appliances,Mixer,35.0,7697,208105,2025-09-03
Hyderabad,Accessories,Speaker,16.0,7652,122432,2025-06-16
Ahmedabad,Electronics,Smartphone,10.0,2625,26250,2025-08-22
Kochi,Fashion,T-Shirt,28.0,4115,115220,2025-12-23
Patna,Electronics,Smartphone,18.0,5076,91368,2025-06-16
Lucknow,Accessories,Keyboard,7.0,7117,49819,2025-10-19
Pune,Accessories,Headphones,27.0,5802,156654,2025-12-18
Bengaluru,Electronics,Camera,15.0,1913,28695,2025-03-24
Bengaluru,Accessories,Speaker,28.0,2196,61488,2025-05-07
Pune,Accessories,Mouse,4.0,7922,31688,2025-02-26
Mysuru,Home Appliances,Air Cooler,14.0,198,2772,2025-05-03
Kochi,Accessories,Headphones,22.0,7553,32847,2025-06-10
Kolkata,Fashion,Jeans,31.0,4058,107358,2025-01-25
Surat,Electronics,Smartphone,1.0,997,997,2025-09-01
Kochi,Accessories,Mouse,15.0,4434,29437,2025-02-21
Kolkata,Accessories,Headphones,39.0,6563,62424,2025-10-01
Patna,Electronics,Camera,13.0,6350,82550,2025-02-11
Lucknow,Accessories,Mouse,28.0,7829,82491,2025-05-11
Kolkata,Fashion,Jeans,39.0,6432,201755,2025-06-16
Ahmedabad,Fashion,Jeans,32.0,1865,59680,2025-11-10
Mysuru,Home Appliances,Mixer,17.0,5898,100266,2025-02-17
Kolkata,Electronics,Monitor,13.0,1396,18148,2025-07-04
Mumbai,Home Appliances,Mixer,34.0,1467,49878,2025-04-05
Patna,Fashion,Jeans,9.0,3851,34659,2025-12-20
Delhi,Home Appliances,Air Cooler,29.0,7170,207930,2025-04-02
Hyderabad,Accessories,Keyboard,1.0,7772,7772,2025-11-05
Surat,Electronics,Monitor,26.0,6919,179894,2025-01-06
Lucknow,Home Appliances,Fan,13.0,1146,14898,2025-06-10
Bhopal,Fashion,Shoes,17.0,3513,59721,2025-06-10
Surat,Fashion,T-Shirt,34.0,6272,120449,2025-05-03
Jaipur,Fashion,Jeans,25.0,3956,98900,2025-09-14
Ahmedabad,Fashion,Jeans,22.0,6845,112327,2025-06-01
Kolkata,Home Appliances,Fan,2.0,7880,15760,2025-08-01
Bhopal,Fashion,Watch,36.0,3404,122544,2025-07-15
Surat,Home Appliances,Mixer,3.0,4562,13686,2025-05-24
Kochi,Home Appliances,Air Cooler,21.0,6940,112935,2025-06-11
Hyderabad,Accessories,Keyboard,32.0,4981,159392,2025-08-05
Mysuru,Home Appliances,Air Cooler,15.0,3102,46530,2025-08-10
Chennai,Accessories,Mouse,23.0,5625,129375,2025-03-11
Bengaluru,Electronics,Camera,38.0,3342,126996,2025-05-11
Surat,Electronics,Camera,20.0,888,10323,2025-09-23
Kochi,Home Appliances,Fan,4.0,3813,15252,2025-09-25
Bengaluru,Electronics,Monitor,13.0,4573,59449,2025-06-03
Pune,Home Appliances,Air Cooler,24.0,6104,144519,2025-01-25
Pune,Fashion,Watch,32.0,3204,102528,2025-04-26
Ahmedabad,Electronics,Tablet,22.0,512,11264,2025-04-26
Chennai,Fashion,Shoes,19.0,2675,50825,2025-03-05
Jaipur,Home Appliances,Mixer,30.0,3956,50823,2025-09-07
Kolkata,Home Appliances,Air Cooler,32.0,6470,6069,2025-03-21
Jaipur,Electronics,Camera,28.0,6745,67545,2025-09-22
Kochi,Home Appliances,Fan,20.0,5248,72798,2025-12-13
Ahmedabad,Fashion,T-Shirt,31.0,6682,32212,2025-10-09
Delhi,Fashion,T-Shirt,12.0,806,9672,2025-05-24
Pune,Electronics,Smartphone,38.0,7879,58701,2025-10-27
Mysuru,Electronics,Laptop,8.0,2855,22840,2025-09-22
Pune,Fashion,Watch,11.0,4603,50633,2025-12-17
Kochi,Accessories,Headphones,31.0,4843,150133,2025-02-03
Patna,Electronics,Laptop,36.0,3826,137736,2025-12-03
Patna,Fashion,T-Shirt,36.0,885,31860,2025-03-25
Mumbai,Accessories,Mouse,40.0,6115,119219,2025-01-25
Lucknow,Fashion,Watch,12.0,2986,35832,2025-10-23
Lucknow,Fashion,T-Shirt,15.0,709,10635,2025-09-09
Kolkata,Accessories,Headphones,14.0,6400,65161,2025-02-24
Chennai,Accessories,Mouse,16.0,612,9792,2025-08-12
Mysuru,Accessories,Headphones,12.0,5661,67932,2025-12-17
Bhopal,Accessories,Keyboard,19.0,5925,112575,2025-03-18
Delhi,Electronics,Monitor,12.0,2322,27864,2025-06-27
Patna,Fashion,Jeans,11.0,4073,44803,2025-03-04
Hyderabad,Fashion,T-Shirt,29.0,5065,27941,2025-12-17
Ahmedabad,Home Appliances,Air Cooler,27.0,7096,33726,2025-10-23
Hyderabad,Accessories,Speaker,28.0,6646,186088,2025-10-06
Ahmedabad,Electronics,Laptop,38.0,5321,202198,2025-02-03
Mumbai,Electronics,Camera,8.0,6474,7748,2025-03-28
Hyderabad,Fashion,T-Shirt,6.0,702,4212,2025-03-16
Mumbai,Home Appliances,Mixer,15.0,6496,97440,2025-08-16
Kolkata,Accessories,Headphones,37.0,4885,30882,2025-03-10
Jaipur,Electronics,Camera,34.0,290,9860,2025-02-09
Kochi,Electronics,Monitor,7.0,6202,43414,2025-05-17
Mumbai,Electronics,Monitor,40.0,4048,127657,2025-10-05
Hyderabad,Fashion,T-Shirt,8.0,4301,26780,2025-01-20
Jaipur,Accessories,Keyboard,10.0,3602,36020,2025-11-01
Bhopal,Electronics,Tablet,1.0,3432,3432,2025-04-07
Jaipur,Electronics,Smartphone,18.0,4789,86202,2025-05-25
Surat,Home Appliances,Mixer,34.0,7438,42672,2025-06-05
Hyderabad,Home Appliances,Fan,24.0,2069,49656,2025-11-09
Bhopal,Home Appliances,Air Cooler,16.0,3263,52208,2025-03-20
Lucknow,Accessories,Headphones,2.0,3823,7646,2025-09-04
Ahmedabad,Home Appliances,Air Cooler,27.0,6197,116962,2025-09-20
Pune,Accessories,Headphones,10.0,3430,34300,2025-10-17
Jaipur,Accessories,Mouse,40.0,5439,39030,2025-08-18
Kochi,Accessories,Keyboard,37.0,728,26936,2025-08-11
Bengaluru,Home Appliances,Fan,32.0,3014,18389,2025-03-04
Pune,Fashion,Watch,7.0,2072,14504,2025-09-10
Pune,Home Appliances,Air Cooler,9.0,224,2016,2025-04-27
Hyderabad,Fashion,Watch,34.0,3883,95312,2025-06-03
Delhi,Fashion,Jeans,25.0,3824,68116,2025-05-23
Mumbai,Electronics,Laptop,32.0,2084,66688,2025-07-01
Mumbai,Fashion,Watch,36.0,1269,45684,2025-03-07
Jaipur,Accessories,Keyboard,39.0,3067,119613,2025-10-18
Pune,Electronics,Monitor,29.0,695,20155,2025-01-08
Mysuru,Electronics,Smartphone,35.0,4438,77266,2025-08-19
Jaipur,Accessories,Keyboard,5.0,4777,23885,2025-03-17
Ahmedabad,Home Appliances,Mixer,39.0,5590,159617,2025-10-21
Mumbai,Fashion,Watch,35.0,2971,103985,2025-01-07
Delhi,Electronics,Camera,33.0,6155,155889,2025-06-04
Kolkata,Home Appliances,Air Cooler,23.0,209,4807,2025-07-07
Jaipur,Home Appliances,Fan,26.0,2149,55874,2025-08-26
Pune,Home Appliances,Fan,15.0,3516,52740,2025-01-19
Delhi,Fashion,Watch,10.0,2407,24070,2025-09-27
Delhi,Fashion,Watch,31.0,381,11811,2025-07-06
Surat,Electronics,Laptop,26.0,4125,101237,2025-09-23
Ahmedabad,Electronics,Monitor,5.0,3225,16125,2025-09-13
Kochi,Fashion,Jeans,19.0,3005,57095,2025-04-17
Jaipur,Electronics,Camera,5.0,7898,39490,2025-05-19
Jaipur,Fashion,T-Shirt,24.0,432,10368,2025-05-08
Bhopal,Fashion,Jeans,8.0,5930,47440,2025-06-06
Jaipur,Home Appliances,Air Cooler,2.0,895,1790,2025-04-24
Bhopal,Home Appliances,Air Cooler,14.0,699,9786,2025-07-25
Surat,Electronics,Tablet,6.0,4059,24354,2025-01-19
Surat,Home Appliances,Mixer,15.0,2810,15232,2025-07-21
Kochi,Electronics,Monitor,12.0,3497,41964,2025-12-05
Chennai,Accessories,Mouse,36.0,1154,41544,2025-02-06
Bhopal,Accessories,Headphones,18.0,2090,37620,2025-08-18
Delhi,Home Appliances,Air Cooler,13.0,7124,92612,2025-06-13
Patna,Home Appliances,Air Cooler,5.0,1588,7940,2025-09-02
Lucknow,Accessories,Mouse,12.0,7069,84828,2025-02-23
Surat,Home Appliances,Mixer,25.0,6595,164875,2025-05-18
Jaipur,Home Appliances,Fan,30.0,4238,71299,2025-12-28
Delhi,Home Appliances,Mixer,26.0,345,8970,2025-03-22
Mysuru,Fashion,Jeans,1.0,5463,5463,2025-08-22
Mumbai,Electronics,Camera,2.0,7492,14984,2025-10-10
Hyderabad,Accessories,Keyboard,19.0,4727,89813,2025-04-22
Bhopal,Fashion,Shoes,12.0,2231,26772,2025-08-12
Patna,Fashion,Watch,3.0,7539,22617,2025-12-19
Delhi,Fashion,T-Shirt,6.0,6089,34709,2025-09-28
Patna,Electronics,Monitor,36.0,1290,24817,2025-05-05
Ahmedabad,Fashion,Watch,38.0,1370,52060,2025-01-08
Hyderabad,Accessories,Keyboard,20.0,5539,110780,2025-11-10
Surat,Home Appliances,Fan,38.0,739,28082,2025-02-27
Chennai,Accessories,Speaker,6.0,6580,39480,2025-02-18
Mysuru,Fashion,Watch,19.0,2086,39634,2025-10-18
Lucknow,Home Appliances,Mixer,12.0,7334,88008,2025-03-13
Pune,Fashion,T-Shirt,14.0,602,8428,2025-02-04
Patna,Fashion,Watch,14.0,7838,109732,2025-06-05
Lucknow,Accessories,Headphones,17.0,1901,32317,2025-01-01
Chennai,Accessories,Speaker,31.0,4617,143127,2025-09-11
Lucknow,Home Appliances,Fan,12.0,5349,47981,2025-12-19
Mumbai,Home Appliances,Air Cooler,8.0,4567,36536,2025-08-17
Mysuru,Home Appliances,Mixer,20.0,6438,128760,2025-09-05
Kolkata,Home Appliances,Fan,23.0,5607,128961,2025-02-13
Mysuru,Fashion,Shoes,8.0,6947,55576,2025-11-01
Jaipur,Fashion,Watch,39.0,4583,92170,2025-06-18
Jaipur,Fashion,Watch,8.0,2092,16736,2025-10-23
Pune,Accessories,Keyboard,14.0,2991,41874,2025-01-08
Mumbai,Home Appliances,Mixer,17.0,3402,57834,2025-07-19
Hyderabad,Fashion,T-Shirt,1.0,814,814,2025-10-03
Bhopal,Accessories,Mouse,26.0,2288,59488,2025-10-26
Kolkata,Electronics,Laptop,2.0,7440,14880,2025-06-15
Patna,Electronics,Smartphone,4.0,4557,18228,2025-01-07
Surat,Electronics,Camera,33.0,1287,42471,2025-09-11
Delhi,Electronics,Monitor,26.0,6599,171574,2025-02-11
Pune,Home Appliances,Fan,6.0,7742,46452,2025-11-04
Bengaluru,Home Appliances,Mixer,22.0,6507,143154,2025-10-01
Bhopal,Accessories,Speaker,27.0,5023,92746,2025-06-24
Delhi,Electronics,Tablet,21.0,6697,140637,2025-05-07
Hyderabad,Home Appliances,Air Cooler,17.0,435,7395,2025-01-12
Chennai,Accessories,Headphones,20.0,4573,91460,2025-02-15
Mysuru,Accessories,Mouse,34.0,1713,58242,2025-11-10
Patna,Home Appliances,Fan,38.0,4678,160305,2025-02-06
Patna,Accessories,Mouse,22.0,3915,86130,2025-10-12
Patna,Home Appliances,Fan,18.0,5544,41674,2025-05-08
Patna,Home Appliances,Air Cooler,34.0,2156,57062,2025-05-06
Lucknow,Accessories,Speaker,24.0,3715,89160,2025-01-09
Surat,Electronics,Camera,20.0,6601,132020,2025-09-12
Surat,Fashion,Shoes,36.0,5621,202356,2025-04-09
Hyderabad,Home Appliances,Mixer,14.0,4321,60494,2025-06-03
Delhi,Electronics,Camera,27.0,3183,85941,2025-02-14
Hyderabad,Home Appliances,Mixer,28.0,5210,143527,2025-03-19
Patna,Accessories,Speaker,1.0,1592,1592,2025-12-07
Lucknow,Fashion,Shoes,34.0,2509,85306,2025-07-02
Lucknow,Home Appliances,Air Cooler,16.0,2172,34752,2025-04-19
Patna,Electronics,Tablet,40.0,6696,176324,2025-12-14
Chennai,Home Appliances,Fan,22.0,5577,99515,2025-06-09
Kolkata,Electronics,Laptop,33.0,1397,46101,2025-11-23
Hyderabad,Accessories,Mouse,40.0,6139,232847,2025-02-20
Pune,Home Appliances,Air Cooler,35.0,3623,126805,2025-05-24
Patna,Accessories,Headphones,1.0,3315,3315,2025-05-23
Patna,Accessories,Mouse,3.0,976,2928,2025-07-06
Bengaluru,Electronics,Camera,10.0,2051,20510,2025-05-22
Hyderabad,Home Appliances,Fan,25.0,2856,71400,2025-05-09
Lucknow,Accessories,Mouse,28.0,2055,57540,2025-11-25
Hyderabad,Electronics,Camera,31.0,1908,59148,2025-04-06
Bengaluru,Electronics,Monitor,23.0,2890,47285,2025-05-03
Kochi,Accessories,Keyboard,33.0,3188,46308,2025-09-14
Kochi,Accessories,Speaker,7.0,1858,13006,2025-11-03
Ahmedabad,Home Appliances,Mixer,21.0,1295,27195,2025-11-22
Kochi,Fashion,T-Shirt,31.0,1307,33154,2025-03-16
Bengaluru,Electronics,Monitor,29.0,221,6409,2025-06-26
Kochi,Accessories,Keyboard,15.0,2215,33225,2025-07-13
Ahmedabad,Fashion,Shoes,3.0,2480,7440,2025-03-07
Hyderabad,Fashion,T-Shirt,16.0,5748,91968,2025-10-24
Pune,Electronics,Camera,4.0,7091,28364,2025-07-16
Surat,Home Appliances,Air Cooler,32.0,1117,35744,2025-03-14
Bengaluru,Accessories,Headphones,32.0,1259,40288,2025-08-27
Chennai,Accessories,Speaker,21.0,808,16968,2025-06-20
Mumbai,Fashion,Watch,20.0,1632,32640,2025-03-08
Patna,Accessories,Mouse,30.0,2215,66450,2025-11-16
Kochi,Home Appliances,Mixer,27.0,4234,80228,2025-03-07
Jaipur,Fashion,Watch,33.0,1471,48543,2025-10-03
Bhopal,Fashion,T-Shirt,30.0,5529,30158,2025-01-01
Jaipur,Electronics,Smartphone,8.0,1326,10608,2025-11-12
Bhopal,Accessories,Headphones,32.0,4872,155904,2025-05-25
Mysuru,Electronics,Camera,20.0,441,8820,2025-03-26
Mumbai,Fashion,T-Shirt,36.0,2352,84672,2025-01-04
Mumbai,Accessories,Speaker,7.0,336,2352,2025-01-12
Delhi,Accessories,Headphones,20.0,3286,65720,2025-09-24
Ahmedabad,Electronics,Monitor,4.0,6800,27200,2025-07-25
Kolkata,Fashion,Jeans,32.0,3577,114464,2025-06-27
Mysuru,Fashion,T-Shirt,27.0,949,25623,2025-12-07
Ahmedabad,Accessories,Mouse,18.0,732,13176,2025-01-15
Pune,Fashion,Shoes,15.0,2334,35010,2025-05-10
Lucknow,Electronics,Camera,33.0,3565,117645,2025-09-21
Pune,Home Appliances,Fan,21.0,2050,43050,2025-01-04
Ahmedabad,Electronics,Smartphone,19.0,5322,101118,2025-03-23
Delhi,Home Appliances,Mixer,10.0,7210,72100,2025-07-01
Kochi,Accessories,Keyboard,40.0,5481,32705,2025-05-27
Chennai,Electronics,Monitor,27.0,1359,36693,2025-08-19
Delhi,Fashion,Jeans,37.0,5338,59493,2025-11-19
Mumbai,Fashion,Watch,15.0,3325,5118,2025-09-16
Bhopal,Accessories,Speaker,31.0,3247,21984,2025-11-03
Lucknow,Electronics,Smartphone,19.0,1062,11293,2025-03-11
Lucknow,Home Appliances,Mixer,31.0,4829,103832,2025-09-07
Mysuru,Fashion,Shoes,13.0,6165,80145,2025-07-12
Mysuru,Fashion,T-Shirt,14.0,4820,67480,2025-06-17
Surat,Electronics,Camera,26.0,2846,73996,2025-09-25
Pune,Accessories,Headphones,24.0,4406,105744,2025-02-25
Chennai,Electronics,Smartphone,21.0,7337,107830,2025-05-04
Patna,Accessories,Mouse,29.0,159,4611,2025-01-14
Chennai,Accessories,Mouse,7.0,1905,13335,2025-01-18
Bengaluru,Fashion,T-Shirt,18.0,537,9666,2025-12-18
Mumbai,Electronics,Smartphone,15.0,6244,29073,2025-02-14
Bhopal,Accessories,Keyboard,2.0,7656,15312,2025-04-23
Chennai,Accessories,Keyboard,28.0,5400,151200,2025-10-15
Lucknow,Fashion,T-Shirt,5.0,5904,29520,2025-11-21
Hyderabad,Accessories,Headphones,3.0,1603,4809,2025-02-27
Pune,Fashion,T-Shirt,13.0,5724,71946,2025-06-11
Kolkata,Home Appliances,Fan,13.0,1987,25831,2025-08-01
Kolkata,Fashion,Shoes,22.0,5487,76609,2025-10-23
Surat,Electronics,Tablet,30.0,6763,28203,2025-07-05
Pune,Fashion,Watch,6.0,4128,24768,2025-12-28
Kochi,Home Appliances,Mixer,1.0,5395,3710,2025-11-17
Bhopal,Electronics,Camera,4.0,7524,30096,2025-01-18
Patna,Accessories,Headphones,24.0,5550,133200,2025-05-04
Pune,Fashion,T-Shirt,17.0,6107,103819,2025-02-09
Lucknow,Home Appliances,Air Cooler,15.0,7970,119550,2025-07-24
Delhi,Electronics,Laptop,17.0,6216,105672,2025-06-12
Chennai,Electronics,Tablet,25.0,162,4050,2025-04-04
Kolkata,Accessories,Keyboard,6.0,4022,24132,2025-06-01
Delhi,Fashion,Shoes,12.0,1757,21084,2025-07-01
Pune,Home Appliances,Air Cooler,16.0,7005,112080,2025-12-18
Kolkata,Fashion,Watch,15.0,7075,106125,2025-06-16
Bhopal,Accessories,Speaker,32.0,703,22496,2025-07-06
Pune,Accessories,Keyboard,30.0,6745,202350,2025-06-17
Mysuru,Fashion,Jeans,27.0,1327,29177,2025-05-23
Patna,Electronics,Laptop,1.0,2169,2169,2025-03-04
Pune,Electronics,Monitor,18.0,4337,24788,2025-04-26
Kochi,Electronics,Tablet,5.0,5270,26350,2025-02-18
Pune,Home Appliances,Mixer,32.0,4504,144128,2025-02-23
Kolkata,Electronics,Smartphone,3.0,5603,16809,2025-03-19
Chennai,Electronics,Laptop,12.0,2814,33768,2025-02-19
Kolkata,Home Appliances,Air Cooler,34.0,6945,226260,2025-11-22
Lucknow,Home Appliances,Air Cooler,16.0,1294,20704,2025-02-17
Kochi,Accessories,Keyboard,27.0,932,25164,2025-02-02
Patna,Electronics,Camera,21.0,3296,69216,2025-06-26
Pune,Electronics,Laptop,29.0,558,16182,2025-08-07
Bhopal,Electronics,Monitor,25.0,7254,80475,2025-08-03
Lucknow,Accessories,Keyboard,19.0,7487,90857,2025-06-27
Jaipur,Accessories,Headphones,17.0,5945,101065,2025-06-24
Chennai,Accessories,Keyboard,33.0,4984,164472,2025-03-10
Patna,Electronics,Monitor,11.0,7008,62491,2025-10-23
Chennai,Electronics,Smartphone,20.0,5947,118940,2025-07-23
Bengaluru,Fashion,Jeans,3.0,1477,4431,2025-07-13
Kolkata,Fashion,Watch,39.0,5482,156648,2025-04-20
Delhi,Electronics,Tablet,5.0,693,3465,2025-06-22
Ahmedabad,Home Appliances,Mixer,5.0,5501,3776,2025-11-21
Surat,Electronics,Camera,11.0,2421,26631,2025-12-06
Bengaluru,Home Appliances,Air Cooler,32.0,4602,30889,2025-07-08
Bhopal,Accessories,Mouse,38.0,2488,79367,2025-12-10
Pune,Home Appliances,Fan,20.0,5004,100080,2025-09-22
Patna,Accessories,Speaker,4.0,5567,22268,2025-02-22
Kolkata,Fashion,Jeans,1.0,4885,4885,2025-08-19
Jaipur,Accessories,Mouse,11.0,5767,63437,2025-02-28
Hyderabad,Fashion,Jeans,38.0,6592,155070,2025-12-03
Hyderabad,Electronics,Laptop,11.0,7175,50235,2025-07-16
Lucknow,Home Appliances,Air Cooler,27.0,1642,44334,2025-05-28
Ahmedabad,Home Appliances,Fan,22.0,7793,82601,2025-02-11
Pune,Accessories,Speaker,38.0,3592,101184,2025-04-06
Hyderabad,Fashion,Shoes,36.0,995,35820,2025-07-25
Surat,Accessories,Keyboard,28.0,5498,113955,2025-05-03
Bhopal,Accessories,Mouse,21.0,2287,48027,2025-06-22
Patna,Accessories,Keyboard,22.0,5282,116204,2025-02-12
Kolkata,Accessories,Speaker,35.0,264,9240,2025-06-08
Bengaluru,Home Appliances,Fan,10.0,6307,35871,2025-04-28
Ahmedabad,Fashion,Jeans,22.0,6867,69388,2025-08-28
Bhopal,Accessories,Keyboard,38.0,2264,26348,2025-08-02
Pune,Electronics,Camera,5.0,3766,18830,2025-01-19
Delhi,Fashion,T-Shirt,26.0,2381,61906,2025-04-01
Mysuru,Electronics,Tablet,10.0,1400,14000,2025-06-24
Ahmedabad,Electronics,Camera,18.0,7772,124115,2025-06-22
Lucknow,Fashion,Jeans,8.0,2128,17024,2025-02-24
Hyderabad,Accessories,Keyboard,31.0,7045,101680,2025-03-16
Patna,Electronics,Camera,24.0,5534,9625,2025-11-21
Jaipur,Accessories,Keyboard,30.0,3364,100920,2025-10-14
Hyderabad,Electronics,Tablet,38.0,5872,223136,2025-01-24
Bhopal,Home Appliances,Fan,19.0,1250,23667,2025-08-16
Surat,Fashion,T-Shirt,39.0,719,26218,2025-08-19
Hyderabad,Electronics,Tablet,25.0,7058,145669,2025-04-26
Lucknow,Fashion,Shoes,31.0,5800,110635,2025-05-19
Hyderabad,Fashion,Jeans,2.0,7788,15576,2025-01-23
Delhi,Electronics,Laptop,2.0,7685,15370,2025-05-15
Mysuru,Electronics,Tablet,15.0,5401,81015,2025-02-20
Kolkata,Accessories,Mouse,35.0,1678,58730,2025-06-04
Kochi,Electronics,Camera,19.0,1402,26638,2025-07-28
Kolkata,Fashion,Shoes,10.0,4908,49080,2025-07-09
Hyderabad,Fashion,T-Shirt,16.0,7597,121552,2025-06-08
Delhi,Electronics,Tablet,1.0,7816,7816,2025-05-08
Lucknow,Accessories,Keyboard,13.0,7014,88383,2025-06-01
Bengaluru,Fashion,T-Shirt,7.0,4646,32522,2025-05-03
Ahmedabad,Accessories,Mouse,4.0,6317,25268,2025-12-25
Delhi,Electronics,Smartphone,10.0,4052,40520,2025-07-27
Patna,Fashion,T-Shirt,20.0,7570,151400,2025-11-09
Ahmedabad,Fashion,T-Shirt,5.0,5058,25290,2025-06-06
Pune,Accessories,Speaker,8.0,2453,19624,2025-10-16
Kolkata,Accessories,Speaker,27.0,7872,212544,2025-10-19
Chennai,Fashion,Watch,10.0,7142,71420,2025-07-20
Mysuru,Electronics,Monitor,27.0,7432,46076,2025-06-23
Mumbai,Electronics,Tablet,35.0,1312,45920,2025-11-23
Ahmedabad,Accessories,Mouse,5.0,7939,39695,2025-06-18
Bengaluru,Home Appliances,Mixer,1.0,3049,3049,2025-12-22
Ahmedabad,Home Appliances,Fan,5.0,5304,26520,2025-12-16
Mysuru,Accessories,Headphones,17.0,949,16133,2025-06-06
Bhopal,Fashion,Watch,6.0,3899,23394,2025-10-26
Kolkata,Fashion,Watch,6.0,6090,36540,2025-06-05
Pune,Home Appliances,Mixer,32.0,4682,149824,2025-02-15
Bengaluru,Electronics,Tablet,38.0,4105,155990,2025-07-05
Mumbai,Electronics,Camera,38.0,5922,134458,2025-10-07
Mysuru,Fashion,Shoes,38.0,2262,85956,2025-06-21
Mumbai,Home Appliances,Fan,18.0,2719,14191,2025-09-16
Delhi,Fashion,Watch,17.0,6725,114325,2025-12-08
Mysuru,Fashion,T-Shirt,15.0,1291,19365,2025-03-16
Kochi,Fashion,T-Shirt,24.0,1339,32136,2025-09-17
Chennai,Electronics,Laptop,15.0,7458,72966,2025-02-18
Patna,Accessories,Mouse,39.0,719,28041,2025-06-06
Kochi,Fashion,T-Shirt,38.0,2402,91276,2025-04-08
Pune,Accessories,Keyboard,35.0,2556,89460,2025-06-03
Ahmedabad,Home Appliances,Air Cooler,1.0,4192,4192,2025-07-25
Pune,Home Appliances,Air Cooler,37.0,4585,45041,2025-12-11
Surat,Electronics,Camera,34.0,720,24480,2025-03-13
Surat,Home Appliances,Fan,36.0,6702,219762,2025-07-27
Bhopal,Fashion,T-Shirt,38.0,3004,35587,2025-02-22
Kochi,Electronics,Laptop,16.0,6784,108544,2025-11-11
Mysuru,Fashion,T-Shirt,22.0,5586,65605,2025-11-28
Bhopal,Home Appliances,Mixer,6.0,6789,29515,2025-06-01
Mysuru,Fashion,Shoes,8.0,3939,31512,2025-06-12
Bengaluru,Home Appliances,Air Cooler,37.0,1214,44918,2025-07-14
Pune,Fashion,Watch,2.0,7226,14452,2025-08-09
Hyderabad,Fashion,Jeans,7.0,7115,36687,2025-09-28
Lucknow,Home Appliances,Fan,40.0,1048,41920,2025-08-14
Chennai,Electronics,Tablet,26.0,4433,115258,2025-03-05
Patna,Accessories,Speaker,20.0,7657,59214,2025-09-09
Delhi,Accessories,Headphones,29.0,6047,145999,2025-12-21
Ahmedabad,Electronics,Tablet,7.0,5901,41307,2025-05-25
Lucknow,Electronics,Camera,19.0,4366,82954,2025-12-26
Delhi,Home Appliances,Mixer,28.0,2208,17959,2025-06-06
Kochi,Fashion,Watch,27.0,1948,52596,2025-04-15
Ahmedabad,Fashion,T-Shirt,4.0,6312,25248,2025-08-04
Kolkata,Fashion,Watch,38.0,1503,56816,2025-03-26
Hyderabad,Fashion,Jeans,8.0,7683,61464,2025-10-21
Kochi,Electronics,Smartphone,38.0,2724,103512,2025-05-11
Kochi,Electronics,Tablet,29.0,6977,29781,2025-02-17
Lucknow,Accessories,Headphones,8.0,547,4376,2025-05-20
Kolkata,Accessories,Keyboard,18.0,6556,66155,2025-01-01
Delhi,Electronics,Monitor,17.0,4349,24521,2025-09-28
Bhopal,Accessories,Keyboard,27.0,6535,61150,2025-11-24
Pune,Electronics,Camera,3.0,1060,3180,2025-09-27
Ahmedabad,Accessories,Keyboard,31.0,5374,50583,2025-07-26
Delhi,Fashion,Watch,12.0,7032,84384,2025-04-14
Lucknow,Accessories,Keyboard,32.0,4557,3919,2025-06-04
Bhopal,Fashion,Watch,5.0,1440,7200,2025-11-07
Ahmedabad,Fashion,T-Shirt,11.0,6680,73480,2025-06-15
Hyderabad,Electronics,Camera,34.0,1342,45628,2025-08-19
Bhopal,Electronics,Laptop,28.0,7690,49461,2025-12-24
Pune,Accessories,Keyboard,2.0,7760,15520,2025-07-07
Patna,Home Appliances,Air Cooler,27.0,1955,2950,2025-06-26
Patna,Accessories,Speaker,16.0,4017,53458,2025-10-24
Bhopal,Accessories,Headphones,34.0,7564,99263,2025-08-08
Patna,Accessories,Keyboard,2.0,5792,11584,2025-05-28
Patna,Accessories,Speaker,3.0,1722,5166,2025-10-02
Kolkata,Home Appliances,Mixer,19.0,3298,6664,2025-11-24
Mysuru,Electronics,Camera,7.0,2459,17213,2025-04-09
Pune,Electronics,Tablet,26.0,3734,97084,2025-04-01
Pune,Fashion,Watch,27.0,1239,33453,2025-10-11
Mumbai,Fashion,Watch,11.0,1308,14388,2025-01-08
Mysuru,Electronics,Camera,19.0,2529,48051,2025-03-05
Kochi,Home Appliances,Air Cooler,7.0,3693,25851,2025-12-01
Chennai,Fashion,Shoes,38.0,4437,40998,2025-07-27
Ahmedabad,Accessories,Mouse,23.0,5508,126684,2025-12-26
Mysuru,Fashion,Shoes,31.0,5271,2190,2025-01-17
Kolkata,Electronics,Smartphone,4.0,153,612,2025-07-25
Mysuru,Home Appliances,Mixer,12.0,351,4212,2025-04-24
Chennai,Home Appliances,Fan,38.0,3358,93793,2025-12-14
Delhi,Accessories,Speaker,31.0,7664,28398,2025-10-14
Kolkata,Electronics,Tablet,3.0,5730,17190,2025-09-21
Hyderabad,Home Appliances,Fan,28.0,727,20356,2025-09-02
Pune,Electronics,Tablet,4.0,2051,8204,2025-01-19
Kolkata,Fashion,T-Shirt,23.0,2273,52279,2025-01-18
Ahmedabad,Electronics,Smartphone,15.0,1039,15585,2025-10-03
Kochi,Accessories,Headphones,9.0,4175,37575,2025-10-14
Mumbai,Fashion,Shoes,19.0,1518,28842,2025-05-14
Mysuru,Home Appliances,Fan,3.0,1869,5607,2025-08-26
Ahmedabad,Home Appliances,Fan,8.0,649,5192,2025-05-10
Kochi,Home Appliances,Air Cooler,9.0,235,2115,2025-02-16
Hyderabad,Fashion,T-Shirt,37.0,4958,55934,2025-05-03
Lucknow,Home Appliances,Mixer,38.0,5953,107080,2025-09-17
Mumbai,Home Appliances,Fan,26.0,3929,73789,2025-12-06
Hyderabad,Fashion,T-Shirt,38.0,2008,76304,2025-12-12
Mysuru,Accessories,Headphones,28.0,860,24080,2025-07-11
Kochi,Electronics,Smartphone,25.0,381,9525,2025-05-25
Chennai,Fashion,Shoes,13.0,2280,29640,2025-09-05
Bhopal,Electronics,Smartphone,33.0,6329,34603,2025-09-16
Mumbai,Home Appliances,Air Cooler,6.0,4284,25704,2025-05-11
Ahmedabad,Fashion,Watch,17.0,7709,87100,2025-12-12
Lucknow,Electronics,Monitor,32.0,5269,31257,2025-09-15
Surat,Home Appliances,Mixer,37.0,3284,43960,2025-05-27
Hyderabad,Fashion,Watch,34.0,7729,41951,2025-03-22
Jaipur,Home Appliances,Fan,29.0,3019,87551,2025-04-04
Delhi,Home Appliances,Mixer,36.0,1632,28115,2025-05-08
Ahmedabad,Home Appliances,Air Cooler,19.0,6546,124374,2025-02-10
Bhopal,Electronics,Monitor,30.0,6084,182520,2025-05-11
Kolkata,Electronics,Camera,24.0,4775,53822,2025-11-26
Delhi,Fashion,T-Shirt,36.0,1525,54900,2025-12-27
Jaipur,Home Appliances,Fan,32.0,4610,23576,2025-06-04
Chennai,Fashion,Jeans,2.0,1240,2480,2025-06-03
Patna,Home Appliances,Air Cooler,12.0,7716,92592,2025-10-27
Bhopal,Accessories,Speaker,7.0,1389,9723,2025-10-22
Surat,Fashion,Jeans,36.0,7025,171158,2025-10-28
Chennai,Fashion,Shoes,31.0,3048,94488,2025-11-25
Mysuru,Accessories,Keyboard,14.0,2887,6721,2025-07-08
Hyderabad,Fashion,T-Shirt,12.0,3285,39420,2025-02-07
Bhopal,Home Appliances,Air Cooler,36.0,5829,10704,2025-04-16
Hyderabad,Electronics,Smartphone,19.0,4422,84018,2025-08-02
Bengaluru,Accessories,Speaker,22.0,2611,39986,2025-02-18
Delhi,Accessories,Mouse,15.0,5691,85365,2025-04-13
Kolkata,Electronics,Laptop,31.0,2341,72571,2025-06-08
Mumbai,Accessories,Headphones,29.0,2959,40964,2025-09-08
Mysuru,Fashion,Jeans,8.0,3560,28480,2025-01-07
Hyderabad,Home Appliances,Air Cooler,17.0,3806,64702,2025-10-21
Surat,Home Appliances,Mixer,39.0,1852,13981,2025-10-21
Pune,Fashion,T-Shirt,25.0,2236,55900,2025-01-26
Pune,Accessories,Headphones,14.0,4419,61866,2025-08-23
Chennai,Home Appliances,Air Cooler,40.0,2060,82400,2025-01-13
Mysuru,Fashion,Jeans,6.0,3307,19842,2025-08-23
Pune,Fashion,Shoes,12.0,5177,62124,2025-05-16
Surat,Home Appliances,Air Cooler,18.0,3609,64962,2025-02-15
Chennai,Home Appliances,Air Cooler,26.0,826,21476,2025-10-07
Bengaluru,Electronics,Smartphone,8.0,5474,43792,2025-09-13
Chennai,Home Appliances,Mixer,35.0,3764,13924,2025-08-14
Mysuru,Home Appliances,Fan,26.0,3860,2535,2025-10-04
Delhi,Electronics,Camera,29.0,1676,48604,2025-12-11
Bengaluru,Home Appliances,Air Cooler,37.0,4981,184297,2025-04-10
Mumbai,Fashion,Watch,13.0,7330,95290,2025-10-05
Jaipur,Fashion,Watch,28.0,1079,30212,2025-01-25
Surat,Electronics,Tablet,15.0,4781,71715,2025-04-24
Chennai,Accessories,Mouse,34.0,4502,153068,2025-11-12
Kolkata,Electronics,Monitor,1.0,2621,2621,2025-09-07
Mysuru,Fashion,T-Shirt,40.0,2544,35716,2025-04-18
Patna,Fashion,Shoes,7.0,7966,55762,2025-04-21
Bhopal,Home Appliances,Fan,1.0,2493,2493,2025-06-13
Mumbai,Electronics,Tablet,34.0,341,11594,2025-08-11
Bengaluru,Accessories,Mouse,5.0,7455,37275,2025-02-21
Kochi,Home Appliances,Air Cooler,30.0,3689,110670,2025-04-11
Kolkata,Fashion,T-Shirt,23.0,5299,46414,2025-03-13
Kochi,Accessories,Keyboard,38.0,7055,49870,2025-04-20
Kochi,Electronics,Monitor,34.0,4260,144840,2025-08-24
Jaipur,Accessories,Mouse,2.0,6359,12718,2025-08-28
Lucknow,Accessories,Speaker,22.0,2338,51436,2025-02-09
Surat,Electronics,Monitor,12.0,5405,64860,2025-06-04
Bhopal,Electronics,Laptop,19.0,7737,2051,2025-10-27
Jaipur,Home Appliances,Fan,35.0,7177,70965,2025-12-23
Bhopal,Accessories,Headphones,2.0,4847,9694,2025-06-14
Hyderabad,Accessories,Keyboard,38.0,3062,112523,2025-11-09
Mumbai,Fashion,T-Shirt,9.0,3774,33966,2025-01-12
Bhopal,Fashion,T-Shirt,30.0,6277,148777,2025-09-27
Bengaluru,Electronics,Monitor,12.0,4712,55484,2025-07-17
Bengaluru,Home Appliances,Fan,5.0,2708,13540,2025-10-19
Hyderabad,Accessories,Speaker,39.0,7796,96718,2025-04-01
Kolkata,Electronics,Camera,33.0,2710,57257,2025-02-18
Mysuru,Electronics,Smartphone,11.0,5508,60588,2025-06-01
Jaipur,Fashion,Jeans,3.0,4182,12546,2025-04-24
Ahmedabad,Accessories,Speaker,24.0,6322,122838,2025-09-02
Mumbai,Fashion,T-Shirt,2.0,4138,8276,2025-07-24
Kolkata,Electronics,Monitor,7.0,3016,21112,2025-07-01
Pune,Electronics,Smartphone,39.0,5683,163108,2025-03-02
Mysuru,Electronics,Monitor,21.0,1942,17491,2025-10-24
Kolkata,Electronics,Laptop,39.0,1361,53079,2025-01-26
Lucknow,Electronics,Laptop,39.0,4497,146679,2025-10-11
Jaipur,Home Appliances,Air Cooler,25.0,5899,64196,2025-05-06
Jaipur,Fashion,T-Shirt,39.0,6999,223104,2025-08-05
Lucknow,Electronics,Smartphone,6.0,5764,34584,2025-02-13
Lucknow,Accessories,Mouse,31.0,5359,13255,2025-03-04
Mumbai,Home Appliances,Mixer,33.0,7463,114891,2025-04-21
Pune,Accessories,Mouse,18.0,1443,25974,2025-06-13
Lucknow,Home Appliances,Mixer,33.0,5592,184536,2025-07-20
Kolkata,Fashion,Shoes,10.0,7205,20396,2025-01-25
Ahmedabad,Accessories,Keyboard,21.0,3909,82089,2025-12-13
Delhi,Fashion,Shoes,26.0,5711,19615,2025-11-13
Mysuru,Home Appliances,Air Cooler,35.0,320,11200,2025-11-07
Delhi,Electronics,Monitor,21.0,6286,48085,2025-08-05
Bengaluru,Home Appliances,Air Cooler,37.0,6555,44521,2025-02-03
Lucknow,Electronics,Camera,12.0,1806,21672,2025-05-10
Ahmedabad,Home Appliances,Mixer,39.0,6888,94779,2025-02-20
Lucknow,Home Appliances,Mixer,29.0,3086,89494,2025-12-28
Bhopal,Accessories,Speaker,3.0,4187,12561,2025-08-17
Jaipur,Electronics,Smartphone,38.0,6712,199254,2025-06-09
Lucknow,Electronics,Laptop,25.0,2916,72900,2025-03-25
Delhi,Electronics,Smartphone,32.0,5403,172896,2025-03-19
Mysuru,Accessories,Keyboard,13.0,2704,35152,2025-11-28
Lucknow,Home Appliances,Mixer,21.0,7054,119195,2025-05-23
Jaipur,Home Appliances,Fan,12.0,2465,29580,2025-12-11
Bhopal,Electronics,Tablet,32.0,2210,70720,2025-12-23
Chennai,Home Appliances,Mixer,27.0,5321,17339,2025-07-16
Jaipur,Fashion,Jeans,4.0,4808,19232,2025-11-08
Delhi,Accessories,Headphones,1.0,350,350,2025-06-14
Jaipur,Home Appliances,Air Cooler,20.0,1185,23700,2025-05-08
Jaipur,Accessories,Headphones,5.0,7025,35125,2025-08-12
Delhi,Home Appliances,Mixer,27.0,200,5400,2025-01-14
Hyderabad,Accessories,Keyboard,3.0,2495,7485,2025-06-15
Ahmedabad,Accessories,Speaker,3.0,7168,16278,2025-09-28
Mumbai,Accessories,Mouse,5.0,2980,14900,2025-12-08
Hyderabad,Fashion,Shoes,38.0,3519,133722,2025-03-13
Kolkata,Home Appliances,Mixer,38.0,583,22154,2025-07-28
Bengaluru,Electronics,Smartphone,5.0,4156,20780,2025-05-19
Bhopal,Fashion,Shoes,36.0,4113,148068,2025-01-24
Bhopal,Accessories,Keyboard,39.0,1604,38518,2025-08-10
Bengaluru,Electronics,Camera,39.0,4321,168519,2025-01-11
Jaipur,Electronics,Camera,17.0,1097,18649,2025-04-04
Ahmedabad,Home Appliances,Mixer,12.0,3351,40212,2025-01-23
Bhopal,Fashion,Jeans,1.0,1275,1275,2025-11-14
Pune,Accessories,Keyboard,16.0,4069,65104,2025-04-02
Patna,Fashion,Watch,21.0,1261,26481,2025-10-23
Mysuru,Home Appliances,Mixer,28.0,4139,103621,2025-10-27
Patna,Electronics,Tablet,21.0,2882,60522,2025-11-21
Bengaluru,Home Appliances,Fan,20.0,1918,38360,2025-02-27
Mumbai,Accessories,Headphones,35.0,1166,40810,2025-09-10
Kochi,Fashion,Jeans,2.0,859,1718,2025-09-14
Mysuru,Accessories,Speaker,24.0,774,18576,2025-04-11
Pune,Fashion,Watch,14.0,3121,43694,2025-06-27
Jaipur,Home Appliances,Mixer,31.0,589,18259,2025-01-03
Chennai,Fashion,T-Shirt,14.0,140,1960,2025-12-26
Patna,Accessories,Mouse,13.0,2461,31993,2025-04-18
Pune,Electronics,Tablet,26.0,3998,103948,2025-03-07
Kochi,Electronics,Laptop,28.0,6225,174300,2025-05-24
Bengaluru,Home Appliances,Air Cooler,32.0,7501,191434,2025-11-11
Patna,Home Appliances,Mixer,23.0,4374,100602,2025-08-15
Delhi,Electronics,Laptop,22.0,6872,151184,2025-02-25
Bhopal,Home Appliances,Mixer,28.0,2099,58772,2025-10-01
Chennai,Home Appliances,Air Cooler,36.0,3044,34506,2025-06-07
Chennai,Home Appliances,Mixer,4.0,5239,20956,2025-06-24
Pune,Home Appliances,Fan,24.0,158,3792,2025-12-14
Mysuru,Accessories,Speaker,39.0,3916,152724,2025-04-08
Surat,Fashion,Shoes,4.0,1131,4524,2025-09-15
Jaipur,Home Appliances,Mixer,26.0,314,8164,2025-06-05
Mumbai,Accessories,Headphones,15.0,1362,20430,2025-05-09
Kolkata,Accessories,Speaker,19.0,3184,7532,2025-10-17
Patna,Fashion,Shoes,11.0,6043,66473,2025-06-19
Bengaluru,Accessories,Keyboard,20.0,5979,119580,2025-06-23
Chennai,Electronics,Monitor,26.0,7515,195390,2025-07-12
Kolkata,Electronics,Laptop,32.0,833,26656,2025-05-20
Chennai,Electronics,Tablet,39.0,4208,88331,2025-07-20
Bhopal,Accessories,Speaker,5.0,1028,5140,2025-11-15
Mumbai,Accessories,Mouse,24.0,511,8205,2025-12-06
Kochi,Accessories,Mouse,7.0,3031,21217,2025-10-27
Patna,Electronics,Camera,12.0,5943,71316,2025-06-23
Hyderabad,Home Appliances,Mixer,29.0,6815,140688,2025-08-04
Kolkata,Accessories,Keyboard,14.0,6153,86142,2025-06-07
Mysuru,Home Appliances,Fan,30.0,4913,147390,2025-06-28
Surat,Fashion,Shoes,1.0,448,448,2025-02-23
Delhi,Accessories,Keyboard,34.0,385,13090,2025-07-28
Delhi,Home Appliances,Fan,17.0,4545,77265,2025-01-14
Delhi,Accessories,Mouse,34.0,1295,44030,2025-01-11
Patna,Fashion,Shoes,15.0,7487,112305,2025-02-11
Kochi,Home Appliances,Air Cooler,33.0,3765,124245,2025-12-15
Ahmedabad,Accessories,Mouse,35.0,3455,120925,2025-10-22
Pune,Electronics,Camera,36.0,1494,50627,2025-07-05
Patna,Accessories,Headphones,34.0,7624,144540,2025-04-18
Chennai,Electronics,Smartphone,3.0,2501,7492,2025-05-17
Patna,Accessories,Speaker,8.0,4722,37776,2025-08-03
Hyderabad,Accessories,Headphones,28.0,5796,6633,2025-09-01
Kolkata,Accessories,Keyboard,8.0,3394,27152,2025-09-12
Chennai,Electronics,Monitor,16.0,4155,66480,2025-04-15
Patna,Home Appliances,Mixer,29.0,5688,164952,2025-09-24
Chennai,Home Appliances,Fan,4.0,4021,16084,2025-02-04
Surat,Fashion,Jeans,5.0,6330,31650,2025-07-15
Bhopal,Accessories,Headphones,12.0,939,4181,2025-07-19
Ahmedabad,Accessories,Headphones,25.0,2125,53125,2025-09-02
Surat,Electronics,Tablet,4.0,5933,23732,2025-06-20
Hyderabad,Electronics,Camera,40.0,1120,44800,2025-04-09
Jaipur,Accessories,Keyboard,5.0,6283,31415,2025-12-09
Lucknow,Fashion,Shoes,11.0,3462,38082,2025-07-04
Surat,Fashion,Watch,7.0,6074,42518,2025-01-22
Jaipur,Fashion,Shoes,11.0,2418,26598,2025-04-10
Kolkata,Fashion,Shoes,16.0,4265,68240,2025-03-26
Jaipur,Electronics,Monitor,37.0,2554,94498,2025-08-26
Lucknow,Accessories,Mouse,40.0,948,37920,2025-02-25
Surat,Fashion,Jeans,40.0,1567,42420,2025-12-24
Lucknow,Accessories,Speaker,27.0,4627,124929,2025-03-08
Delhi,Accessories,Speaker,36.0,4712,22842,2025-08-26
Patna,Home Appliances,Air Cooler,40.0,3771,116998,2025-01-24
Chennai,Electronics,Monitor,31.0,914,28334,2025-10-28
Hyderabad,Electronics,Smartphone,19.0,1466,27854,2025-06-19
Mumbai,Electronics,Smartphone,39.0,6010,98775,2025-10-05
Hyderabad,Electronics,Smartphone,28.0,4277,11820,2025-03-14
Kolkata,Fashion,Jeans,26.0,2046,24987,2025-02-22
Ahmedabad,Electronics,Smartphone,20.0,4645,92900,2025-05-04
Mysuru,Fashion,T-Shirt,1.0,4090,4090,2025-07-26
Mumbai,Fashion,Watch,23.0,5770,132710,2025-10-09
Pune,Electronics,Smartphone,35.0,4478,67634,2025-08-07
Kochi,Electronics,Tablet,2.0,121,242,2025-02-27
Patna,Electronics,Camera,17.0,6462,109854,2025-11-15
Chennai,Home Appliances,Air Cooler,20.0,5606,103890,2025-02-17
Bengaluru,Fashion,Shoes,38.0,5269,82250,2025-10-02
Mysuru,Home Appliances,Air Cooler,19.0,3049,57931,2025-03-10
Lucknow,Home Appliances,Mixer,24.0,542,13008,2025-09-17
Kochi,Home Appliances,Mixer,38.0,5350,161928,2025-03-04
Kolkata,Home Appliances,Fan,2.0,3081,6162,2025-06-01
Lucknow,Accessories,Headphones,3.0,5938,17814,2025-08-09
Mysuru,Home Appliances,Fan,24.0,1968,9988,2025-10-10
Hyderabad,Fashion,Shoes,19.0,1370,26030,2025-10-18
Mumbai,Accessories,Keyboard,4.0,4717,18868,2025-01-15
Hyderabad,Electronics,Tablet,30.0,7889,202163,2025-02-27
Kochi,Home Appliances,Air Cooler,5.0,3926,18760,2025-07-02
Lucknow,Accessories,Headphones,22.0,651,14322,2025-05-25
Lucknow,Home Appliances,Air Cooler,31.0,6066,52707,2025-04-13
Hyderabad,Accessories,Mouse,5.0,4795,23975,2025-08-27
Jaipur,Home Appliances,Fan,21.0,4219,88599,2025-11-13
Chennai,Home Appliances,Air Cooler,14.0,7144,100016,2025-02-01
Patna,Electronics,Monitor,39.0,5898,26735,2025-01-13
Patna,Accessories,Keyboard,35.0,5098,148859,2025-09-28
Bhopal,Accessories,Mouse,27.0,1186,32022,2025-12-12
Mysuru,Electronics,Laptop,1.0,963,963,2025-11-05
Patna,Accessories,Keyboard,18.0,7876,123131,2025-12-16
Ahmedabad,Home Appliances,Air Cooler,23.0,5781,91158,2025-10-11
Kochi,Home Appliances,Fan,36.0,7576,27416,2025-07-22
Pune,Accessories,Keyboard,23.0,7892,181516,2025-10-15
Delhi,Electronics,Laptop,27.0,1908,51516,2025-09-10
Mysuru,Fashion,T-Shirt,38.0,2935,13005,2025-04-22
Surat,Electronics,Monitor,37.0,3085,36343,2025-05-16
Lucknow,Home Appliances,Air Cooler,38.0,2897,110086,2025-02-23
Bengaluru,Fashion,Jeans,14.0,1867,26138,2025-05-13
Kolkata,Home Appliances,Mixer,18.0,3891,70038,2025-10-05
Chennai,Fashion,Shoes,40.0,4713,4330,2025-07-13
Kolkata,Home Appliances,Air Cooler,21.0,5461,97004,2025-08-08
Hyderabad,Electronics,Tablet,10.0,1283,12830,2025-10-10
Mysuru,Accessories,Headphones,13.0,5996,77948,2025-02-27
Chennai,Accessories,Speaker,7.0,5065,35455,2025-07-23
Delhi,Home Appliances,Air Cooler,38.0,1685,64030,2025-06-12
Bhopal,Accessories,Speaker,1.0,6441,6441,2025-03-26
Kolkata,Electronics,Camera,18.0,2496,44928,2025-09-10
Chennai,Home Appliances,Air Cooler,27.0,3274,88398,2025-04-11
Surat,Fashion,Watch,13.0,7097,92261,2025-06-26
Hyderabad,Home Appliances,Mixer,34.0,1824,62016,2025-03-01
Mysuru,Home Appliances,Mixer,22.0,3906,85932,2025-03-28
Patna,Electronics,Tablet,22.0,3036,65565,2025-09-12
Pune,Accessories,Speaker,26.0,3978,77819,2025-02-18
Jaipur,Fashion,Shoes,10.0,3416,34160,2025-04-25
Ahmedabad,Home Appliances,Fan,9.0,1668,15012,2025-05-01
Delhi,Home Appliances,Air Cooler,21.0,5680,79423,2025-01-03
Surat,Electronics,Monitor,13.0,7155,93015,2025-07-28
Lucknow,Electronics,Smartphone,23.0,3357,77211,2025-03-26
Patna,Fashion,Watch,36.0,4404,127804,2025-11-24
Delhi,Home Appliances,Air Cooler,14.0,2273,31822,2025-11-23
Patna,Accessories,Keyboard,25.0,1642,41050,2025-03-16
Mumbai,Accessories,Headphones,34.0,7839,94073,2025-02-20
Surat,Accessories,Mouse,31.0,2671,82801,2025-10-03
Bhopal,Home Appliances,Air Cooler,38.0,3274,124412,2025-06-06
Jaipur,Electronics,Tablet,19.0,3469,65911,2025-02-11
Mysuru,Home Appliances,Mixer,2.0,2177,4354,2025-09-26
Bhopal,Home Appliances,Mixer,7.0,3841,26887,2025-07-23
Pune,Electronics,Monitor,21.0,1527,32067,2025-08-02
Ahmedabad,Accessories,Headphones,34.0,6036,183578,2025-10-10
Hyderabad,Electronics,Laptop,26.0,1961,50986,2025-06-10
Mysuru,Electronics,Tablet,37.0,5084,56358,2025-01-20
Bengaluru,Home Appliances,Air Cooler,9.0,5504,49536,2025-04-15
Surat,Fashion,Watch,6.0,1129,6774,2025-05-24
Mysuru,Home Appliances,Mixer,17.0,6649,15425,2025-06-12
Delhi,Accessories,Headphones,3.0,4327,12981,2025-10-09
Bhopal,Accessories,Keyboard,18.0,2029,36522,2025-09-13
Bhopal,Home Appliances,Fan,14.0,498,6972,2025-11-02
Pune,Fashion,Shoes,9.0,1365,12285,2025-09-11
Lucknow,Accessories,Keyboard,15.0,1727,25905,2025-02-20
Ahmedabad,Accessories,Speaker,6.0,1174,7044,2025-08-12
Chennai,Home Appliances,Mixer,35.0,3583,125405,2025-06-22
Bengaluru,Fashion,Shoes,5.0,4311,21555,2025-04-15
Kochi,Fashion,Shoes,40.0,5673,170755,2025-02-27
Pune,Home Appliances,Mixer,5.0,7104,35520,2025-09-10
Kolkata,Accessories,Keyboard,28.0,7320,54979,2025-06-22
Surat,Electronics,Smartphone,16.0,3968,63488,2025-04-14
Jaipur,Fashion,T-Shirt,30.0,6793,37102,2025-07-13
Hyderabad,Home Appliances,Fan,20.0,920,18400,2025-02-06
Ahmedabad,Accessories,Speaker,26.0,859,22334,2025-03-12
Ahmedabad,Home Appliances,Mixer,14.0,4980,69720,2025-12-13
Delhi,Electronics,Smartphone,32.0,5785,185099,2025-02-01
Pune,Accessories,Headphones,10.0,3255,32550,2025-03-05
Patna,Fashion,Watch,11.0,2676,13972,2025-06-20
Pune,Electronics,Camera,27.0,5337,59850,2025-12-01
Bhopal,Accessories,Speaker,17.0,4023,68391,2025-02-19
Hyderabad,Electronics,Laptop,17.0,7618,129506,2025-08-08
Lucknow,Accessories,Speaker,12.0,1015,12180,2025-11-01
Lucknow,Fashion,Watch,7.0,186,1302,2025-06-26
Pune,Accessories,Keyboard,2.0,4833,9666,2025-01-05
Hyderabad,Accessories,Mouse,20.0,7415,148300,2025-01-13
Lucknow,Accessories,Mouse,12.0,5755,3481,2025-08-17
Surat,Fashion,Shoes,36.0,3642,91771,2025-03-22
Bhopal,Electronics,Monitor,26.0,6183,160758,2025-02-12
Jaipur,Home Appliances,Fan,23.0,7145,164335,2025-08-27
Chennai,Fashion,Watch,36.0,3300,101554,2025-07-08
Mysuru,Accessories,Headphones,31.0,1123,26494,2025-01-13
Mysuru,Accessories,Speaker,24.0,2646,35380,2025-09-18
Surat,Electronics,Smartphone,35.0,713,24955,2025-07-04
Bengaluru,Accessories,Keyboard,22.0,2749,35757,2025-09-27
Chennai,Electronics,Monitor,21.0,4746,73798,2025-12-10
Chennai,Home Appliances,Mixer,5.0,3778,18890,2025-03-25
Bengaluru,Fashion,T-Shirt,20.0,6325,38550,2025-09-05
Chennai,Fashion,T-Shirt,10.0,4421,44210,2025-01-13
Mysuru,Fashion,Watch,8.0,5536,44288,2025-05-21
Bengaluru,Accessories,Headphones,40.0,1611,64440,2025-02-26
Mumbai,Home Appliances,Mixer,14.0,2632,36848,2025-01-04
Pune,Home Appliances,Fan,28.0,6832,191296,2025-05-05
Patna,Home Appliances,Fan,2.0,623,1246,2025-11-02
Patna,Fashion,Jeans,40.0,6994,188573,2025-01-28
Kochi,Electronics,Camera,26.0,490,12740,2025-10-18
Lucknow,Accessories,Headphones,11.0,6254,68794,2025-11-15
Kolkata,Home Appliances,Mixer,18.0,1186,21348,2025-04-18
Chennai,Fashion,Watch,32.0,6600,58679,2025-04-16
Mumbai,Accessories,Headphones,26.0,6696,174096,2025-06-10
Kolkata,Electronics,Camera,25.0,7822,159555,2025-08-09
Mumbai,Electronics,Monitor,37.0,7710,220856,2025-04-10
Hyderabad,Home Appliances,Fan,3.0,851,2553,2025-08-01
Bengaluru,Electronics,Camera,7.0,3631,25417,2025-04-17
Mysuru,Home Appliances,Fan,17.0,389,6613,2025-02-25
Jaipur,Accessories,Speaker,3.0,3596,10788,2025-08-21
Jaipur,Home Appliances,Fan,39.0,2028,79092,2025-10-18
Bhopal,Fashion,Jeans,17.0,5001,85017,2025-11-05
Hyderabad,Fashion,Shoes,20.0,6760,42425,2025-03-14
Bengaluru,Fashion,Jeans,28.0,1647,24905,2025-01-09
Jaipur,Electronics,Monitor,6.0,5299,31794,2025-08-28
Chennai,Home Appliances,Fan,12.0,3739,44868,2025-10-02
Bengaluru,Home Appliances,Fan,17.0,2146,36482,2025-05-22
Patna,Fashion,T-Shirt,23.0,5555,32019,2025-09-19
Jaipur,Accessories,Keyboard,1.0,6016,6016,2025-09-03
Patna,Accessories,Keyboard,30.0,2754,82620,2025-02-27
Chennai,Fashion,T-Shirt,29.0,748,21692,2025-01-14
Bhopal,Accessories,Mouse,11.0,184,2024,2025-07-03
Chennai,Electronics,Camera,30.0,3394,8378,2025-08-14
Chennai,Fashion,Watch,30.0,126,3780,2025-07-19
Kochi,Fashion,Jeans,20.0,1408,28160,2025-06-20
Kochi,Fashion,T-Shirt,37.0,3724,130243,2025-11-26
Bengaluru,Accessories,Mouse,20.0,4123,3427,2025-04-12
Pune,Fashion,T-Shirt,35.0,660,23100,2025-03-02
Delhi,Accessories,Speaker,12.0,5705,68460,2025-09-08
Kolkata,Fashion,T-Shirt,31.0,7923,74642,2025-03-05
Mumbai,Fashion,T-Shirt,24.0,3192,15194,2025-06-14
Lucknow,Electronics,Camera,38.0,4779,181602,2025-01-06
Surat,Accessories,Headphones,12.0,6283,75396,2025-09-27
Bengaluru,Home Appliances,Mixer,2.0,3485,6970,2025-03-27
Kolkata,Accessories,Speaker,9.0,3653,24682,2025-06-26
Bhopal,Fashion,Watch,36.0,1248,44928,2025-05-22
Kolkata,Home Appliances,Fan,40.0,395,15800,2025-05-19
Mumbai,Home Appliances,Air Cooler,11.0,7063,77693,2025-03-14
Pune,Fashion,Watch,13.0,2917,37921,2025-08-10
Lucknow,Fashion,Watch,29.0,4758,137982,2025-12-28
Mysuru,Fashion,Watch,35.0,278,9730,2025-01-05
Mysuru,Electronics,Monitor,22.0,1882,41404,2025-08-13
Bhopal,Accessories,Speaker,13.0,7543,98059,2025-04-22
Patna,Home Appliances,Fan,9.0,2099,18891,2025-11-14
Hyderabad,Electronics,Tablet,21.0,4805,100905,2025-04-06
Surat,Accessories,Keyboard,26.0,4662,121212,2025-04-16
Chennai,Home Appliances,Mixer,3.0,6416,19248,2025-06-03
Hyderabad,Fashion,Shoes,8.0,4975,39800,2025-06-13
Ahmedabad,Fashion,Watch,16.0,1360,21760,2025-04-10
Delhi,Home Appliances,Fan,29.0,1954,56666,2025-09-18
Surat,Accessories,Keyboard,13.0,242,3146,2025-11-27
Patna,Fashion,Jeans,8.0,3146,25168,2025-09-10
Jaipur,Home Appliances,Air Cooler,2.0,7350,14700,2025-11-27
Pune,Fashion,Shoes,20.0,390,7800,2025-11-21
Kolkata,Fashion,Watch,35.0,1970,68950,2025-07-01
Surat,Electronics,Tablet,2.0,1128,2256,2025-12-02
Delhi,Fashion,Jeans,14.0,5106,71484,2025-04-03
Jaipur,Fashion,T-Shirt,14.0,966,13524,2025-05-11
Jaipur,Fashion,Shoes,5.0,1934,9670,2025-02-11
Mysuru,Accessories,Mouse,5.0,7627,38135,2025-05-20
Pune,Fashion,Shoes,1.0,2478,2478,2025-01-11
Kolkata,Home Appliances,Air Cooler,23.0,555,12765,2025-01-15
Chennai,Accessories,Keyboard,17.0,7376,4273,2025-07-14
Ahmedabad,Fashion,Jeans,8.0,6175,49400,2025-05-06
Ahmedabad,Home Appliances,Air Cooler,34.0,7671,168154,2025-05-06
Mumbai,Electronics,Smartphone,5.0,2942,14710,2025-03-19
Ahmedabad,Electronics,Camera,26.0,250,6500,2025-03-28
Kolkata,Home Appliances,Mixer,6.0,7837,28070,2025-05-09
Ahmedabad,Home Appliances,Fan,8.0,7867,62936,2025-05-11
Ahmedabad,Home Appliances,Fan,36.0,3494,125784,2025-12-27
Mysuru,Electronics,Monitor,36.0,5110,34114,2025-05-13
Mumbai,Electronics,Smartphone,3.0,126,378,2025-11-22
Bhopal,Accessories,Headphones,5.0,5639,8379,2025-11-10
Mysuru,Accessories,Headphones,34.0,3514,119476,2025-08-10
Ahmedabad,Electronics,Smartphone,10.0,739,7390,2025-06-09
Kolkata,Fashion,Shoes,10.0,2440,24400,2025-07-06
Jaipur,Home Appliances,Air Cooler,21.0,2569,53949,2025-06-27
Ahmedabad,Home Appliances,Mixer,3.0,4936,14808,2025-06-27
Jaipur,Electronics,Monitor,34.0,4361,73803,2025-09-24
Hyderabad,Fashion,Shoes,14.0,2052,28728,2025-10-23
Bhopal,Electronics,Camera,10.0,3122,31220,2025-10-11
Chennai,Electronics,Smartphone,18.0,5053,90954,2025-11-25
Hyderabad,Home Appliances,Mixer,6.0,7178,26970,2025-02-18
Kolkata,Accessories,Headphones,3.0,4001,12003,2025-05-23
Surat,Home Appliances,Fan,29.0,1598,46342,2025-12-08
Surat,Home Appliances,Mixer,11.0,7882,66960,2025-02-04
Lucknow,Electronics,Tablet,11.0,741,8151,2025-11-02
Kolkata,Accessories,Keyboard,3.0,2006,6018,2025-06-08
Hyderabad,Fashion,Watch,8.0,6838,54704,2025-01-21
Chennai,Fashion,Jeans,19.0,2276,43244,2025-03-06
Chennai,Electronics,Monitor,30.0,5525,165750,2025-11-09
Chennai,Electronics,Tablet,4.0,4756,19024,2025-11-20
Chennai,Electronics,Monitor,35.0,5346,10399,2025-10-01
Pune,Home Appliances,Mixer,16.0,1745,27920,2025-01-26
Bhopal,Electronics,Laptop,12.0,7676,92112,2025-09-14
Lucknow,Fashion,Watch,2.0,2508,5016,2025-04-21
Kolkata,Home Appliances,Mixer,32.0,7646,216892,2025-03-06
Kochi,Electronics,Smartphone,24.0,2176,52224,2025-04-10
Hyderabad,Fashion,Jeans,33.0,3990,131670,2025-05-13
Delhi,Home Appliances,Mixer,22.0,1064,23408,2025-11-23
Pune,Home Appliances,Air Cooler,1.0,7141,7141,2025-10-17
Bengaluru,Accessories,Keyboard,17.0,5152,87584,2025-05-05
Chennai,Electronics,Monitor,26.0,7871,106217,2025-01-11
Mysuru,Electronics,Smartphone,38.0,7392,207078,2025-01-03
Bengaluru,Electronics,Laptop,7.0,2672,18704,2025-02-06
Jaipur,Accessories,Speaker,31.0,6085,106509,2025-04-21
Chennai,Fashion,T-Shirt,24.0,1844,43615,2025-06-05
Chennai,Accessories,Speaker,24.0,2811,58557,2025-10-21
Bengaluru,Fashion,Jeans,27.0,819,22113,2025-01-03
Mysuru,Electronics,Monitor,1.0,3755,3755,2025-09-07
Surat,Fashion,Shoes,17.0,1906,32402,2025-10-16
Kochi,Home Appliances,Fan,16.0,3043,48688,2025-09-22
Mumbai,Electronics,Monitor,6.0,3729,22374,2025-04-12
Mysuru,Home Appliances,Mixer,22.0,1571,34562,2025-12-26
Bhopal,Accessories,Speaker,25.0,1510,37750,2025-11-05
Surat,Fashion,Shoes,11.0,7874,86614,2025-07-03
Lucknow,Fashion,Shoes,38.0,3227,27855,2025-09-02
Patna,Accessories,Headphones,25.0,6942,142095,2025-04-15
Lucknow,Fashion,Shoes,7.0,2345,16415,2025-06-21
Mysuru,Home Appliances,Air Cooler,38.0,6351,34010,2025-02-13
Mumbai,Accessories,Keyboard,13.0,716,9308,2025-07-27
Chennai,Accessories,Keyboard,1.0,7502,7502,2025-12-18
Hyderabad,Fashion,Jeans,3.0,809,2427,2025-07-17
Bhopal,Accessories,Mouse,34.0,7788,61468,2025-06-01
Surat,Home Appliances,Air Cooler,30.0,116,3480,2025-07-01
Ahmedabad,Electronics,Camera,9.0,7623,68607,2025-12-25
Ahmedabad,Accessories,Headphones,20.0,2082,41640,2025-11-03
Bhopal,Home Appliances,Fan,15.0,1472,22080,2025-05-07
Chennai,Electronics,Monitor,3.0,2314,6942,2025-05-05
Chennai,Home Appliances,Mixer,35.0,424,14840,2025-09-14
Kolkata,Home Appliances,Mixer,11.0,4039,44429,2025-07-20
Kochi,Accessories,Speaker,33.0,275,9075,2025-11-11
Pune,Home Appliances,Air Cooler,17.0,6525,45446,2025-02-27
Mumbai,Fashion,Shoes,24.0,7680,160812,2025-12-18
Surat,Fashion,Jeans,14.0,4965,15036,2025-04-27
Lucknow,Fashion,Watch,36.0,6296,21380,2025-11-10
Chennai,Accessories,Keyboard,21.0,3160,66360,2025-05-09
Lucknow,Home Appliances,Fan,40.0,3562,142480,2025-09-20
Kolkata,Accessories,Headphones,11.0,3343,36773,2025-03-11
Mysuru,Accessories,Keyboard,21.0,2262,47502,2025-09-06
Jaipur,Home Appliances,Fan,34.0,6018,131392,2025-03-20
Bengaluru,Home Appliances,Air Cooler,24.0,6431,87416,2025-04-06
Kolkata,Electronics,Monitor,40.0,5436,217440,2025-11-09
Chennai,Electronics,Tablet,18.0,2997,53946,2025-11-09
Lucknow,Electronics,Camera,7.0,3226,22582,2025-03-02
Mumbai,Home Appliances,Mixer,34.0,7413,71421,2025-10-25
Bengaluru,Accessories,Keyboard,21.0,3582,75222,2025-06-23
Surat,Electronics,Monitor,8.0,3460,27680,2025-02-08
Lucknow,Electronics,Monitor,27.0,3240,87480,2025-06-12
Pune,Accessories,Mouse,30.0,3956,118680,2025-07-03
Pune,Accessories,Headphones,18.0,6095,36949,2025-01-02
Kolkata,Home Appliances,Mixer,37.0,2368,87616,2025-04-07
Hyderabad,Fashion,Shoes,23.0,3617,83191,2025-11-10
Mumbai,Electronics,Monitor,19.0,3222,20744,2025-04-24
Mumbai,Home Appliances,Air Cooler,31.0,3005,93155,2025-09-12
Ahmedabad,Home Appliances,Air Cooler,12.0,3361,40332,2025-03-17
Bhopal,Home Appliances,Mixer,2.0,6041,12082,2025-08-13
Surat,Home Appliances,Mixer,25.0,1608,40200,2025-09-21
Patna,Fashion,Jeans,24.0,1204,28896,2025-12-02
Pune,Accessories,Speaker,21.0,443,9303,2025-11-01
Hyderabad,Electronics,Tablet,6.0,3864,23184,2025-04-15
Mysuru,Fashion,Shoes,16.0,2991,47856,2025-07-24
Kochi,Home Appliances,Fan,36.0,3381,12651,2025-12-26
Lucknow,Electronics,Smartphone,5.0,6353,31765,2025-02-27
Hyderabad,Accessories,Speaker,26.0,1869,48594,2025-08-02
Pune,Accessories,Mouse,5.0,2833,14165,2025-09-02
Kochi,Fashion,Shoes,22.0,2370,52140,2025-11-05
Chennai,Fashion,T-Shirt,21.0,4708,98868,2025-10-14
Surat,Fashion,Jeans,27.0,7834,57142,2025-08-26
Chennai,Fashion,Watch,36.0,1474,53064,2025-12-22
Hyderabad,Fashion,Shoes,26.0,4832,125632,2025-09-21
Pune,Accessories,Keyboard,19.0,6790,129010,2025-10-03
Hyderabad,Accessories,Headphones,30.0,6962,74894,2025-04-06
Surat,Electronics,Tablet,21.0,5665,68635,2025-07-09
Pune,Accessories,Mouse,39.0,1457,56823,2025-03-04
Pune,Home Appliances,Fan,20.0,4155,83100,2025-09-11
Patna,Fashion,T-Shirt,12.0,5885,70620,2025-01-23
Jaipur,Fashion,T-Shirt,25.0,3011,75275,2025-08-09
Kochi,Home Appliances,Air Cooler,2.0,5776,11552,2025-11-27
Chennai,Fashion,Shoes,26.0,3491,90766,2025-11-24
Patna,Accessories,Keyboard,7.0,392,2744,2025-09-19
Lucknow,Accessories,Keyboard,7.0,3319,23233,2025-12-08
Kolkata,Accessories,Keyboard,24.0,5124,122976,2025-08-14
Patna,Electronics,Camera,16.0,7913,126608,2025-06-14
Bengaluru,Home Appliances,Mixer,7.0,3812,26684,2025-05-03
Bengaluru,Electronics,Laptop,9.0,4818,43362,2025-11-11
Mysuru,Home Appliances,Fan,30.0,1669,5850,2025-02-08
Patna,Fashion,Shoes,35.0,7037,221659,2025-03-24
Delhi,Accessories,Headphones,14.0,5594,78316,2025-07-25
Mysuru,Accessories,Keyboard,9.0,7211,64899,2025-10-05
Chennai,Fashion,Shoes,28.0,2212,61936,2025-01-20
Surat,Fashion,Jeans,33.0,7493,199401,2025-03-14
Delhi,Accessories,Headphones,11.0,4038,44418,2025-11-19
Delhi,Electronics,Camera,14.0,6926,96964,2025-10-25
Patna,Electronics,Camera,21.0,7387,140745,2025-12-07
Mysuru,Electronics,Laptop,29.0,3925,82895,2025-10-26
Jaipur,Accessories,Headphones,23.0,742,17066,2025-08-21
Bengaluru,Accessories,Headphones,9.0,2604,23436,2025-12-10
Mysuru,Electronics,Laptop,32.0,6864,107347,2025-11-19
Bengaluru,Accessories,Headphones,8.0,4869,38952,2025-05-15
Pune,Fashion,Shoes,19.0,1387,26353,2025-07-20
Ahmedabad,Home Appliances,Fan,35.0,4422,140712,2025-02-19
Mumbai,Fashion,Jeans,2.0,349,698,2025-10-10
Ahmedabad,Accessories,Speaker,12.0,7026,5273,2025-06-18
Ahmedabad,Accessories,Speaker,37.0,1940,71780,2025-02-06
Bengaluru,Fashion,Shoes,9.0,2266,20394,2025-06-26
Pune,Electronics,Monitor,4.0,1889,7556,2025-05-25
Bengaluru,Fashion,Watch,2.0,7217,14434,2025-07-04
Lucknow,Fashion,T-Shirt,10.0,4350,43500,2025-12-08
Bengaluru,Fashion,Shoes,17.0,6548,39596,2025-03-24
Pune,Accessories,Headphones,13.0,1026,13338,2025-06-27
Mysuru,Accessories,Keyboard,22.0,3539,77858,2025-03-19
Jaipur,Home Appliances,Mixer,11.0,6535,71885,2025-08-24
Kochi,Home Appliances,Fan,27.0,6017,8012,2025-03-06
Mumbai,Electronics,Monitor,26.0,2437,63362,2025-06-25
Ahmedabad,Home Appliances,Air Cooler,9.0,4468,40212,2025-09-12
Hyderabad,Electronics,Monitor,19.0,5700,73003,2025-05-09
Jaipur,Fashion,Jeans,38.0,7480,194297,2025-04-20
Bhopal,Fashion,Shoes,28.0,4572,68479,2025-01-19
Kolkata,Home Appliances,Air Cooler,11.0,2712,29832,2025-09-06
Chennai,Accessories,Speaker,26.0,4174,108524,2025-01-15
Mysuru,Home Appliances,Fan,29.0,6094,176726,2025-07-11
Lucknow,Fashion,Watch,4.0,7360,29440,2025-02-26
Bhopal,Accessories,Mouse,32.0,6922,189130,2025-03-23
Mysuru,Fashion,Watch,36.0,2544,91584,2025-05-17
Patna,Fashion,Shoes,10.0,6340,29205,2025-10-26
Kochi,Electronics,Monitor,29.0,6822,101156,2025-07-23
Pune,Home Appliances,Fan,21.0,392,8232,2025-11-20
Bhopal,Accessories,Headphones,8.0,4038,32304,2025-01-05
Kochi,Fashion,T-Shirt,25.0,6131,153275,2025-03-06
Hyderabad,Electronics,Monitor,19.0,433,8227,2025-11-03
Kolkata,Electronics,Camera,14.0,7952,9712,2025-02-25
Ahmedabad,Home Appliances,Air Cooler,38.0,6823,203642,2025-11-25
Surat,Fashion,T-Shirt,28.0,7584,186886,2025-07-11
Lucknow,Home Appliances,Mixer,2.0,3535,7070,2025-08-11
Kolkata,Electronics,Laptop,32.0,1431,45792,2025-09-08
Kochi,Fashion,Watch,21.0,2777,58317,2025-06-28
Kochi,Fashion,Jeans,5.0,4582,22910,2025-01-24
Kochi,Accessories,Speaker,27.0,1452,39204,2025-06-23
Hyderabad,Home Appliances,Air Cooler,37.0,2609,96533,2025-05-03
Surat,Accessories,Headphones,40.0,4107,55891,2025-11-06
Surat,Fashion,Shoes,29.0,7857,23433,2025-04-14
Chennai,Fashion,T-Shirt,39.0,6930,116653,2025-09-22
Ahmedabad,Home Appliances,Air Cooler,32.0,2287,73184,2025-05-27
Bengaluru,Home Appliances,Fan,9.0,7655,68895,2025-11-03
Mysuru,Home Appliances,Fan,27.0,4974,134298,2025-10-25
Kochi,Accessories,Headphones,21.0,580,12180,2025-08-01
Surat,Fashion,Watch,15.0,1029,15435,2025-12-12
Mumbai,Accessories,Mouse,35.0,3807,98135,2025-09-23
Bhopal,Accessories,Mouse,6.0,6855,41130,2025-10-05
Kolkata,Home Appliances,Mixer,23.0,3427,38311,2025-01-07
Lucknow,Electronics,Monitor,25.0,1700,42500,2025-01-04
Bhopal,Accessories,Speaker,18.0,4843,87174,2025-10-07
Delhi,Home Appliances,Air Cooler,19.0,5714,108566,2025-07-23
Patna,Fashion,Shoes,14.0,2490,34860,2025-06-05
Mumbai,Electronics,Monitor,24.0,6660,159840,2025-05-16
Ahmedabad,Accessories,Keyboard,21.0,1030,21630,2025-09-25
Surat,Fashion,Watch,27.0,6758,10187,2025-10-06
Ahmedabad,Fashion,Watch,2.0,7627,4360,2025-07-22
Hyderabad,Electronics,Monitor,33.0,7944,11607,2025-07-04
Bengaluru,Home Appliances,Air Cooler,13.0,4827,62751,2025-04-09
Hyderabad,Fashion,Shoes,15.0,1468,22020,2025-10-19
Patna,Electronics,Laptop,23.0,3804,73408,2025-07-10
Hyderabad,Electronics,Smartphone,33.0,446,14718,2025-04-26
Mysuru,Accessories,Keyboard,25.0,1358,33950,2025-06-01
Hyderabad,Accessories,Headphones,29.0,7008,188821,2025-02-07
Surat,Accessories,Speaker,17.0,6771,115107,2025-04-14
Kolkata,Fashion,Shoes,31.0,4241,85593,2025-02-09
Hyderabad,Electronics,Smartphone,12.0,1486,17832,2025-02-22
Kochi,Accessories,Mouse,11.0,6351,7481,2025-11-06
Kolkata,Fashion,Shoes,19.0,2280,35013,2025-07-17
Jaipur,Accessories,Keyboard,24.0,7608,99470,2025-01-22
Lucknow,Home Appliances,Air Cooler,12.0,6261,75132,2025-12-21
Bhopal,Accessories,Speaker,16.0,2229,35664,2025-06-10
Bengaluru,Electronics,Laptop,11.0,5658,62238,2025-09-18
Hyderabad,Home Appliances,Fan,16.0,1884,30144,2025-12-25
Lucknow,Home Appliances,Air Cooler,1.0,2947,2947,2025-05-01
Bhopal,Accessories,Speaker,5.0,2928,14640,2025-05-11
Jaipur,Home Appliances,Air Cooler,21.0,6233,130893,2025-03-27
Hyderabad,Home Appliances,Air Cooler,38.0,2109,65929,2025-12-10
Delhi,Fashion,Jeans,5.0,1740,8700,2025-06-25
Pune,Home Appliances,Air Cooler,29.0,4070,89300,2025-04-04
Kochi,Fashion,Shoes,35.0,4880,95714,2025-08-16
Pune,Accessories,Mouse,13.0,3609,46917,2025-03-12
Kolkata,Electronics,Laptop,3.0,4255,12765,2025-08-05
Mysuru,Accessories,Speaker,30.0,2240,67200,2025-07-23
Mumbai,Fashion,Shoes,38.0,4970,187823,2025-02-28
Kochi,Fashion,Shoes,15.0,745,11175,2025-11-09
Jaipur,Accessories,Mouse,28.0,3345,93660,2025-09-21
Mysuru,Accessories,Mouse,12.0,3143,37716,2025-11-15
Lucknow,Fashion,T-Shirt,26.0,1505,39130,2025-04-20
Chennai,Accessories,Keyboard,3.0,6785,20355,2025-09-12
Kolkata,Accessories,Speaker,23.0,3355,77165,2025-12-13
Pune,Home Appliances,Mixer,33.0,4327,142791,2025-04-21
Surat,Electronics,Laptop,17.0,6552,33393,2025-02-26
Mysuru,Fashion,T-Shirt,5.0,6624,33120,2025-12-05
Kolkata,Fashion,Watch,40.0,2923,116920,2025-07-08
Pune,Fashion,T-Shirt,19.0,5416,102904,2025-10-04
Bhopal,Home Appliances,Fan,32.0,1766,56512,2025-08-06
Chennai,Fashion,Watch,21.0,5658,2459,2025-01-15
Kochi,Fashion,Watch,8.0,4404,35232,2025-10-04
Patna,Fashion,Watch,13.0,619,8047,2025-07-27
Surat,Accessories,Speaker,21.0,4122,86562,2025-02-03
Kolkata,Electronics,Monitor,16.0,4575,73200,2025-03-19
Pune,Accessories,Headphones,21.0,5318,72868,2025-09-18
Kolkata,Accessories,Speaker,2.0,4400,8800,2025-06-27
Hyderabad,Accessories,Mouse,40.0,3740,149600,2025-07-27
Mysuru,Electronics,Camera,17.0,3023,51391,2025-05-16
Lucknow,Electronics,Laptop,8.0,7618,21712,2025-06-12
Bhopal,Accessories,Keyboard,20.0,2522,50440,2025-01-12
Bhopal,Electronics,Monitor,17.0,3651,62067,2025-04-06
Chennai,Electronics,Laptop,13.0,7073,91949,2025-01-11
Mumbai,Accessories,Keyboard,40.0,5815,107572,2025-07-05
Surat,Fashion,Shoes,8.0,7669,61352,2025-12-07
Chennai,Home Appliances,Fan,27.0,4780,84617,2025-10-14
Bhopal,Home Appliances,Mixer,8.0,6341,39259,2025-08-02
Delhi,Home Appliances,Fan,16.0,1055,16880,2025-08-06
Mysuru,Electronics,Monitor,9.0,2327,20943,2025-11-19
Patna,Fashion,Shoes,38.0,6259,178496,2025-12-20
Hyderabad,Home Appliances,Air Cooler,1.0,7729,7729,2025-03-04
Patna,Home Appliances,Fan,14.0,7713,65713,2025-04-08
Kochi,Accessories,Headphones,4.0,5402,13803,2025-01-08
Patna,Home Appliances,Mixer,32.0,2376,76032,2025-08-08
Jaipur,Accessories,Headphones,11.0,5565,61215,2025-09-03
Surat,Fashion,T-Shirt,34.0,3139,106726,2025-05-15
Bhopal,Electronics,Tablet,17.0,1547,26299,2025-10-13
Chennai,Electronics,Camera,21.0,6212,84430,2025-09-06
Kochi,Accessories,Headphones,34.0,4175,78556,2025-11-10
Jaipur,Electronics,Monitor,7.0,5951,41657,2025-02-01
Mumbai,Electronics,Monitor,39.0,6219,149314,2025-10-17
Kolkata,Home Appliances,Air Cooler,29.0,907,26303,2025-02-16
Lucknow,Fashion,T-Shirt,15.0,6466,4748,2025-04-01
Bengaluru,Fashion,T-Shirt,9.0,5846,52614,2025-11-23
Kochi,Accessories,Keyboard,6.0,5623,33738,2025-02-04
Chennai,Accessories,Speaker,9.0,7085,58004,2025-12-10
Ahmedabad,Accessories,Mouse,7.0,2629,18403,2025-08-25
Delhi,Accessories,Speaker,4.0,2950,11800,2025-07-19
Hyderabad,Accessories,Headphones,14.0,6978,51587,2025-10-12
Kochi,Electronics,Tablet,37.0,1394,27319,2025-10-24
Bhopal,Accessories,Keyboard,30.0,7695,201409,2025-04-16
Bengaluru,Accessories,Headphones,14.0,2116,29624,2025-02-11
Lucknow,Home Appliances,Mixer,4.0,715,2860,2025-04-02
Chennai,Accessories,Mouse,14.0,4185,58590,2025-05-19
Hyderabad,Home Appliances,Mixer,31.0,732,22692,2025-09-21
Mumbai,Home Appliances,Fan,19.0,7886,149834,2025-11-05
Chennai,Home Appliances,Mixer,19.0,191,3629,2025-08-11
Hyderabad,Fashion,Watch,27.0,329,8883,2025-07-23
Lucknow,Home Appliances,Fan,24.0,4933,118392,2025-04-19
Bengaluru,Home Appliances,Fan,36.0,4274,79074,2025-06-26
Mumbai,Fashion,T-Shirt,32.0,6291,56173,2025-10-22
Chennai,Fashion,Watch,8.0,1499,11992,2025-01-11
Mumbai,Fashion,T-Shirt,8.0,3188,23991,2025-11-19
Surat,Fashion,T-Shirt,23.0,4882,112286,2025-07-11
Pune,Fashion,Watch,38.0,6834,122480,2025-12-08
Mysuru,Fashion,T-Shirt,15.0,5221,7285,2025-06-04
Hyderabad,Electronics,Camera,15.0,1262,18930,2025-05-12
Chennai,Electronics,Tablet,32.0,5169,85563,2025-08-13
Mysuru,Home Appliances,Mixer,39.0,3814,73201,2025-08-07
Surat,Home Appliances,Air Cooler,1.0,1022,1022,2025-12-10
Patna,Home Appliances,Mixer,21.0,1383,28404,2025-06-19
Hyderabad,Home Appliances,Mixer,40.0,3306,132240,2025-08-03
Hyderabad,Home Appliances,Air Cooler,32.0,5251,14705,2025-06-12
Delhi,Fashion,T-Shirt,33.0,2115,69795,2025-01-24
Bengaluru,Home Appliances,Fan,12.0,1428,17136,2025-06-08
Jaipur,Home Appliances,Air Cooler,16.0,7614,69234,2025-09-10
Patna,Accessories,Speaker,36.0,2772,81311,2025-02-28
Bhopal,Fashion,Watch,18.0,275,4950,2025-06-06
Hyderabad,Electronics,Laptop,8.0,1702,13616,2025-10-08
Patna,Fashion,T-Shirt,5.0,882,4410,2025-10-12
Mysuru,Fashion,Shoes,24.0,231,5544,2025-07-15
Mysuru,Accessories,Mouse,17.0,6776,115192,2025-03-16
Mysuru,Home Appliances,Mixer,13.0,1356,17628,2025-08-03
Chennai,Home Appliances,Fan,10.0,4228,42280,2025-03-07
Bengaluru,Fashion,Shoes,3.0,7106,21318,2025-09-06
Kochi,Electronics,Tablet,8.0,1753,14024,2025-06-03
Ahmedabad,Fashion,T-Shirt,6.0,7111,42666,2025-08-15
Jaipur,Electronics,Tablet,31.0,2866,76118,2025-02-09
Kochi,Fashion,Jeans,39.0,5297,58873,2025-10-03
Kolkata,Home Appliances,Fan,33.0,6931,42666,2025-07-23
Jaipur,Accessories,Speaker,9.0,2367,21303,2025-03-05
Ahmedabad,Home Appliances,Air Cooler,10.0,6439,64390,2025-12-20
Delhi,Home Appliances,Air Cooler,2.0,4162,8324,2025-06-27
Kochi,Fashion,Shoes,35.0,7246,230606,2025-04-18
Chennai,Electronics,Monitor,6.0,7008,42048,2025-06-24
Patna,Accessories,Headphones,23.0,7168,164864,2025-08-02
Jaipur,Electronics,Camera,32.0,687,21984,2025-12-12
Lucknow,Fashion,T-Shirt,8.0,7654,61232,2025-08-09
Surat,Home Appliances,Mixer,24.0,4821,62054,2025-02-11
Lucknow,Electronics,Smartphone,32.0,1819,58208,2025-07-10
Mysuru,Electronics,Tablet,39.0,6326,180838,2025-02-11
Surat,Accessories,Headphones,5.0,2442,12210,2025-02-01
Patna,Accessories,Keyboard,5.0,5621,28105,2025-01-15
Chennai,Home Appliances,Fan,20.0,2830,56600,2025-12-03
Ahmedabad,Fashion,Jeans,6.0,1414,8484,2025-10-09
Ahmedabad,Fashion,Jeans,16.0,6054,96864,2025-02-26
Lucknow,Accessories,Headphones,8.0,5369,42952,2025-05-07
Mysuru,Electronics,Monitor,19.0,4780,35786,2025-12-22
Surat,Accessories,Keyboard,2.0,607,1214,2025-04-13
Delhi,Home Appliances,Mixer,26.0,5453,141778,2025-09-28
Surat,Accessories,Mouse,36.0,282,10152,2025-12-26
Pune,Home Appliances,Mixer,17.0,664,11288,2025-12-17
Jaipur,Electronics,Camera,5.0,1676,8380,2025-02-04
Jaipur,Electronics,Camera,15.0,531,7965,2025-07-14
Kochi,Home Appliances,Mixer,28.0,5549,22731,2025-04-15
Surat,Accessories,Keyboard,25.0,3547,88675,2025-10-16
Mumbai,Fashion,T-Shirt,2.0,6054,12108,2025-07-17
Pune,Home Appliances,Fan,9.0,6395,57555,2025-07-09
Patna,Home Appliances,Fan,1.0,1143,1143,2025-04-22
Delhi,Electronics,Smartphone,4.0,6154,24616,2025-11-10
Patna,Home Appliances,Air Cooler,18.0,3334,25651,2025-03-02
Patna,Fashion,Jeans,7.0,803,5621,2025-01-08
Hyderabad,Home Appliances,Air Cooler,33.0,955,31515,2025-11-21
Chennai,Accessories,Mouse,5.0,848,4240,2025-08-27
Kochi,Fashion,T-Shirt,31.0,287,8897,2025-10-04
Lucknow,Electronics,Monitor,11.0,2419,26609,2025-10-14
Patna,Electronics,Camera,19.0,263,4997,2025-09-27
Mysuru,Electronics,Monitor,2.0,4685,9370,2025-01-12
Jaipur,Fashion,Watch,35.0,2724,70244,2025-10-27
Mysuru,Electronics,Smartphone,23.0,4554,4215,2025-10-24
Delhi,Home Appliances,Mixer,20.0,7346,146920,2025-08-15
Pune,Electronics,Tablet,38.0,2326,31914,2025-02-11
Kolkata,Home Appliances,Fan,19.0,4299,81681,2025-02-21
Kolkata,Home Appliances,Mixer,27.0,5974,57996,2025-01-02
Lucknow,Electronics,Camera,37.0,3504,129648,2025-06-16
Lucknow,Home Appliances,Air Cooler,15.0,2450,36750,2025-09-19
Hyderabad,Electronics,Laptop,14.0,6238,87332,2025-04-13
Patna,Home Appliances,Fan,37.0,1179,43623,2025-09-02
Jaipur,Fashion,Jeans,10.0,4225,42250,2025-05-21
Kochi,Fashion,Shoes,38.0,4578,47311,2025-07-10
Bengaluru,Home Appliances,Air Cooler,22.0,4664,102608,2025-12-19
Kolkata,Home Appliances,Air Cooler,3.0,2695,8085,2025-01-11
Mumbai,Home Appliances,Mixer,36.0,1327,21884,2025-12-19
Ahmedabad,Electronics,Smartphone,37.0,6273,118466,2025-12-17
Pune,Fashion,Jeans,25.0,6299,103059,2025-07-26
Mysuru,Accessories,Keyboard,34.0,7544,177706,2025-03-22
Jaipur,Electronics,Camera,3.0,7255,4814,2025-10-21
Kolkata,Fashion,Shoes,22.0,5740,126280,2025-07-26
Bhopal,Electronics,Camera,33.0,1964,64812,2025-04-20
Ahmedabad,Home Appliances,Air Cooler,4.0,7591,30364,2025-07-23
Bengaluru,Home Appliances,Fan,20.0,4925,98500,2025-02-26
Delhi,Accessories,Headphones,5.0,2060,10300,2025-09-16
Hyderabad,Electronics,Monitor,34.0,1362,46308,2025-12-16
Pune,Fashion,Shoes,6.0,7211,43266,2025-09-28
Mysuru,Fashion,Watch,35.0,6060,92586,2025-09-18
Hyderabad,Accessories,Mouse,23.0,3988,91724,2025-12-24
Hyderabad,Home Appliances,Fan,33.0,7839,111150,2025-09-09
Kolkata,Accessories,Speaker,12.0,2080,24960,2025-12-06
Hyderabad,Fashion,T-Shirt,14.0,2836,35170,2025-05-20
Delhi,Fashion,Jeans,11.0,1119,12309,2025-05-04
Chennai,Accessories,Speaker,19.0,1088,20672,2025-05-05
Bengaluru,Electronics,Laptop,37.0,3933,145521,2025-01-03
Bengaluru,Electronics,Tablet,1.0,3421,3421,2025-12-28
Delhi,Fashion,T-Shirt,29.0,5464,158456,2025-07-28
Bhopal,Fashion,T-Shirt,38.0,5493,208734,2025-07-11
Kochi,Accessories,Speaker,16.0,7990,127840,2025-12-16
Hyderabad,Fashion,T-Shirt,11.0,5983,65813,2025-01-03
Lucknow,Electronics,Tablet,14.0,901,12614,2025-08-28
Patna,Accessories,Headphones,29.0,4082,18543,2025-12-16
Bhopal,Fashion,Watch,38.0,4024,122567,2025-09-21
Surat,Electronics,Laptop,23.0,3166,34462,2025-05-10
Lucknow,Electronics,Camera,34.0,5621,153988,2025-05-23
Surat,Home Appliances,Air Cooler,1.0,5104,5104,2025-07-27
Mumbai,Electronics,Laptop,36.0,678,24408,2025-09-10
Hyderabad,Electronics,Tablet,30.0,7919,137436,2025-06-18
Mysuru,Fashion,Watch,23.0,2581,31023,2025-06-25
Chennai,Accessories,Speaker,20.0,7942,2248,2025-09-10
Pune,Accessories,Headphones,15.0,4996,74940,2025-11-25
Jaipur,Electronics,Camera,11.0,5369,59059,2025-12-09
Pune,Accessories,Headphones,8.0,4923,39384,2025-09-25
Ahmedabad,Home Appliances,Fan,8.0,1753,14024,2025-02-02
Jaipur,Home Appliances,Air Cooler,40.0,5151,38323,2025-11-08
Lucknow,Fashion,Shoes,2.0,3702,7404,2025-09-06
Bengaluru,Electronics,Laptop,31.0,3350,17314,2025-12-22
Pune,Fashion,Watch,39.0,2292,16963,2025-12-08
Mumbai,Fashion,T-Shirt,30.0,3780,41605,2025-10-21
Ahmedabad,Fashion,Watch,17.0,7522,127874,2025-09-24
Mysuru,Accessories,Speaker,34.0,1078,36652,2025-11-17
Delhi,Electronics,Smartphone,5.0,2918,14590,2025-01-21
Ahmedabad,Fashion,T-Shirt,3.0,2108,6324,2025-12-28
Surat,Accessories,Headphones,8.0,6524,52192,2025-04-11
Chennai,Home Appliances,Air Cooler,7.0,7105,49735,2025-04-11
Mysuru,Accessories,Headphones,13.0,3619,47047,2025-01-06
Mumbai,Accessories,Keyboard,38.0,271,10298,2025-08-11
Lucknow,Electronics,Tablet,1.0,3071,3071,2025-02-07
Hyderabad,Electronics,Laptop,8.0,1162,9296,2025-04-28
Kolkata,Fashion,Watch,28.0,3214,10752,2025-10-01
Chennai,Home Appliances,Fan,1.0,4868,4868,2025-11-16
Pune,Fashion,T-Shirt,10.0,4546,25504,2025-10-16
Chennai,Accessories,Headphones,35.0,4877,13552,2025-12-15
Bengaluru,Home Appliances,Fan,31.0,4768,63196,2025-09-04
Kochi,Electronics,Camera,25.0,4630,115750,2025-05-08
Mumbai,Fashion,T-Shirt,26.0,1938,50388,2025-12-08
Mumbai,Electronics,Tablet,35.0,5229,183015,2025-04-21
Bengaluru,Home Appliances,Fan,38.0,5932,32906,2025-02-11
Pune,Accessories,Headphones,32.0,123,3936,2025-04-21
Jaipur,Home Appliances,Mixer,40.0,1200,48000,2025-12-07
Kolkata,Fashion,T-Shirt,17.0,6607,68687,2025-01-23
Lucknow,Home Appliances,Fan,38.0,1930,73340,2025-11-14
Bhopal,Accessories,Keyboard,18.0,6373,108985,2025-07-07
Pune,Accessories,Mouse,26.0,5743,17901,2025-05-07
Kochi,Electronics,Tablet,26.0,2247,58422,2025-08-09
Bhopal,Home Appliances,Mixer,12.0,5060,60720,2025-08-02
Hyderabad,Home Appliances,Air Cooler,7.0,3662,25634,2025-12-14
Hyderabad,Fashion,Watch,22.0,5825,128150,2025-08-01
Hyderabad,Home Appliances,Air Cooler,2.0,2782,5564,2025-09-23
Hyderabad,Fashion,Watch,29.0,1867,54143,2025-12-17
Kochi,Electronics,Laptop,16.0,1688,27008,2025-02-12
Jaipur,Home Appliances,Mixer,16.0,4316,69056,2025-02-26
Pune,Electronics,Monitor,16.0,6929,22942,2025-12-24
Kolkata,Electronics,Tablet,24.0,5807,42858,2025-06-03
Jaipur,Accessories,Speaker,20.0,2801,38292,2025-03-21
Bhopal,Home Appliances,Fan,31.0,4086,126666,2025-08-26
Jaipur,Home Appliances,Air Cooler,35.0,7580,81748,2025-06-14
Surat,Fashion,Jeans,17.0,7652,130084,2025-05-17
Kochi,Accessories,Headphones,22.0,4645,102190,2025-12-15
Delhi,Accessories,Keyboard,21.0,4257,89397,2025-10-25
Bengaluru,Fashion,Shoes,4.0,7976,31904,2025-11-25
Pune,Fashion,Watch,27.0,3505,94635,2025-11-28
Bengaluru,Electronics,Smartphone,21.0,790,16590,2025-01-04
Lucknow,Accessories,Keyboard,26.0,7367,191542,2025-07-21
Surat,Electronics,Tablet,31.0,7308,35280,2025-01-26
Mumbai,Home Appliances,Air Cooler,36.0,6144,151349,2025-05-10
Pune,Fashion,Jeans,21.0,1324,27804,2025-08-21
Chennai,Electronics,Camera,35.0,7212,107197,2025-08-05
Pune,Home Appliances,Mixer,1.0,5575,5575,2025-11-03
Mysuru,Home Appliances,Mixer,32.0,4534,84339,2025-07-17
Chennai,Accessories,Mouse,32.0,6603,211296,2025-01-18
Bengaluru,Electronics,Smartphone,40.0,6767,115916,2025-07-07
Lucknow,Electronics,Camera,30.0,2585,56172,2025-05-13
Surat,Fashion,Jeans,21.0,1168,24528,2025-07-22
Delhi,Home Appliances,Mixer,22.0,4558,52664,2025-02-12
Mysuru,Home Appliances,Air Cooler,26.0,7929,96941,2025-02-11
Lucknow,Electronics,Monitor,13.0,5830,75790,2025-10-10
Surat,Fashion,Watch,37.0,3845,85618,2025-06-01
Bhopal,Fashion,T-Shirt,22.0,5973,85827,2025-12-09
Mumbai,Electronics,Smartphone,20.0,5472,109440,2025-07-15
Kochi,Accessories,Keyboard,11.0,6255,68805,2025-04-10
Hyderabad,Home Appliances,Mixer,22.0,2294,26156,2025-04-08
Patna,Electronics,Tablet,28.0,2625,73500,2025-10-02
Kolkata,Electronics,Smartphone,37.0,7859,91027,2025-11-12
Patna,Home Appliances,Fan,34.0,813,12670,2025-07-21
Patna,Home Appliances,Air Cooler,8.0,4155,33240,2025-08-11
Kochi,Electronics,Monitor,12.0,1235,14820,2025-01-25
Kolkata,Accessories,Speaker,36.0,4050,145800,2025-10-20
Bengaluru,Electronics,Monitor,32.0,704,22528,2025-08-02
Kochi,Fashion,Jeans,29.0,4761,30459,2025-12-23
Pune,Accessories,Headphones,26.0,4487,24392,2025-03-03
Kolkata,Fashion,T-Shirt,2.0,6378,12756,2025-02-06
Pune,Accessories,Keyboard,9.0,2283,20547,2025-10-07
Mysuru,Accessories,Headphones,25.0,1081,27025,2025-03-08
Pune,Fashion,Jeans,19.0,1447,27493,2025-06-18
Mumbai,Fashion,Jeans,2.0,2702,5404,2025-08-03
Mysuru,Electronics,Laptop,8.0,5585,44680,2025-04-23
Mumbai,Home Appliances,Mixer,15.0,4851,13722,2025-01-01
Surat,Home Appliances,Air Cooler,2.0,952,1904,2025-05-15
Chennai,Electronics,Tablet,3.0,2698,8094,2025-09-08
Ahmedabad,Home Appliances,Fan,22.0,3328,7801,2025-05-23
Delhi,Accessories,Headphones,3.0,4124,12372,2025-01-25
Lucknow,Home Appliances,Air Cooler,2.0,4800,9600,2025-08-28
Bhopal,Fashion,Watch,25.0,4465,98359,2025-08-01
Delhi,Electronics,Smartphone,7.0,7537,52759,2025-12-11
Mysuru,Home Appliances,Mixer,20.0,3797,33440,2025-08-07
Patna,Fashion,Jeans,30.0,3749,112470,2025-06-16
Pune,Electronics,Camera,23.0,7814,104916,2025-02-05
Lucknow,Accessories,Speaker,21.0,3142,53522,2025-09-26
Kochi,Fashion,T-Shirt,16.0,3022,48352,2025-11-07
Chennai,Fashion,T-Shirt,10.0,7900,79000,2025-12-28
Mysuru,Fashion,T-Shirt,34.0,315,10710,2025-04-19
Mumbai,Fashion,T-Shirt,14.0,6140,85960,2025-09-17
Chennai,Electronics,Smartphone,2.0,7763,15526,2025-02-10
Mysuru,Electronics,Tablet,7.0,7478,52346,2025-09-24
Ahmedabad,Fashion,Shoes,35.0,5168,180880,2025-04-22
Jaipur,Fashion,Watch,7.0,920,6440,2025-08-02
Mumbai,Electronics,Smartphone,26.0,2412,62712,2025-03-24
Mumbai,Electronics,Smartphone,35.0,3274,62557,2025-11-12
Lucknow,Accessories,Mouse,3.0,3308,9924,2025-08-01
Ahmedabad,Fashion,T-Shirt,2.0,5265,10530,2025-08-19
Patna,Fashion,Jeans,17.0,2957,50269,2025-09-04
Bengaluru,Home Appliances,Fan,9.0,3226,29034,2025-12-11
Kochi,Home Appliances,Mixer,32.0,420,13440,2025-06-19
Surat,Electronics,Camera,35.0,7962,68098,2025-08-26
Mysuru,Home Appliances,Air Cooler,10.0,5750,57500,2025-12-12
Kochi,Accessories,Mouse,9.0,2168,19512,2025-03-20
Kolkata,Fashion,Jeans,35.0,7628,34083,2025-12-04
Delhi,Electronics,Monitor,3.0,4807,14421,2025-02-18
Hyderabad,Fashion,T-Shirt,33.0,505,16665,2025-10-04
Chennai,Home Appliances,Air Cooler,26.0,2152,30062,2025-09-19
Hyderabad,Accessories,Mouse,1.0,671,671,2025-12-17
Mumbai,Home Appliances,Air Cooler,26.0,7423,21678,2025-02-01
Surat,Home Appliances,Mixer,24.0,4997,102451,2025-09-18
Lucknow,Home Appliances,Fan,6.0,2494,14964,2025-01-08
Delhi,Accessories,Headphones,16.0,6122,89581,2025-06-24
Ahmedabad,Fashion,Shoes,18.0,3149,56682,2025-09-04
Surat,Fashion,Watch,19.0,893,16967,2025-02-11
Pune,Accessories,Mouse,21.0,3360,70560,2025-04-05
Pune,Accessories,Mouse,13.0,4241,55133,2025-03-09
Bhopal,Fashion,Watch,34.0,7209,134337,2025-06-14
Jaipur,Electronics,Monitor,30.0,1471,44130,2025-04-11
Kochi,Home Appliances,Mixer,7.0,345,2415,2025-04-11
Jaipur,Accessories,Headphones,1.0,1514,1514,2025-12-21
Kochi,Accessories,Speaker,15.0,6107,91605,2025-12-21
Chennai,Accessories,Speaker,37.0,5799,214563,2025-06-15
Lucknow,Electronics,Laptop,29.0,1624,47096,2025-02-28
Jaipur,Fashion,Jeans,36.0,7216,200567,2025-02-11
Ahmedabad,Fashion,Jeans,8.0,3087,24696,2025-05-03
Mysuru,Accessories,Keyboard,24.0,1930,46320,2025-06-14
Surat,Fashion,Jeans,11.0,1187,13057,2025-07-08
Chennai,Accessories,Mouse,29.0,4624,4824,2025-01-11
Delhi,Electronics,Camera,15.0,5619,84285,2025-05-13
Kolkata,Electronics,Monitor,20.0,7939,61158,2025-09-01
Pune,Accessories,Mouse,7.0,1256,8792,2025-11-23
Hyderabad,Fashion,Jeans,8.0,7370,58960,2025-09-07
Pune,Accessories,Headphones,28.0,4641,59479,2025-02-07
Kolkata,Fashion,Watch,19.0,911,17309,2025-12-21
Mumbai,Fashion,T-Shirt,8.0,7606,60848,2025-04-11
Kolkata,Accessories,Keyboard,8.0,7385,59080,2025-10-17
Jaipur,Home Appliances,Fan,6.0,7685,46110,2025-04-12
Mysuru,Accessories,Speaker,36.0,4874,175464,2025-12-05
Lucknow,Accessories,Mouse,12.0,5656,67872,2025-04-07
Ahmedabad,Home Appliances,Mixer,5.0,4372,21860,2025-11-06
Chennai,Fashion,T-Shirt,31.0,4989,134219,2025-05-21
Lucknow,Fashion,T-Shirt,29.0,775,22475,2025-07-27
Mumbai,Home Appliances,Air Cooler,33.0,3788,64234,2025-10-10
Delhi,Home Appliances,Mixer,23.0,1939,44597,2025-03-09
Chennai,Accessories,Keyboard,23.0,7737,177951,2025-09-22
Mumbai,Electronics,Monitor,13.0,4713,39670,2025-10-10
Jaipur,Home Appliances,Air Cooler,24.0,7435,76959,2025-11-15
Kolkata,Fashion,Watch,30.0,4519,135570,2025-10-14
Kochi,Accessories,Headphones,14.0,5683,79562,2025-11-13
Jaipur,Fashion,Watch,13.0,6093,79209,2025-07-25
Patna,Home Appliances,Fan,12.0,5224,62688,2025-12-25
Lucknow,Electronics,Tablet,6.0,3913,23478,2025-10-14
Lucknow,Accessories,Speaker,8.0,6622,52976,2025-10-18
Ahmedabad,Electronics,Laptop,38.0,1779,67602,2025-06-24
Mysuru,Home Appliances,Air Cooler,2.0,7133,14266,2025-07-21
Delhi,Home Appliances,Fan,35.0,6059,187849,2025-06-26
Mysuru,Fashion,Watch,5.0,5351,26755,2025-02-02
Bengaluru,Accessories,Mouse,38.0,5642,203972,2025-03-13
Mumbai,Fashion,Jeans,12.0,7271,87252,2025-10-10
Surat,Home Appliances,Mixer,10.0,6489,41131,2025-07-14
Surat,Fashion,Jeans,19.0,7738,110535,2025-09-18
Mysuru,Home Appliances,Fan,17.0,192,3264,2025-05-03
Patna,Electronics,Smartphone,32.0,1408,45056,2025-11-06
Chennai,Home Appliances,Air Cooler,9.0,441,3969,2025-03-08
Bhopal,Electronics,Tablet,20.0,5804,116080,2025-10-01
Patna,Home Appliances,Mixer,2.0,3898,7796,2025-01-07
Chennai,Accessories,Speaker,37.0,5533,204721,2025-08-19
Patna,Home Appliances,Air Cooler,33.0,7860,101175,2025-04-28
Mysuru,Fashion,T-Shirt,39.0,229,8931,2025-05-11
Kolkata,Accessories,Headphones,21.0,3647,76587,2025-08-04
Pune,Fashion,Watch,14.0,1638,22932,2025-10-17
Kolkata,Home Appliances,Air Cooler,36.0,464,16704,2025-08-22
Delhi,Accessories,Mouse,21.0,1498,31458,2025-06-24
Kolkata,Accessories,Speaker,10.0,3332,33320,2025-07-19
Bhopal,Electronics,Tablet,30.0,2062,61860,2025-02-18
Surat,Accessories,Keyboard,28.0,4095,114660,2025-06-14
Mumbai,Accessories,Keyboard,8.0,741,5928,2025-08-07
Delhi,Fashion,Jeans,3.0,2836,8508,2025-04-11
Bengaluru,Fashion,T-Shirt,21.0,4579,65074,2025-01-27
Patna,Home Appliances,Fan,11.0,2002,22022,2025-07-19
Hyderabad,Electronics,Tablet,16.0,7608,84919,2025-06-20
Bhopal,Accessories,Mouse,24.0,6957,157723,2025-07-04
Patna,Accessories,Mouse,31.0,7282,56214,2025-05-08
Jaipur,Home Appliances,Air Cooler,33.0,1253,17771,2025-11-15
Surat,Fashion,Shoes,19.0,7846,149074,2025-06-17
Delhi,Fashion,Shoes,9.0,5592,50328,2025-07-26
Ahmedabad,Home Appliances,Fan,20.0,3038,60760,2025-10-07
Mysuru,Accessories,Speaker,8.0,1637,13096,2025-04-11
Mysuru,Accessories,Keyboard,20.0,4829,96580,2025-11-16
Kolkata,Home Appliances,Mixer,10.0,5394,53940,2025-10-13
Kolkata,Electronics,Camera,10.0,7246,72460,2025-01-14
Patna,Fashion,Watch,26.0,5532,143832,2025-04-05
Patna,Accessories,Speaker,38.0,7595,106550,2025-09-05
Hyderabad,Home Appliances,Air Cooler,1.0,5118,5118,2025-04-21
Surat,Accessories,Headphones,32.0,4774,99815,2025-07-25
Lucknow,Home Appliances,Fan,5.0,1700,8500,2025-07-17
Patna,Accessories,Keyboard,24.0,6907,73392,2025-05-25
Ahmedabad,Electronics,Monitor,27.0,2924,28896,2025-05-02
Surat,Home Appliances,Mixer,14.0,1232,17248,2025-12-18
Mumbai,Home Appliances,Fan,30.0,3133,93990,2025-03-01
Bengaluru,Accessories,Speaker,15.0,3138,47070,2025-12-24
Jaipur,Home Appliances,Fan,6.0,2485,14910,2025-11-02
Jaipur,Electronics,Smartphone,30.0,3398,41595,2025-09-04
Surat,Home Appliances,Fan,10.0,4310,43100,2025-01-01
Hyderabad,Electronics,Laptop,10.0,2505,25050,2025-06-04
Surat,Home Appliances,Air Cooler,30.0,3480,41385,2025-12-01
Mysuru,Fashion,T-Shirt,30.0,5559,14776,2025-07-08
Hyderabad,Home Appliances,Fan,19.0,825,15675,2025-05-08
Mumbai,Accessories,Headphones,32.0,1003,32096,2025-12-09
Delhi,Electronics,Camera,14.0,7210,31218,2025-05-20
Kochi,Home Appliances,Air Cooler,18.0,1469,26442,2025-03-22
Chennai,Home Appliances,Mixer,1.0,873,873,2025-06-22
Mumbai,Fashion,T-Shirt,14.0,1336,18704,2025-06-22
Ahmedabad,Fashion,Watch,21.0,6050,127050,2025-03-16
Kolkata,Home Appliances,Fan,4.0,195,780,2025-11-02
Jaipur,Fashion,Shoes,16.0,5983,12273,2025-04-04
Bengaluru,Accessories,Speaker,40.0,4609,94767,2025-02-16
Ahmedabad,Home Appliances,Fan,19.0,7885,115436,2025-05-04
Patna,Fashion,Watch,32.0,5071,162272,2025-04-15
Chennai,Electronics,Smartphone,2.0,1840,3680,2025-07-06
Mumbai,Home Appliances,Air Cooler,2.0,2111,4222,2025-06-03
Kochi,Home Appliances,Mixer,21.0,7344,87791,2025-01-04
Hyderabad,Electronics,Tablet,33.0,6474,112499,2025-12-26
Mysuru,Home Appliances,Mixer,25.0,257,6425,2025-06-19
Chennai,Fashion,Watch,16.0,6957,111312,2025-04-15
Jaipur,Accessories,Speaker,28.0,7095,79891,2025-05-03
Lucknow,Fashion,Shoes,33.0,964,31812,2025-02-10
Pune,Fashion,Watch,12.0,6298,75576,2025-05-02
Bengaluru,Fashion,T-Shirt,18.0,343,6174,2025-12-23
Pune,Home Appliances,Air Cooler,2.0,196,392,2025-11-01
Jaipur,Electronics,Laptop,39.0,4227,164853,2025-08-11
Patna,Electronics,Camera,14.0,6262,3368,2025-01-07
Pune,Electronics,Camera,2.0,7622,15244,2025-04-22
Mumbai,Accessories,Mouse,3.0,7410,22230,2025-09-20
Mysuru,Electronics,Monitor,27.0,3415,26538,2025-05-24
Bhopal,Accessories,Keyboard,40.0,4422,8670,2025-01-01
Hyderabad,Accessories,Mouse,26.0,6162,87221,2025-03-13
Mysuru,Fashion,Jeans,3.0,4702,14106,2025-04-25
Surat,Electronics,Laptop,8.0,4842,38736,2025-06-04
Bhopal,Home Appliances,Fan,2.0,3012,6024,2025-04-02
Ahmedabad,Electronics,Monitor,35.0,4201,147035,2025-06-01
Surat,Electronics,Laptop,3.0,2936,8808,2025-03-02
Jaipur,Electronics,Smartphone,13.0,5810,75530,2025-04-16
Chennai,Electronics,Monitor,21.0,6478,136038,2025-12-20
Jaipur,Fashion,Watch,2.0,4764,9528,2025-05-15
Kochi,Electronics,Tablet,29.0,3426,99354,2025-06-14
Pune,Fashion,Jeans,35.0,3438,120330,2025-01-28
Jaipur,Accessories,Mouse,3.0,2421,7263,2025-03-17
Kochi,Home Appliances,Air Cooler,7.0,3127,21889,2025-02-11
Ahmedabad,Electronics,Laptop,14.0,7001,95076,2025-08-02
Mumbai,Home Appliances,Mixer,23.0,3555,81765,2025-10-15
Mysuru,Fashion,Watch,23.0,555,12765,2025-11-04
Bengaluru,Accessories,Keyboard,17.0,1143,19431,2025-07-01
Chennai,Home Appliances,Air Cooler,18.0,2964,53352,2025-05-07
Mysuru,Accessories,Mouse,34.0,5164,128363,2025-02-19
Ahmedabad,Home Appliances,Air Cooler,31.0,6985,198409,2025-08-19
Delhi,Electronics,Smartphone,20.0,5510,29831,2025-10-19
Lucknow,Fashion,Watch,23.0,6423,147729,2025-12-03
Kochi,Electronics,Laptop,22.0,3353,73766,2025-12-15
Mysuru,Fashion,Jeans,30.0,5903,48152,2025-12-08
Chennai,Electronics,Tablet,13.0,7624,54315,2025-04-16
Kochi,Electronics,Laptop,29.0,7604,143780,2025-01-10
Chennai,Accessories,Keyboard,21.0,3903,81963,2025-02-05
Hyderabad,Accessories,Mouse,31.0,2439,75609,2025-10-21
Patna,Electronics,Camera,2.0,221,442,2025-12-18
Delhi,Fashion,Watch,28.0,3715,104020,2025-04-20
Lucknow,Fashion,Jeans,40.0,7324,160685,2025-07-16
Lucknow,Electronics,Tablet,30.0,1932,57960,2025-05-14
Patna,Fashion,Shoes,36.0,509,18324,2025-10-15
Surat,Fashion,Jeans,28.0,1512,4413,2025-12-12
Hyderabad,Fashion,Watch,37.0,1874,7448,2025-06-12
Mumbai,Accessories,Headphones,2.0,3641,7282,2025-07-19
Jaipur,Accessories,Mouse,24.0,2855,46317,2025-05-28
Hyderabad,Fashion,Jeans,24.0,2927,70248,2025-05-25
Chennai,Home Appliances,Air Cooler,22.0,6625,74572,2025-07-17
Bhopal,Electronics,Smartphone,14.0,472,6608,2025-04-24
Kolkata,Accessories,Headphones,30.0,5568,167040,2025-10-07
Pune,Home Appliances,Mixer,22.0,3483,76626,2025-04-01
Mumbai,Home Appliances,Mixer,30.0,3558,106740,2025-09-23
Chennai,Electronics,Camera,7.0,4707,32949,2025-01-08
Lucknow,Fashion,Jeans,28.0,6149,33834,2025-02-25
Bhopal,Home Appliances,Mixer,31.0,7023,189758,2025-07-08
Kochi,Home Appliances,Air Cooler,23.0,3160,72680,2025-05-24
Jaipur,Accessories,Headphones,10.0,1606,16060,2025-11-22
Patna,Electronics,Tablet,14.0,6741,94374,2025-03-07
Bengaluru,Accessories,Mouse,38.0,599,22762,2025-12-28
Surat,Home Appliances,Mixer,19.0,2217,23563,2025-07-22
Bengaluru,Accessories,Mouse,10.0,5785,57850,2025-03-05
Mumbai,Fashion,Jeans,40.0,2053,69071,2025-12-23
Delhi,Accessories,Headphones,1.0,2285,2285,2025-08-25
Chennai,Accessories,Speaker,17.0,3721,63257,2025-04-17
Kolkata,Fashion,Watch,8.0,3310,26480,2025-11-21
Pune,Accessories,Keyboard,29.0,2663,77227,2025-06-21
Kolkata,Electronics,Laptop,18.0,4826,86868,2025-10-08
Pune,Fashion,Jeans,34.0,4062,138108,2025-07-16
Pune,Home Appliances,Air Cooler,21.0,5951,124971,2025-04-20
Ahmedabad,Accessories,Speaker,37.0,5437,21839,2025-06-25
Patna,Home Appliances,Fan,39.0,6600,142614,2025-05-04
Hyderabad,Fashion,Jeans,14.0,4859,68026,2025-05-23
Kochi,Home Appliances,Mixer,29.0,2178,63162,2025-10-24
Bengaluru,Fashion,Shoes,13.0,247,3211,2025-11-16
Ahmedabad,Fashion,Jeans,29.0,7026,30262,2025-05-17
Lucknow,Accessories,Headphones,27.0,2722,73494,2025-02-13
Hyderabad,Home Appliances,Fan,21.0,5553,116613,2025-01-18
Ahmedabad,Fashion,T-Shirt,32.0,1351,43232,2025-02-05
Bhopal,Electronics,Laptop,1.0,2866,2866,2025-03-21
Kochi,Accessories,Mouse,6.0,1243,7458,2025-03-07
Patna,Accessories,Speaker,13.0,1408,18304,2025-08-02
Hyderabad,Fashion,T-Shirt,22.0,1101,24222,2025-08-26
Pune,Fashion,T-Shirt,29.0,1967,57043,2025-07-27
Mumbai,Fashion,Shoes,7.0,7233,6347,2025-02-23
Mumbai,Electronics,Smartphone,24.0,5050,121200,2025-07-27
Delhi,Home Appliances,Fan,37.0,4156,129695,2025-03-16
Hyderabad,Home Appliances,Fan,37.0,2288,30063,2025-12-08
Mysuru,Accessories,Mouse,20.0,7507,150140,2025-11-18
Mysuru,Accessories,Speaker,20.0,464,9280,2025-02-03
Chennai,Accessories,Keyboard,35.0,1094,38290,2025-03-23
Lucknow,Accessories,Mouse,7.0,2614,18298,2025-12-02
Patna,Fashion,Shoes,33.0,2263,74679,2025-08-01
Chennai,Home Appliances,Fan,32.0,5264,168448,2025-05-10
Bengaluru,Electronics,Laptop,38.0,1477,56126,2025-03-13
Hyderabad,Electronics,Monitor,29.0,3417,99093,2025-04-23
Hyderabad,Accessories,Headphones,18.0,3357,60426,2025-12-24
Bhopal,Accessories,Mouse,21.0,5320,15580,2025-02-26
Delhi,Fashion,Shoes,15.0,6123,91845,2025-01-22
Mumbai,Home Appliances,Air Cooler,31.0,2695,74258,2025-12-22
Surat,Home Appliances,Air Cooler,11.0,2552,28072,2025-05-06
Ahmedabad,Home Appliances,Mixer,20.0,2418,14041,2025-04-18
Delhi,Fashion,Shoes,15.0,265,3975,2025-01-12
Patna,Fashion,Watch,36.0,6556,76114,2025-04-07
Ahmedabad,Fashion,Watch,12.0,4950,12130,2025-12-22
Jaipur,Accessories,Headphones,5.0,7737,38685,2025-08-13
Mumbai,Electronics,Tablet,27.0,7923,77876,2025-12-05
Pune,Electronics,Monitor,37.0,1731,64047,2025-12-06
Delhi,Accessories,Mouse,35.0,7083,25372,2025-05-11
Bengaluru,Home Appliances,Fan,25.0,730,18250,2025-12-11
Lucknow,Electronics,Monitor,23.0,5730,131790,2025-08-26
Chennai,Fashion,Jeans,29.0,1477,42833,2025-08-16
Bengaluru,Electronics,Camera,26.0,6407,68622,2025-11-22
Chennai,Electronics,Camera,8.0,6589,52712,2025-01-25
Hyderabad,Accessories,Mouse,22.0,2790,61380,2025-11-20
Hyderabad,Electronics,Camera,20.0,4111,75370,2025-02-05
Lucknow,Home Appliances,Fan,38.0,5746,138116,2025-06-28
Bhopal,Fashion,Shoes,4.0,6796,27184,2025-08-28
Kochi,Fashion,Shoes,21.0,3434,72114,2025-09-07
Bengaluru,Electronics,Smartphone,14.0,4270,59780,2025-03-05
Kolkata,Fashion,Jeans,17.0,2897,49249,2025-05-08
Bhopal,Fashion,T-Shirt,39.0,6255,142985,2025-01-01
Ahmedabad,Home Appliances,Fan,25.0,1885,47125,2025-06-08
Bengaluru,Electronics,Monitor,10.0,1087,10870,2025-06-03
Pune,Electronics,Smartphone,1.0,6545,6545,2025-01-27
Lucknow,Home Appliances,Fan,15.0,4370,65550,2025-08-06
Mysuru,Fashion,Shoes,18.0,1775,31950,2025-08-23
Bhopal,Home Appliances,Mixer,12.0,2862,12232,2025-11-12
Bengaluru,Accessories,Mouse,34.0,643,21862,2025-07-04
Pune,Accessories,Mouse,8.0,4493,35944,2025-11-17
Mysuru,Fashion,T-Shirt,29.0,2182,50180,2025-12-03
Kochi,Fashion,Shoes,29.0,4411,115002,2025-07-20
Patna,Fashion,Watch,9.0,5378,48402,2025-09-20
Mysuru,Fashion,Jeans,32.0,4827,154464,2025-11-20
Hyderabad,Electronics,Camera,27.0,729,19683,2025-07-22
Mumbai,Home Appliances,Air Cooler,26.0,5339,138814,2025-09-25
Delhi,Fashion,Watch,33.0,4235,40298,2025-08-11
Bengaluru,Electronics,Tablet,39.0,4911,37590,2025-07-12
Chennai,Home Appliances,Mixer,7.0,4677,32739,2025-02-06
Mumbai,Accessories,Mouse,19.0,1851,35169,2025-04-28
Mysuru,Fashion,T-Shirt,31.0,6157,175081,2025-10-16
Chennai,Electronics,Monitor,3.0,2011,6033,2025-05-12
Surat,Fashion,Jeans,1.0,2888,2888,2025-09-27
Jaipur,Electronics,Monitor,18.0,2386,42948,2025-12-07
Hyderabad,Fashion,Watch,14.0,1305,18270,2025-11-25
Hyderabad,Fashion,T-Shirt,11.0,2277,25047,2025-08-03
Pune,Fashion,T-Shirt,11.0,4244,46684,2025-11-22
Jaipur,Fashion,Shoes,24.0,3902,93648,2025-03-23
Chennai,Fashion,Shoes,27.0,6829,184383,2025-05-08
Kochi,Electronics,Monitor,28.0,4166,115441,2025-02-02
Bengaluru,Fashion,Watch,19.0,738,14022,2025-01-21
Jaipur,Fashion,Shoes,20.0,262,5240,2025-02-12
Ahmedabad,Electronics,Camera,1.0,1146,1146,2025-07-23
Hyderabad,Fashion,Watch,20.0,473,9460,2025-01-21
Pune,Fashion,Shoes,34.0,2333,79322,2025-12-23
Patna,Accessories,Headphones,21.0,4369,91749,2025-10-21
Ahmedabad,Home Appliances,Mixer,6.0,4974,29844,2025-07-19
Pune,Fashion,Shoes,24.0,4954,3910,2025-03-14
Kolkata,Accessories,Headphones,24.0,1116,26784,2025-04-23
Ahmedabad,Home Appliances,Mixer,9.0,314,2826,2025-06-16
Ahmedabad,Home Appliances,Air Cooler,34.0,7581,218484,2025-02-21
Bengaluru,Home Appliances,Mixer,31.0,7545,124717,2025-04-23
Patna,Electronics,Monitor,32.0,7241,9882,2025-10-19
Hyderabad,Fashion,Watch,15.0,3714,15177,2025-05-07
Delhi,Fashion,T-Shirt,34.0,2443,83062,2025-07-17
Surat,Fashion,Watch,17.0,3693,62781,2025-05-22
Jaipur,Electronics,Tablet,35.0,2492,27070,2025-03-28
Patna,Accessories,Headphones,18.0,3991,71838,2025-09-21
Surat,Home Appliances,Mixer,29.0,2590,75110,2025-05-14
Bhopal,Home Appliances,Air Cooler,34.0,5150,175100,2025-07-07
Pune,Electronics,Monitor,31.0,6082,188542,2025-06-04
Lucknow,Home Appliances,Mixer,24.0,2153,51672,2025-08-09
Jaipur,Fashion,Shoes,4.0,3298,13192,2025-11-15
Bengaluru,Accessories,Keyboard,12.0,7640,70010,2025-04-21
Mumbai,Home Appliances,Air Cooler,37.0,720,26640,2025-08-25
Chennai,Accessories,Keyboard,21.0,3673,16066,2025-05-20
Ahmedabad,Electronics,Laptop,13.0,6216,3091,2025-07-06
Patna,Electronics,Tablet,17.0,5828,99076,2025-09-05
Chennai,Accessories,Speaker,31.0,3624,112344,2025-05-18
Bhopal,Electronics,Smartphone,31.0,3855,97281,2025-11-10
Pune,Home Appliances,Air Cooler,32.0,2136,68352,2025-03-15
Lucknow,Accessories,Headphones,20.0,7089,121992,2025-02-15
Mumbai,Accessories,Speaker,19.0,6193,114584,2025-05-03
Chennai,Fashion,Shoes,27.0,4038,109026,2025-03-21
Patna,Accessories,Headphones,10.0,312,3120,2025-10-11
Bengaluru,Electronics,Smartphone,38.0,5947,225986,2025-01-23
Lucknow,Fashion,T-Shirt,32.0,3811,121952,2025-06-06
Bhopal,Accessories,Speaker,26.0,3741,97266,2025-02-25
Pune,Electronics,Smartphone,15.0,6321,5341,2025-09-09
Mumbai,Accessories,Speaker,20.0,6561,54785,2025-11-23
Patna,Accessories,Speaker,19.0,1039,19741,2025-04-08
Ahmedabad,Home Appliances,Air Cooler,29.0,873,25317,2025-11-12
Delhi,Accessories,Headphones,18.0,2850,51300,2025-05-08
Delhi,Accessories,Keyboard,33.0,1779,58707,2025-08-28
Jaipur,Home Appliances,Air Cooler,11.0,4621,50831,2025-07-05
Mumbai,Home Appliances,Mixer,10.0,5552,42837,2025-06-21
Lucknow,Electronics,Laptop,20.0,4782,95640,2025-12-05
Hyderabad,Home Appliances,Fan,39.0,5184,49542,2025-10-13
Pune,Fashion,Watch,24.0,5541,132984,2025-10-28
Chennai,Accessories,Mouse,29.0,7108,161361,2025-02-12
Bengaluru,Accessories,Keyboard,21.0,2635,55335,2025-09-25
Bhopal,Home Appliances,Fan,38.0,2926,62609,2025-03-20
Pune,Home Appliances,Mixer,16.0,4324,33455,2025-12-15
Ahmedabad,Home Appliances,Air Cooler,11.0,7703,53152,2025-08-23
Jaipur,Electronics,Camera,17.0,2418,30204,2025-01-18
Ahmedabad,Electronics,Camera,23.0,7353,169119,2025-08-22
Bengaluru,Home Appliances,Mixer,32.0,1555,49760,2025-06-03
Kolkata,Fashion,Shoes,27.0,6042,37676,2025-06-26
Mysuru,Fashion,Jeans,30.0,4492,60758,2025-03-04
Delhi,Accessories,Speaker,29.0,5364,109043,2025-11-02
Bhopal,Fashion,T-Shirt,25.0,3373,59378,2025-08-23
Mysuru,Home Appliances,Mixer,32.0,6480,37414,2025-06-07
Kolkata,Accessories,Speaker,32.0,2272,72704,2025-05-07
Delhi,Accessories,Speaker,22.0,533,11726,2025-09-07
Jaipur,Home Appliances,Air Cooler,34.0,665,22610,2025-01-14
Hyderabad,Electronics,Camera,24.0,1616,38784,2025-11-24
Mysuru,Accessories,Speaker,35.0,4861,88214,2025-08-17
Delhi,Accessories,Mouse,7.0,4550,31850,2025-09-25
Lucknow,Electronics,Smartphone,7.0,3245,22715,2025-11-01
Patna,Electronics,Smartphone,18.0,6101,2240,2025-07-23
Ahmedabad,Accessories,Headphones,26.0,3742,52134,2025-01-26
Mysuru,Electronics,Monitor,37.0,6692,213984,2025-09-01
Lucknow,Fashion,Watch,10.0,7737,77370,2025-12-11
Kolkata,Home Appliances,Fan,19.0,4619,87761,2025-01-28
Hyderabad,Electronics,Laptop,27.0,2492,67284,2025-02-10
Pune,Accessories,Keyboard,29.0,7108,168078,2025-08-22
Kochi,Accessories,Speaker,18.0,7434,133812,2025-07-14
Kolkata,Fashion,Shoes,18.0,4738,85284,2025-02-27
Ahmedabad,Accessories,Speaker,37.0,1347,49839,2025-05-15
Bhopal,Electronics,Monitor,35.0,1337,46795,2025-01-28
Delhi,Fashion,Watch,18.0,2177,39186,2025-05-26
Lucknow,Fashion,Jeans,32.0,4333,138656,2025-04-19
Jaipur,Electronics,Laptop,36.0,1931,69516,2025-12-08
Kochi,Accessories,Headphones,20.0,6241,124820,2025-08-18
Surat,Home Appliances,Air Cooler,3.0,2772,8316,2025-12-26
Hyderabad,Home Appliances,Air Cooler,38.0,2390,90820,2025-08-03
Patna,Fashion,Shoes,22.0,7271,67766,2025-05-19
Ahmedabad,Fashion,Jeans,33.0,4795,40886,2025-04-13
Jaipur,Electronics,Tablet,16.0,5356,85696,2025-04-04
Lucknow,Home Appliances,Air Cooler,13.0,7560,98280,2025-07-27
Pune,Electronics,Monitor,26.0,3381,22496,2025-05-26
Mysuru,Accessories,Mouse,28.0,2624,73472,2025-03-17
Hyderabad,Accessories,Headphones,2.0,4244,8488,2025-11-04
Hyderabad,Home Appliances,Fan,36.0,3462,124632,2025-02-15
Bhopal,Home Appliances,Fan,17.0,5976,101592,2025-02-25
Lucknow,Home Appliances,Mixer,39.0,950,37050,2025-08-15
Jaipur,Accessories,Speaker,7.0,7947,55629,2025-03-18
Chennai,Electronics,Monitor,38.0,3462,123930,2025-04-12
Patna,Fashion,T-Shirt,33.0,3479,114807,2025-12-14
Bhopal,Home Appliances,Fan,18.0,3047,54846,2025-02-17
Mumbai,Electronics,Smartphone,19.0,2701,51319,2025-06-01
Bhopal,Fashion,Watch,24.0,2567,61608,2025-11-10
Lucknow,Fashion,Shoes,11.0,4395,48345,2025-10-18
Kolkata,Home Appliances,Mixer,8.0,4157,33256,2025-03-25
Kolkata,Electronics,Smartphone,24.0,3656,87744,2025-04-03
Hyderabad,Accessories,Headphones,6.0,7854,47124,2025-02-26
Hyderabad,Electronics,Monitor,7.0,7284,50988,2025-11-08
Chennai,Fashion,Shoes,34.0,2078,70652,2025-02-15
Patna,Accessories,Speaker,39.0,7760,38953,2025-10-05
Bhopal,Accessories,Speaker,36.0,5386,9266,2025-01-08
Lucknow,Electronics,Laptop,16.0,7899,126384,2025-10-05
Patna,Accessories,Headphones,34.0,4978,7195,2025-05-21
Lucknow,Home Appliances,Fan,36.0,1054,20523,2025-04-03
Delhi,Home Appliances,Fan,20.0,474,9480,2025-06-24
Hyderabad,Electronics,Camera,28.0,5762,52690,2025-04-14
Patna,Fashion,Shoes,33.0,622,20526,2025-02-05
Hyderabad,Home Appliances,Air Cooler,17.0,4175,70975,2025-11-02
Bengaluru,Accessories,Headphones,9.0,6423,12941,2025-10-26
Pune,Electronics,Smartphone,4.0,7707,30828,2025-12-10
Chennai,Fashion,Shoes,2.0,6126,12252,2025-03-15
Hyderabad,Electronics,Monitor,29.0,2031,58899,2025-08-01
Jaipur,Home Appliances,Fan,11.0,4491,49401,2025-12-04
Lucknow,Home Appliances,Fan,36.0,6378,148126,2025-10-11
Ahmedabad,Electronics,Tablet,20.0,1696,33920,2025-12-12
Lucknow,Fashion,T-Shirt,20.0,3150,63000,2025-09-14
Ahmedabad,Fashion,Watch,19.0,2526,47994,2025-10-20
Chennai,Fashion,Jeans,28.0,2394,67032,2025-06-09
Ahmedabad,Electronics,Camera,33.0,4075,134475,2025-12-11
Kolkata,Electronics,Tablet,2.0,2709,5418,2025-08-05
Mysuru,Fashion,T-Shirt,18.0,802,14436,2025-02-25
Pune,Home Appliances,Air Cooler,16.0,2438,39008,2025-02-08
Ahmedabad,Fashion,Shoes,11.0,2030,22330,2025-08-01
Pune,Electronics,Tablet,35.0,1409,49315,2025-05-10
Delhi,Fashion,Shoes,3.0,7741,23223,2025-12-19
Delhi,Accessories,Mouse,8.0,3794,30352,2025-05-19
Mumbai,Accessories,Mouse,33.0,2847,36798,2025-01-08
Pune,Home Appliances,Air Cooler,21.0,2875,60375,2025-03-08
Bengaluru,Electronics,Laptop,12.0,4042,48504,2025-10-06
Chennai,Electronics,Laptop,16.0,7971,127536,2025-03-28
Surat,Accessories,Keyboard,4.0,1033,4132,2025-05-12
Jaipur,Home Appliances,Air Cooler,9.0,6263,56367,2025-01-26
Hyderabad,Home Appliances,Air Cooler,36.0,5258,189288,2025-05-13
Chennai,Electronics,Camera,20.0,3289,65780,2025-02-27
Lucknow,Accessories,Keyboard,12.0,1963,23556,2025-09-24
Bengaluru,Electronics,Laptop,26.0,753,19578,2025-07-09
Surat,Home Appliances,Air Cooler,32.0,2562,81984,2025-09-13
Bengaluru,Electronics,Tablet,18.0,5524,99432,2025-08-10
Chennai,Electronics,Tablet,17.0,5136,73361,2025-05-02
Lucknow,Electronics,Tablet,4.0,4056,16224,2025-10-22
Lucknow,Home Appliances,Air Cooler,17.0,2345,39865,2025-09-07
Mumbai,Fashion,Shoes,10.0,1460,14600,2025-02-14
Hyderabad,Fashion,Watch,17.0,5179,22783,2025-11-18
Chennai,Home Appliances,Fan,17.0,3815,17004,2025-08-12
Mumbai,Home Appliances,Fan,35.0,3485,121975,2025-08-12
Patna,Accessories,Keyboard,28.0,4551,127428,2025-03-09
Delhi,Electronics,Monitor,28.0,652,18256,2025-01-01
Mumbai,Home Appliances,Mixer,24.0,6119,121458,2025-09-04
Bhopal,Fashion,Watch,16.0,5765,50216,2025-03-28
Surat,Electronics,Tablet,26.0,6299,54387,2025-06-07
Ahmedabad,Fashion,T-Shirt,3.0,2843,8529,2025-01-07
Mumbai,Fashion,Jeans,27.0,6593,117006,2025-03-26
Patna,Electronics,Monitor,33.0,1450,47850,2025-01-24
Bengaluru,Accessories,Mouse,33.0,6252,206316,2025-05-15
Kolkata,Fashion,Shoes,38.0,2581,98078,2025-03-20
Delhi,Electronics,Camera,29.0,6488,188152,2025-07-28
Lucknow,Accessories,Keyboard,29.0,2939,85231,2025-08-22
Pune,Electronics,Monitor,25.0,2450,61250,2025-09-07
Surat,Electronics,Tablet,20.0,2049,40980,2025-05-10
Pune,Home Appliances,Mixer,18.0,7436,12504,2025-08-13
Patna,Accessories,Headphones,22.0,1971,43362,2025-10-24
Mumbai,Fashion,Shoes,13.0,2307,29991,2025-03-28
Surat,Accessories,Speaker,20.0,6163,91475,2025-04-20
Pune,Home Appliances,Air Cooler,14.0,4362,61068,2025-01-14
Bhopal,Electronics,Tablet,34.0,6128,32367,2025-11-19
Surat,Home Appliances,Mixer,7.0,3758,26306,2025-09-21
Mysuru,Electronics,Camera,14.0,4646,65044,2025-10-20
Mumbai,Electronics,Camera,12.0,891,10692,2025-08-23
Ahmedabad,Electronics,Laptop,22.0,3604,79288,2025-05-12
Mumbai,Accessories,Speaker,36.0,2180,78480,2025-12-27
Mysuru,Fashion,Jeans,10.0,3912,39120,2025-09-04
Mysuru,Fashion,T-Shirt,15.0,7917,118755,2025-05-06
Pune,Home Appliances,Fan,39.0,505,19695,2025-04-28
Lucknow,Electronics,Camera,2.0,7484,14968,2025-06-28
Bhopal,Fashion,Shoes,9.0,4095,36855,2025-11-22
Kochi,Accessories,Speaker,20.0,6069,34936,2025-07-22
Bhopal,Home Appliances,Air Cooler,6.0,2968,17808,2025-05-19
Hyderabad,Fashion,T-Shirt,36.0,2353,84708,2025-05-21
Pune,Accessories,Mouse,33.0,173,5709,2025-02-24
Patna,Fashion,Watch,24.0,2407,57768,2025-08-10
Hyderabad,Accessories,Keyboard,19.0,4192,79648,2025-04-06
Ahmedabad,Accessories,Keyboard,16.0,4100,65600,2025-07-19
Mysuru,Electronics,Camera,12.0,639,7668,2025-05-17
Hyderabad,Accessories,Headphones,27.0,4906,65597,2025-10-06
Pune,Electronics,Smartphone,18.0,815,14670,2025-09-07
Pune,Accessories,Headphones,25.0,7145,140880,2025-12-04
Delhi,Home Appliances,Fan,5.0,2647,13235,2025-09-14
Chennai,Home Appliances,Mixer,10.0,4350,43500,2025-08-15
Jaipur,Electronics,Monitor,4.0,1631,6524,2025-07-26
Surat,Electronics,Monitor,29.0,1700,7230,2025-05-18
Ahmedabad,Electronics,Monitor,37.0,4077,150849,2025-06-18
Kochi,Electronics,Smartphone,21.0,2164,45444,2025-03-03
Lucknow,Fashion,T-Shirt,22.0,3290,72380,2025-07-13
Bhopal,Accessories,Headphones,35.0,4425,145469,2025-03-15
Kolkata,Fashion,Watch,21.0,1147,24087,2025-01-13
Ahmedabad,Electronics,Monitor,36.0,1396,50256,2025-08-27
Delhi,Home Appliances,Fan,19.0,4405,83695,2025-12-13
Bengaluru,Home Appliances,Fan,24.0,2246,53904,2025-10-18
Bhopal,Electronics,Laptop,18.0,289,5202,2025-03-16
Hyderabad,Accessories,Headphones,14.0,6537,91518,2025-04-19
Jaipur,Home Appliances,Fan,11.0,1330,14630,2025-12-18
Bhopal,Fashion,Watch,13.0,1123,14599,2025-04-14
Kolkata,Home Appliances,Fan,20.0,1833,36660,2025-04-26
Surat,Home Appliances,Fan,12.0,2958,35496,2025-04-02
Pune,Electronics,Camera,35.0,3159,110565,2025-06-02
Patna,Electronics,Camera,34.0,7141,236814,2025-08-08
Patna,Home Appliances,Air Cooler,16.0,2812,44992,2025-04-28
Kolkata,Fashion,T-Shirt,2.0,2105,4210,2025-01-20
Hyderabad,Fashion,Watch,27.0,4723,5209,2025-03-23
Patna,Home Appliances,Mixer,36.0,2631,94716,2025-09-21
Kochi,Fashion,Shoes,9.0,2684,24156,2025-03-11
Hyderabad,Accessories,Speaker,34.0,7795,195899,2025-03-23
Patna,Home Appliances,Air Cooler,40.0,4810,112674,2025-08-28
Bhopal,Home Appliances,Air Cooler,8.0,313,2504,2025-02-11
Surat,Home Appliances,Fan,18.0,4208,75744,2025-01-11
Bengaluru,Accessories,Keyboard,16.0,1601,25616,2025-11-18
Ahmedabad,Accessories,Headphones,22.0,2125,9895,2025-11-09
Kochi,Electronics,Laptop,4.0,5238,20952,2025-06-22
Bengaluru,Accessories,Keyboard,18.0,7804,80609,2025-06-16
Ahmedabad,Electronics,Laptop,18.0,7637,137466,2025-08-14
Surat,Fashion,T-Shirt,19.0,2204,41876,2025-12-21
Pune,Electronics,Laptop,28.0,1545,40478,2025-07-28
Bengaluru,Electronics,Laptop,18.0,7575,136350,2025-12-27
Jaipur,Electronics,Camera,23.0,4517,8762,2025-11-09
Mysuru,Accessories,Mouse,9.0,4495,40455,2025-02-18
Bengaluru,Fashion,Watch,18.0,6142,87992,2025-04-27
Delhi,Home Appliances,Air Cooler,38.0,4924,10309,2025-11-12
Kochi,Electronics,Tablet,25.0,5492,137300,2025-05-01
Kolkata,Home Appliances,Air Cooler,30.0,7824,5654,2025-10-16
Chennai,Home Appliances,Fan,23.0,1768,40664,2025-11-19
Jaipur,Electronics,Monitor,32.0,4691,150112,2025-09-16
Kochi,Accessories,Keyboard,18.0,769,13842,2025-03-03
Bengaluru,Accessories,Headphones,1.0,3194,3194,2025-08-27
Hyderabad,Home Appliances,Mixer,19.0,1400,26600,2025-11-10
Mysuru,Electronics,Monitor,17.0,4792,42763,2025-09-03
Kochi,Fashion,Watch,29.0,7139,148884,2025-06-25
Mumbai,Home Appliances,Mixer,37.0,5692,157722,2025-03-28
Bengaluru,Home Appliances,Mixer,40.0,6238,160806,2025-03-16
Kolkata,Electronics,Smartphone,15.0,5702,7729,2025-08-12
Surat,Electronics,Laptop,11.0,2265,24915,2025-11-08
Delhi,Home Appliances,Mixer,9.0,815,6430,2025-06-04
Mysuru,Home Appliances,Fan,15.0,4166,62490,2025-11-02
Bhopal,Fashion,Shoes,17.0,2444,41548,2025-06-12
Kochi,Fashion,Shoes,10.0,2867,28670,2025-04-08
Surat,Fashion,Shoes,34.0,7413,185343,2025-01-28
Mumbai,Accessories,Speaker,18.0,4115,53514,2025-12-13
Bengaluru,Electronics,Laptop,36.0,2214,79704,2025-02-20
Surat,Electronics,Camera,19.0,7936,150784,2025-03-18
Kolkata,Electronics,Monitor,3.0,2588,7764,2025-11-04
Bengaluru,Home Appliances,Fan,6.0,5444,32664,2025-03-11
Bhopal,Accessories,Keyboard,38.0,3001,37968,2025-12-01
Mysuru,Accessories,Keyboard,6.0,5483,28387,2025-10-04
Hyderabad,Home Appliances,Air Cooler,28.0,5957,95428,2025-07-13
Mysuru,Accessories,Speaker,17.0,128,2176,2025-09-25
Lucknow,Home Appliances,Mixer,36.0,5558,170063,2025-01-21
Mumbai,Accessories,Speaker,34.0,5094,173196,2025-08-02
Pune,Home Appliances,Fan,13.0,2761,35893,2025-04-16
Chennai,Accessories,Mouse,11.0,1146,12606,2025-12-08
Bengaluru,Home Appliances,Air Cooler,31.0,7329,38488,2025-12-25
Kolkata,Accessories,Headphones,5.0,6340,31700,2025-02-04
Surat,Home Appliances,Fan,24.0,3508,24532,2025-07-09
Pune,Electronics,Tablet,33.0,1853,50151,2025-03-11
Kolkata,Accessories,Headphones,5.0,2237,11185,2025-02-20
Pune,Home Appliances,Air Cooler,22.0,7117,125065,2025-09-16
Surat,Accessories,Mouse,7.0,6203,43421,2025-01-02
Chennai,Accessories,Headphones,9.0,6874,61866,2025-03-16
Patna,Accessories,Speaker,6.0,5474,32844,2025-12-08
Lucknow,Home Appliances,Air Cooler,16.0,4649,74384,2025-08-01
Ahmedabad,Home Appliances,Air Cooler,8.0,5790,46320,2025-08-17
Delhi,Fashion,Shoes,5.0,552,2760,2025-03-25
Ahmedabad,Electronics,Laptop,37.0,1366,50542,2025-10-01
Jaipur,Fashion,Shoes,3.0,6557,19671,2025-05-14
Chennai,Electronics,Tablet,39.0,3099,74943,2025-01-16
Mysuru,Electronics,Tablet,18.0,268,4824,2025-12-03
Bhopal,Home Appliances,Air Cooler,17.0,2558,43486,2025-06-19
Ahmedabad,Accessories,Speaker,2.0,5786,11572,2025-08-21
Patna,Fashion,Jeans,4.0,7966,31864,2025-07-01
Patna,Fashion,Watch,38.0,1372,52136,2025-11-13
Kochi,Electronics,Camera,13.0,3979,51727,2025-03-07
Kochi,Fashion,Shoes,19.0,6574,124906,2025-06-26
Bhopal,Electronics,Laptop,34.0,5228,177752,2025-09-20
Hyderabad,Fashion,Jeans,8.0,2302,18416,2025-04-17
Delhi,Accessories,Mouse,37.0,486,17982,2025-03-28
Patna,Electronics,Camera,15.0,3873,58095,2025-07-12
Hyderabad,Electronics,Camera,9.0,2481,22329,2025-03-02
Mumbai,Home Appliances,Mixer,21.0,477,10017,2025-08-08
Kochi,Accessories,Headphones,17.0,338,5746,2025-09-02
Kolkata,Fashion,Watch,2.0,5300,10600,2025-09-18
Pune,Accessories,Speaker,30.0,5641,104533,2025-07-01
Jaipur,Home Appliances,Mixer,10.0,756,7560,2025-06-14
Chennai,Fashion,Shoes,22.0,2958,65076,2025-10-25
Bengaluru,Accessories,Speaker,21.0,3941,82761,2025-06-18
Bhopal,Fashion,Shoes,22.0,5065,68887,2025-06-16
Hyderabad,Fashion,Shoes,6.0,7072,42432,2025-05-14
Kochi,Electronics,Smartphone,5.0,5977,29885,2025-05-27
Kolkata,Fashion,Jeans,36.0,2309,69693,2025-12-25
Surat,Electronics,Smartphone,24.0,2090,50160,2025-08-04
Delhi,Accessories,Headphones,27.0,5044,136188,2025-12-03
Jaipur,Home Appliances,Air Cooler,8.0,5241,17249,2025-06-12
Mysuru,Accessories,Keyboard,24.0,6248,23576,2025-12-03
Delhi,Fashion,T-Shirt,15.0,3517,52755,2025-06-09
Lucknow,Accessories,Keyboard,25.0,5392,134800,2025-12-18
Kolkata,Accessories,Mouse,14.0,4073,57022,2025-07-11
Chennai,Accessories,Mouse,31.0,7726,213867,2025-03-08
Jaipur,Electronics,Monitor,15.0,256,3840,2025-10-23
Chennai,Home Appliances,Air Cooler,20.0,1583,31660,2025-04-03
Bengaluru,Accessories,Speaker,30.0,2630,78900,2025-01-20
Bengaluru,Fashion,Watch,36.0,1586,57096,2025-05-19
Delhi,Accessories,Keyboard,18.0,2041,36738,2025-11-28
Bengaluru,Accessories,Headphones,13.0,6610,85930,2025-03-24
Hyderabad,Accessories,Mouse,40.0,2922,111999,2025-07-10
Patna,Home Appliances,Mixer,33.0,5007,34343,2025-03-11
Kochi,Electronics,Tablet,29.0,7919,196651,2025-10-10
Lucknow,Electronics,Smartphone,29.0,5860,139080,2025-06-06
Kolkata,Fashion,T-Shirt,20.0,4057,81140,2025-05-20
Chennai,Home Appliances,Air Cooler,38.0,2341,88958,2025-05-01
Delhi,Home Appliances,Air Cooler,9.0,6390,57510,2025-08-08
Patna,Electronics,Smartphone,34.0,1280,43520,2025-10-14
Patna,Home Appliances,Fan,1.0,3958,3958,2025-01-20
Chennai,Fashion,Shoes,25.0,6928,94541,2025-07-28
Lucknow,Home Appliances,Air Cooler,6.0,1700,10200,2025-05-23
Kochi,Fashion,Watch,16.0,6219,99504,2025-01-27
Jaipur,Electronics,Monitor,16.0,6807,108912,2025-08-12
Kochi,Accessories,Headphones,25.0,1516,37900,2025-02-03
Bengaluru,Fashion,Watch,20.0,2744,23686,2025-04-18
Hyderabad,Fashion,Shoes,12.0,3020,36240,2025-05-11
Mysuru,Accessories,Mouse,13.0,192,2496,2025-11-24
Delhi,Fashion,Shoes,8.0,4924,39392,2025-09-22
Ahmedabad,Accessories,Speaker,2.0,2191,4382,2025-02-20
Lucknow,Fashion,Jeans,18.0,2750,49500,2025-11-04
Lucknow,Fashion,Watch,6.0,7394,44364,2025-03-10
Pune,Electronics,Tablet,11.0,3267,35937,2025-08-06
Jaipur,Home Appliances,Fan,29.0,7947,28223,2025-12-25
Hyderabad,Home Appliances,Air Cooler,27.0,6457,65257,2025-11-10
Bengaluru,Electronics,Camera,20.0,787,15740,2025-07-10
Jaipur,Fashion,Jeans,10.0,1272,12720,2025-11-09
Delhi,Home Appliances,Air Cooler,18.0,6027,82422,2025-09-22
Kolkata,Electronics,Laptop,2.0,2357,4714,2025-07-08
Kolkata,Home Appliances,Mixer,1.0,1775,1775,2025-03-08
Kochi,Electronics,Monitor,17.0,3203,50540,2025-02-19
Bengaluru,Fashion,Watch,33.0,1965,64845,2025-10-24
Pune,Accessories,Mouse,37.0,770,28490,2025-09-16
Bengaluru,Fashion,T-Shirt,24.0,769,18456,2025-05-12
Pune,Fashion,Watch,23.0,1570,36110,2025-09-04
Mumbai,Accessories,Mouse,34.0,168,5712,2025-12-01
Mysuru,Fashion,Shoes,13.0,2507,32591,2025-07-07
Kolkata,Fashion,T-Shirt,7.0,6875,48125,2025-09-11
Hyderabad,Fashion,Jeans,15.0,227,3405,2025-03-08
Ahmedabad,Electronics,Smartphone,6.0,4071,24426,2025-06-15
Patna,Home Appliances,Mixer,7.0,4595,32165,2025-06-19
Chennai,Home Appliances,Mixer,11.0,6137,40381,2025-07-20
Ahmedabad,Electronics,Smartphone,34.0,1402,38335,2025-10-04
Ahmedabad,Fashion,Watch,18.0,875,15750,2025-06-02
Hyderabad,Accessories,Speaker,14.0,5157,72198,2025-03-11
Kolkata,Electronics,Tablet,30.0,2339,49507,2025-05-13
Bhopal,Home Appliances,Mixer,20.0,3439,68780,2025-07-21
Kochi,Accessories,Headphones,10.0,6534,65340,2025-02-15
Mysuru,Home Appliances,Fan,11.0,4138,45518,2025-11-19
Pune,Accessories,Mouse,16.0,6096,97536,2025-01-26
Jaipur,Fashion,Jeans,4.0,822,3288,2025-01-04
Surat,Home Appliances,Mixer,34.0,7842,48956,2025-04-06
Jaipur,Home Appliances,Mixer,23.0,1348,31004,2025-04-02
Kolkata,Electronics,Laptop,8.0,2890,23120,2025-08-03
Bhopal,Electronics,Camera,38.0,114,4332,2025-08-13
Mysuru,Accessories,Headphones,36.0,5757,29065,2025-04-19
Chennai,Electronics,Tablet,11.0,6994,76934,2025-07-07
Kochi,Home Appliances,Fan,8.0,229,1832,2025-06-21
Jaipur,Accessories,Speaker,30.0,7398,103519,2025-02-28
Pune,Fashion,Shoes,9.0,6319,56871,2025-11-19
Bengaluru,Accessories,Speaker,35.0,7416,228655,2025-06-27
Ahmedabad,Electronics,Smartphone,15.0,7156,107340,2025-10-11
Lucknow,Home Appliances,Air Cooler,1.0,5113,5113,2025-06-08
Lucknow,Electronics,Laptop,30.0,2290,68700,2025-04-02
Chennai,Home Appliances,Mixer,17.0,4193,10049,2025-04-28
Pune,Electronics,Camera,30.0,1444,43320,2025-07-17
Kochi,Fashion,Watch,14.0,6338,88732,2025-07-07
Patna,Fashion,Shoes,18.0,2878,51804,2025-08-09
Surat,Accessories,Headphones,31.0,7100,220100,2025-04-19
Patna,Electronics,Monitor,11.0,5757,63327,2025-01-23
Pune,Home Appliances,Mixer,35.0,7882,62146,2025-09-19
Pune,Home Appliances,Air Cooler,16.0,3807,60912,2025-07-05
Ahmedabad,Accessories,Mouse,29.0,523,15167,2025-06-05
Hyderabad,Electronics,Camera,13.0,1193,15509,2025-02-23
Kolkata,Electronics,Laptop,39.0,4648,126518,2025-01-28
Delhi,Accessories,Speaker,33.0,4676,154308,2025-04-24
Bhopal,Fashion,Watch,19.0,2431,46189,2025-07-07
Mysuru,Fashion,Shoes,23.0,7889,39961,2025-12-25
Patna,Fashion,Jeans,23.0,255,5865,2025-10-13
Hyderabad,Home Appliances,Fan,14.0,2545,35630,2025-04-06
Lucknow,Electronics,Monitor,24.0,4238,101712,2025-01-19
Delhi,Home Appliances,Fan,14.0,5365,75110,2025-06-15
Kochi,Electronics,Camera,28.0,5645,83778,2025-02-07
Bengaluru,Accessories,Speaker,35.0,5175,181125,2025-06-25
Mumbai,Fashion,T-Shirt,11.0,612,6732,2025-07-08
Patna,Accessories,Headphones,34.0,918,31212,2025-01-14
Chennai,Electronics,Camera,5.0,5570,27850,2025-09-16
Jaipur,Home Appliances,Fan,7.0,7062,49434,2025-07-01
Surat,Electronics,Laptop,22.0,2262,49764,2025-02-20
Lucknow,Electronics,Smartphone,19.0,5568,105792,2025-10-27
Chennai,Electronics,Camera,31.0,2123,4091,2025-01-16
Mysuru,Home Appliances,Fan,37.0,261,9657,2025-10-28
Surat,Home Appliances,Mixer,22.0,2073,19353,2025-08-07
Lucknow,Home Appliances,Air Cooler,18.0,4828,86904,2025-10-27
Delhi,Electronics,Tablet,40.0,1027,41080,2025-07-27
Patna,Electronics,Camera,29.0,7781,96634,2025-05-15
Lucknow,Accessories,Speaker,8.0,3308,26464,2025-05-18
Patna,Accessories,Mouse,6.0,1287,7722,2025-06-22
Lucknow,Home Appliances,Air Cooler,12.0,5140,61680,2025-05-03
Kolkata,Accessories,Headphones,19.0,7701,95476,2025-12-15
Pune,Home Appliances,Air Cooler,9.0,2805,25245,2025-01-11
Delhi,Electronics,Smartphone,40.0,6399,48473,2025-09-03
Chennai,Accessories,Speaker,3.0,4387,13161,2025-11-19
Patna,Accessories,Headphones,19.0,6508,123652,2025-12-15
Mysuru,Accessories,Speaker,27.0,4805,129735,2025-04-02
Bengaluru,Fashion,Jeans,25.0,3557,88925,2025-12-26
Kochi,Accessories,Headphones,13.0,6975,54683,2025-06-28
Bhopal,Home Appliances,Mixer,35.0,3635,127225,2025-09-03
Pune,Accessories,Keyboard,35.0,7170,92620,2025-07-28
Pune,Accessories,Keyboard,25.0,4501,112525,2025-05-14
Bengaluru,Home Appliances,Fan,2.0,5833,11666,2025-10-03
Lucknow,Fashion,T-Shirt,10.0,3989,18305,2025-07-05
Kolkata,Home Appliances,Fan,14.0,6835,71235,2025-10-25
Mysuru,Home Appliances,Mixer,16.0,925,14800,2025-02-19
Hyderabad,Home Appliances,Mixer,20.0,960,19200,2025-12-08
Bhopal,Accessories,Keyboard,12.0,3187,38244,2025-09-05
Jaipur,Electronics,Tablet,2.0,6167,6791,2025-11-15
Kolkata,Fashion,Watch,37.0,1767,27558,2025-05-19
Mumbai,Electronics,Camera,13.0,3900,33654,2025-05-16
Bengaluru,Fashion,Jeans,36.0,3082,110952,2025-02-23
Patna,Home Appliances,Fan,25.0,3001,75025,2025-09-23
Lucknow,Electronics,Camera,33.0,1807,59631,2025-04-28
Mumbai,Home Appliances,Mixer,33.0,7919,33587,2025-12-20
Hyderabad,Home Appliances,Air Cooler,19.0,4517,85823,2025-06-24
Kolkata,Accessories,Mouse,8.0,2265,18120,2025-01-03
Mumbai,Fashion,T-Shirt,29.0,5511,159819,2025-08-04
Ahmedabad,Electronics,Smartphone,34.0,560,19040,2025-05-06
Jaipur,Electronics,Camera,9.0,3559,32031,2025-11-09
Pune,Accessories,Speaker,38.0,446,16948,2025-01-18
Surat,Fashion,Jeans,36.0,7489,28936,2025-12-07
Mumbai,Accessories,Keyboard,20.0,7133,65239,2025-02-22
Bhopal,Fashion,T-Shirt,20.0,2050,41000,2025-08-11
Kolkata,Electronics,Laptop,21.0,7239,144234,2025-02-08
Bengaluru,Accessories,Keyboard,28.0,2346,65688,2025-12-21
Bengaluru,Accessories,Keyboard,11.0,1380,15180,2025-06-16
Chennai,Fashion,Jeans,5.0,1959,9795,2025-10-08
Bengaluru,Accessories,Keyboard,5.0,2822,14110,2025-05-15
Chennai,Electronics,Tablet,3.0,2111,6333,2025-02-04
Surat,Electronics,Monitor,19.0,735,13965,2025-04-07
Hyderabad,Fashion,Shoes,6.0,3425,20550,2025-06-22
Ahmedabad,Home Appliances,Mixer,13.0,6305,81965,2025-03-07
Patna,Home Appliances,Mixer,1.0,4352,4352,2025-05-15
Jaipur,Home Appliances,Fan,27.0,1068,28836,2025-08-13
Mumbai,Fashion,Watch,9.0,2323,11710,2025-01-05
Lucknow,Electronics,Tablet,39.0,2010,78390,2025-05-23
Ahmedabad,Home Appliances,Air Cooler,17.0,7452,126684,2025-11-22
Patna,Electronics,Laptop,8.0,5634,45072,2025-01-24
Bengaluru,Electronics,Tablet,18.0,2214,39852,2025-08-26
Patna,Accessories,Speaker,20.0,6312,126240,2025-11-22
Kochi,Fashion,T-Shirt,32.0,5042,88101,2025-02-19
Mysuru,Fashion,Shoes,9.0,1226,11034,2025-01-01
Bengaluru,Home Appliances,Air Cooler,35.0,4807,115256,2025-01-24
Mumbai,Electronics,Smartphone,17.0,6534,76333,2025-11-26
Jaipur,Fashion,Jeans,21.0,7928,66333,2025-12-25
Mysuru,Home Appliances,Air Cooler,12.0,6727,76937,2025-08-03
Surat,Accessories,Headphones,23.0,7329,55625,2025-09-06
Hyderabad,Home Appliances,Mixer,15.0,7264,81695,2025-03-06
Bhopal,Electronics,Monitor,14.0,2994,41916,2025-02-17
Ahmedabad,Accessories,Speaker,6.0,1263,7578,2025-08-07
Kochi,Accessories,Keyboard,20.0,5189,57159,2025-01-25
Kochi,Home Appliances,Mixer,6.0,3727,22362,2025-08-16
Mumbai,Electronics,Monitor,9.0,6337,14899,2025-06-15
Bengaluru,Fashion,T-Shirt,34.0,6106,125835,2025-10-27
Pune,Accessories,Speaker,15.0,3833,57495,2025-01-02
Patna,Fashion,Jeans,24.0,4059,97416,2025-01-15
Kochi,Accessories,Mouse,12.0,1372,16464,2025-04-13
Kolkata,Accessories,Headphones,27.0,1472,39116,2025-05-23
Jaipur,Fashion,Shoes,7.0,4135,4526,2025-02-03
Mumbai,Home Appliances,Air Cooler,7.0,236,1652,2025-02-13
Bengaluru,Accessories,Headphones,16.0,884,14144,2025-11-19
Mumbai,Accessories,Speaker,7.0,1746,12222,2025-09-23
Kochi,Home Appliances,Mixer,7.0,269,1883,2025-09-25
Mysuru,Home Appliances,Fan,12.0,6230,74760,2025-06-23
Kolkata,Electronics,Tablet,21.0,7785,48535,2025-08-04
Delhi,Fashion,T-Shirt,18.0,1174,21132,2025-03-01
Patna,Fashion,T-Shirt,11.0,394,4334,2025-12-11
Bhopal,Accessories,Keyboard,36.0,4029,40180,2025-01-14
Bhopal,Electronics,Camera,4.0,334,1336,2025-02-15
Pune,Electronics,Camera,12.0,2795,33540,2025-12-18
Hyderabad,Electronics,Monitor,22.0,361,7942,2025-12-26
Lucknow,Electronics,Monitor,15.0,3390,50850,2025-09-25
Patna,Electronics,Tablet,27.0,1209,32643,2025-09-27
Chennai,Accessories,Speaker,3.0,6983,20949,2025-04-24
Bhopal,Fashion,Shoes,21.0,397,8337,2025-09-01
Surat,Accessories,Mouse,10.0,4085,40850,2025-01-03
Pune,Accessories,Keyboard,23.0,7806,5778,2025-04-26
Chennai,Fashion,Shoes,10.0,6652,66520,2025-03-07
Ahmedabad,Home Appliances,Air Cooler,23.0,2290,52670,2025-02-08
Surat,Accessories,Keyboard,24.0,3916,93984,2025-09-16
Jaipur,Home Appliances,Mixer,32.0,4967,142486,2025-10-13
Jaipur,Electronics,Laptop,28.0,4901,62078,2025-03-11
Mumbai,Fashion,Watch,28.0,6247,112790,2025-10-27
Pune,Fashion,Watch,40.0,7345,21618,2025-11-17
Jaipur,Electronics,Camera,19.0,420,7980,2025-07-23
Lucknow,Electronics,Laptop,29.0,3439,11548,2025-01-21
Lucknow,Accessories,Mouse,40.0,2225,89000,2025-05-15
Delhi,Accessories,Headphones,2.0,5875,11750,2025-11-06
Chennai,Electronics,Laptop,35.0,6098,213430,2025-10-03
Pune,Electronics,Camera,7.0,4296,30072,2025-10-27
Pune,Fashion,Shoes,18.0,4438,79884,2025-10-22
Surat,Home Appliances,Fan,30.0,7016,205631,2025-08-04
Bhopal,Fashion,Watch,36.0,4956,178416,2025-03-12
Patna,Accessories,Headphones,1.0,2576,2576,2025-05-05
Surat,Accessories,Mouse,30.0,4106,111515,2025-07-13
Kolkata,Electronics,Smartphone,6.0,1764,10584,2025-10-02
Ahmedabad,Fashion,Jeans,17.0,4234,71978,2025-04-12
Chennai,Fashion,Watch,36.0,5835,210060,2025-08-13
Mysuru,Electronics,Camera,13.0,4547,59111,2025-01-15
Bhopal,Electronics,Monitor,15.0,258,3870,2025-03-28
Mumbai,Home Appliances,Fan,18.0,1453,26154,2025-04-24
Chennai,Fashion,Watch,12.0,346,4152,2025-10-19
Kochi,Electronics,Camera,6.0,6329,37974,2025-01-27
Jaipur,Home Appliances,Mixer,13.0,2329,30277,2025-09-18
Chennai,Accessories,Mouse,6.0,4095,24570,2025-07-03
Kochi,Accessories,Keyboard,40.0,3767,18081,2025-07-01
Patna,Electronics,Camera,34.0,6922,66622,2025-07-24
Surat,Fashion,Jeans,8.0,5184,17149,2025-08-03
Ahmedabad,Fashion,T-Shirt,15.0,7495,57868,2025-07-02
Chennai,Fashion,T-Shirt,13.0,7460,96980,2025-09-22
Mysuru,Electronics,Laptop,16.0,7095,7363,2025-12-18
Bhopal,Home Appliances,Mixer,20.0,1015,20300,2025-11-07
Delhi,Accessories,Mouse,24.0,1466,35184,2025-07-08
Ahmedabad,Electronics,Smartphone,31.0,2500,29940,2025-09-04
Bengaluru,Fashion,Shoes,28.0,6977,3600,2025-07-12
Mysuru,Home Appliances,Air Cooler,5.0,4186,20930,2025-03-20
Delhi,Accessories,Keyboard,29.0,2831,82099,2025-07-14
Kochi,Home Appliances,Fan,37.0,7407,80732,2025-06-28
Bhopal,Fashion,Watch,2.0,5575,11150,2025-05-28
Patna,Electronics,Tablet,14.0,3510,14017,2025-10-18
Bhopal,Home Appliances,Air Cooler,28.0,6515,94513,2025-07-19
Mysuru,Home Appliances,Air Cooler,22.0,5556,122232,2025-01-27
Ahmedabad,Electronics,Tablet,19.0,2391,45429,2025-12-13
Chennai,Accessories,Speaker,9.0,2180,8709,2025-11-11
Kolkata,Home Appliances,Air Cooler,24.0,2478,39102,2025-07-20
Surat,Home Appliances,Air Cooler,40.0,2607,104280,2025-05-25
Surat,Accessories,Speaker,23.0,4147,95381,2025-11-14
Hyderabad,Fashion,Shoes,39.0,3255,72767,2025-02-03
Surat,Fashion,Watch,20.0,1354,27080,2025-07-11
Mysuru,Home Appliances,Mixer,31.0,7445,96018,2025-02-13
Kolkata,Home Appliances,Fan,16.0,6438,103008,2025-02-10
Lucknow,Fashion,Jeans,31.0,3146,97526,2025-04-05
Pune,Accessories,Mouse,20.0,5571,74182,2025-02-22
Lucknow,Electronics,Tablet,34.0,6841,207937,2025-04-21
Kolkata,Fashion,Shoes,19.0,6744,128136,2025-07-23
Pune,Accessories,Mouse,21.0,5509,115689,2025-11-07
Bhopal,Accessories,Keyboard,25.0,1713,42825,2025-10-03
Hyderabad,Accessories,Keyboard,18.0,3531,63558,2025-07-19
Ahmedabad,Fashion,Watch,17.0,7425,103325,2025-12-12
Patna,Accessories,Headphones,9.0,4417,39753,2025-01-23
Lucknow,Accessories,Keyboard,15.0,7156,107340,2025-05-06
Bhopal,Electronics,Camera,6.0,413,2478,2025-08-03
Jaipur,Electronics,Laptop,14.0,2088,23766,2025-01-26
Kochi,Fashion,Watch,14.0,4835,67690,2025-12-20
Mumbai,Accessories,Mouse,36.0,7239,39055,2025-01-13
Jaipur,Accessories,Speaker,38.0,4729,130710,2025-08-23
Mysuru,Home Appliances,Fan,29.0,4249,80725,2025-04-24
Lucknow,Accessories,Mouse,25.0,5282,132050,2025-12-20
Mumbai,Accessories,Mouse,22.0,5686,99909,2025-12-07
Jaipur,Fashion,Watch,12.0,7308,30342,2025-06-07
Jaipur,Home Appliances,Air Cooler,7.0,6872,48104,2025-02-27
Pune,Fashion,T-Shirt,23.0,6683,8886,2025-03-28
Ahmedabad,Accessories,Keyboard,27.0,3439,77128,2025-09-13
Pune,Home Appliances,Mixer,22.0,4398,96756,2025-07-13
Bengaluru,Home Appliances,Mixer,15.0,3067,37680,2025-01-28
Bhopal,Accessories,Mouse,17.0,1906,32402,2025-08-05
Hyderabad,Accessories,Headphones,28.0,6678,3589,2025-01-23
Delhi,Home Appliances,Air Cooler,3.0,6089,18267,2025-04-13
Kochi,Fashion,Shoes,21.0,7619,135821,2025-09-10
Ahmedabad,Fashion,Watch,25.0,4269,106725,2025-11-02
Jaipur,Electronics,Monitor,13.0,7658,84502,2025-10-01
Hyderabad,Accessories,Headphones,34.0,927,31518,2025-01-22
Chennai,Electronics,Smartphone,7.0,1441,10087,2025-07-23
Jaipur,Fashion,Shoes,39.0,4192,88364,2025-09-06
Ahmedabad,Electronics,Laptop,26.0,4196,109096,2025-01-05
Ahmedabad,Electronics,Camera,25.0,5725,143125,2025-01-25
Patna,Electronics,Laptop,21.0,2901,60921,2025-12-16
Lucknow,Home Appliances,Air Cooler,38.0,6347,56174,2025-12-25
Bengaluru,Accessories,Mouse,11.0,5667,62337,2025-10-22
Kochi,Fashion,T-Shirt,9.0,2579,23211,2025-10-16
Kochi,Fashion,Shoes,22.0,2661,58542,2025-05-17
Delhi,Home Appliances,Mixer,9.0,2236,20124,2025-05-06
Pune,Accessories,Headphones,28.0,1287,36036,2025-04-25
Ahmedabad,Accessories,Keyboard,25.0,1332,33300,2025-10-20
Hyderabad,Fashion,Shoes,38.0,2273,86374,2025-01-03
Mysuru,Fashion,T-Shirt,32.0,3164,53511,2025-09-14
Hyderabad,Fashion,Jeans,21.0,7823,164283,2025-10-27
Lucknow,Fashion,Shoes,39.0,6070,194431,2025-03-01
Mysuru,Fashion,Jeans,5.0,7730,22664,2025-05-06
Hyderabad,Home Appliances,Mixer,36.0,1536,55296,2025-04-24
Chennai,Home Appliances,Fan,1.0,7877,7877,2025-04-27
Mumbai,Accessories,Mouse,18.0,1128,20304,2025-10-27
Surat,Home Appliances,Fan,21.0,3995,83895,2025-03-28
Ahmedabad,Accessories,Speaker,12.0,2597,31164,2025-06-22
Bhopal,Fashion,T-Shirt,26.0,1599,41574,2025-04-24
Kochi,Home Appliances,Fan,36.0,2847,68709,2025-04-05
Patna,Home Appliances,Air Cooler,8.0,4388,35104,2025-11-12
Lucknow,Accessories,Headphones,13.0,4998,64974,2025-11-17
Delhi,Accessories,Keyboard,9.0,190,1710,2025-12-20
Kochi,Fashion,Watch,14.0,3052,42728,2025-05-22
Hyderabad,Electronics,Monitor,20.0,3567,71340,2025-11-17
Hyderabad,Home Appliances,Fan,6.0,7695,6684,2025-02-14
Lucknow,Home Appliances,Fan,7.0,5304,37128,2025-02-12
Surat,Home Appliances,Air Cooler,36.0,6385,114945,2025-03-19
Bhopal,Fashion,T-Shirt,21.0,2734,57414,2025-09-24
Kolkata,Home Appliances,Fan,29.0,2688,66496,2025-11-07
Surat,Accessories,Mouse,29.0,6069,176001,2025-10-02
Kochi,Home Appliances,Fan,31.0,1054,32674,2025-04-26
Kolkata,Fashion,Jeans,34.0,4757,161738,2025-09-28
Ahmedabad,Accessories,Headphones,3.0,4483,13449,2025-05-06
Kolkata,Electronics,Laptop,39.0,1898,74022,2025-05-27
Hyderabad,Accessories,Mouse,32.0,5137,50342,2025-07-23
Bhopal,Accessories,Keyboard,37.0,5638,85213,2025-02-17
Jaipur,Fashion,Jeans,12.0,382,4584,2025-02-28
Lucknow,Home Appliances,Air Cooler,7.0,1586,11102,2025-01-14
Mysuru,Fashion,Jeans,13.0,3769,48997,2025-06-24
Kochi,Accessories,Headphones,32.0,3710,49385,2025-01-15
Mysuru,Accessories,Headphones,27.0,4128,17577,2025-01-20
Bengaluru,Home Appliances,Fan,20.0,874,17480,2025-11-28
Bengaluru,Fashion,Jeans,25.0,6704,167600,2025-07-23
Bengaluru,Electronics,Smartphone,40.0,2137,85480,2025-02-20
Surat,Electronics,Laptop,37.0,1520,38060,2025-01-28
Chennai,Electronics,Camera,20.0,4104,59307,2025-05-21
Mysuru,Electronics,Smartphone,9.0,5173,46557,2025-11-10
Chennai,Electronics,Monitor,17.0,5740,60555,2025-10-25
Pune,Fashion,T-Shirt,30.0,994,29820,2025-06-14
Jaipur,Fashion,Jeans,34.0,5031,115194,2025-08-02
Patna,Electronics,Tablet,33.0,5315,175395,2025-12-26
Ahmedabad,Fashion,Shoes,13.0,2274,29562,2025-10-19
Pune,Fashion,T-Shirt,36.0,1994,20972,2025-12-15
Kolkata,Home Appliances,Fan,34.0,2921,42728,2025-01-01
Mysuru,Fashion,Shoes,33.0,7367,117086,2025-08-28
Kolkata,Electronics,Camera,3.0,6993,20979,2025-10-17
Bengaluru,Accessories,Mouse,31.0,7890,7779,2025-05-02
Lucknow,Electronics,Tablet,40.0,4615,94243,2025-03-28
Jaipur,Electronics,Tablet,32.0,462,14784,2025-09-16
Chennai,Accessories,Keyboard,11.0,1189,13079,2025-09-09
Bhopal,Fashion,Jeans,20.0,4485,89700,2025-06-28
Mysuru,Electronics,Laptop,38.0,2423,92074,2025-09-24
Patna,Electronics,Camera,3.0,1895,5685,2025-01-28
Hyderabad,Accessories,Headphones,33.0,1632,48824,2025-10-17
Patna,Electronics,Smartphone,18.0,1283,23094,2025-12-15
Kochi,Electronics,Smartphone,7.0,1230,3054,2025-03-20
Bhopal,Accessories,Keyboard,40.0,883,35320,2025-02-18
Kochi,Electronics,Monitor,22.0,1136,24992,2025-07-17
Bengaluru,Fashion,T-Shirt,30.0,2048,61440,2025-02-18
Kochi,Electronics,Smartphone,2.0,5778,11556,2025-02-09
Kochi,Home Appliances,Fan,39.0,5166,33649,2025-07-01
Lucknow,Fashion,T-Shirt,15.0,1512,22680,2025-09-25
Jaipur,Fashion,T-Shirt,28.0,775,8365,2025-02-22
Mysuru,Fashion,Shoes,16.0,854,13664,2025-03-19
Lucknow,Electronics,Laptop,18.0,2752,49536,2025-05-18
Kolkata,Home Appliances,Air Cooler,11.0,5251,28140,2025-10-15
Delhi,Home Appliances,Mixer,16.0,4479,71664,2025-08-09
Kochi,Home Appliances,Mixer,23.0,3745,86135,2025-10-06
Bengaluru,Fashion,Shoes,9.0,7772,69948,2025-04-16
Pune,Fashion,T-Shirt,14.0,3892,54488,2025-09-25
Chennai,Home Appliances,Fan,9.0,5780,27823,2025-10-23
Delhi,Fashion,T-Shirt,12.0,1482,17784,2025-11-16
Hyderabad,Home Appliances,Fan,25.0,6905,62924,2025-11-28
Mumbai,Accessories,Headphones,36.0,683,24588,2025-05-24
Lucknow,Fashion,Jeans,2.0,6056,12112,2025-08-14
Ahmedabad,Accessories,Mouse,40.0,7620,39177,2025-03-01
Kochi,Electronics,Camera,1.0,212,212,2025-02-07
Hyderabad,Home Appliances,Mixer,15.0,1112,16680,2025-07-23
Kolkata,Accessories,Keyboard,34.0,6197,201896,2025-04-10
Bengaluru,Fashion,T-Shirt,25.0,1671,9539,2025-09-23
Hyderabad,Electronics,Laptop,28.0,3129,13885,2025-03-24
Jaipur,Home Appliances,Fan,12.0,3589,43068,2025-05-11
Jaipur,Electronics,Smartphone,26.0,4500,82078,2025-05-27
Kochi,Fashion,T-Shirt,24.0,7799,66246,2025-10-28
Patna,Accessories,Headphones,28.0,3946,110488,2025-08-13
Mumbai,Electronics,Smartphone,33.0,2809,57916,2025-05-23
Chennai,Accessories,Headphones,19.0,3275,62225,2025-03-27
Ahmedabad,Accessories,Keyboard,37.0,1811,67007,2025-05-27
Delhi,Fashion,Watch,9.0,4016,36144,2025-05-18
Bengaluru,Electronics,Camera,1.0,475,475,2025-02-15
Jaipur,Accessories,Speaker,25.0,5518,39683,2025-09-15
Chennai,Electronics,Monitor,7.0,3850,22908,2025-05-13
Kochi,Electronics,Tablet,20.0,1143,22860,2025-07-08
Bengaluru,Fashion,Watch,25.0,1156,28900,2025-07-27
Kochi,Electronics,Camera,16.0,1766,28256,2025-04-28
Kolkata,Electronics,Monitor,3.0,4899,14697,2025-03-17
Lucknow,Home Appliances,Fan,26.0,2974,66335,2025-02-12
Delhi,Accessories,Mouse,25.0,1506,37650,2025-07-20
Mumbai,Home Appliances,Air Cooler,5.0,3727,18635,2025-11-20
Ahmedabad,Electronics,Monitor,33.0,2514,82962,2025-03-18
Mysuru,Home Appliances,Fan,34.0,7498,27357,2025-10-17
Chennai,Home Appliances,Air Cooler,33.0,6714,142349,2025-05-09
Bengaluru,Fashion,T-Shirt,11.0,3332,17123,2025-10-28
Kolkata,Electronics,Monitor,39.0,5563,56833,2025-05-13
Pune,Fashion,Jeans,24.0,7530,158621,2025-05-17
Lucknow,Accessories,Speaker,27.0,804,21708,2025-03-26
Mumbai,Electronics,Tablet,21.0,1604,33684,2025-08-20
Jaipur,Fashion,Jeans,9.0,7811,70299,2025-07-01
Bhopal,Electronics,Monitor,34.0,2825,96050,2025-12-13
Kolkata,Home Appliances,Air Cooler,33.0,7162,107628,2025-06-02
Lucknow,Home Appliances,Mixer,31.0,5722,88129,2025-09-07
Bengaluru,Home Appliances,Fan,18.0,4884,8596,2025-04-07
Kochi,Home Appliances,Mixer,8.0,6120,48960,2025-01-23
Delhi,Electronics,Tablet,33.0,3789,117398,2025-03-19
Mysuru,Electronics,Monitor,18.0,1787,32166,2025-08-04
Patna,Electronics,Camera,13.0,7912,102856,2025-09-18
Kolkata,Fashion,T-Shirt,28.0,7791,49522,2025-08-24
Bengaluru,Home Appliances,Mixer,10.0,6475,2859,2025-10-10
Mumbai,Electronics,Smartphone,16.0,6261,19494,2025-11-27
Delhi,Fashion,T-Shirt,14.0,4774,13180,2025-08-07
Surat,Fashion,T-Shirt,26.0,2642,68692,2025-07-16
Hyderabad,Fashion,Shoes,36.0,3457,124286,2025-05-19
Kolkata,Fashion,Watch,2.0,4204,8408,2025-08-22
Surat,Fashion,Jeans,2.0,5047,10094,2025-08-28
Ahmedabad,Electronics,Camera,10.0,383,3830,2025-07-21
Lucknow,Electronics,Smartphone,19.0,193,3667,2025-12-13
Mumbai,Accessories,Headphones,24.0,1726,41424,2025-12-18
Bhopal,Fashion,Watch,10.0,3509,35090,2025-10-25
Lucknow,Accessories,Mouse,30.0,160,4800,2025-03-26
Bengaluru,Fashion,T-Shirt,14.0,1362,19068,2025-05-27
Kochi,Home Appliances,Mixer,2.0,4158,8316,2025-10-09
Hyderabad,Accessories,Speaker,38.0,6296,156531,2025-11-06
Patna,Electronics,Monitor,34.0,3609,121434,2025-11-21
Kochi,Accessories,Keyboard,16.0,3033,48528,2025-08-25
Bengaluru,Electronics,Smartphone,16.0,5072,81152,2025-08-24
Chennai,Electronics,Monitor,19.0,4442,84398,2025-05-25
Kolkata,Fashion,T-Shirt,20.0,3466,69320,2025-08-11
Mysuru,Accessories,Headphones,1.0,1101,1101,2025-05-23
Hyderabad,Home Appliances,Mixer,34.0,5337,44893,2025-05-22
Delhi,Fashion,Shoes,11.0,7720,84920,2025-10-09
Surat,Electronics,Monitor,20.0,1730,21796,2025-09-28
Kolkata,Electronics,Camera,18.0,7203,129654,2025-01-10
Pune,Electronics,Tablet,39.0,3928,153192,2025-11-17
Surat,Electronics,Smartphone,24.0,6245,32943,2025-08-12
Lucknow,Home Appliances,Air Cooler,38.0,3207,121866,2025-11-09
Hyderabad,Fashion,Watch,24.0,4660,76562,2025-03-14
Bhopal,Electronics,Monitor,29.0,6873,14159,2025-02-09
Bhopal,Home Appliances,Fan,1.0,4293,4293,2025-10-21
Kochi,Electronics,Tablet,5.0,7759,9276,2025-08-03
Surat,Accessories,Keyboard,25.0,5329,133225,2025-04-19
Delhi,Accessories,Mouse,5.0,5356,26780,2025-10-03
Delhi,Home Appliances,Fan,39.0,2709,105651,2025-06-18
Mysuru,Home Appliances,Fan,9.0,5674,51066,2025-12-18
Delhi,Electronics,Laptop,12.0,5064,60768,2025-12-21
Delhi,Electronics,Smartphone,4.0,511,2044,2025-12-14
Surat,Fashion,T-Shirt,11.0,2411,26521,2025-08-10
Ahmedabad,Electronics,Camera,25.0,4276,106900,2025-12-02
Ahmedabad,Electronics,Camera,4.0,6433,25732,2025-04-27
Kolkata,Fashion,Jeans,24.0,1997,47928,2025-08-17
Jaipur,Fashion,T-Shirt,30.0,741,22230,2025-06-13
Chennai,Fashion,Shoes,40.0,2228,89120,2025-01-07
Mumbai,Home Appliances,Air Cooler,18.0,3687,66366,2025-11-15
Kolkata,Home Appliances,Mixer,36.0,7159,236052,2025-08-10
Kochi,Home Appliances,Air Cooler,18.0,6001,108018,2025-12-13
Lucknow,Electronics,Laptop,35.0,2210,77350,2025-03-06
Surat,Accessories,Keyboard,1.0,3673,3673,2025-06-08
Surat,Electronics,Camera,26.0,7494,124684,2025-09-21
Chennai,Accessories,Speaker,10.0,7363,4293,2025-08-12
Kolkata,Electronics,Camera,8.0,243,1944,2025-06-02
Bengaluru,Home Appliances,Mixer,26.0,3986,77455,2025-05-06
Delhi,Accessories,Keyboard,33.0,3523,15071,2025-10-04
Mysuru,Accessories,Headphones,38.0,365,13870,2025-10-10
Chennai,Electronics,Smartphone,36.0,752,27072,2025-12-10
Jaipur,Electronics,Smartphone,27.0,7385,72010,2025-06-28
Chennai,Fashion,Shoes,39.0,7818,76105,2025-07-24
Bengaluru,Accessories,Keyboard,27.0,7621,152989,2025-02-18
Pune,Accessories,Speaker,24.0,2759,66216,2025-01-22
Hyderabad,Fashion,Watch,3.0,5748,17244,2025-08-21
Chennai,Electronics,Camera,29.0,5170,149930,2025-09-13
Mysuru,Electronics,Monitor,30.0,2369,71070,2025-07-07
Mysuru,Fashion,Jeans,9.0,5132,46188,2025-04-07
Patna,Electronics,Laptop,25.0,3303,77240,2025-10-26
Jaipur,Accessories,Speaker,21.0,5926,40619,2025-09-10
Kolkata,Fashion,T-Shirt,18.0,938,16884,2025-11-14
Mysuru,Fashion,Jeans,10.0,3935,39350,2025-08-25
Mumbai,Fashion,Watch,33.0,3161,86794,2025-10-15
Mysuru,Accessories,Mouse,20.0,5198,103960,2025-04-22
Kolkata,Home Appliances,Fan,5.0,1585,7925,2025-03-11
Hyderabad,Accessories,Mouse,31.0,3082,50974,2025-09-22
Hyderabad,Accessories,Mouse,19.0,1624,30856,2025-06-28
Lucknow,Accessories,Mouse,5.0,6479,32395,2025-02-17
Bhopal,Home Appliances,Fan,31.0,4062,125922,2025-11-25
Jaipur,Home Appliances,Air Cooler,14.0,7844,96525,2025-04-18
Delhi,Fashion,Shoes,34.0,3498,118932,2025-01-12
Pune,Accessories,Mouse,29.0,2807,81403,2025-08-04
Chennai,Accessories,Keyboard,10.0,2983,29830,2025-03-26
Hyderabad,Fashion,Shoes,35.0,2284,79940,2025-01-21
Delhi,Electronics,Camera,3.0,3552,10656,2025-10-20
Delhi,Home Appliances,Air Cooler,18.0,3163,56934,2025-02-12
Hyderabad,Electronics,Camera,33.0,7206,72757,2025-03-04
Ahmedabad,Electronics,Laptop,19.0,3451,65569,2025-02-07
Jaipur,Accessories,Keyboard,39.0,4126,32180,2025-05-09
Mumbai,Fashion,Watch,13.0,2095,27235,2025-10-08
Kolkata,Fashion,Watch,39.0,4442,70600,2025-03-23
Chennai,Fashion,T-Shirt,39.0,3197,6817,2025-10-04
Jaipur,Fashion,Jeans,18.0,792,14256,2025-07-21
Patna,Home Appliances,Mixer,3.0,7792,23376,2025-12-07
Bhopal,Fashion,Shoes,10.0,4554,45540,2025-12-06
Ahmedabad,Accessories,Headphones,19.0,6418,19978,2025-12-15
Kochi,Accessories,Keyboard,12.0,2231,26772,2025-01-27
Chennai,Fashion,T-Shirt,12.0,4785,48587,2025-06-27
Mumbai,Fashion,Shoes,8.0,7136,57088,2025-08-15
Pune,Home Appliances,Mixer,19.0,2510,47690,2025-10-16
Hyderabad,Home Appliances,Fan,40.0,7502,32174,2025-05-26
Jaipur,Fashion,Jeans,4.0,7711,30844,2025-06-25
Mumbai,Electronics,Camera,33.0,7625,141875,2025-04-03
Mysuru,Fashion,Shoes,1.0,4042,4042,2025-11-08
Pune,Accessories,Speaker,15.0,5358,80370,2025-08-15
Kochi,Home Appliances,Mixer,29.0,2632,76328,2025-03-26
Ahmedabad,Fashion,Watch,36.0,170,6120,2025-11-21
Pune,Electronics,Monitor,18.0,141,2538,2025-11-14
Pune,Home Appliances,Air Cooler,37.0,5682,210234,2025-07-20
Surat,Fashion,Jeans,30.0,1626,48780,2025-04-26
Chennai,Home Appliances,Air Cooler,26.0,2264,50378,2025-08-02
Patna,Electronics,Tablet,6.0,7988,47928,2025-12-05
Chennai,Fashion,T-Shirt,25.0,7608,190200,2025-04-22
Patna,Fashion,Jeans,40.0,325,13000,2025-10-27
Bengaluru,Fashion,Shoes,37.0,2859,105783,2025-04-05
Pune,Fashion,T-Shirt,8.0,6909,55272,2025-08-26
Lucknow,Accessories,Mouse,21.0,1030,21630,2025-12-19
Ahmedabad,Home Appliances,Air Cooler,4.0,1587,6348,2025-11-18
Kochi,Home Appliances,Air Cooler,29.0,3452,100108,2025-06-08
Kolkata,Fashion,Shoes,37.0,3049,112813,2025-08-17
Chennai,Electronics,Smartphone,36.0,1582,56952,2025-04-20
Pune,Home Appliances,Mixer,21.0,7503,133583,2025-09-02
Patna,Electronics,Smartphone,3.0,2618,7854,2025-03-09
Surat,Home Appliances,Fan,22.0,5921,130262,2025-05-03
Bhopal,Home Appliances,Air Cooler,3.0,6782,20346,2025-02-24
Bhopal,Home Appliances,Air Cooler,9.0,5740,48423,2025-08-15
Pune,Accessories,Speaker,27.0,525,7915,2025-03-16
Delhi,Fashion,Shoes,39.0,7935,8261,2025-03-14
Lucknow,Accessories,Speaker,6.0,5100,30600,2025-04-24
Chennai,Accessories,Mouse,12.0,3540,42480,2025-06-04
Patna,Fashion,T-Shirt,14.0,7155,74307,2025-09-23
Bengaluru,Electronics,Tablet,25.0,156,3900,2025-12-20
Mumbai,Electronics,Tablet,40.0,5661,29455,2025-11-16
Mysuru,Fashion,Watch,38.0,7413,29620,2025-07-17
Lucknow,Fashion,Watch,22.0,5611,123442,2025-05-01
Hyderabad,Fashion,Watch,7.0,7038,49266,2025-01-16
Chennai,Fashion,T-Shirt,30.0,1477,35688,2025-08-24
Hyderabad,Fashion,Watch,39.0,6803,205523,2025-10-08
Lucknow,Fashion,Shoes,3.0,3709,11127,2025-08-22
Mysuru,Accessories,Keyboard,35.0,7453,61076,2025-07-03
Kochi,Fashion,T-Shirt,10.0,4120,41200,2025-01-10
Mumbai,Home Appliances,Air Cooler,22.0,5518,121396,2025-03-27
Bengaluru,Electronics,Tablet,26.0,1872,48672,2025-09-20
Bhopal,Accessories,Speaker,39.0,4727,122230,2025-10-27
Kochi,Home Appliances,Fan,35.0,7866,100478,2025-02-14
Hyderabad,Accessories,Speaker,37.0,3646,134902,2025-05-14
Chennai,Home Appliances,Fan,33.0,3363,110979,2025-04-15
Mysuru,Accessories,Headphones,15.0,5453,30035,2025-04-09
Mumbai,Electronics,Smartphone,30.0,2780,83400,2025-01-21
Kolkata,Accessories,Headphones,39.0,3570,51871,2025-05-23
Jaipur,Accessories,Speaker,4.0,197,788,2025-08-08
Mysuru,Home Appliances,Mixer,27.0,6222,167994,2025-01-13
Kochi,Electronics,Camera,39.0,1424,25661,2025-05-25
Delhi,Fashion,Shoes,39.0,3084,107200,2025-06-10
Bhopal,Home Appliances,Fan,31.0,1388,43028,2025-12-27
Delhi,Fashion,Jeans,38.0,4449,169062,2025-07-14
Kolkata,Fashion,Watch,38.0,3270,124260,2025-12-20
Surat,Accessories,Mouse,33.0,6865,117793,2025-09-13
Bengaluru,Accessories,Headphones,39.0,6265,243811,2025-03-04
Pune,Accessories,Speaker,27.0,3607,97389,2025-09-22
Lucknow,Home Appliances,Mixer,37.0,3963,146631,2025-06-03
Jaipur,Home Appliances,Fan,35.0,4689,64633,2025-01-01
Hyderabad,Electronics,Tablet,27.0,7939,25190,2025-10-24
Bengaluru,Home Appliances,Fan,40.0,7904,249955,2025-09-19
Delhi,Home Appliances,Air Cooler,18.0,6221,7128,2025-01-13
Lucknow,Home Appliances,Fan,15.0,5735,53221,2025-11-25
Chennai,Fashion,Shoes,23.0,3215,11386,2025-08-06
Pune,Fashion,Watch,38.0,4124,156712,2025-05-24
Hyderabad,Electronics,Camera,2.0,3131,6262,2025-09-25
Mumbai,Fashion,Jeans,5.0,4171,20855,2025-05-28
Hyderabad,Fashion,T-Shirt,4.0,4937,19748,2025-01-20
Lucknow,Home Appliances,Air Cooler,8.0,6969,55752,2025-11-22
Lucknow,Electronics,Camera,19.0,1267,24073,2025-09-25
Delhi,Accessories,Headphones,17.0,2897,49249,2025-04-02
Kochi,Fashion,Jeans,6.0,5737,34422,2025-03-25
Pune,Electronics,Camera,26.0,2610,67860,2025-10-17
Kochi,Fashion,Shoes,29.0,7891,131174,2025-01-28
Ahmedabad,Electronics,Tablet,19.0,6695,127205,2025-09-21
Pune,Home Appliances,Air Cooler,20.0,3843,76860,2025-10-26
Ahmedabad,Electronics,Tablet,23.0,6466,67036,2025-05-08
Surat,Home Appliances,Air Cooler,20.0,7305,137433,2025-08-01
Pune,Fashion,Watch,33.0,3649,120417,2025-06-24
Jaipur,Home Appliances,Air Cooler,16.0,6395,63586,2025-04-22
Lucknow,Electronics,Laptop,24.0,1158,27792,2025-04-18
Chennai,Accessories,Speaker,30.0,2739,82170,2025-12-23
Lucknow,Fashion,Watch,1.0,6290,6290,2025-11-10
Pune,Electronics,Tablet,20.0,1828,36560,2025-07-05
Kolkata,Home Appliances,Air Cooler,38.0,4562,173356,2025-03-22
Mumbai,Fashion,Watch,17.0,195,3315,2025-08-14
Hyderabad,Fashion,Shoes,19.0,1240,23560,2025-09-20
Hyderabad,Electronics,Camera,37.0,5872,217264,2025-07-03
Patna,Fashion,Jeans,2.0,3875,7750,2025-02-25
Delhi,Accessories,Speaker,31.0,5001,23567,2025-09-01
Pune,Accessories,Speaker,31.0,2004,42111,2025-07-06
Jaipur,Fashion,T-Shirt,31.0,6859,34489,2025-03-27
Surat,Fashion,Jeans,22.0,6570,21664,2025-04-01
Ahmedabad,Fashion,Jeans,13.0,1460,18906,2025-10-07
Surat,Fashion,Jeans,9.0,2028,18252,2025-03-05
Patna,Electronics,Tablet,36.0,5304,38167,2025-03-16
Bengaluru,Accessories,Speaker,10.0,1136,11360,2025-04-13
Pune,Fashion,Watch,37.0,714,26418,2025-02-09
Mumbai,Electronics,Monitor,29.0,1803,52287,2025-06-27
Mumbai,Home Appliances,Air Cooler,25.0,2775,39882,2025-07-26
Surat,Accessories,Mouse,39.0,4129,21873,2025-05-19
Lucknow,Accessories,Mouse,5.0,2951,14755,2025-10-07
Bhopal,Fashion,T-Shirt,25.0,6395,6176,2025-12-28
Delhi,Home Appliances,Mixer,3.0,3723,11169,2025-03-11
Bhopal,Electronics,Camera,9.0,7044,63396,2025-09-10
Bhopal,Fashion,T-Shirt,25.0,249,6225,2025-11-14
Mumbai,Home Appliances,Mixer,28.0,4044,113232,2025-04-19
Kolkata,Home Appliances,Mixer,39.0,7324,243465,2025-02-18
Mysuru,Accessories,Headphones,16.0,2828,20212,2025-10-09
Lucknow,Accessories,Keyboard,14.0,1085,15190,2025-12-05
Delhi,Electronics,Tablet,6.0,6032,36192,2025-07-11
Patna,Home Appliances,Air Cooler,29.0,5613,136338,2025-07-07
Kolkata,Fashion,T-Shirt,12.0,4734,17320,2025-08-27
Delhi,Electronics,Smartphone,33.0,2318,76494,2025-04-28
Jaipur,Electronics,Smartphone,3.0,5564,16692,2025-04-26
Delhi,Fashion,T-Shirt,21.0,175,3675,2025-05-24
Chennai,Electronics,Tablet,16.0,3276,52416,2025-08-02
Kochi,Fashion,Shoes,31.0,1024,31744,2025-01-06
Patna,Accessories,Keyboard,31.0,5366,166346,2025-03-07
Hyderabad,Accessories,Mouse,37.0,7877,212013,2025-03-20
Mumbai,Fashion,Watch,29.0,6494,184241,2025-03-04
Hyderabad,Fashion,Jeans,10.0,765,7650,2025-07-05
Chennai,Home Appliances,Fan,29.0,347,10063,2025-09-10
Patna,Fashion,Watch,24.0,1440,34560,2025-02-03
Delhi,Home Appliances,Fan,38.0,3016,17961,2025-07-22
Patna,Home Appliances,Fan,23.0,113,2599,2025-03-10
Bhopal,Fashion,Jeans,1.0,3637,3637,2025-05-11
Mysuru,Accessories,Headphones,32.0,6155,21419,2025-02-05
Chennai,Fashion,Shoes,29.0,5114,148306,2025-09-27
Mumbai,Accessories,Keyboard,7.0,6134,42938,2025-06-22
Pune,Home Appliances,Mixer,34.0,4057,101951,2025-06-21
Mysuru,Accessories,Headphones,36.0,2190,76761,2025-06-26
Delhi,Accessories,Speaker,1.0,4268,4268,2025-01-01
Delhi,Electronics,Smartphone,39.0,2528,98592,2025-03-22
Patna,Electronics,Smartphone,28.0,385,10780,2025-01-06
Bhopal,Accessories,Mouse,4.0,3131,12524,2025-03-14
Mumbai,Home Appliances,Mixer,32.0,5802,185664,2025-12-06
Bengaluru,Home Appliances,Fan,23.0,3171,17906,2025-01-06
Patna,Fashion,T-Shirt,19.0,1009,19171,2025-04-22
Pune,Home Appliances,Mixer,2.0,6302,12604,2025-09-23
Delhi,Accessories,Headphones,38.0,6104,126539,2025-07-12
Hyderabad,Home Appliances,Fan,13.0,2857,37141,2025-05-15
Bhopal,Home Appliances,Fan,17.0,2159,6321,2025-06-24
Chennai,Electronics,Tablet,15.0,5177,4722,2025-06-13
Delhi,Electronics,Smartphone,14.0,5101,71414,2025-06-18
Kolkata,Fashion,Watch,26.0,7863,51637,2025-09-20
Chennai,Accessories,Keyboard,28.0,5321,25307,2025-06-12
Lucknow,Fashion,Watch,33.0,7080,160930,2025-12-16
Bhopal,Accessories,Speaker,15.0,7859,12106,2025-03-28
Chennai,Home Appliances,Air Cooler,5.0,5157,25785,2025-04-25
Kolkata,Fashion,T-Shirt,5.0,4883,24415,2025-04-25
Patna,Electronics,Camera,27.0,2327,62829,2025-10-01
Jaipur,Electronics,Tablet,30.0,5552,109887,2025-09-01
Kolkata,Accessories,Mouse,27.0,2450,55446,2025-11-10
Lucknow,Home Appliances,Mixer,11.0,7709,84799,2025-03-14
Kochi,Home Appliances,Air Cooler,14.0,4435,62090,2025-11-20
Kochi,Electronics,Monitor,11.0,3339,36729,2025-08-26
Jaipur,Electronics,Laptop,29.0,2747,73812,2025-07-19
Bhopal,Fashion,Watch,17.0,7536,128112,2025-06-07
Chennai,Electronics,Laptop,19.0,1255,23845,2025-12-24
Jaipur,Accessories,Keyboard,24.0,1194,28656,2025-07-01
Mysuru,Accessories,Mouse,16.0,4979,17962,2025-10-09
Kochi,Accessories,Speaker,21.0,4510,94710,2025-07-15
Bengaluru,Electronics,Tablet,18.0,7190,129420,2025-10-16
Chennai,Accessories,Speaker,27.0,5947,4541,2025-07-01
Lucknow,Fashion,T-Shirt,31.0,1688,52328,2025-02-17
Pune,Home Appliances,Mixer,24.0,4192,100608,2025-12-01
Kolkata,Home Appliances,Air Cooler,33.0,3706,48370,2025-08-24
Patna,Home Appliances,Fan,34.0,6193,22906,2025-06-18
Ahmedabad,Home Appliances,Air Cooler,34.0,5057,171938,2025-01-01
Bhopal,Electronics,Tablet,36.0,3546,127656,2025-09-04
Lucknow,Home Appliances,Air Cooler,1.0,1163,1163,2025-02-04
Mumbai,Home Appliances,Fan,37.0,1483,54871,2025-07-02
Bengaluru,Electronics,Tablet,33.0,895,21477,2025-10-06
Bhopal,Home Appliances,Fan,9.0,2979,2595,2025-01-15
Bhopal,Electronics,Smartphone,13.0,7322,95186,2025-02-07
Kochi,Electronics,Tablet,12.0,4005,48060,2025-10-24
Hyderabad,Fashion,Shoes,28.0,2543,71204,2025-01-22
Lucknow,Fashion,T-Shirt,21.0,6155,18225,2025-07-04
Chennai,Fashion,Shoes,32.0,1400,44800,2025-04-25
Lucknow,Fashion,T-Shirt,13.0,7350,95550,2025-05-08
Patna,Accessories,Speaker,33.0,6441,31237,2025-11-07
Patna,Home Appliances,Air Cooler,40.0,3993,74819,2025-03-09
Surat,Fashion,Jeans,30.0,7091,147489,2025-08-12
Mysuru,Electronics,Laptop,2.0,2365,4730,2025-04-22
Chennai,Electronics,Laptop,34.0,2939,34585,2025-01-15
Mumbai,Fashion,Jeans,39.0,4026,105256,2025-12-23
Chennai,Fashion,T-Shirt,7.0,4011,28077,2025-06-18
Pune,Fashion,Watch,38.0,5559,182488,2025-09-27
Pune,Electronics,Camera,28.0,7621,35597,2025-11-17
Jaipur,Fashion,Jeans,27.0,7385,13609,2025-02-24
Surat,Electronics,Laptop,6.0,2381,2678,2025-01-07
Pune,Electronics,Monitor,25.0,1460,36500,2025-09-25
Jaipur,Home Appliances,Air Cooler,11.0,4339,47729,2025-07-20
Surat,Home Appliances,Air Cooler,25.0,4161,104025,2025-12-07
Kolkata,Electronics,Camera,23.0,1240,28520,2025-07-03
Kochi,Accessories,Headphones,12.0,3476,41712,2025-12-13
Bhopal,Home Appliances,Mixer,18.0,2277,40986,2025-11-15
Mumbai,Home Appliances,Air Cooler,5.0,6713,33565,2025-06-27
Delhi,Accessories,Speaker,34.0,3192,108528,2025-05-11
Hyderabad,Home Appliances,Air Cooler,5.0,1625,8125,2025-04-01
Mysuru,Home Appliances,Air Cooler,10.0,3626,36260,2025-07-05
Surat,Home Appliances,Air Cooler,4.0,6656,26624,2025-10-25
Ahmedabad,Home Appliances,Mixer,1.0,3615,3615,2025-11-09
Pune,Fashion,Watch,5.0,5023,25115,2025-12-17
Mysuru,Home Appliances,Air Cooler,37.0,4555,168535,2025-10-15
Mumbai,Accessories,Speaker,22.0,7420,163240,2025-10-18
Jaipur,Home Appliances,Fan,12.0,3279,39348,2025-12-10
Kochi,Electronics,Laptop,25.0,6325,158125,2025-12-02
Jaipur,Electronics,Tablet,32.0,3535,113120,2025-12-01
Bengaluru,Electronics,Smartphone,34.0,4452,151368,2025-10-08
Bengaluru,Accessories,Mouse,21.0,2602,54642,2025-07-17
Bhopal,Electronics,Camera,20.0,6604,132080,2025-10-19
Kochi,Home Appliances,Fan,34.0,7930,108740,2025-02-27
Hyderabad,Home Appliances,Mixer,30.0,3397,83085,2025-10-26
Kolkata,Accessories,Headphones,5.0,518,2590,2025-08-11
Bhopal,Home Appliances,Air Cooler,28.0,3920,109760,2025-05-22
Surat,Accessories,Mouse,37.0,6645,129181,2025-02-20
Mumbai,Fashion,Shoes,27.0,4038,109026,2025-06-24
Patna,Accessories,Mouse,40.0,3953,103113,2025-03-18
Lucknow,Fashion,T-Shirt,11.0,2819,31009,2025-04-16
Patna,Fashion,Jeans,28.0,3375,94500,2025-09-09
Ahmedabad,Home Appliances,Mixer,25.0,1064,26600,2025-09-10
Mumbai,Home Appliances,Mixer,30.0,1266,37980,2025-09-07
Delhi,Home Appliances,Air Cooler,38.0,1078,40964,2025-04-18
Lucknow,Accessories,Mouse,21.0,7857,24413,2025-04-22
Ahmedabad,Electronics,Laptop,26.0,620,16120,2025-09-10
Bhopal,Fashion,Watch,12.0,3227,38724,2025-12-03
Kolkata,Accessories,Mouse,34.0,3107,105638,2025-10-12
Kolkata,Electronics,Laptop,22.0,857,18854,2025-04-26
Kolkata,Electronics,Camera,16.0,6602,101745,2025-05-06
Lucknow,Electronics,Tablet,4.0,7750,31000,2025-06-08
Ahmedabad,Fashion,Shoes,40.0,2972,25272,2025-07-14
Lucknow,Electronics,Camera,3.0,1225,3675,2025-08-24
Surat,Fashion,Jeans,35.0,925,32375,2025-12-08
Kochi,Home Appliances,Fan,28.0,6238,17415,2025-12-05
Pune,Electronics,Laptop,37.0,3420,126540,2025-08-21
Jaipur,Fashion,T-Shirt,20.0,7594,90349,2025-04-24
Bhopal,Accessories,Keyboard,3.0,3787,11361,2025-11-09
Hyderabad,Fashion,Shoes,37.0,7259,101108,2025-04-16
Kochi,Electronics,Monitor,32.0,1975,63200,2025-10-26
Lucknow,Accessories,Speaker,40.0,7381,151548,2025-08-18
Hyderabad,Accessories,Mouse,9.0,7412,19017,2025-01-26
Mumbai,Accessories,Headphones,8.0,7246,57968,2025-06-12
Patna,Home Appliances,Fan,20.0,7092,35376,2025-10-08
Kolkata,Electronics,Camera,18.0,4968,8680,2025-08-13
Hyderabad,Home Appliances,Fan,8.0,3352,26816,2025-09-16
Lucknow,Electronics,Monitor,18.0,5932,106776,2025-09-25
Patna,Home Appliances,Fan,11.0,4224,46464,2025-09-18
Mumbai,Fashion,Jeans,6.0,1915,11490,2025-08-14
Mysuru,Electronics,Tablet,23.0,7364,169372,2025-05-20
Jaipur,Accessories,Keyboard,16.0,3432,41345,2025-03-05
Lucknow,Accessories,Headphones,16.0,4290,37308,2025-04-28
Bhopal,Accessories,Headphones,35.0,5388,188580,2025-01-20
Kochi,Accessories,Speaker,26.0,3432,89232,2025-11-19
Kochi,Home Appliances,Fan,8.0,4830,38640,2025-10-26
Pune,Electronics,Camera,26.0,1603,27563,2025-01-03
Mysuru,Accessories,Keyboard,39.0,2193,85527,2025-03-03
Chennai,Home Appliances,Air Cooler,27.0,3791,54329,2025-08-01
Bengaluru,Accessories,Keyboard,27.0,2500,29008,2025-03-04
Hyderabad,Home Appliances,Mixer,27.0,6990,27781,2025-11-02
Chennai,Accessories,Speaker,14.0,1177,16478,2025-02-03
Mysuru,Electronics,Camera,8.0,5774,46192,2025-12-11
Bengaluru,Electronics,Laptop,21.0,7033,6148,2025-01-25
Patna,Fashion,Jeans,38.0,7521,45538,2025-05-21
Kochi,Accessories,Headphones,7.0,376,2632,2025-04-25
Delhi,Fashion,T-Shirt,16.0,7550,64912,2025-11-11
Mumbai,Accessories,Headphones,1.0,4847,3270,2025-03-23
Mysuru,Electronics,Laptop,8.0,3487,27896,2025-08-16
Hyderabad,Home Appliances,Fan,37.0,1310,48470,2025-05-27
Surat,Fashion,Watch,1.0,7231,7231,2025-12-07
Jaipur,Home Appliances,Mixer,26.0,787,20462,2025-05-16
Jaipur,Home Appliances,Air Cooler,28.0,4534,73886,2025-04-03
Chennai,Electronics,Laptop,1.0,1079,1079,2025-05-12
Mumbai,Accessories,Headphones,33.0,3472,70640,2025-07-03
Mumbai,Electronics,Smartphone,7.0,7527,52689,2025-03-08
Hyderabad,Electronics,Tablet,20.0,7061,141220,2025-11-24
Pune,Accessories,Headphones,4.0,161,644,2025-12-03
Kolkata,Fashion,Watch,22.0,5849,111938,2025-04-10
Mumbai,Accessories,Mouse,12.0,4010,48120,2025-05-13
Chennai,Electronics,Smartphone,23.0,387,8901,2025-03-08
Jaipur,Home Appliances,Mixer,2.0,193,386,2025-04-19
Lucknow,Fashion,Watch,14.0,821,11494,2025-11-07
Delhi,Electronics,Camera,20.0,1124,22480,2025-02-11
Bengaluru,Electronics,Camera,30.0,2968,89040,2025-05-11
Surat,Fashion,Jeans,36.0,6349,148582,2025-08-24
Mysuru,Accessories,Headphones,18.0,3479,62622,2025-10-04
Surat,Electronics,Smartphone,20.0,5488,79820,2025-03-08
Chennai,Fashion,Jeans,22.0,3794,48403,2025-04-22
Patna,Fashion,Jeans,9.0,2779,25011,2025-07-19
Kolkata,Fashion,Jeans,18.0,6009,108162,2025-04-02
Pune,Fashion,Watch,24.0,6494,121259,2025-04-14
Surat,Electronics,Tablet,6.0,7012,10414,2025-11-23
Bengaluru,Home Appliances,Fan,14.0,5856,81984,2025-08-27
Hyderabad,Accessories,Speaker,6.0,6700,40200,2025-08-12
Hyderabad,Home Appliances,Mixer,16.0,6817,109072,2025-04-21
Ahmedabad,Home Appliances,Mixer,17.0,3863,65671,2025-09-17
Lucknow,Home Appliances,Air Cooler,18.0,3668,66024,2025-01-25
Hyderabad,Electronics,Monitor,5.0,5825,22913,2025-03-25
Lucknow,Home Appliances,Air Cooler,5.0,3626,18130,2025-02-24
Patna,Fashion,Jeans,12.0,4700,56400,2025-07-23
Bhopal,Home Appliances,Mixer,39.0,7645,219829,2025-11-27
Mysuru,Accessories,Speaker,6.0,4853,29118,2025-11-01
Chennai,Electronics,Laptop,9.0,7298,65682,2025-04-28
Hyderabad,Electronics,Tablet,23.0,1782,40986,2025-10-27
Kolkata,Accessories,Mouse,11.0,7110,78210,2025-01-02
Kochi,Fashion,Watch,38.0,5868,222984,2025-01-11
Hyderabad,Electronics,Monitor,12.0,4677,56124,2025-03-19
Ahmedabad,Home Appliances,Fan,22.0,3711,53107,2025-02-02
Lucknow,Electronics,Laptop,29.0,3966,26771,2025-03-24
Kochi,Electronics,Laptop,38.0,1160,4908,2025-05-03
Hyderabad,Electronics,Laptop,33.0,655,21615,2025-10-25
Ahmedabad,Home Appliances,Air Cooler,22.0,7487,164714,2025-09-03
Patna,Fashion,Jeans,10.0,1280,12800,2025-08-11
Kochi,Fashion,Shoes,21.0,2458,51618,2025-09-01
Mysuru,Electronics,Tablet,14.0,5156,72184,2025-08-14
Hyderabad,Home Appliances,Air Cooler,15.0,1307,19605,2025-11-14
Chennai,Electronics,Monitor,24.0,3877,36813,2025-06-10
Bhopal,Fashion,T-Shirt,20.0,4037,80740,2025-04-15
Patna,Electronics,Tablet,8.0,4878,39024,2025-09-09
Hyderabad,Accessories,Mouse,24.0,4892,7227,2025-08-18
Delhi,Electronics,Monitor,20.0,5903,118060,2025-07-01
Mumbai,Accessories,Speaker,4.0,511,2044,2025-12-12
Kolkata,Electronics,Smartphone,33.0,7923,45340,2025-05-09
Kolkata,Accessories,Keyboard,35.0,1174,41090,2025-02-23
Mumbai,Electronics,Tablet,3.0,7185,21555,2025-07-03
Lucknow,Home Appliances,Air Cooler,27.0,5754,155358,2025-07-27
Surat,Fashion,Watch,6.0,6165,36990,2025-03-02
Kochi,Fashion,T-Shirt,10.0,6489,64890,2025-04-08
Chennai,Accessories,Speaker,25.0,1719,42975,2025-07-09
Bhopal,Fashion,T-Shirt,21.0,377,7917,2025-08-14
Chennai,Home Appliances,Mixer,33.0,5744,39007,2025-01-22
Kolkata,Home Appliances,Mixer,14.0,6188,86090,2025-04-28
Ahmedabad,Home Appliances,Air Cooler,10.0,7387,73870,2025-03-28
Chennai,Fashion,Watch,10.0,4581,37706,2025-04-16
Jaipur,Accessories,Keyboard,16.0,4383,70128,2025-01-08
Pune,Electronics,Smartphone,6.0,1777,10662,2025-05-15
Hyderabad,Accessories,Keyboard,35.0,7108,162000,2025-04-01
Kolkata,Electronics,Monitor,31.0,5523,163821,2025-09-28
Bhopal,Home Appliances,Air Cooler,2.0,6452,12904,2025-08-05
Kolkata,Accessories,Headphones,15.0,7703,115545,2025-06-15
Jaipur,Accessories,Speaker,20.0,4414,16313,2025-03-23
Mysuru,Home Appliances,Fan,40.0,3466,99113,2025-07-22
Lucknow,Fashion,Watch,25.0,7491,187275,2025-01-06
Mumbai,Home Appliances,Fan,18.0,6345,11277,2025-11-08
Surat,Accessories,Headphones,27.0,7640,206280,2025-04-26
Hyderabad,Fashion,Jeans,11.0,3545,38995,2025-08-09
Pune,Home Appliances,Fan,30.0,230,6900,2025-05-18
Bhopal,Fashion,Watch,12.0,236,2832,2025-07-19
Patna,Fashion,Watch,11.0,565,6215,2025-09-14
Mysuru,Accessories,Headphones,3.0,241,723,2025-09-21
Jaipur,Fashion,Shoes,24.0,257,6168,2025-01-17
Surat,Accessories,Speaker,39.0,412,16068,2025-02-26
Surat,Electronics,Monitor,40.0,6398,2655,2025-11-10
Jaipur,Fashion,T-Shirt,29.0,718,9826,2025-08-12
Kochi,Fashion,T-Shirt,34.0,3839,73671,2025-08-10
Patna,Electronics,Camera,8.0,1907,15256,2025-09-05
Hyderabad,Home Appliances,Air Cooler,19.0,2175,41325,2025-03-10
Pune,Fashion,Shoes,30.0,902,27060,2025-07-18
Mumbai,Home Appliances,Mixer,16.0,5620,89920,2025-09-04
Ahmedabad,Fashion,Shoes,18.0,906,16308,2025-12-02
Chennai,Fashion,Jeans,19.0,4985,94715,2025-05-02
Surat,Electronics,Smartphone,18.0,3941,70938,2025-09-18
Chennai,Accessories,Speaker,40.0,2304,92160,2025-02-15
Pune,Fashion,Jeans,21.0,990,20790,2025-05-07
Chennai,Accessories,Keyboard,21.0,7946,28401,2025-02-10
Bhopal,Accessories,Keyboard,12.0,6788,81456,2025-04-03
Ahmedabad,Home Appliances,Mixer,38.0,6257,191431,2025-02-08
Kolkata,Electronics,Tablet,31.0,121,3751,2025-02-10
Lucknow,Electronics,Smartphone,37.0,3015,111555,2025-09-11
Mysuru,Accessories,Mouse,1.0,1810,1810,2025-05-27
Surat,Home Appliances,Fan,1.0,2276,2276,2025-01-20
Surat,Electronics,Monitor,3.0,489,1467,2025-05-08
Bhopal,Electronics,Tablet,20.0,5457,10945,2025-08-15
Hyderabad,Accessories,Mouse,26.0,4296,84586,2025-10-12
Jaipur,Electronics,Laptop,17.0,6026,50480,2025-01-10
Mumbai,Electronics,Laptop,15.0,5472,82080,2025-07-04
Lucknow,Electronics,Tablet,6.0,863,5178,2025-06-11
Surat,Accessories,Mouse,11.0,5401,59411,2025-08-24
Delhi,Electronics,Tablet,26.0,5778,150228,2025-07-19
Mumbai,Home Appliances,Mixer,13.0,2596,33748,2025-10-07
Mysuru,Accessories,Keyboard,6.0,1293,7758,2025-05-20
Delhi,Electronics,Camera,25.0,1046,26150,2025-01-09
Ahmedabad,Electronics,Camera,10.0,5419,54190,2025-03-18
Chennai,Electronics,Tablet,27.0,6778,183006,2025-08-25
Mysuru,Accessories,Keyboard,14.0,3282,45948,2025-04-10
Pune,Accessories,Headphones,24.0,3364,77211,2025-04-08
Mumbai,Accessories,Speaker,27.0,6514,103443,2025-10-18
Hyderabad,Electronics,Camera,21.0,2165,45465,2025-08-19
Delhi,Accessories,Keyboard,18.0,4023,35320,2025-07-02
Pune,Fashion,Jeans,27.0,1141,30807,2025-09-17
Surat,Electronics,Tablet,2.0,4841,9682,2025-05-04
Lucknow,Fashion,Jeans,5.0,7979,4839,2025-05-27
Patna,Fashion,Watch,11.0,2763,30393,2025-02-27
Lucknow,Electronics,Smartphone,18.0,180,3240,2025-12-25
Jaipur,Electronics,Monitor,17.0,4084,69428,2025-09-11
Delhi,Electronics,Laptop,2.0,5260,10520,2025-03-17
Bengaluru,Accessories,Headphones,24.0,3338,21079,2025-07-22
Ahmedabad,Fashion,Watch,16.0,4455,71280,2025-01-19
Kolkata,Accessories,Speaker,26.0,4362,113412,2025-04-25
Mumbai,Fashion,T-Shirt,13.0,5152,66976,2025-05-13
Bengaluru,Electronics,Smartphone,7.0,1316,9212,2025-08-06
Bhopal,Fashion,T-Shirt,27.0,5372,5591,2025-05-23
Delhi,Accessories,Speaker,25.0,6605,148288,2025-05-04
Jaipur,Fashion,Jeans,7.0,6899,48293,2025-07-27
Surat,Accessories,Keyboard,36.0,2492,89712,2025-08-20
Mysuru,Home Appliances,Air Cooler,29.0,7696,193003,2025-10-18
Kochi,Home Appliances,Mixer,36.0,7689,65419,2025-01-23
Ahmedabad,Accessories,Speaker,19.0,6389,110502,2025-08-12
Bengaluru,Fashion,Shoes,39.0,4578,15355,2025-11-04
Kochi,Electronics,Laptop,1.0,2132,2132,2025-02-10
Mysuru,Electronics,Smartphone,28.0,815,22820,2025-02-19
Kolkata,Fashion,Shoes,35.0,5660,99585,2025-09-25
Chennai,Home Appliances,Air Cooler,12.0,7936,48980,2025-06-21
Mumbai,Home Appliances,Mixer,25.0,4505,112625,2025-07-16
Patna,Electronics,Smartphone,29.0,5141,149089,2025-11-28
Bhopal,Electronics,Monitor,23.0,1193,27439,2025-10-21
Pune,Fashion,T-Shirt,28.0,3361,94108,2025-04-16
Kochi,Accessories,Keyboard,24.0,571,13704,2025-01-16
Chennai,Home Appliances,Air Cooler,29.0,6850,30258,2025-02-18
Pune,Accessories,Mouse,31.0,245,7595,2025-07-28
Ahmedabad,Fashion,Watch,22.0,4671,102762,2025-03-09
Mumbai,Fashion,Jeans,16.0,4817,50673,2025-07-05
Jaipur,Fashion,T-Shirt,25.0,1299,32475,2025-05-13
Kochi,Fashion,Jeans,21.0,1215,25515,2025-07-22
Kolkata,Accessories,Keyboard,2.0,6601,13202,2025-09-19
Kolkata,Accessories,Headphones,29.0,4297,33474,2025-12-20
Hyderabad,Fashion,Watch,35.0,2572,90020,2025-04-28
Patna,Accessories,Keyboard,6.0,5519,33114,2025-01-18
Ahmedabad,Accessories,Headphones,21.0,2088,43848,2025-02-05
Mumbai,Accessories,Speaker,5.0,256,1280,2025-04-27
Bengaluru,Fashion,T-Shirt,37.0,1842,68154,2025-07-08
Hyderabad,Home Appliances,Air Cooler,31.0,4666,144646,2025-02-02
Pune,Home Appliances,Air Cooler,11.0,5588,61468,2025-06-11
Kolkata,Fashion,Watch,1.0,3320,3320,2025-03-28
Pune,Electronics,Monitor,7.0,4966,8360,2025-06-02
Surat,Fashion,Shoes,27.0,4747,92864,2025-05-24
Pune,Fashion,Watch,30.0,5860,175800,2025-02-02
Hyderabad,Electronics,Laptop,21.0,7924,89286,2025-01-13
Bengaluru,Accessories,Mouse,8.0,2641,21128,2025-01-09
Hyderabad,Fashion,T-Shirt,3.0,5707,17121,2025-09-01
Bhopal,Electronics,Tablet,12.0,3876,46512,2025-05-24
Patna,Accessories,Speaker,28.0,2120,59360,2025-03-25
Mysuru,Fashion,T-Shirt,24.0,7938,190512,2025-10-22
Kochi,Accessories,Speaker,15.0,5925,88875,2025-05-21
Patna,Fashion,Jeans,13.0,6906,89778,2025-02-19
Pune,Home Appliances,Fan,1.0,2396,2396,2025-05-16
Ahmedabad,Electronics,Monitor,21.0,4813,101073,2025-03-18
Hyderabad,Home Appliances,Fan,3.0,315,945,2025-02-23
Bhopal,Electronics,Laptop,15.0,2785,41775,2025-09-23
Pune,Home Appliances,Fan,14.0,7763,108682,2025-05-19
Bengaluru,Electronics,Tablet,31.0,4916,67299,2025-01-23
Chennai,Electronics,Tablet,29.0,3141,91089,2025-05-21
Bhopal,Fashion,Jeans,10.0,895,8950,2025-12-06
Ahmedabad,Home Appliances,Fan,15.0,1640,24600,2025-08-14
Kolkata,Home Appliances,Fan,22.0,2406,52932,2025-03-04
Mysuru,Electronics,Tablet,40.0,6182,37764,2025-11-12
Bengaluru,Accessories,Mouse,20.0,4875,95828,2025-11-12
Bengaluru,Fashion,Jeans,32.0,4289,7322,2025-03-10
Pune,Fashion,T-Shirt,37.0,1979,73223,2025-03-03
Jaipur,Accessories,Headphones,13.0,895,5003,2025-05-05
Patna,Home Appliances,Air Cooler,34.0,5058,171972,2025-09-21
Hyderabad,Accessories,Headphones,19.0,2589,49191,2025-09-22
Surat,Fashion,T-Shirt,16.0,4567,73072,2025-08-24
Jaipur,Home Appliances,Fan,30.0,6407,155031,2025-12-15
Chennai,Accessories,Mouse,26.0,812,21112,2025-10-10
Hyderabad,Accessories,Mouse,16.0,2053,32848,2025-04-09
Ahmedabad,Fashion,T-Shirt,32.0,7619,226849,2025-11-18
Jaipur,Home Appliances,Air Cooler,14.0,392,5488,2025-04-02
Bhopal,Electronics,Laptop,33.0,4954,112507,2025-12-18
Lucknow,Home Appliances,Mixer,11.0,5832,15133,2025-06-11
Ahmedabad,Home Appliances,Mixer,13.0,7968,103584,2025-12-24
Bhopal,Accessories,Mouse,15.0,3002,45030,2025-03-10
Ahmedabad,Accessories,Speaker,29.0,6779,91277,2025-07-09
Ahmedabad,Electronics,Tablet,15.0,5982,89730,2025-10-22
Chennai,Accessories,Keyboard,14.0,6054,84756,2025-06-28
Lucknow,Accessories,Headphones,12.0,3329,31481,2025-08-28
Bengaluru,Accessories,Headphones,35.0,6120,105640,2025-03-06
Mumbai,Accessories,Speaker,4.0,5412,21648,2025-01-27
Hyderabad,Fashion,Jeans,28.0,4378,72708,2025-04-13
Pune,Fashion,Watch,40.0,7403,72326,2025-09-20
Mysuru,Electronics,Tablet,26.0,4227,35109,2025-08-02
Bengaluru,Fashion,Watch,15.0,1966,29490,2025-03-03
Kochi,Fashion,Shoes,37.0,4377,161949,2025-01-07
Kochi,Electronics,Tablet,28.0,1040,29120,2025-10-26
Surat,Accessories,Keyboard,23.0,4610,5379,2025-08-18
Surat,Fashion,Shoes,35.0,1336,46760,2025-03-18
Patna,Home Appliances,Mixer,11.0,814,8954,2025-04-13
Mysuru,Accessories,Headphones,39.0,4188,15442,2025-09-01
Bhopal,Accessories,Keyboard,15.0,2196,32940,2025-07-22
Chennai,Home Appliances,Air Cooler,23.0,4107,94461,2025-06-02
Surat,Fashion,Shoes,13.0,769,9997,2025-10-03
Pune,Fashion,Shoes,4.0,2547,10188,2025-04-09
Pune,Home Appliances,Fan,40.0,6676,40005,2025-05-25
Delhi,Fashion,Watch,25.0,6492,89295,2025-02-02
Kolkata,Electronics,Monitor,9.0,6140,55260,2025-10-01
Patna,Home Appliances,Air Cooler,15.0,3610,54150,2025-03-06
Chennai,Fashion,Jeans,6.0,3438,20628,2025-03-23
Bhopal,Electronics,Laptop,39.0,6514,25881,2025-09-03
Patna,Home Appliances,Fan,20.0,7549,134643,2025-12-22
Jaipur,Fashion,Shoes,34.0,2745,93330,2025-06-03
Surat,Fashion,T-Shirt,17.0,446,7582,2025-08-28
Bhopal,Home Appliances,Fan,7.0,2391,16737,2025-06-05
Chennai,Accessories,Keyboard,10.0,4920,49200,2025-12-10
Kochi,Electronics,Camera,34.0,5270,136282,2025-05-21
Mumbai,Electronics,Smartphone,21.0,2090,16992,2025-07-16
Jaipur,Home Appliances,Air Cooler,13.0,7660,9825,2025-07-27
Delhi,Electronics,Camera,24.0,4851,116424,2025-06-15
Pune,Accessories,Mouse,38.0,593,22534,2025-04-06
Jaipur,Home Appliances,Mixer,9.0,6689,60201,2025-05-25
Mumbai,Electronics,Camera,5.0,3295,16475,2025-06-18
Jaipur,Home Appliances,Mixer,21.0,5876,123396,2025-02-27
Bhopal,Home Appliances,Air Cooler,30.0,7589,99794,2025-10-20
Hyderabad,Electronics,Tablet,19.0,5655,107445,2025-09-05
Kolkata,Electronics,Smartphone,11.0,3826,42086,2025-11-03
Surat,Home Appliances,Fan,39.0,3418,83869,2025-04-01
Patna,Home Appliances,Mixer,8.0,2820,22560,2025-04-04
Mumbai,Fashion,Jeans,38.0,5436,200312,2025-06-17
Surat,Electronics,Tablet,20.0,263,5260,2025-05-14
Ahmedabad,Electronics,Smartphone,31.0,6778,115693,2025-04-18
Pune,Home Appliances,Fan,19.0,4418,53065,2025-09-24
Chennai,Fashion,T-Shirt,22.0,813,17886,2025-07-19
Patna,Fashion,Watch,10.0,5861,58610,2025-12-13
Mysuru,Home Appliances,Fan,15.0,848,12720,2025-12-27
Hyderabad,Home Appliances,Mixer,24.0,4072,49007,2025-08-08
Mumbai,Electronics,Laptop,4.0,4924,19696,2025-02-24
Delhi,Electronics,Tablet,2.0,7313,14626,2025-10-28
Delhi,Fashion,Watch,32.0,2778,88896,2025-10-17
Ahmedabad,Electronics,Camera,22.0,3306,45446,2025-08-26
Patna,Electronics,Tablet,2.0,1120,2240,2025-05-25
Surat,Home Appliances,Fan,4.0,4532,18128,2025-08-12
Kochi,Accessories,Headphones,18.0,1031,8489,2025-12-05
Mumbai,Fashion,Shoes,10.0,1947,19470,2025-07-03
Surat,Electronics,Camera,6.0,7058,7140,2025-05-04
Lucknow,Home Appliances,Fan,16.0,3583,57328,2025-09-24
Kolkata,Home Appliances,Fan,40.0,2556,102240,2025-09-08
Kolkata,Fashion,T-Shirt,28.0,4555,127540,2025-06-07
Surat,Accessories,Keyboard,38.0,7994,55976,2025-01-19
Lucknow,Electronics,Camera,17.0,2740,46580,2025-10-05
Chennai,Fashion,Jeans,24.0,899,21576,2025-04-25
Surat,Fashion,T-Shirt,5.0,806,4030,2025-02-20
Delhi,Electronics,Tablet,18.0,4234,8807,2025-02-07
Ahmedabad,Accessories,Speaker,11.0,4614,2154,2025-03-07
Bhopal,Accessories,Headphones,36.0,7821,230490,2025-06-20
Bhopal,Accessories,Mouse,21.0,1840,38640,2025-04-08
Bhopal,Home Appliances,Fan,8.0,4291,34328,2025-10-20
Hyderabad,Home Appliances,Air Cooler,2.0,4894,9788,2025-05-03
Pune,Accessories,Keyboard,25.0,749,18725,2025-01-02
Surat,Electronics,Camera,12.0,456,5472,2025-09-20
Ahmedabad,Electronics,Tablet,22.0,7548,14018,2025-05-24
Pune,Fashion,Jeans,40.0,6391,52619,2025-08-24
Surat,Fashion,Watch,13.0,6704,87152,2025-06-14
Bhopal,Fashion,Shoes,22.0,2726,59695,2025-05-07
Patna,Fashion,Jeans,32.0,4666,149312,2025-05-08
Hyderabad,Accessories,Headphones,28.0,163,4564,2025-08-16
Pune,Accessories,Headphones,28.0,2837,79436,2025-09-28
Ahmedabad,Home Appliances,Fan,23.0,6193,115087,2025-08-14
Patna,Home Appliances,Mixer,29.0,1474,42746,2025-11-26
Kochi,Electronics,Monitor,33.0,857,28281,2025-02-14
Delhi,Fashion,T-Shirt,9.0,5101,45909,2025-02-10
Delhi,Accessories,Keyboard,4.0,3690,14760,2025-07-03
Pune,Accessories,Keyboard,30.0,7974,30538,2025-11-17
Kolkata,Fashion,T-Shirt,28.0,7701,209023,2025-03-01
Kochi,Accessories,Keyboard,13.0,4627,60151,2025-10-04
Delhi,Electronics,Tablet,7.0,3079,21553,2025-05-12
Bhopal,Fashion,Jeans,40.0,1800,72000,2025-12-06
Kolkata,Fashion,T-Shirt,26.0,5217,22280,2025-10-11
Bengaluru,Fashion,Shoes,23.0,2588,59524,2025-09-06
Pune,Fashion,T-Shirt,8.0,2284,18272,2025-01-03
Chennai,Fashion,Watch,18.0,7774,139932,2025-12-18
Bengaluru,Home Appliances,Mixer,4.0,457,1828,2025-01-07
Kochi,Accessories,Headphones,34.0,3458,117572,2025-05-07
Delhi,Accessories,Mouse,33.0,6091,54599,2025-05-05
Delhi,Fashion,Shoes,36.0,6146,217581,2025-07-03
Surat,Electronics,Camera,11.0,3846,42306,2025-07-24
Chennai,Accessories,Headphones,15.0,7651,114765,2025-04-14
Mumbai,Home Appliances,Fan,39.0,4690,182910,2025-03-01
Bhopal,Accessories,Keyboard,30.0,5269,158070,2025-10-25
Lucknow,Electronics,Monitor,34.0,3153,107202,2025-04-17
Chennai,Fashion,Shoes,28.0,1867,52276,2025-08-11
Delhi,Electronics,Camera,14.0,470,6580,2025-09-17
Mumbai,Electronics,Smartphone,26.0,2514,65364,2025-04-18
Patna,Accessories,Keyboard,5.0,1580,7900,2025-11-26
Surat,Accessories,Headphones,35.0,2589,90615,2025-05-06
Chennai,Fashion,T-Shirt,37.0,1761,65157,2025-12-22
Jaipur,Accessories,Mouse,27.0,5311,82091,2025-09-07
Patna,Accessories,Keyboard,10.0,5569,55690,2025-04-13
Kolkata,Fashion,T-Shirt,12.0,4616,55392,2025-07-21
Patna,Accessories,Speaker,25.0,336,8400,2025-08-23
Pune,Fashion,Jeans,19.0,1939,36841,2025-03-20
Patna,Home Appliances,Air Cooler,13.0,2905,37765,2025-04-07
Hyderabad,Electronics,Laptop,36.0,6373,85816,2025-01-14
Kolkata,Fashion,Shoes,37.0,747,27639,2025-07-09
Bhopal,Home Appliances,Air Cooler,7.0,951,6657,2025-01-13
Ahmedabad,Accessories,Keyboard,9.0,959,8631,2025-12-13
Hyderabad,Home Appliances,Mixer,15.0,5948,89220,2025-07-25
Delhi,Home Appliances,Mixer,23.0,7009,51383,2025-10-28
Kochi,Accessories,Mouse,3.0,5878,17634,2025-09-09
Mysuru,Fashion,Shoes,22.0,7239,159258,2025-09-27
Pune,Fashion,T-Shirt,11.0,4244,46684,2025-11-22
Chennai,Electronics,Tablet,3.0,2111,6333,2025-02-04
Surat,Fashion,Jeans,1.0,2888,2888,2025-09-27
Jaipur,Home Appliances,Air Cooler,33.0,1253,17771,2025-11-15
Pune,Home Appliances,Fan,1.0,2396,2396,2025-05-16
Mysuru,Home Appliances,Mixer,16.0,925,14800,2025-02-19
Jaipur,Fashion,Jeans,27.0,7385,13609,2025-02-24
Kochi,Electronics,Camera,34.0,5270,136282,2025-05-21
Delhi,Electronics,Smartphone,16.0,7127,114032,2025-05-03
Kolkata,Home Appliances,Fan,29.0,2688,66496,2025-11-07
Lucknow,Fashion,T-Shirt,5.0,5904,29520,2025-11-21
Pune,Home Appliances,Air Cooler,29.0,4070,89300,2025-04-04
Mumbai,Home Appliances,Fan,26.0,3929,73789,2025-12-06
Mysuru,Fashion,Watch,36.0,2544,91584,2025-05-17
Bengaluru,Accessories,Headphones,16.0,2291,36656,2025-12-16
Delhi,Accessories,Speaker,33.0,4676,154308,2025-04-24
Chennai,Accessories,Speaker,26.0,4174,108524,2025-01-15
Mysuru,Electronics,Laptop,29.0,3925,82895,2025-10-26
Patna,Fashion,T-Shirt,11.0,7281,80091,2025-11-12
Bhopal,Fashion,Watch,13.0,1123,14599,2025-04-14
Bhopal,Fashion,Watch,2.0,5575,11150,2025-05-28
Chennai,Accessories,Speaker,40.0,2999,32969,2025-09-15
Chennai,Home Appliances,Mixer,29.0,6480,187920,2025-06-08
Jaipur,Home Appliances,Fan,6.0,7685,46110,2025-04-12
Ahmedabad,Accessories,Mouse,5.0,7939,39695,2025-06-18
Mysuru,Accessories,Speaker,6.0,4853,29118,2025-11-01
Ahmedabad,Fashion,Jeans,16.0,6054,96864,2025-02-26
Kolkata,Accessories,Mouse,19.0,2939,13889,2025-06-07
Bhopal,Fashion,T-Shirt,25.0,6395,6176,2025-12-28
Chennai,Electronics,Camera,35.0,7212,107197,2025-08-05
Mysuru,Home Appliances,Mixer,2.0,2177,4354,2025-09-26
Kochi,Fashion,Shoes,19.0,6574,124906,2025-06-26
Pune,Accessories,Speaker,26.0,3978,77819,2025-02-18
Chennai,Fashion,Watch,36.0,5835,210060,2025-08-13
Mysuru,Electronics,Smartphone,9.0,5173,46557,2025-11-10
Hyderabad,Fashion,Shoes,6.0,3425,20550,2025-06-22
Mysuru,Fashion,Watch,38.0,7413,29620,2025-07-17
Jaipur,Accessories,Mouse,40.0,5439,39030,2025-08-18
Pune,Home Appliances,Mixer,1.0,5575,5575,2025-11-03
Chennai,Fashion,Shoes,26.0,5534,143884,2025-10-16
Mumbai,Electronics,Monitor,28.0,5731,132297,2025-10-14
Mumbai,Fashion,Jeans,27.0,6593,117006,2025-03-26
Lucknow,Fashion,T-Shirt,11.0,2819,31009,2025-04-16
Kochi,Fashion,Jeans,5.0,4582,22910,2025-01-24
Jaipur,Electronics,Monitor,32.0,4691,150112,2025-09-16
Jaipur,Home Appliances,Air Cooler,34.0,665,22610,2025-01-14
Kolkata,Home Appliances,Mixer,20.0,2907,58140,2025-08-27
Chennai,Fashion,Shoes,38.0,4437,40998,2025-07-27
Mumbai,Accessories,Speaker,36.0,2180,78480,2025-12-27
Delhi,Fashion,Shoes,9.0,5592,50328,2025-07-26
Mumbai,Accessories,Mouse,24.0,511,8205,2025-12-06
Lucknow,Home Appliances,Fan,16.0,3583,57328,2025-09-24
Bhopal,Fashion,T-Shirt,19.0,5626,106894,2025-06-23
Kochi,Electronics,Laptop,13.0,5015,65195,2025-08-13
Jaipur,Fashion,Watch,8.0,1017,8136,2025-12-05
Lucknow,Home Appliances,Mixer,25.0,7847,103949,2025-12-17
Delhi,Accessories,Keyboard,9.0,190,1710,2025-12-20
Jaipur,Fashion,Jeans,37.0,520,19240,2025-10-09
Jaipur,Home Appliances,Fan,8.0,5584,44672,2025-01-22
Mumbai,Accessories,Speaker,34.0,5094,173196,2025-08-02
Surat,Home Appliances,Mixer,34.0,7842,48956,2025-04-06
Ahmedabad,Electronics,Camera,33.0,4075,134475,2025-12-11
Bengaluru,Home Appliances,Fan,5.0,2708,13540,2025-10-19
Lucknow,Fashion,Jeans,31.0,3146,97526,2025-04-05
Mumbai,Accessories,Headphones,19.0,7199,7281,2025-08-07
Hyderabad,Home Appliances,Air Cooler,19.0,2175,41325,2025-03-10
Chennai,Accessories,Headphones,37.0,1696,62752,2025-12-10
Pune,Electronics,Tablet,26.0,3998,103948,2025-03-07
Kolkata,Home Appliances,Air Cooler,34.0,6945,226260,2025-11-22
Patna,Accessories,Headphones,9.0,4417,39753,2025-01-23
Hyderabad,Fashion,Shoes,38.0,2273,86374,2025-01-03
Kolkata,Electronics,Smartphone,24.0,3656,87744,2025-04-03
Pune,Accessories,Keyboard,23.0,7806,5778,2025-04-26
Jaipur,Electronics,Tablet,31.0,2866,76118,2025-02-09
Kochi,Electronics,Smartphone,11.0,3807,41877,2025-11-23
Pune,Accessories,Speaker,18.0,705,12690,2025-04-27
Pune,Home Appliances,Air Cooler,30.0,660,19800,2025-07-11
Ahmedabad,Electronics,Camera,3.0,2104,6312,2025-08-14
Pune,Electronics,Camera,31.0,1828,56668,2025-03-18
Lucknow,Fashion,T-Shirt,15.0,1512,22680,2025-09-25
Surat,Fashion,T-Shirt,4.0,1681,6724,2025-01-22
Jaipur,Home Appliances,Fan,39.0,2028,79092,2025-10-18
Lucknow,Fashion,Jeans,23.0,6964,160172,2025-07-23
Bhopal,Electronics,Tablet,20.0,5804,116080,2025-10-01
Surat,Home Appliances,Fan,38.0,739,28082,2025-02-27
Hyderabad,Home Appliances,Fan,12.0,6300,75600,2025-08-19
Chennai,Accessories,Mouse,34.0,2306,39318,2025-01-06
Pune,Fashion,Jeans,24.0,1693,40632,2025-09-20
Kolkata,Accessories,Keyboard,28.0,3978,78082,2025-05-23
Hyderabad,Electronics,Smartphone,3.0,4273,12819,2025-10-18
Bhopal,Electronics,Monitor,34.0,2825,96050,2025-12-13
Jaipur,Accessories,Keyboard,5.0,6283,31415,2025-12-09
Kochi,Fashion,T-Shirt,38.0,2402,91276,2025-04-08
Mysuru,Accessories,Keyboard,30.0,7577,97474,2025-09-23
Pune,Fashion,T-Shirt,10.0,4546,25504,2025-10-16
Mumbai,Home Appliances,Air Cooler,22.0,5518,121396,2025-03-27
Mumbai,Electronics,Laptop,15.0,5472,82080,2025-07-04
Kolkata,Home Appliances,Fan,19.0,4299,81681,2025-02-21
Mumbai,Fashion,Shoes,17.0,2272,38624,2025-04-18
Kolkata,Fashion,Shoes,16.0,4265,68240,2025-03-26
Jaipur,Accessories,Keyboard,16.0,3432,41345,2025-03-05
Mysuru,Accessories,Headphones,32.0,6155,21419,2025-02-05
Kolkata,Accessories,Headphones,11.0,3343,36773,2025-03-11
Bengaluru,Accessories,Headphones,35.0,7518,86602,2025-04-26
Patna,Accessories,Keyboard,2.0,5792,11584,2025-05-28
Mysuru,Electronics,Camera,10.0,3011,10347,2025-07-06
Kolkata,Home Appliances,Fan,19.0,2583,49077,2025-12-13
Ahmedabad,Fashion,T-Shirt,30.0,1323,39690,2025-09-18
Ahmedabad,Home Appliances,Mixer,13.0,6811,38086,2025-05-09
Kolkata,Home Appliances,Mixer,6.0,7837,28070,2025-05-09
Surat,Fashion,Shoes,36.0,5621,202356,2025-04-09
Bhopal,Fashion,Shoes,4.0,6796,27184,2025-08-28
Jaipur,Accessories,Headphones,31.0,1952,41379,2025-03-06
Jaipur,Fashion,Jeans,4.0,7711,30844,2025-06-25
Surat,Accessories,Keyboard,25.0,3547,88675,2025-10-16
Lucknow,Home Appliances,Fan,12.0,5349,47981,2025-12-19
Hyderabad,Fashion,T-Shirt,38.0,2008,76304,2025-12-12
Jaipur,Home Appliances,Fan,23.0,181,4163,2025-11-23
Pune,Fashion,Jeans,35.0,4072,142520,2025-10-20
Chennai,Electronics,Laptop,-8.0,INVALID,ERROR,2025-99-99
Chennai,Electronics,Laptop,-5.0,INVALID,ERROR,2025-99-99
Pune,Electronics,Laptop,-3.0,INVALID,ERROR,2025-99-99
Jaipur,Electronics,Laptop,-10.0,INVALID,ERROR,2025-99-99
Surat,Electronics,Laptop,-1.0,INVALID,ERROR,2025-99-99
Lucknow,Electronics,Laptop,-3.0,INVALID,ERROR,2025-99-99
Bengaluru,Electronics,Laptop,-10.0,INVALID,ERROR,2025-99-99
Bengaluru,Electronics,Laptop,-10.0,INVALID,ERROR,2025-99-99
Patna,Electronics,Laptop,-7.0,INVALID,ERROR,2025-99-99
Ahmedabad,Electronics,Laptop,-7.0,INVALID,ERROR,2025-99-99
Pune,Electronics,Laptop,-10.0,INVALID,ERROR,2025-99-99
Delhi,Electronics,Laptop,-9.0,INVALID,ERROR,2025-99-99
Kolkata,Electronics,Laptop,-9.0,INVALID,ERROR,2025-99-99
Ahmedabad,Electronics,Laptop,-4.0,INVALID,ERROR,2025-99-99
Pune,Electronics,Laptop,-9.0,INVALID,ERROR,2025-99-99
Lucknow,Electronics,Laptop,-2.0,INVALID,ERROR,2025-99-99
Mysuru,Electronics,Laptop,-2.0,INVALID,ERROR,2025-99-99
Ahmedabad,Electronics,Laptop,-2.0,INVALID,ERROR,2025-99-99
Bengaluru,Electronics,Laptop,-7.0,INVALID,ERROR,2025-99-99
Pune,Electronics,Laptop,-7.0,INVALID,ERROR,2025-99-99
Jaipur,Electronics,Laptop,-8.0,INVALID,ERROR,2025-99-99
Bengaluru,Electronics,Laptop,-10.0,INVALID,ERROR,2025-99-99
Kochi,Electronics,Laptop,-4.0,INVALID,ERROR,2025-99-99
Pune,Electronics,Laptop,-9.0,INVALID,ERROR,2025-99-99
Mumbai,Electronics,Laptop,-7.0,INVALID,ERROR,2025-99-99
Chennai,Electronics,Laptop,-6.0,INVALID,ERROR,2025-99-99
Patna,Electronics,Laptop,-1.0,INVALID,ERROR,2025-99-99
Kochi,Electronics,Laptop,-3.0,INVALID,ERROR,2025-99-99
Ahmedabad,Electronics,Laptop,-5.0,INVALID,ERROR,2025-99-99
Bhopal,Electronics,Laptop,-1.0,INVALID,ERROR,2025-99-99
Kolkata,Electronics,Laptop,-10.0,INVALID,ERROR,2025-99-99
Delhi,Electronics,Laptop,-4.0,INVALID,ERROR,2025-99-99
Kochi,Electronics,Laptop,-4.0,INVALID,ERROR,2025-99-99
Patna,Electronics,Laptop,-3.0,INVALID,ERROR,2025-99-99
Lucknow,Electronics,Laptop,-3.0,INVALID,ERROR,2025-99-99
Patna,Electronics,Laptop,-9.0,INVALID,ERROR,2025-99-99
Mumbai,Electronics,Laptop,-5.0,INVALID,ERROR,2025-99-99
Jaipur,Electronics,Laptop,-4.0,INVALID,ERROR,2025-99-99
Mysuru,Electronics,Laptop,-2.0,INVALID,ERROR,2025-99-99
Ahmedabad,Electronics,Laptop,-7.0,INVALID,ERROR,2025-99-99
Mysuru,Electronics,Laptop,-7.0,INVALID,ERROR,2025-99-99
Patna,Electronics,Laptop,-7.0,INVALID,ERROR,2025-99-99
Kolkata,Electronics,Laptop,-1.0,INVALID,ERROR,2025-99-99
Hyderabad,Electronics,Laptop,-7.0,INVALID,ERROR,2025-99-99
Bhopal,Electronics,Laptop,-6.0,INVALID,ERROR,2025-99-99
Kolkata,Electronics,Laptop,-3.0,INVALID,ERROR,2025-99-99
Surat,Electronics,Laptop,-8.0,INVALID,ERROR,2025-99-99
Lucknow,Electronics,Laptop,-10.0,INVALID,ERROR,2025-99-99
Ahmedabad,Electronics,Laptop,-3.0,INVALID,ERROR,2025-99-99
Patna,Electronics,Laptop,-5.0,INVALID,ERROR,2025-99-99
Lucknow,Electronics,Laptop,-5.0,INVALID,ERROR,2025-99-99
Hyderabad,Electronics,Laptop,-9.0,INVALID,ERROR,2025-99-99
Jaipur,Electronics,Laptop,-5.0,INVALID,ERROR,2025-99-99
Lucknow,Electronics,Laptop,-8.0,INVALID,ERROR,2025-99-99
Surat,Electronics,Laptop,-8.0,INVALID,ERROR,2025-99-99
Ahmedabad,Electronics,Laptop,-2.0,INVALID,ERROR,2025-99-99
Bengaluru,Electronics,Laptop,-8.0,INVALID,ERROR,2025-99-99
Patna,Electronics,Laptop,-1.0,INVALID,ERROR,2025-99-99
Kochi,Electronics,Laptop,-8.0,INVALID,ERROR,2025-99-99
Bengaluru,Electronics,Laptop,-9.0,INVALID,ERROR,2025-99-99
Bengaluru,Electronics,Laptop,-10.0,INVALID,ERROR,2025-99-99
Bhopal,Electronics,Laptop,-7.0,INVALID,ERROR,2025-99-99
Bengaluru,Electronics,Laptop,-3.0,INVALID,ERROR,2025-99-99
Hyderabad,Electronics,Laptop,-5.0,INVALID,ERROR,2025-99-99
Bhopal,Electronics,Laptop,-7.0,INVALID,ERROR,2025-99-99
Pune,Electronics,Laptop,-2.0,INVALID,ERROR,2025-99-99
Kolkata,Electronics,Laptop,-3.0,INVALID,ERROR,2025-99-99
Jaipur,Electronics,Laptop,-8.0,INVALID,ERROR,2025-99-99
Ahmedabad,Electronics,Laptop,-6.0,INVALID,ERROR,2025-99-99
Bhopal,Electronics,Laptop,-7.0,INVALID,ERROR,2025-99-99
Surat,Electronics,Shoes,15.0,2598,67024,2025/88/77
Lucknow,Fashion,Shoes,29.0,113,79405,32-15-2025
Patna,Electronics,Shoes,28.0,3425,86470,INVALID_DATE
Chennai,Fashion,Shoes,18.0,4221,18855,INVALID_DATE
Surat,Electronics,Shoes,26.0,1893,79813,32-15-2025
Mysuru,Electronics,Shoes,17.0,2738,62234,32-15-2025
Chennai,Electronics,Shoes,3.0,4893,13397,32-15-2025
Lucknow,Fashion,Shoes,15.0,279,85464,2025/88/77
Patna,Accessories,Shoes,6.0,207,43477,32-15-2025
Bhopal,Accessories,Shoes,5.0,803,67789,2025/88/77
Kolkata,Home Appliances,Shoes,23.0,1983,26536,INVALID_DATE
Bengaluru,Home Appliances,Shoes,26.0,3495,74439,32-15-2025
Jaipur,Accessories,Shoes,21.0,283,99001,INVALID_DATE
Patna,Accessories,Shoes,9.0,3678,16385,INVALID_DATE
Ahmedabad,Electronics,Shoes,7.0,895,36064,2025/88/77
Kochi,Electronics,Shoes,27.0,3377,33282,2025/88/77
Lucknow,Fashion,Shoes,3.0,2673,11608,2025/88/77
Mumbai,Home Appliances,Shoes,20.0,4295,72061,INVALID_DATE
Kolkata,Fashion,Shoes,7.0,794,55175,2025/88/77
Mumbai,Home Appliances,Shoes,18.0,1360,56510,INVALID_DATE
Lucknow,Accessories,Shoes,8.0,406,70623,32-15-2025
Chennai,Electronics,Shoes,9.0,3795,12497,INVALID_DATE
Ahmedabad,Electronics,Shoes,19.0,781,25789,2025/88/77
Kolkata,Accessories,Shoes,23.0,1325,72423,2025/88/77
Pune,Fashion,Shoes,9.0,1704,41839,INVALID_DATE
Pune,Electronics,Shoes,10.0,4787,66436,INVALID_DATE
Surat,Accessories,Shoes,17.0,3828,36058,2025/88/77
Delhi,Fashion,Shoes,13.0,273,94263,2025/88/77
Hyderabad,Electronics,Shoes,25.0,1533,49290,2025/88/77
Mumbai,Fashion,Shoes,26.0,114,95669,32-15-2025
Ahmedabad,Fashion,Shoes,19.0,4589,2614,2025/88/77
Surat,Fashion,Shoes,29.0,1776,87310,INVALID_DATE
Lucknow,Accessories,Shoes,24.0,2476,5933,INVALID_DATE
Ahmedabad,Home Appliances,Shoes,8.0,4855,19762,32-15-2025
Kolkata,Home Appliances,Shoes,1.0,1824,44360,32-15-2025
Bengaluru,Electronics,Shoes,20.0,3149,12120,32-15-2025
Lucknow,Electronics,Shoes,9.0,877,23401,32-15-2025
Lucknow,Accessories,Shoes,8.0,2790,83461,2025/88/77
Surat,Fashion,Shoes,1.0,1702,63416,INVALID_DATE
Delhi,Accessories,Shoes,23.0,3729,77959,2025/88/77
Mumbai,Fashion,Shoes,23.0,2366,31817,32-15-2025
Lucknow,Accessories,Shoes,8.0,1775,78112,32-15-2025
Kolkata,Accessories,Shoes,8.0,3586,53452,INVALID_DATE
Bengaluru,Accessories,Shoes,15.0,3222,23339,INVALID_DATE
Delhi,Accessories,Shoes,10.0,256,4552,INVALID_DATE
Delhi,Home Appliances,Shoes,7.0,4773,86302,32-15-2025
Lucknow,Fashion,Shoes,13.0,3570,7713,2025/88/77
Patna,Fashion,Shoes,5.0,2020,20891,INVALID_DATE
Lucknow,Accessories,Shoes,3.0,4128,30299,32-15-2025
Mysuru,Fashion,Shoes,27.0,928,36805,2025/88/77
Ahmedabad,Home Appliances,Shoes,7.0,4699,4700,32-15-2025
Patna,Fashion,Shoes,15.0,3508,11162,32-15-2025
Mumbai,Home Appliances,Shoes,23.0,4238,33273,32-15-2025
Kolkata,Accessories,Shoes,23.0,2681,20133,2025/88/77
Kochi,Fashion,Shoes,28.0,1140,42003,2025/88/77
Pune,Home Appliances,Shoes,12.0,2125,37789,INVALID_DATE
Mysuru,Home Appliances,Shoes,25.0,317,26372,2025/88/77
Hyderabad,Fashion,Shoes,7.0,4244,61149,INVALID_DATE
Kolkata,Electronics,Shoes,22.0,2087,42973,INVALID_DATE
Bengaluru,Fashion,Shoes,5.0,2697,81841,2025/88/77
,,,,,,
,,,,,,
,,,,,,
,,,,,,
,,,,,,
,,,,,,
,,,,,,
,,,,,,
,,,,,,
,,,,,,
,,,,,,
,,,,,,
,,,,,,
,,,,,,
,,,,,,
,,,,,,
,,,,,,
,,,,,,
,,,,,,
,,,,,,
,,,,,,
,,,,,,
,,,,,,
,,,,,,
,,,,,,
,,,,,,
,,,,,,
,,,,,,
,,,,,,
,,,,,,
,,,,,,
,,,,,,
,,,,,,
,,,,,,
,,,,,,
,,,,,,
,,,,,,
,,,,,,
,,,,,,
,,,,,,
,,,,,,
,,,,,,
,,,,,,
,,,,,,
,,,,,,
,,,,,,
,,,,,,
,,,,,,
,,,,,,
,,,,,,
