City,Category,Product,Quantity_Sold,Unit_Price,Total_Revenue,Sale_Date
Delhi,Electronics,Laptop,95.0,4706,447070,2025-04-08
Bengaluru,Electronics,Monitor,12.0,9874,118488,2025-07-02
Jaipur,Electronics,Smartphone,30.0,8479,254370,2025-10-01
Patna,Fashion,Watch,29.0,7559,219211,2025-10-09
Delhi,Electronics,Smartphone,90.0,7124,641160,2025-06-09
Kolkata,Fashion,Shoes,14.0,1719,24066,2025-07-04
Jaipur,Accessories,Mouse,104.0,911,94744,2025-12-15
Surat,Electronics,Camera,11.0,9244,101684,2025-05-27
Bengaluru,Home Appliances,Fan,74.0,3350,247900,2025-12-03
Mumbai,Fashion,Shoes,11.0,14213,156343,2025-04-28
Kolkata,Office,Backpack,59.0,10615,626285,2025-06-06
Surat,Accessories,Keyboard,86.0,4574,393364,2025-12-22
Chennai,Electronics,Monitor,82.0,3003,246246,2025-09-24
Jaipur,Fashion,Watch,49.0,4622,226478,2025-11-23
Kochi,Fashion,Shoes,108.0,12788,1381104,2025-01-08
Mysuru,Electronics,Tablet,52.0,4586,238472,2025-02-07
Pune,Home Appliances,Air Cooler,41.0,3683,151003,2025-11-16
Jaipur,Office,Printer,34.0,2487,84558,2025-04-24
Pune,Home Appliances,Fan,96.0,9777,938592,2025-07-19
Patna,Accessories,Keyboard,18.0,8548,153864,2025-08-03
Surat,Electronics,Laptop,20.0,10480,209600,2025-03-26
Jaipur,Office,Printer,50.0,6452,322600,2025-10-15
Mysuru,Accessories,Headphones,88.0,12008,1056704,2025-02-22
Hyderabad,Home Appliances,Fan,99.0,10701,1059399,2025-06-04
Hyderabad,Office,Printer,59.0,253,14927,2025-12-24
Kochi,Home Appliances,Mixer,65.0,1943,126295,2025-11-10
Delhi,Home Appliances,Air Cooler,26.0,2704,70304,2025-06-25
Ahmedabad,Home Appliances,Air Cooler,118.0,209,24662,2025-10-11
Bengaluru,Electronics,Laptop,119.0,6147,731493,2025-05-08
Mumbai,Fashion,T-Shirt,11.0,12191,134101,2025-08-27
Delhi,Home Appliances,Mixer,17.0,11009,187153,2025-08-18
Chennai,Accessories,Speaker,28.0,9035,252980,2025-12-23
Mysuru,Accessories,Speaker,86.0,10847,932842,2025-06-15
Kolkata,Home Appliances,Fan,16.0,4261,68176,2025-04-03
Bengaluru,Electronics,Monitor,71.0,3970,281870,2025-10-08
Kolkata,Electronics,Laptop,30.0,1304,39120,2025-01-28
Chennai,Electronics,Monitor,31.0,4762,147622,2025-11-16
Ahmedabad,Home Appliances,Mixer,93.0,14656,1363008,2025-10-19
Mumbai,Fashion,Watch,104.0,6869,714376,2025-04-04
Bhopal,Office,Backpack,55.0,6935,381425,2025-08-28
Patna,Electronics,Laptop,8.0,6796,54368,2025-12-11
Delhi,Electronics,Smartphone,25.0,3316,82900,2025-09-15
Mysuru,Office,Printer,36.0,7779,280044,2025-04-28
Bengaluru,Electronics,Camera,104.0,14312,1488448,2025-09-04
Pune,Home Appliances,Mixer,12.0,12546,150552,2025-04-06
Delhi,Office,Backpack,28.0,14366,402248,2025-07-02
Pune,Office,Printer,50.0,4545,227250,2025-08-10
Hyderabad,Home Appliances,Air Cooler,92.0,8173,751916,2025-03-07
Bhopal,Fashion,T-Shirt,75.0,12254,919050,2025-09-02
Mysuru,Accessories,Headphones,7.0,9771,68397,2025-08-17
Delhi,Home Appliances,Mixer,8.0,8520,68160,2025-02-28
Mumbai,Electronics,Monitor,9.0,11262,101358,2025-04-13
Mumbai,Home Appliances,Mixer,75.0,9940,745500,2025-01-20
Bhopal,Office,Backpack,120.0,4472,536640,2025-04-22
Surat,Accessories,Keyboard,34.0,6684,227256,2025-03-22
Ahmedabad,Accessories,Speaker,41.0,12518,513238,2025-02-01
Jaipur,Home Appliances,Air Cooler,13.0,1400,18200,2025-09-07
Kolkata,Accessories,Keyboard,120.0,5918,710160,2025-02-08
Hyderabad,Accessories,Keyboard,57.0,13860,790020,2025-09-23
Jaipur,Home Appliances,Air Cooler,68.0,328,22304,2025-11-27
Mysuru,Accessories,Headphones,113.0,2400,271200,2025-05-04
Chennai,Electronics,Monitor,20.0,4662,93240,2025-05-20
Ahmedabad,Accessories,Keyboard,88.0,10591,932008,2025-05-17
Hyderabad,Accessories,Headphones,12.0,10592,127104,2025-07-27
Hyderabad,Electronics,Laptop,43.0,12834,551862,2025-03-21
Bengaluru,Fashion,Watch,71.0,11761,835031,2025-07-18
Bengaluru,Electronics,Laptop,114.0,11521,1313394,2025-03-18
Kolkata,Accessories,Keyboard,56.0,2288,128128,2025-01-10
Mumbai,Electronics,Tablet,27.0,11374,307098,2025-04-22
Kochi,Accessories,Speaker,80.0,12479,998320,2025-03-08
Bhopal,Fashion,Jeans,113.0,6955,785915,2025-01-06
Chennai,Accessories,Speaker,103.0,11175,1151025,2025-12-26
Kochi,Accessories,Keyboard,101.0,11689,1180589,2025-02-13
Hyderabad,Electronics,Camera,29.0,3469,100601,2025-08-12
Kolkata,Fashion,Jeans,4.0,11013,44052,2025-04-13
Jaipur,Accessories,Headphones,99.0,4773,472527,2025-06-21
Lucknow,Office,Backpack,4.0,2089,8356,2025-05-06
Bhopal,Accessories,Headphones,14.0,9974,139636,2025-07-12
Mysuru,Accessories,Speaker,78.0,8579,669162,2025-02-13
Bengaluru,Home Appliances,Mixer,33.0,927,30591,2025-12-14
Surat,Home Appliances,Air Cooler,88.0,11987,1054856,2025-12-24
Lucknow,Fashion,Shoes,56.0,1346,75376,2025-11-11
Hyderabad,Accessories,Headphones,93.0,14946,1389978,2025-05-17
Delhi,Office,Backpack,52.0,11623,604396,2025-05-18
Mysuru,Fashion,Watch,86.0,6411,551346,2025-11-24
Hyderabad,Fashion,Shoes,52.0,9177,477204,2025-01-10
Kolkata,Fashion,Watch,101.0,9702,979902,2025-10-21
Ahmedabad,Office,Backpack,57.0,11269,642333,2025-04-17
Lucknow,Fashion,T-Shirt,37.0,8645,319865,2025-11-21
Hyderabad,Accessories,Headphones,105.0,12506,1313130,2025-04-22
Ahmedabad,Fashion,Jeans,19.0,600,11400,2025-01-08
Chennai,Home Appliances,Mixer,59.0,6990,412410,2025-11-19
Bhopal,Office,Backpack,52.0,4197,218244,2025-03-21
Patna,Electronics,Laptop,100.0,7165,716500,2025-04-06
Mumbai,Home Appliances,Fan,7.0,9332,65324,2025-04-28
Jaipur,Office,Printer,103.0,7812,804636,2025-11-17
Kochi,Home Appliances,Fan,97.0,14805,1436085,2025-08-20
Bhopal,Home Appliances,Fan,107.0,9176,981832,2025-08-06
Surat,Office,Backpack,34.0,12517,425578,2025-04-27
Mumbai,Accessories,Speaker,81.0,4119,333639,2025-05-15
Mumbai,Accessories,Keyboard,35.0,5702,199570,2025-06-18
Bhopal,Fashion,Jeans,30.0,6475,194250,2025-12-05
Ahmedabad,Fashion,T-Shirt,54.0,6878,371412,2025-06-18
Mysuru,Office,Printer,27.0,13846,373842,2025-07-13
Ahmedabad,Home Appliances,Air Cooler,3.0,14236,42708,2025-10-13
Mysuru,Electronics,Tablet,39.0,12544,489216,2025-07-28
Ahmedabad,Office,Printer,63.0,3795,239085,2025-05-14
Pune,Electronics,Camera,44.0,11158,490952,2025-11-26
Bengaluru,Fashion,Watch,118.0,2291,270338,2025-10-18
Kochi,Office,Printer,11.0,10730,118030,2025-07-05
Chennai,Office,Printer,7.0,4462,31234,2025-07-11
Patna,Office,Backpack,44.0,12671,557524,2025-07-09
Bhopal,Office,Backpack,107.0,1541,164887,2025-08-01
Patna,Home Appliances,Mixer,45.0,3873,174285,2025-11-03
Delhi,Electronics,Laptop,32.0,3466,110912,2025-01-20
Chennai,Fashion,Jeans,61.0,11168,681248,2025-02-19
Lucknow,Office,Backpack,99.0,6243,618057,2025-03-20
Mysuru,Electronics,Smartphone,40.0,1971,78840,2025-10-01
Lucknow,Accessories,Speaker,51.0,11914,607614,2025-04-03
Surat,Fashion,T-Shirt,90.0,12856,1157040,2025-05-28
Jaipur,Home Appliances,Mixer,102.0,9472,966144,2025-01-12
Bengaluru,Office,Backpack,9.0,8489,76401,2025-11-11
Mysuru,Office,Backpack,14.0,7302,102228,2025-06-21
Surat,Office,Printer,56.0,3085,172760,2025-12-17
Hyderabad,Accessories,Speaker,60.0,7336,440160,2025-12-19
Chennai,Accessories,Keyboard,107.0,1619,173233,2025-05-15
Kolkata,Office,Backpack,44.0,670,29480,2025-08-28
Hyderabad,Fashion,Watch,28.0,6013,168364,2025-05-11
Jaipur,Home Appliances,Air Cooler,113.0,4726,534038,2025-09-01
Jaipur,Fashion,T-Shirt,31.0,11997,371907,2025-07-16
Patna,Fashion,Watch,83.0,11862,984546,2025-08-15
Chennai,Electronics,Laptop,38.0,3830,145540,2025-07-23
Pune,Accessories,Mouse,61.0,9268,565348,2025-09-12
Hyderabad,Home Appliances,Fan,46.0,11715,538890,2025-08-09
Mumbai,Accessories,Keyboard,16.0,12017,192272,2025-04-11
Ahmedabad,Home Appliances,Air Cooler,24.0,3338,80112,2025-04-24
Chennai,Accessories,Mouse,13.0,13841,179933,2025-04-10
Delhi,Accessories,Keyboard,39.0,431,16809,2025-12-18
Delhi,Accessories,Headphones,7.0,9266,64862,2025-05-23
Ahmedabad,Office,Printer,112.0,400,44800,2025-10-10
Kochi,Office,Backpack,44.0,3220,141680,2025-01-09
Mumbai,Office,Printer,106.0,1270,134620,2025-07-16
Patna,Home Appliances,Air Cooler,88.0,1078,94864,2025-03-05
Patna,Home Appliances,Fan,11.0,4266,46926,2025-02-18
Mysuru,Office,Printer,100.0,8761,876100,2025-07-15
Lucknow,Office,Backpack,111.0,9842,1092462,2025-07-10
Chennai,Home Appliances,Mixer,79.0,12325,973675,2025-02-25
Delhi,Fashion,Shoes,85.0,1530,130050,2025-03-08
Bhopal,Home Appliances,Mixer,21.0,243,5103,2025-07-15
Bhopal,Home Appliances,Fan,38.0,734,27892,2025-04-10
Patna,Accessories,Speaker,10.0,11462,114620,2025-04-09
Jaipur,Home Appliances,Air Cooler,103.0,3441,354423,2025-07-04
Bengaluru,Fashion,Jeans,117.0,4552,532584,2025-03-03
Ahmedabad,Fashion,Shoes,77.0,12470,960190,2025-10-10
Hyderabad,Electronics,Camera,89.0,5182,461198,2025-12-13
Bengaluru,Home Appliances,Air Cooler,64.0,7372,471808,2025-02-20
Chennai,Office,Backpack,78.0,4302,335556,2025-01-03
Hyderabad,Home Appliances,Air Cooler,3.0,12729,38187,2025-11-27
Jaipur,Home Appliances,Mixer,98.0,12590,1233820,2025-03-16
Kochi,Office,Backpack,24.0,9790,234960,2025-07-21
Kolkata,Office,Printer,61.0,5900,359900,2025-07-11
Hyderabad,Electronics,Smartphone,43.0,6944,298592,2025-12-16
Kolkata,Office,Printer,59.0,1642,96878,2025-06-09
Kochi,Electronics,Camera,111.0,8631,958041,2025-01-22
Kolkata,Home Appliances,Fan,53.0,1088,57664,2025-04-17
Hyderabad,Home Appliances,Fan,81.0,7442,602802,2025-01-07
Ahmedabad,Home Appliances,Mixer,119.0,4919,585361,2025-08-23
Delhi,Electronics,Laptop,81.0,10175,824175,2025-04-23
Kochi,Accessories,Headphones,71.0,6884,488764,2025-02-08
Mysuru,Electronics,Camera,16.0,10812,172992,2025-03-16
Chennai,Accessories,Mouse,54.0,13876,749304,2025-08-16
Bhopal,Office,Printer,50.0,3322,166100,2025-10-17
Mysuru,Fashion,T-Shirt,36.0,12859,462924,2025-07-11
Hyderabad,Home Appliances,Fan,106.0,242,25652,2025-05-24
Jaipur,Home Appliances,Air Cooler,85.0,8222,698870,2025-03-15
Ahmedabad,Office,Backpack,43.0,9242,397406,2025-09-13
Chennai,Accessories,Keyboard,90.0,4112,370080,2025-10-13
Mysuru,Office,Printer,41.0,12401,508441,2025-08-23
Ahmedabad,Office,Backpack,85.0,13182,1120470,2025-11-05
Mumbai,Electronics,Smartphone,65.0,9869,641485,2025-06-28
Delhi,Office,Printer,68.0,7686,522648,2025-01-24
Lucknow,Office,Printer,10.0,7892,78920,2025-05-11
Jaipur,Office,Printer,110.0,5583,614130,2025-11-28
Jaipur,Office,Backpack,81.0,11975,969975,2025-08-28
Mysuru,Electronics,Monitor,9.0,4046,36414,2025-11-22
Patna,Accessories,Keyboard,96.0,1680,161280,2025-07-04
Bengaluru,Electronics,Camera,22.0,11570,254540,2025-05-01
Delhi,Accessories,Headphones,38.0,6073,230774,2025-06-14
Delhi,Fashion,Watch,73.0,11370,830010,2025-03-06
Chennai,Electronics,Monitor,112.0,6467,724304,2025-10-22
Ahmedabad,Office,Printer,30.0,7755,232650,2025-11-09
Surat,Accessories,Headphones,116.0,13383,1552428,2025-08-10
Hyderabad,Home Appliances,Mixer,10.0,7437,74370,2025-06-19
Pune,Office,Backpack,59.0,14049,828891,2025-05-07
Lucknow,Office,Printer,31.0,6448,199888,2025-10-12
Hyderabad,Accessories,Mouse,3.0,13799,41397,2025-11-13
Mysuru,Electronics,Monitor,111.0,11436,1269396,2025-12-02
Patna,Home Appliances,Air Cooler,64.0,13845,886080,2025-05-25
Hyderabad,Fashion,Shoes,29.0,10630,308270,2025-04-20
Hyderabad,Fashion,T-Shirt,116.0,10480,1215680,2025-11-02
Mumbai,Office,Printer,75.0,6177,463275,2025-12-05
Delhi,Accessories,Mouse,96.0,7007,672672,2025-03-07
Delhi,Home Appliances,Fan,68.0,8421,572628,2025-05-27
Kolkata,Accessories,Speaker,104.0,5035,523640,2025-12-28
Surat,Electronics,Camera,10.0,2506,25060,2025-04-28
Hyderabad,Office,Backpack,12.0,13154,157848,2025-07-01
Surat,Home Appliances,Mixer,59.0,6238,368042,2025-11-24
Surat,Accessories,Speaker,106.0,10661,1130066,2025-06-04
Mysuru,Fashion,Watch,4.0,10350,41400,2025-09-11
Ahmedabad,Home Appliances,Mixer,83.0,1235,102505,2025-11-27
Hyderabad,Accessories,Speaker,15.0,2490,37350,2025-01-02
Pune,Office,Printer,13.0,4046,52598,2025-09-05
Pune,Office,Backpack,86.0,12375,1064250,2025-12-18
Mumbai,Home Appliances,Air Cooler,94.0,2731,256714,2025-07-21
Chennai,Office,Backpack,36.0,736,26496,2025-12-12
Surat,Office,Backpack,31.0,14215,440665,2025-06-04
Mumbai,Accessories,Mouse,8.0,6723,53784,2025-05-07
Lucknow,Office,Printer,85.0,3675,312375,2025-11-21
Patna,Electronics,Laptop,101.0,5664,572064,2025-04-05
Lucknow,Home Appliances,Mixer,9.0,13795,124155,2025-09-07
Mysuru,Fashion,Jeans,43.0,12887,554141,2025-03-26
Jaipur,Home Appliances,Mixer,36.0,14264,513504,2025-03-05
Bengaluru,Accessories,Keyboard,15.0,11030,165450,2025-01-05
Hyderabad,Accessories,Keyboard,76.0,5504,418304,2025-01-06
Bhopal,Electronics,Smartphone,95.0,7097,674215,2025-09-04
Lucknow,Electronics,Camera,58.0,12947,750926,2025-06-17
Bhopal,Electronics,Camera,65.0,3829,248885,2025-10-02
Ahmedabad,Home Appliances,Fan,59.0,10740,633660,2025-01-02
Mysuru,Office,Backpack,88.0,1968,173184,2025-08-23
Delhi,Office,Printer,116.0,1523,176668,2025-06-20
Jaipur,Electronics,Smartphone,36.0,10428,375408,2025-11-19
Jaipur,Accessories,Speaker,77.0,8892,684684,2025-05-15
Kochi,Home Appliances,Fan,13.0,13194,171522,2025-12-04
Mysuru,Home Appliances,Air Cooler,111.0,3722,413142,2025-07-15
Pune,Fashion,Watch,44.0,13756,605264,2025-08-13
Kolkata,Electronics,Tablet,55.0,5320,292600,2025-11-09
Pune,Fashion,Watch,9.0,1694,15246,2025-02-03
Lucknow,Electronics,Tablet,104.0,2331,242424,2025-09-02
Kolkata,Home Appliances,Air Cooler,43.0,11177,480611,2025-02-14
Mumbai,Office,Printer,37.0,10037,371369,2025-05-12
Chennai,Home Appliances,Air Cooler,28.0,2735,76580,2025-11-16
Patna,Electronics,Tablet,109.0,9313,1015117,2025-06-04
Kochi,Accessories,Keyboard,104.0,7230,751920,2025-09-25
Lucknow,Home Appliances,Air Cooler,87.0,10729,933423,2025-09-01
Hyderabad,Accessories,Headphones,24.0,4677,112248,2025-12-25
Surat,Accessories,Mouse,1.0,3172,3172,2025-03-19
Mumbai,Office,Printer,19.0,12340,234460,2025-11-01
Delhi,Home Appliances,Mixer,49.0,7078,346822,2025-08-11
Mumbai,Accessories,Mouse,93.0,5514,512802,2025-10-20
Surat,Electronics,Smartphone,21.0,12560,263760,2025-10-02
Lucknow,Electronics,Tablet,57.0,11045,629565,2025-07-16
Kolkata,Office,Backpack,35.0,3731,130585,2025-09-04
Ahmedabad,Office,Printer,37.0,11311,418507,2025-11-19
Lucknow,Home Appliances,Air Cooler,40.0,944,37760,2025-04-13
Delhi,Electronics,Laptop,27.0,5138,138726,2025-04-25
Bhopal,Accessories,Mouse,42.0,2165,90930,2025-01-16
Chennai,Office,Printer,17.0,6429,109293,2025-09-23
Pune,Home Appliances,Air Cooler,107.0,11145,1192515,2025-06-03
Kolkata,Electronics,Camera,3.0,7732,23196,2025-02-28
Pune,Home Appliances,Fan,74.0,6826,505124,2025-12-21
Patna,Accessories,Headphones,52.0,541,28132,2025-06-06
Pune,Home Appliances,Fan,107.0,11498,1230286,2025-06-03
Mumbai,Electronics,Smartphone,56.0,9848,551488,2025-07-17
Patna,Office,Backpack,96.0,5762,553152,2025-04-11
Jaipur,Fashion,T-Shirt,66.0,10574,697884,2025-02-17
Delhi,Fashion,Shoes,45.0,12117,545265,2025-11-27
Lucknow,Fashion,T-Shirt,19.0,4393,83467,2025-04-06
Ahmedabad,Fashion,T-Shirt,23.0,12862,295826,2025-11-16
Surat,Home Appliances,Air Cooler,58.0,11359,658822,2025-10-21
Ahmedabad,Home Appliances,Fan,111.0,10476,1162836,2025-06-05
Hyderabad,Electronics,Camera,57.0,10544,601008,2025-05-26
Ahmedabad,Home Appliances,Mixer,46.0,8512,391552,2025-02-10
Surat,Office,Printer,8.0,6241,49928,2025-05-03
Lucknow,Electronics,Monitor,77.0,8507,655039,2025-07-15
Lucknow,Home Appliances,Air Cooler,115.0,872,100280,2025-08-26
Bengaluru,Fashion,Shoes,78.0,7992,623376,2025-09-05
Mumbai,Office,Printer,104.0,14931,1552824,2025-06-23
Ahmedabad,Home Appliances,Air Cooler,23.0,841,19343,2025-04-23
Pune,Office,Printer,47.0,6308,296476,2025-05-13
Mumbai,Accessories,Headphones,102.0,10536,1074672,2025-11-11
Hyderabad,Accessories,Headphones,72.0,11314,814608,2025-07-10
Delhi,Home Appliances,Mixer,43.0,1535,66005,2025-10-22
Delhi,Accessories,Mouse,84.0,11643,978012,2025-11-13
Surat,Home Appliances,Air Cooler,11.0,5272,57992,2025-09-13
Mysuru,Accessories,Keyboard,86.0,11715,1007490,2025-12-22
Kolkata,Home Appliances,Mixer,83.0,11184,928272,2025-07-17
Patna,Electronics,Tablet,40.0,3153,126120,2025-04-11
Hyderabad,Office,Printer,29.0,2453,71137,2025-03-03
Bengaluru,Electronics,Monitor,99.0,9043,895257,2025-12-17
Delhi,Accessories,Keyboard,77.0,6372,490644,2025-03-06
Kolkata,Home Appliances,Mixer,93.0,7370,685410,2025-01-14
Ahmedabad,Fashion,Watch,79.0,4868,384572,2025-12-26
Chennai,Fashion,Jeans,40.0,13448,537920,2025-08-27
Pune,Accessories,Speaker,60.0,12806,768360,2025-05-25
Lucknow,Home Appliances,Air Cooler,54.0,2855,154170,2025-04-26
Kolkata,Fashion,Shoes,7.0,10705,74935,2025-08-28
Mumbai,Home Appliances,Mixer,92.0,14059,1293428,2025-09-28
Mysuru,Accessories,Headphones,98.0,2826,276948,2025-05-15
Kochi,Home Appliances,Mixer,107.0,7367,788269,2025-02-08
Pune,Office,Backpack,120.0,636,76320,2025-07-02
Chennai,Home Appliances,Fan,31.0,6526,202306,2025-02-12
Kolkata,Electronics,Tablet,120.0,1823,218760,2025-12-21
Kochi,Fashion,Jeans,5.0,4900,24500,2025-08-23
Bengaluru,Fashion,Watch,58.0,10281,596298,2025-01-03
Lucknow,Accessories,Keyboard,107.0,2649,283443,2025-09-24
Hyderabad,Home Appliances,Fan,15.0,12916,193740,2025-05-08
Lucknow,Electronics,Laptop,31.0,7078,219418,2025-11-26
Jaipur,Office,Printer,15.0,13908,208620,2025-08-20
Hyderabad,Electronics,Monitor,74.0,4163,308062,2025-12-05
Pune,Office,Printer,79.0,5980,472420,2025-04-19
Jaipur,Fashion,T-Shirt,68.0,6108,415344,2025-02-17
Ahmedabad,Home Appliances,Air Cooler,71.0,533,37843,2025-07-28
Kolkata,Electronics,Camera,48.0,4355,209040,2025-12-01
Mumbai,Electronics,Tablet,31.0,12208,378448,2025-11-21
Kolkata,Home Appliances,Air Cooler,97.0,5647,547759,2025-03-02
Patna,Home Appliances,Fan,105.0,10731,1126755,2025-03-27
Bhopal,Office,Backpack,81.0,3186,258066,2025-03-03
Chennai,Office,Printer,38.0,3502,133076,2025-01-26
Kochi,Electronics,Tablet,120.0,5280,633600,2025-09-13
Hyderabad,Home Appliances,Fan,33.0,799,26367,2025-11-07
Mumbai,Accessories,Headphones,111.0,10943,1214673,2025-06-09
Mysuru,Accessories,Speaker,114.0,6753,769842,2025-12-15
Kolkata,Office,Backpack,24.0,8329,199896,2025-12-16
Mumbai,Home Appliances,Fan,103.0,1553,159959,2025-12-14
Mumbai,Office,Printer,70.0,5013,350910,2025-06-04
Pune,Accessories,Mouse,40.0,7505,300200,2025-10-23
Kochi,Fashion,Watch,45.0,7525,338625,2025-01-24
Surat,Accessories,Speaker,36.0,10677,384372,2025-01-03
Delhi,Office,Backpack,66.0,13325,879450,2025-12-22
Ahmedabad,Electronics,Smartphone,109.0,10154,1106786,2025-11-26
Kolkata,Electronics,Smartphone,9.0,4066,36594,2025-11-12
Kolkata,Office,Printer,78.0,2713,211614,2025-11-15
Jaipur,Accessories,Speaker,98.0,1459,142982,2025-10-05
Mumbai,Accessories,Speaker,41.0,10842,444522,2025-05-08
Mumbai,Electronics,Smartphone,64.0,8682,555648,2025-07-18
Hyderabad,Accessories,Mouse,91.0,7511,683501,2025-04-20
Delhi,Office,Printer,16.0,2423,38768,2025-02-15
Kolkata,Office,Printer,104.0,11372,1182688,2025-06-22
Delhi,Electronics,Monitor,70.0,4957,346990,2025-05-28
Patna,Fashion,Shoes,66.0,3873,255618,2025-02-07
Jaipur,Fashion,Jeans,102.0,8294,845988,2025-01-12
Lucknow,Home Appliances,Fan,60.0,13367,802020,2025-09-05
Ahmedabad,Electronics,Laptop,40.0,6723,268920,2025-12-24
Delhi,Home Appliances,Fan,99.0,6908,683892,2025-10-03
Kolkata,Accessories,Headphones,58.0,7832,454256,2025-11-17
Mysuru,Fashion,Jeans,99.0,2314,229086,2025-07-17
Delhi,Electronics,Laptop,67.0,2707,181369,2025-05-06
Mumbai,Accessories,Keyboard,45.0,8701,391545,2025-05-28
Surat,Accessories,Keyboard,82.0,9224,756368,2025-05-05
Lucknow,Accessories,Headphones,65.0,10701,695565,2025-03-19
Kolkata,Fashion,Jeans,85.0,10431,886635,2025-12-20
Bengaluru,Home Appliances,Mixer,106.0,14352,1521312,2025-01-03
Lucknow,Home Appliances,Fan,84.0,3653,306852,2025-10-14
Surat,Electronics,Camera,114.0,10475,1194150,2025-09-10
Hyderabad,Accessories,Speaker,32.0,13384,428288,2025-11-13
Pune,Office,Printer,89.0,1181,105109,2025-03-15
Kolkata,Office,Backpack,27.0,5773,155871,2025-10-05
Jaipur,Accessories,Mouse,52.0,2342,121784,2025-06-17
Ahmedabad,Electronics,Tablet,31.0,7842,243102,2025-02-09
Kochi,Fashion,Jeans,13.0,1029,13377,2025-05-13
Kolkata,Home Appliances,Fan,32.0,14377,460064,2025-03-27
Jaipur,Home Appliances,Air Cooler,41.0,3310,135710,2025-03-16
Mumbai,Office,Backpack,113.0,5255,593815,2025-08-01
Bengaluru,Office,Backpack,31.0,3724,115444,2025-10-12
Ahmedabad,Electronics,Tablet,64.0,9989,639296,2025-11-22
Mysuru,Accessories,Headphones,109.0,1961,213749,2025-07-05
Pune,Accessories,Mouse,98.0,6806,666988,2025-06-02
Hyderabad,Electronics,Monitor,72.0,3389,244008,2025-06-18
Kochi,Electronics,Camera,65.0,7578,492570,2025-09-09
Pune,Home Appliances,Air Cooler,79.0,2146,169534,2025-03-04
Lucknow,Accessories,Mouse,72.0,6190,445680,2025-03-07
Delhi,Home Appliances,Fan,65.0,859,55835,2025-01-02
Mysuru,Accessories,Speaker,67.0,7687,515029,2025-03-20
Pune,Home Appliances,Mixer,42.0,10244,430248,2025-06-06
Jaipur,Home Appliances,Air Cooler,108.0,5102,551016,2025-10-11
Ahmedabad,Home Appliances,Air Cooler,63.0,11811,744093,2025-10-10
Lucknow,Electronics,Tablet,43.0,11239,483277,2025-02-14
Patna,Accessories,Headphones,77.0,7975,614075,2025-05-21
Ahmedabad,Home Appliances,Air Cooler,30.0,12019,360570,2025-01-19
Bengaluru,Fashion,Watch,19.0,13662,259578,2025-11-08
Kolkata,Home Appliances,Air Cooler,15.0,3325,49875,2025-01-15
Jaipur,Office,Printer,53.0,11513,610189,2025-04-14
Bengaluru,Home Appliances,Fan,112.0,14099,1579088,2025-12-24
Jaipur,Fashion,Jeans,72.0,5525,397800,2025-11-16
Jaipur,Office,Backpack,23.0,7731,177813,2025-09-11
Hyderabad,Accessories,Mouse,79.0,8132,642428,2025-04-08
Chennai,Home Appliances,Fan,29.0,5076,147204,2025-05-23
Bhopal,Office,Backpack,62.0,5914,366668,2025-09-26
Pune,Accessories,Mouse,16.0,9595,153520,2025-11-18
Bengaluru,Office,Backpack,99.0,13382,1324818,2025-03-10
Bhopal,Accessories,Headphones,45.0,7447,335115,2025-11-09
Mysuru,Office,Printer,26.0,13765,357890,2025-09-09
Bhopal,Home Appliances,Air Cooler,35.0,2449,85715,2025-02-20
Chennai,Home Appliances,Mixer,32.0,1031,32992,2025-11-17
Ahmedabad,Fashion,T-Shirt,13.0,6971,90623,2025-06-23
Surat,Electronics,Smartphone,1.0,9216,9216,2025-03-14
Hyderabad,Office,Backpack,84.0,3467,291228,2025-05-11
Bhopal,Electronics,Laptop,84.0,9606,806904,2025-04-18
Kochi,Electronics,Smartphone,54.0,14654,791316,2025-03-02
Bengaluru,Office,Backpack,24.0,12471,299304,2025-05-02
Surat,Accessories,Headphones,119.0,5689,676991,2025-05-15
Jaipur,Home Appliances,Air Cooler,64.0,14769,945216,2025-03-28
Delhi,Office,Backpack,25.0,13451,336275,2025-02-11
Kolkata,Office,Backpack,92.0,3250,299000,2025-01-24
Kochi,Accessories,Keyboard,23.0,10209,234807,2025-11-13
Delhi,Office,Backpack,12.0,6767,81204,2025-11-04
Pune,Fashion,Watch,42.0,4264,179088,2025-01-09
Lucknow,Fashion,Watch,97.0,4574,443678,2025-06-10
Chennai,Home Appliances,Mixer,34.0,10909,370906,2025-06-23
Surat,Electronics,Laptop,60.0,5226,313560,2025-03-13
Surat,Home Appliances,Air Cooler,99.0,5295,524205,2025-12-04
Ahmedabad,Accessories,Mouse,79.0,3818,301622,2025-04-05
Bhopal,Fashion,Watch,96.0,10124,971904,2025-06-14
Chennai,Home Appliances,Fan,97.0,9006,873582,2025-11-27
Kolkata,Fashion,T-Shirt,68.0,7519,511292,2025-09-23
Chennai,Electronics,Monitor,15.0,1211,18165,2025-09-17
Jaipur,Home Appliances,Air Cooler,20.0,2895,57900,2025-06-28
Ahmedabad,Office,Printer,88.0,3565,313720,2025-12-19
Delhi,Electronics,Monitor,58.0,13449,780042,2025-01-15
Ahmedabad,Home Appliances,Fan,59.0,9439,556901,2025-01-18
Chennai,Accessories,Headphones,51.0,4369,222819,2025-01-24
Mumbai,Home Appliances,Mixer,6.0,7141,42846,2025-06-23
Bengaluru,Home Appliances,Mixer,120.0,14850,1782000,2025-02-16
Surat,Accessories,Speaker,24.0,12798,307152,2025-03-25
Mysuru,Office,Backpack,115.0,6466,743590,2025-08-28
Jaipur,Office,Backpack,11.0,11385,125235,2025-11-28
Jaipur,Fashion,Shoes,16.0,3124,49984,2025-09-13
Ahmedabad,Fashion,Jeans,107.0,256,27392,2025-01-10
Ahmedabad,Home Appliances,Fan,69.0,6414,442566,2025-04-08
Mumbai,Accessories,Keyboard,36.0,3288,118368,2025-12-25
Chennai,Electronics,Camera,79.0,12751,1007329,2025-01-08
Surat,Electronics,Laptop,77.0,750,57750,2025-08-20
Chennai,Electronics,Smartphone,95.0,924,87780,2025-07-15
Jaipur,Home Appliances,Mixer,97.0,14351,1392047,2025-01-05
Lucknow,Accessories,Keyboard,105.0,12185,1279425,2025-10-11
Mysuru,Home Appliances,Air Cooler,105.0,5453,572565,2025-04-10
Jaipur,Fashion,Jeans,53.0,5123,271519,2025-05-02
Pune,Home Appliances,Air Cooler,117.0,3069,359073,2025-11-22
Pune,Home Appliances,Fan,7.0,5842,40894,2025-11-22
Hyderabad,Home Appliances,Fan,90.0,7021,631890,2025-07-05
Kochi,Office,Printer,97.0,9013,874261,2025-08-08
Ahmedabad,Fashion,Shoes,110.0,11792,1297120,2025-03-26
Delhi,Electronics,Monitor,53.0,7024,372272,2025-09-17
Mumbai,Office,Printer,33.0,3531,116523,2025-06-21
Chennai,Office,Backpack,12.0,8975,107700,2025-12-27
Bengaluru,Electronics,Tablet,49.0,11237,550613,2025-10-20
Surat,Electronics,Smartphone,103.0,12679,1305937,2025-10-24
Mysuru,Home Appliances,Mixer,62.0,3622,224564,2025-06-10
Bhopal,Electronics,Smartphone,120.0,3313,397560,2025-12-04
Pune,Office,Printer,90.0,10102,909180,2025-12-07
Jaipur,Fashion,Shoes,100.0,4837,483700,2025-07-15
Ahmedabad,Accessories,Mouse,34.0,6092,207128,2025-09-16
Kolkata,Electronics,Camera,98.0,13958,1367884,2025-06-07
Delhi,Accessories,Speaker,6.0,9416,56496,2025-04-24
Pune,Electronics,Tablet,71.0,9768,693528,2025-10-24
Lucknow,Accessories,Keyboard,26.0,5604,145704,2025-04-13
Hyderabad,Fashion,Watch,71.0,10925,775675,2025-11-11
Kolkata,Office,Backpack,59.0,2956,174404,2025-12-26
Mysuru,Fashion,Jeans,93.0,9154,851322,2025-08-06
Kochi,Home Appliances,Air Cooler,8.0,8784,70272,2025-01-27
Kochi,Electronics,Laptop,98.0,304,29792,2025-07-05
Jaipur,Fashion,T-Shirt,91.0,2674,243334,2025-01-07
Mysuru,Office,Backpack,8.0,10322,82576,2025-11-22
Jaipur,Home Appliances,Fan,85.0,8193,696405,2025-01-01
Hyderabad,Home Appliances,Fan,2.0,474,948,2025-09-24
Pune,Home Appliances,Fan,3.0,8428,25284,2025-12-22
Chennai,Fashion,T-Shirt,118.0,1778,209804,2025-09-05
Pune,Fashion,Shoes,105.0,6007,630735,2025-05-26
Bhopal,Electronics,Tablet,52.0,7720,401440,2025-10-08
Kochi,Fashion,Shoes,88.0,13766,1211408,2025-02-21
Ahmedabad,Electronics,Laptop,52.0,6413,333476,2025-07-18
Kochi,Electronics,Laptop,90.0,3007,270630,2025-02-16
Mysuru,Office,Backpack,73.0,14256,1040688,2025-02-17
Ahmedabad,Electronics,Smartphone,28.0,14966,419048,2025-12-19
Mysuru,Accessories,Headphones,119.0,1418,168742,2025-11-09
Kolkata,Home Appliances,Air Cooler,85.0,739,62815,2025-03-28
Pune,Electronics,Smartphone,76.0,2562,194712,2025-12-27
Kochi,Electronics,Tablet,21.0,9439,198219,2025-04-19
Patna,Office,Backpack,50.0,12579,628950,2025-12-05
Pune,Electronics,Monitor,96.0,5866,563136,2025-01-04
Pune,Fashion,T-Shirt,44.0,10115,445060,2025-10-20
Chennai,Accessories,Headphones,82.0,4678,383596,2025-08-16
Surat,Accessories,Speaker,56.0,3243,181608,2025-11-19
Chennai,Office,Printer,99.0,10335,1023165,2025-05-26
Patna,Electronics,Laptop,35.0,2726,95410,2025-07-23
Bengaluru,Fashion,Watch,41.0,6109,250469,2025-02-03
Delhi,Accessories,Speaker,47.0,12673,595631,2025-05-04
Jaipur,Electronics,Smartphone,56.0,7553,422968,2025-09-18
Mumbai,Office,Printer,4.0,1668,6672,2025-06-18
Hyderabad,Home Appliances,Air Cooler,101.0,5515,557015,2025-07-01
Mysuru,Office,Backpack,100.0,1587,158700,2025-12-18
Hyderabad,Fashion,Jeans,88.0,6437,566456,2025-03-05
Pune,Accessories,Mouse,64.0,2590,165760,2025-02-06
Hyderabad,Accessories,Speaker,39.0,8133,317187,2025-02-12
Mumbai,Fashion,Watch,77.0,10303,793331,2025-04-15
Lucknow,Fashion,Shoes,1.0,6683,6683,2025-06-27
Kochi,Office,Backpack,57.0,5684,323988,2025-07-27
Chennai,Home Appliances,Mixer,39.0,5453,212667,2025-10-23
Bhopal,Office,Backpack,23.0,6724,154652,2025-06-10
Patna,Office,Printer,42.0,6361,267162,2025-05-27
Jaipur,Office,Backpack,15.0,9438,141570,2025-04-19
Ahmedabad,Fashion,T-Shirt,94.0,7763,729722,2025-12-07
Ahmedabad,Accessories,Headphones,105.0,14090,1479450,2025-07-22
Bhopal,Fashion,Shoes,31.0,4339,134509,2025-11-05
Lucknow,Office,Backpack,10.0,7557,75570,2025-10-16
Mysuru,Office,Backpack,70.0,802,56140,2025-06-23
Chennai,Home Appliances,Air Cooler,82.0,1592,130544,2025-02-25
Surat,Accessories,Keyboard,83.0,10238,849754,2025-01-19
Mumbai,Office,Backpack,102.0,7252,739704,2025-02-01
Lucknow,Accessories,Keyboard,66.0,12436,820776,2025-09-18
Patna,Home Appliances,Mixer,58.0,6329,367082,2025-07-15
Ahmedabad,Home Appliances,Air Cooler,65.0,2669,173485,2025-06-01
Bhopal,Electronics,Tablet,54.0,1606,86724,2025-02-27
Chennai,Fashion,Shoes,40.0,5820,232800,2025-08-26
Bhopal,Home Appliances,Fan,45.0,8001,360045,2025-02-15
Bhopal,Office,Backpack,9.0,5119,46071,2025-01-26
Surat,Electronics,Laptop,109.0,5820,634380,2025-11-04
Kolkata,Fashion,Jeans,67.0,3058,204886,2025-09-06
Delhi,Home Appliances,Fan,60.0,3998,239880,2025-07-21
Mysuru,Fashion,Watch,51.0,678,34578,2025-12-20
Bhopal,Fashion,Watch,76.0,7237,550012,2025-07-01
Patna,Fashion,Jeans,36.0,12526,450936,2025-12-26
Kolkata,Electronics,Monitor,14.0,13299,186186,2025-09-06
Kochi,Accessories,Keyboard,59.0,2067,121953,2025-05-22
Lucknow,Office,Backpack,77.0,6567,505659,2025-10-13
Delhi,Electronics,Tablet,46.0,14052,646392,2025-08-20
Chennai,Accessories,Headphones,87.0,2394,208278,2025-06-04
Jaipur,Accessories,Headphones,24.0,6316,151584,2025-12-05
Pune,Office,Backpack,77.0,2458,189266,2025-10-13
Mysuru,Fashion,Watch,82.0,9004,738328,2025-12-21
Kolkata,Fashion,Jeans,63.0,4932,310716,2025-03-06
Delhi,Office,Printer,111.0,6082,675102,2025-01-16
Pune,Fashion,Watch,72.0,8481,610632,2025-11-16
Delhi,Office,Backpack,91.0,13960,1270360,2025-08-16
Bengaluru,Electronics,Monitor,4.0,13239,52956,2025-04-10
Ahmedabad,Accessories,Keyboard,69.0,4929,340101,2025-03-25
Jaipur,Home Appliances,Air Cooler,99.0,12748,1262052,2025-08-18
Kolkata,Electronics,Monitor,15.0,4589,68835,2025-09-27
Chennai,Home Appliances,Mixer,98.0,11979,1173942,2025-08-18
Chennai,Office,Printer,95.0,13799,1310905,2025-11-25
Kochi,Accessories,Headphones,58.0,4505,261290,2025-06-28
Patna,Electronics,Camera,111.0,2123,235653,2025-04-07
Surat,Home Appliances,Air Cooler,45.0,14307,643815,2025-12-20
Chennai,Office,Printer,79.0,2481,195999,2025-04-27
Jaipur,Electronics,Monitor,45.0,8920,401400,2025-05-20
Hyderabad,Fashion,Shoes,91.0,4994,454454,2025-05-19
Patna,Home Appliances,Air Cooler,105.0,1760,184800,2025-03-25
Bhopal,Office,Printer,36.0,14405,518580,2025-11-05
Chennai,Fashion,Jeans,19.0,11855,225245,2025-06-27
Surat,Office,Backpack,19.0,9660,183540,2025-11-09
Mysuru,Office,Backpack,58.0,1437,83346,2025-11-26
Mysuru,Electronics,Camera,66.0,12484,823944,2025-05-23
Kochi,Accessories,Speaker,63.0,5562,350406,2025-10-01
Kochi,Electronics,Camera,82.0,11081,908642,2025-12-12
Chennai,Electronics,Monitor,51.0,3768,192168,2025-07-27
Jaipur,Office,Backpack,42.0,13771,578382,2025-05-11
Kolkata,Home Appliances,Mixer,73.0,14166,1034118,2025-08-26
Mumbai,Electronics,Laptop,13.0,10459,135967,2025-08-01
Bhopal,Fashion,Watch,59.0,211,12449,2025-07-07
Surat,Fashion,Shoes,21.0,14526,305046,2025-05-03
Delhi,Accessories,Mouse,11.0,6292,69212,2025-11-21
Patna,Electronics,Camera,81.0,5205,421605,2025-12-23
Bengaluru,Fashion,Watch,84.0,1694,142296,2025-12-04
Jaipur,Fashion,Watch,10.0,2374,23740,2025-10-08
Mumbai,Office,Printer,2.0,11596,23192,2025-06-27
Mumbai,Office,Printer,62.0,1360,84320,2025-04-13
Pune,Electronics,Laptop,41.0,6222,255102,2025-05-05
Lucknow,Fashion,Jeans,9.0,8891,80019,2025-10-01
Bhopal,Fashion,Watch,45.0,12036,541620,2025-04-21
Chennai,Fashion,Watch,79.0,11448,904392,2025-08-28
Bhopal,Electronics,Laptop,18.0,12528,225504,2025-02-19
Hyderabad,Office,Backpack,55.0,5352,294360,2025-03-08
Lucknow,Electronics,Smartphone,71.0,10046,713266,2025-10-24
Chennai,Accessories,Headphones,109.0,14078,1534502,2025-11-10
Hyderabad,Home Appliances,Air Cooler,66.0,3290,217140,2025-12-13
Ahmedabad,Electronics,Smartphone,64.0,6522,417408,2025-02-08
Mysuru,Home Appliances,Mixer,68.0,14760,1003680,2025-01-12
Kolkata,Accessories,Keyboard,50.0,14303,715150,2025-10-14
Mumbai,Home Appliances,Air Cooler,23.0,12696,292008,2025-08-25
Bengaluru,Electronics,Monitor,9.0,425,3825,2025-05-07
Jaipur,Electronics,Camera,65.0,4893,318045,2025-11-23
Jaipur,Office,Backpack,90.0,6790,611100,2025-02-21
Mumbai,Home Appliances,Air Cooler,20.0,4746,94920,2025-02-10
Pune,Home Appliances,Mixer,104.0,2745,285480,2025-09-11
Surat,Home Appliances,Air Cooler,98.0,13872,1359456,2025-11-22
Chennai,Electronics,Tablet,90.0,7367,663030,2025-12-28
Lucknow,Electronics,Smartphone,12.0,7318,87816,2025-02-15
Bhopal,Home Appliances,Mixer,40.0,11113,444520,2025-12-22
Bengaluru,Fashion,T-Shirt,2.0,11798,23596,2025-03-23
Kochi,Fashion,Watch,45.0,8768,394560,2025-09-26
Kochi,Accessories,Keyboard,48.0,2279,109392,2025-12-25
Patna,Accessories,Headphones,99.0,14943,1479357,2025-01-11
Lucknow,Office,Backpack,68.0,1246,84728,2025-05-23
Ahmedabad,Electronics,Camera,59.0,8568,505512,2025-06-02
Mumbai,Home Appliances,Mixer,48.0,2777,133296,2025-05-25
Jaipur,Home Appliances,Air Cooler,93.0,2089,194277,2025-04-24
Bengaluru,Electronics,Laptop,110.0,14338,1577180,2025-01-08
Bengaluru,Office,Backpack,50.0,2658,132900,2025-03-28
Kolkata,Home Appliances,Air Cooler,95.0,10943,1039585,2025-07-08
Kochi,Fashion,Watch,118.0,12001,1416118,2025-06-09
Mysuru,Electronics,Monitor,48.0,2156,103488,2025-09-22
Pune,Electronics,Smartphone,29.0,13378,387962,2025-09-02
Mumbai,Electronics,Camera,111.0,4825,535575,2025-05-11
Lucknow,Home Appliances,Fan,2.0,6244,12488,2025-04-10
Patna,Accessories,Keyboard,60.0,6233,373980,2025-10-16
Chennai,Fashion,Jeans,20.0,304,6080,2025-07-01
Kolkata,Home Appliances,Fan,82.0,13955,1144310,2025-12-01
Mumbai,Electronics,Camera,109.0,12292,1339828,2025-12-10
Bhopal,Fashion,Jeans,54.0,8261,446094,2025-01-05
Bhopal,Accessories,Headphones,6.0,3992,23952,2025-09-14
Jaipur,Accessories,Speaker,96.0,1591,152736,2025-10-04
Pune,Fashion,Watch,10.0,9897,98970,2025-10-02
Pune,Fashion,Jeans,38.0,4476,170088,2025-06-26
Chennai,Accessories,Mouse,58.0,4655,269990,2025-04-03
Ahmedabad,Fashion,T-Shirt,20.0,1931,38620,2025-03-15
Chennai,Accessories,Speaker,16.0,8980,143680,2025-06-25
Delhi,Office,Backpack,60.0,4541,272460,2025-02-03
Mumbai,Accessories,Headphones,28.0,13895,389060,2025-06-05
Hyderabad,Fashion,Shoes,51.0,8612,439212,2025-01-22
Bhopal,Accessories,Keyboard,4.0,6825,27300,2025-08-18
Patna,Home Appliances,Mixer,13.0,7770,101010,2025-02-26
Chennai,Fashion,T-Shirt,2.0,1210,2420,2025-04-05
Lucknow,Office,Backpack,88.0,10526,926288,2025-11-03
Mumbai,Home Appliances,Fan,118.0,13516,1594888,2025-02-01
Kochi,Fashion,Watch,104.0,2310,240240,2025-02-28
Mysuru,Accessories,Headphones,6.0,7752,46512,2025-01-06
Bengaluru,Home Appliances,Fan,106.0,12069,1279314,2025-07-16
Hyderabad,Office,Backpack,23.0,5999,137977,2025-04-06
Lucknow,Accessories,Speaker,114.0,2635,300390,2025-01-20
Mysuru,Home Appliances,Mixer,83.0,5035,417905,2025-08-14
Delhi,Home Appliances,Fan,8.0,1637,13096,2025-05-13
Surat,Office,Printer,83.0,14694,1219602,2025-09-08
Ahmedabad,Home Appliances,Mixer,49.0,13010,637490,2025-12-12
Pune,Home Appliances,Fan,45.0,9467,426015,2025-09-11
Bengaluru,Accessories,Keyboard,4.0,5424,21696,2025-10-08
Patna,Accessories,Headphones,104.0,7928,824512,2025-09-12
Chennai,Home Appliances,Mixer,21.0,1840,38640,2025-04-22
Patna,Accessories,Headphones,98.0,3794,371812,2025-10-28
Chennai,Office,Backpack,120.0,13949,1673880,2025-03-06
Mysuru,Home Appliances,Fan,104.0,12293,1278472,2025-12-12
Lucknow,Home Appliances,Mixer,91.0,11677,1062607,2025-06-19
Hyderabad,Fashion,Jeans,108.0,13477,1455516,2025-08-18
Lucknow,Fashion,Watch,5.0,1678,8390,2025-01-08
Mysuru,Fashion,T-Shirt,68.0,8031,546108,2025-01-11
Delhi,Home Appliances,Mixer,104.0,2337,243048,2025-06-23
Mysuru,Accessories,Headphones,3.0,2620,7860,2025-10-23
Kolkata,Fashion,T-Shirt,109.0,8822,961598,2025-06-03
Delhi,Office,Printer,44.0,5144,226336,2025-06-05
Jaipur,Office,Backpack,84.0,5398,453432,2025-03-23
Delhi,Home Appliances,Fan,29.0,11104,322016,2025-10-27
Delhi,Office,Backpack,94.0,11480,1079120,2025-05-05
Delhi,Electronics,Monitor,51.0,14138,721038,2025-10-02
Surat,Home Appliances,Fan,118.0,13451,1587218,2025-10-08
Bhopal,Home Appliances,Mixer,120.0,8329,999480,2025-03-11
Mysuru,Electronics,Smartphone,45.0,5434,244530,2025-03-21
Chennai,Electronics,Tablet,58.0,386,22388,2025-05-07
Bengaluru,Electronics,Tablet,33.0,13094,432102,2025-02-24
Mysuru,Electronics,Camera,57.0,12202,695514,2025-07-06
Pune,Office,Backpack,113.0,6404,723652,2025-06-18
Patna,Electronics,Camera,101.0,14356,1449956,2025-10-21
Bengaluru,Fashion,Jeans,58.0,1407,81606,2025-01-10
Mysuru,Accessories,Mouse,14.0,1415,19810,2025-06-06
Kolkata,Office,Printer,94.0,1428,134232,2025-09-03
Pune,Home Appliances,Air Cooler,115.0,8109,932535,2025-12-01
Chennai,Fashion,Watch,21.0,1077,22617,2025-02-11
Jaipur,Fashion,Watch,90.0,9278,835020,2025-12-24
Pune,Accessories,Mouse,39.0,4091,159549,2025-02-02
Kolkata,Home Appliances,Air Cooler,108.0,8243,890244,2025-03-02
Lucknow,Electronics,Camera,12.0,5025,60300,2025-11-21
Surat,Office,Printer,13.0,621,8073,2025-04-06
Patna,Accessories,Headphones,61.0,14024,855464,2025-02-10
Mumbai,Office,Backpack,63.0,14861,936243,2025-11-09
Delhi,Home Appliances,Fan,24.0,6278,150672,2025-07-12
Chennai,Office,Printer,34.0,7404,251736,2025-08-09
Mumbai,Accessories,Headphones,20.0,12524,250480,2025-12-22
Lucknow,Electronics,Tablet,104.0,9071,943384,2025-07-25
Jaipur,Fashion,T-Shirt,108.0,6542,706536,2025-09-14
Mysuru,Office,Printer,61.0,5096,310856,2025-02-13
Lucknow,Electronics,Monitor,74.0,14953,1106522,2025-09-26
Delhi,Home Appliances,Mixer,16.0,12605,201680,2025-08-06
Surat,Fashion,Jeans,17.0,899,15283,2025-07-03
Lucknow,Office,Printer,106.0,10476,1110456,2025-03-27
Pune,Accessories,Mouse,117.0,12112,1417104,2025-02-03
Ahmedabad,Home Appliances,Fan,71.0,5543,393553,2025-05-17
Pune,Electronics,Monitor,76.0,8761,665836,2025-07-04
Mumbai,Fashion,Jeans,73.0,9832,717736,2025-10-25
Jaipur,Electronics,Monitor,100.0,1854,185400,2025-05-28
Lucknow,Accessories,Speaker,34.0,6475,220150,2025-11-16
Delhi,Home Appliances,Fan,5.0,3021,15105,2025-05-13
Pune,Home Appliances,Air Cooler,88.0,11564,1017632,2025-07-02
Mysuru,Accessories,Keyboard,7.0,12418,86926,2025-08-09
Hyderabad,Accessories,Headphones,44.0,13592,598048,2025-05-10
Bhopal,Office,Printer,112.0,3934,440608,2025-03-10
Surat,Office,Backpack,35.0,12140,424900,2025-07-20
Ahmedabad,Electronics,Smartphone,57.0,3663,208791,2025-07-24
Delhi,Home Appliances,Fan,106.0,1120,118720,2025-09-26
Patna,Electronics,Tablet,91.0,8503,773773,2025-07-05
Chennai,Home Appliances,Air Cooler,4.0,3046,12184,2025-04-27
Bhopal,Electronics,Smartphone,5.0,7678,38390,2025-01-12
Pune,Fashion,Shoes,48.0,13692,657216,2025-08-17
Ahmedabad,Electronics,Laptop,31.0,6302,195362,2025-08-20
Delhi,Fashion,Watch,76.0,9233,701708,2025-06-12
Delhi,Accessories,Headphones,37.0,649,24013,2025-07-02
Surat,Home Appliances,Mixer,110.0,3826,420860,2025-11-08
Kochi,Fashion,Shoes,84.0,6909,580356,2025-09-01
Lucknow,Electronics,Camera,117.0,2367,276939,2025-11-06
Bhopal,Electronics,Smartphone,33.0,10167,335511,2025-05-23
Hyderabad,Accessories,Speaker,115.0,6368,732320,2025-06-15
Lucknow,Fashion,Watch,39.0,11295,440505,2025-09-27
Kochi,Office,Printer,1.0,8580,8580,2025-11-27
Mumbai,Accessories,Mouse,39.0,11413,445107,2025-02-16
Surat,Accessories,Mouse,82.0,5527,453214,2025-05-09
Patna,Accessories,Keyboard,20.0,8675,173500,2025-04-02
Bhopal,Home Appliances,Fan,85.0,5436,462060,2025-11-05
Pune,Electronics,Camera,38.0,4450,169100,2025-07-13
Bhopal,Electronics,Monitor,91.0,9572,871052,2025-04-11
Hyderabad,Fashion,Watch,117.0,11207,1311219,2025-06-17
Bhopal,Fashion,Jeans,38.0,1799,68362,2025-08-05
Mumbai,Accessories,Keyboard,88.0,14938,1314544,2025-06-21
Patna,Fashion,Shoes,29.0,12393,359397,2025-05-14
Kochi,Accessories,Mouse,34.0,9793,332962,2025-05-15
Lucknow,Electronics,Camera,7.0,14394,100758,2025-11-19
Mumbai,Home Appliances,Mixer,61.0,14772,901092,2025-04-17
Chennai,Office,Backpack,53.0,1085,57505,2025-03-05
Kolkata,Accessories,Speaker,73.0,14828,1082444,2025-08-05
Kolkata,Fashion,T-Shirt,63.0,5649,355887,2025-11-06
Patna,Electronics,Laptop,58.0,4681,271498,2025-04-25
Lucknow,Fashion,Jeans,63.0,13064,823032,2025-02-05
Bengaluru,Office,Backpack,52.0,7229,375908,2025-08-13
Mysuru,Electronics,Monitor,26.0,12171,316446,2025-06-01
Bhopal,Accessories,Keyboard,3.0,11287,33861,2025-01-21
Delhi,Fashion,Jeans,89.0,14568,1296552,2025-06-10
Mumbai,Electronics,Camera,65.0,9844,639860,2025-05-06
Lucknow,Electronics,Tablet,38.0,7669,291422,2025-12-17
Kolkata,Home Appliances,Fan,56.0,14748,825888,2025-11-05
Pune,Office,Backpack,97.0,3287,318839,2025-03-26
Bhopal,Electronics,Smartphone,29.0,12113,351277,2025-03-07
Bhopal,Electronics,Monitor,65.0,2968,192920,2025-02-12
Jaipur,Electronics,Camera,113.0,10691,1208083,2025-05-25
Surat,Home Appliances,Mixer,77.0,985,75845,2025-11-04
Pune,Electronics,Laptop,89.0,2097,186633,2025-07-15
Chennai,Electronics,Monitor,33.0,7972,263076,2025-12-05
Jaipur,Electronics,Tablet,54.0,11040,596160,2025-02-22
Bhopal,Accessories,Keyboard,54.0,13809,745686,2025-02-17
Chennai,Home Appliances,Mixer,37.0,2067,76479,2025-02-16
Kolkata,Home Appliances,Mixer,100.0,4508,450800,2025-09-07
Mysuru,Office,Backpack,21.0,845,17745,2025-09-16
Surat,Fashion,Watch,43.0,4042,173806,2025-01-01
Delhi,Electronics,Laptop,107.0,9606,1027842,2025-11-16
Mysuru,Electronics,Monitor,10.0,12054,120540,2025-12-04
Bengaluru,Accessories,Keyboard,59.0,5050,297950,2025-05-15
Patna,Electronics,Smartphone,112.0,846,94752,2025-05-12
Patna,Accessories,Speaker,95.0,2098,199310,2025-02-28
Delhi,Electronics,Laptop,110.0,2467,271370,2025-11-21
Mysuru,Accessories,Mouse,115.0,7371,847665,2025-10-09
Pune,Electronics,Tablet,105.0,5815,610575,2025-03-04
Kochi,Office,Backpack,35.0,13892,486220,2025-07-23
Delhi,Office,Backpack,84.0,14718,1236312,2025-03-04
Patna,Electronics,Smartphone,14.0,7016,98224,2025-10-16
Patna,Home Appliances,Air Cooler,57.0,3169,180633,2025-10-13
Ahmedabad,Accessories,Headphones,111.0,11414,1266954,2025-12-05
Mumbai,Office,Printer,114.0,6938,790932,2025-08-02
Patna,Accessories,Mouse,2.0,11743,23486,2025-11-17
Kolkata,Home Appliances,Air Cooler,73.0,3869,282437,2025-11-28
Pune,Home Appliances,Air Cooler,89.0,11678,1039342,2025-10-04
Pune,Fashion,Watch,45.0,11074,498330,2025-11-21
Kochi,Fashion,T-Shirt,2.0,10741,21482,2025-03-17
Ahmedabad,Office,Backpack,112.0,2909,325808,2025-02-25
Chennai,Accessories,Keyboard,43.0,4757,204551,2025-01-17
Ahmedabad,Home Appliances,Air Cooler,49.0,6807,333543,2025-04-03
Kolkata,Office,Backpack,12.0,14234,170808,2025-08-15
Pune,Electronics,Camera,96.0,10904,1046784,2025-01-04
Mumbai,Office,Printer,72.0,9196,662112,2025-01-27
Chennai,Home Appliances,Air Cooler,82.0,5190,425580,2025-09-18
Chennai,Office,Backpack,47.0,13721,644887,2025-01-27
Ahmedabad,Office,Backpack,72.0,12773,919656,2025-10-20
Bengaluru,Accessories,Speaker,15.0,1796,26940,2025-11-08
Jaipur,Accessories,Mouse,107.0,10581,1132167,2025-05-18
Delhi,Accessories,Headphones,6.0,14894,89364,2025-03-16
Mumbai,Office,Printer,33.0,10208,336864,2025-04-07
Kolkata,Office,Printer,59.0,13709,808831,2025-04-23
Mumbai,Electronics,Camera,6.0,10575,63450,2025-11-19
Ahmedabad,Office,Backpack,85.0,9855,837675,2025-09-05
Kochi,Electronics,Monitor,95.0,995,94525,2025-09-14
Lucknow,Home Appliances,Fan,119.0,8528,1014832,2025-03-23
Lucknow,Fashion,Jeans,14.0,6547,91658,2025-11-20
Chennai,Accessories,Speaker,54.0,10177,549558,2025-12-25
Delhi,Accessories,Speaker,44.0,5019,220836,2025-08-26
Hyderabad,Fashion,Watch,78.0,11669,910182,2025-12-17
Chennai,Home Appliances,Fan,92.0,12272,1129024,2025-09-21
Kolkata,Fashion,Jeans,80.0,11904,952320,2025-05-22
Kolkata,Fashion,Jeans,65.0,9088,590720,2025-12-21
Surat,Electronics,Tablet,72.0,8070,581040,2025-10-19
Bengaluru,Office,Backpack,113.0,14082,1591266,2025-07-26
Surat,Home Appliances,Mixer,4.0,6440,25760,2025-03-02
Surat,Electronics,Smartphone,35.0,12491,437185,2025-03-10
Hyderabad,Accessories,Keyboard,108.0,1216,131328,2025-12-26
Lucknow,Fashion,T-Shirt,46.0,13537,622702,2025-08-04
Chennai,Home Appliances,Mixer,96.0,10802,1036992,2025-09-13
Mysuru,Home Appliances,Air Cooler,37.0,11553,427461,2025-11-02
Jaipur,Office,Backpack,54.0,13112,708048,2025-11-11
Kochi,Electronics,Laptop,96.0,4317,414432,2025-04-20
Surat,Office,Printer,117.0,10583,1238211,2025-12-23
Ahmedabad,Accessories,Keyboard,100.0,12076,1207600,2025-04-10
Mumbai,Fashion,T-Shirt,24.0,3047,73128,2025-12-17
Delhi,Office,Printer,55.0,4772,262460,2025-09-09
Mysuru,Fashion,Shoes,1.0,5615,5615,2025-08-23
Patna,Fashion,T-Shirt,20.0,5485,109700,2025-10-02
Kolkata,Home Appliances,Air Cooler,39.0,8237,321243,2025-10-18
Mumbai,Electronics,Tablet,68.0,3803,258604,2025-03-17
Mumbai,Home Appliances,Mixer,54.0,9097,491238,2025-09-13
Kolkata,Accessories,Keyboard,114.0,3695,421230,2025-11-11
Ahmedabad,Accessories,Mouse,28.0,12531,350868,2025-10-17
Ahmedabad,Home Appliances,Air Cooler,2.0,2079,4158,2025-11-12
Mysuru,Fashion,Jeans,6.0,11382,68292,2025-06-13
Bengaluru,Electronics,Camera,33.0,9051,298683,2025-12-10
Ahmedabad,Home Appliances,Fan,66.0,13353,881298,2025-09-15
Jaipur,Electronics,Tablet,115.0,10874,1250510,2025-04-11
Bengaluru,Electronics,Laptop,22.0,12870,283140,2025-09-18
Surat,Electronics,Smartphone,86.0,10513,904118,2025-04-28
Patna,Office,Printer,27.0,9010,243270,2025-12-24
Ahmedabad,Office,Printer,96.0,11440,1098240,2025-03-01
Patna,Accessories,Headphones,12.0,1400,16800,2025-01-06
Pune,Accessories,Headphones,74.0,13661,1010914,2025-04-09
Bengaluru,Office,Backpack,81.0,6826,552906,2025-07-11
Lucknow,Office,Printer,69.0,296,20424,2025-11-24
Mysuru,Electronics,Monitor,6.0,11683,70098,2025-02-12
Lucknow,Home Appliances,Mixer,38.0,13092,497496,2025-11-10
Kochi,Electronics,Tablet,98.0,7370,722260,2025-07-13
Bhopal,Electronics,Camera,21.0,8940,187740,2025-04-05
Mysuru,Office,Backpack,82.0,2560,209920,2025-05-22
Mumbai,Accessories,Headphones,71.0,14532,1031772,2025-09-05
Jaipur,Electronics,Laptop,74.0,9975,738150,2025-07-18
Kolkata,Electronics,Tablet,27.0,12460,336420,2025-12-24
Delhi,Fashion,Watch,116.0,10782,1250712,2025-09-05
Mumbai,Fashion,Jeans,79.0,13876,1096204,2025-05-07
Surat,Fashion,T-Shirt,109.0,12505,1363045,2025-09-15
Mumbai,Home Appliances,Mixer,38.0,11204,425752,2025-02-09
Surat,Fashion,Watch,43.0,6051,260193,2025-03-22
Kolkata,Fashion,T-Shirt,37.0,10350,382950,2025-02-07
Bhopal,Office,Backpack,43.0,10298,442814,2025-11-10
Kolkata,Home Appliances,Mixer,73.0,9487,692551,2025-06-26
Chennai,Office,Printer,1.0,5331,5331,2025-04-26
Bhopal,Office,Backpack,108.0,6089,657612,2025-03-22
Hyderabad,Accessories,Speaker,60.0,7496,449760,2025-06-25
Kochi,Office,Printer,23.0,10776,247848,2025-10-03
Bhopal,Accessories,Keyboard,115.0,9024,1037760,2025-04-09
Bengaluru,Electronics,Laptop,115.0,505,58075,2025-09-21
Mysuru,Home Appliances,Air Cooler,52.0,12802,665704,2025-10-07
Surat,Electronics,Monitor,34.0,9104,309536,2025-09-16
Kochi,Fashion,Shoes,51.0,3858,196758,2025-10-24
Pune,Accessories,Keyboard,60.0,8410,504600,2025-09-03
Delhi,Accessories,Headphones,85.0,4113,349605,2025-10-22
Lucknow,Home Appliances,Mixer,58.0,2808,162864,2025-03-19
Ahmedabad,Fashion,Watch,46.0,862,39652,2025-04-25
Surat,Fashion,T-Shirt,34.0,6252,212568,2025-04-02
Bengaluru,Fashion,Shoes,50.0,7895,394750,2025-08-02
Hyderabad,Accessories,Headphones,91.0,8742,795522,2025-11-27
Lucknow,Accessories,Keyboard,49.0,10909,534541,2025-07-12
Pune,Electronics,Monitor,33.0,6365,210045,2025-04-17
Bengaluru,Accessories,Mouse,63.0,13186,830718,2025-08-20
Jaipur,Home Appliances,Mixer,57.0,2913,166041,2025-04-03
Lucknow,Accessories,Keyboard,20.0,3262,65240,2025-03-12
Mumbai,Electronics,Smartphone,54.0,13490,728460,2025-06-24
Surat,Office,Backpack,62.0,3652,226424,2025-10-06
Lucknow,Office,Printer,32.0,906,28992,2025-03-19
Delhi,Fashion,Jeans,81.0,8599,696519,2025-01-19
Lucknow,Electronics,Smartphone,34.0,3149,107066,2025-09-13
Surat,Home Appliances,Air Cooler,3.0,14593,43779,2025-12-24
Kochi,Accessories,Headphones,28.0,7559,211652,2025-10-16
Delhi,Office,Printer,29.0,13804,400316,2025-07-20
Delhi,Home Appliances,Mixer,80.0,11007,880560,2025-09-09
Pune,Accessories,Speaker,77.0,9876,760452,2025-02-08
Kochi,Office,Printer,14.0,471,6594,2025-04-17
Mumbai,Home Appliances,Air Cooler,54.0,13741,742014,2025-03-20
Mysuru,Fashion,Watch,116.0,10272,1191552,2025-10-02
Surat,Home Appliances,Air Cooler,97.0,2125,206125,2025-02-16
Pune,Fashion,T-Shirt,115.0,12895,1482925,2025-11-21
Jaipur,Home Appliances,Fan,48.0,14533,697584,2025-01-23
Lucknow,Office,Printer,103.0,8099,834197,2025-07-12
Patna,Home Appliances,Mixer,55.0,2393,131615,2025-05-16
Hyderabad,Fashion,T-Shirt,37.0,10002,370074,2025-09-14
Jaipur,Fashion,T-Shirt,91.0,12383,1126853,2025-01-19
Bhopal,Electronics,Monitor,1.0,6344,6344,2025-11-07
Surat,Accessories,Speaker,47.0,1946,91462,2025-03-14
Lucknow,Home Appliances,Fan,34.0,14207,483038,2025-09-14
Jaipur,Accessories,Mouse,88.0,6711,590568,2025-04-14
Ahmedabad,Home Appliances,Fan,23.0,6265,144095,2025-09-18
Bhopal,Accessories,Mouse,74.0,5841,432234,2025-12-13
Bhopal,Fashion,T-Shirt,96.0,3964,380544,2025-08-26
Kolkata,Fashion,T-Shirt,28.0,8528,238784,2025-07-26
Delhi,Home Appliances,Air Cooler,90.0,11415,1027350,2025-12-02
Mysuru,Office,Printer,103.0,1692,174276,2025-03-16
Kolkata,Home Appliances,Fan,12.0,1249,14988,2025-05-08
Lucknow,Electronics,Monitor,5.0,12070,60350,2025-07-13
Kochi,Home Appliances,Fan,92.0,9988,918896,2025-01-25
Surat,Fashion,Watch,57.0,375,21375,2025-04-28
Jaipur,Home Appliances,Fan,25.0,750,18750,2025-10-17
Surat,Fashion,Jeans,87.0,790,68730,2025-06-08
Surat,Electronics,Smartphone,12.0,4720,56640,2025-07-12
Bhopal,Office,Backpack,76.0,3481,264556,2025-09-01
Jaipur,Electronics,Laptop,71.0,4861,345131,2025-12-27
Lucknow,Home Appliances,Fan,45.0,13561,610245,2025-05-08
Hyderabad,Fashion,Watch,120.0,6818,818160,2025-10-01
Jaipur,Fashion,Watch,65.0,1944,126360,2025-09-03
Mysuru,Accessories,Mouse,15.0,13355,200325,2025-09-09
Lucknow,Home Appliances,Air Cooler,33.0,11573,381909,2025-08-13
Ahmedabad,Office,Printer,97.0,5765,559205,2025-08-22
Pune,Home Appliances,Mixer,62.0,2104,130448,2025-05-03
Jaipur,Fashion,Jeans,103.0,5372,553316,2025-07-12
Hyderabad,Home Appliances,Mixer,90.0,13834,1245060,2025-05-08
Jaipur,Electronics,Camera,87.0,12468,1084716,2025-06-03
Hyderabad,Fashion,Watch,41.0,5992,245672,2025-04-19
Bhopal,Fashion,Jeans,64.0,12276,785664,2025-04-08
Chennai,Fashion,Shoes,27.0,3955,106785,2025-04-27
Mysuru,Home Appliances,Fan,20.0,12962,259240,2025-02-04
Kochi,Electronics,Camera,79.0,308,24332,2025-09-02
Kochi,Office,Backpack,80.0,5367,429360,2025-08-19
Pune,Accessories,Speaker,24.0,12721,305304,2025-09-09
Jaipur,Fashion,Jeans,7.0,8813,61691,2025-07-16
Delhi,Electronics,Monitor,45.0,6650,299250,2025-11-25
Bhopal,Office,Printer,90.0,8690,782100,2025-08-11
Mumbai,Electronics,Laptop,87.0,3652,317724,2025-07-19
Jaipur,Accessories,Mouse,79.0,14320,1131280,2025-05-06
Kolkata,Accessories,Keyboard,35.0,7922,277270,2025-10-11
Patna,Fashion,Watch,55.0,3649,200695,2025-07-23
Delhi,Accessories,Mouse,110.0,6763,743930,2025-05-15
Mumbai,Home Appliances,Mixer,74.0,11439,846486,2025-04-27
Delhi,Accessories,Keyboard,72.0,7281,524232,2025-07-07
Ahmedabad,Fashion,Watch,104.0,359,37336,2025-03-14
Jaipur,Fashion,Shoes,101.0,8172,825372,2025-05-09
Bengaluru,Home Appliances,Mixer,51.0,1821,92871,2025-12-06
Ahmedabad,Fashion,Shoes,61.0,13945,850645,2025-11-04
Mysuru,Accessories,Mouse,47.0,6103,286841,2025-09-18
Kochi,Accessories,Mouse,3.0,6946,20838,2025-02-12
Jaipur,Home Appliances,Mixer,74.0,9635,712990,2025-11-21
Ahmedabad,Fashion,Shoes,46.0,5526,254196,2025-11-17
Surat,Office,Printer,49.0,10254,502446,2025-05-15
Surat,Fashion,Jeans,82.0,13433,1101506,2025-06-14
Delhi,Home Appliances,Air Cooler,52.0,14108,733616,2025-02-03
Bhopal,Accessories,Keyboard,41.0,5391,221031,2025-11-10
Kochi,Accessories,Speaker,35.0,14743,516005,2025-08-25
Bengaluru,Accessories,Speaker,53.0,2941,155873,2025-03-28
Bhopal,Fashion,Jeans,85.0,4322,367370,2025-12-23
Mumbai,Electronics,Smartphone,22.0,6705,147510,2025-02-04
Patna,Office,Printer,4.0,12830,51320,2025-07-17
Surat,Electronics,Laptop,34.0,10326,351084,2025-03-03
Ahmedabad,Office,Backpack,30.0,4253,127590,2025-12-10
Bengaluru,Fashion,Jeans,68.0,13938,947784,2025-03-01
Jaipur,Accessories,Mouse,111.0,8001,888111,2025-08-28
Lucknow,Accessories,Speaker,18.0,11629,209322,2025-09-06
Pune,Home Appliances,Fan,81.0,12470,1010070,2025-11-19
Ahmedabad,Home Appliances,Air Cooler,82.0,8945,733490,2025-05-12
Kolkata,Home Appliances,Mixer,104.0,1667,173368,2025-08-10
Jaipur,Office,Backpack,20.0,5173,103460,2025-01-01
Bhopal,Fashion,Shoes,37.0,7887,291819,2025-09-01
Hyderabad,Office,Backpack,39.0,349,13611,2025-07-26
Chennai,Home Appliances,Mixer,102.0,318,32436,2025-09-12
Bhopal,Office,Backpack,51.0,4294,218994,2025-03-23
Surat,Office,Backpack,29.0,4508,130732,2025-02-14
Patna,Fashion,Shoes,37.0,10824,400488,2025-12-18
Delhi,Accessories,Speaker,25.0,14183,354575,2025-02-06
Hyderabad,Accessories,Headphones,82.0,7660,628120,2025-10-15
Bengaluru,Home Appliances,Fan,25.0,5453,136325,2025-01-05
Delhi,Home Appliances,Mixer,24.0,1875,45000,2025-05-09
Ahmedabad,Office,Printer,30.0,1677,50310,2025-03-01
Ahmedabad,Fashion,Shoes,54.0,5304,286416,2025-08-12
Hyderabad,Electronics,Tablet,11.0,14020,154220,2025-03-02
Mysuru,Office,Printer,70.0,7902,553140,2025-03-07
Bhopal,Accessories,Speaker,107.0,406,43442,2025-02-25
Bengaluru,Fashion,Watch,99.0,7457,738243,2025-04-24
Surat,Fashion,Watch,95.0,12831,1218945,2025-02-17
Delhi,Fashion,Watch,50.0,11364,568200,2025-05-11
Surat,Electronics,Monitor,67.0,2201,147467,2025-05-16
Surat,Accessories,Keyboard,47.0,14741,692827,2025-01-28
Bengaluru,Fashion,T-Shirt,31.0,10569,327639,2025-07-11
Chennai,Fashion,Shoes,75.0,2160,162000,2025-07-26
Bhopal,Electronics,Laptop,75.0,13036,977700,2025-12-16
Delhi,Home Appliances,Mixer,48.0,12828,615744,2025-02-08
Surat,Office,Printer,88.0,10335,909480,2025-06-25
Jaipur,Electronics,Laptop,46.0,10760,494960,2025-03-23
Patna,Electronics,Smartphone,63.0,4012,252756,2025-06-18
Pune,Accessories,Speaker,94.0,3361,315934,2025-01-23
Bhopal,Accessories,Keyboard,33.0,14923,492459,2025-01-16
Lucknow,Office,Backpack,70.0,11620,813400,2025-08-07
Kochi,Fashion,Shoes,42.0,12199,512358,2025-08-09
Ahmedabad,Home Appliances,Air Cooler,21.0,1328,27888,2025-09-05
Patna,Accessories,Mouse,70.0,6214,434980,2025-08-01
Kochi,Home Appliances,Fan,94.0,3239,304466,2025-01-20
Jaipur,Accessories,Keyboard,42.0,12012,504504,2025-02-22
Jaipur,Office,Printer,68.0,11393,774724,2025-08-25
Mumbai,Fashion,Shoes,42.0,6914,290388,2025-11-11
Delhi,Electronics,Monitor,85.0,1292,109820,2025-01-27
Mumbai,Fashion,T-Shirt,26.0,1953,50778,2025-08-07
Ahmedabad,Electronics,Monitor,83.0,13901,1153783,2025-07-22
Kolkata,Home Appliances,Air Cooler,90.0,9871,888390,2025-05-02
Mysuru,Fashion,T-Shirt,2.0,3619,7238,2025-11-16
Jaipur,Electronics,Camera,103.0,10668,1098804,2025-01-12
Lucknow,Office,Backpack,102.0,11806,1204212,2025-01-27
Chennai,Accessories,Headphones,94.0,1353,127182,2025-05-03
Pune,Home Appliances,Mixer,13.0,12081,157053,2025-04-18
Surat,Fashion,Jeans,68.0,10962,745416,2025-04-19
Kolkata,Fashion,Watch,96.0,1928,185088,2025-11-19
Delhi,Office,Backpack,114.0,1905,217170,2025-03-26
Jaipur,Home Appliances,Fan,65.0,5729,372385,2025-11-06
Kolkata,Home Appliances,Fan,120.0,5972,716640,2025-06-18
Bhopal,Accessories,Speaker,98.0,10575,1036350,2025-07-27
Patna,Accessories,Keyboard,73.0,9139,667147,2025-04-13
Pune,Home Appliances,Air Cooler,33.0,6098,201234,2025-08-15
Delhi,Electronics,Laptop,37.0,9960,368520,2025-01-17
Kolkata,Accessories,Headphones,39.0,3835,149565,2025-04-28
Lucknow,Electronics,Tablet,118.0,9271,1093978,2025-09-18
Delhi,Home Appliances,Mixer,13.0,818,10634,2025-08-12
Chennai,Fashion,Shoes,47.0,14775,694425,2025-10-08
Mysuru,Accessories,Mouse,12.0,9546,114552,2025-07-19
Ahmedabad,Fashion,T-Shirt,93.0,5519,513267,2025-08-06
Bhopal,Home Appliances,Mixer,77.0,10722,825594,2025-05-02
Kolkata,Home Appliances,Fan,11.0,12981,142791,2025-01-25
Patna,Accessories,Speaker,54.0,14418,778572,2025-02-28
Bengaluru,Fashion,T-Shirt,82.0,12937,1060834,2025-11-13
Kolkata,Accessories,Headphones,41.0,9046,370886,2025-10-05
Bhopal,Home Appliances,Air Cooler,29.0,2709,78561,2025-01-22
Mumbai,Office,Backpack,97.0,9950,965150,2025-10-17
Delhi,Fashion,Watch,38.0,13083,497154,2025-07-05
Jaipur,Accessories,Headphones,61.0,9562,583282,2025-12-02
Patna,Office,Backpack,11.0,6729,74019,2025-09-14
Pune,Fashion,Jeans,62.0,9363,580506,2025-04-16
Chennai,Home Appliances,Mixer,72.0,10292,741024,2025-12-17
Surat,Fashion,T-Shirt,35.0,12926,452410,2025-07-11
Kolkata,Home Appliances,Mixer,15.0,11205,168075,2025-07-14
Bengaluru,Accessories,Keyboard,42.0,5844,245448,2025-10-21
Delhi,Accessories,Keyboard,45.0,10296,463320,2025-08-20
Surat,Office,Printer,119.0,13604,1618876,2025-04-07
Bhopal,Accessories,Keyboard,97.0,12135,1177095,2025-02-04
Kolkata,Electronics,Smartphone,80.0,2619,209520,2025-05-01
Chennai,Electronics,Tablet,58.0,7919,459302,2025-01-11
Hyderabad,Home Appliances,Mixer,27.0,9152,247104,2025-09-25
Bhopal,Home Appliances,Fan,80.0,12159,972720,2025-03-23
Hyderabad,Electronics,Camera,75.0,11071,830325,2025-09-02
Hyderabad,Fashion,T-Shirt,37.0,3488,129056,2025-12-20
Surat,Electronics,Camera,84.0,336,28224,2025-02-13
Kochi,Accessories,Mouse,111.0,1967,218337,2025-01-10
Mysuru,Office,Printer,49.0,8531,418019,2025-12-04
Delhi,Accessories,Speaker,111.0,9982,1108002,2025-09-03
Chennai,Fashion,Watch,72.0,11873,854856,2025-01-02
Delhi,Home Appliances,Fan,43.0,8227,353761,2025-07-24
Hyderabad,Electronics,Tablet,88.0,5965,524920,2025-06-21
Mysuru,Fashion,Shoes,104.0,1215,126360,2025-11-09
Kolkata,Office,Printer,72.0,4790,344880,2025-04-05
Surat,Office,Printer,12.0,12158,145896,2025-07-17
Lucknow,Home Appliances,Air Cooler,88.0,3926,345488,2025-07-08
Jaipur,Fashion,Watch,40.0,10118,404720,2025-06-15
Surat,Fashion,Jeans,84.0,2470,207480,2025-10-18
Mysuru,Fashion,Jeans,40.0,11480,459200,2025-12-17
Mysuru,Fashion,Watch,117.0,12816,1499472,2025-03-21
Bhopal,Home Appliances,Mixer,41.0,1311,53751,2025-09-18
Bengaluru,Electronics,Smartphone,41.0,13954,572114,2025-03-24
Mysuru,Accessories,Speaker,53.0,5170,274010,2025-08-24
Delhi,Accessories,Keyboard,100.0,3279,327900,2025-02-05
Lucknow,Electronics,Monitor,79.0,4572,361188,2025-10-19
Mumbai,Fashion,Jeans,30.0,11461,343830,2025-01-12
Bhopal,Office,Printer,65.0,14063,914095,2025-10-16
Delhi,Accessories,Keyboard,110.0,6548,720280,2025-08-16
Bengaluru,Fashion,Jeans,29.0,728,21112,2025-07-25
Patna,Accessories,Speaker,29.0,12362,358498,2025-11-07
Bhopal,Fashion,T-Shirt,23.0,7397,170131,2025-10-16
Patna,Accessories,Speaker,114.0,4243,483702,2025-07-13
Kolkata,Electronics,Monitor,95.0,13705,1301975,2025-07-24
Kochi,Office,Printer,67.0,1991,133397,2025-08-15
Bengaluru,Electronics,Smartphone,67.0,9012,603804,2025-07-24
Chennai,Home Appliances,Fan,67.0,12736,853312,2025-11-02
Kochi,Accessories,Speaker,51.0,14689,749139,2025-05-25
Mysuru,Accessories,Speaker,22.0,7121,156662,2025-05-20
Surat,Electronics,Monitor,116.0,2530,293480,2025-08-27
Patna,Office,Printer,93.0,8402,781386,2025-02-06
Kolkata,Home Appliances,Air Cooler,70.0,2416,169120,2025-07-14
Mysuru,Office,Printer,23.0,7633,175559,2025-10-23
Surat,Fashion,Watch,12.0,4297,51564,2025-06-23
Surat,Fashion,T-Shirt,12.0,2070,24840,2025-12-15
Patna,Accessories,Headphones,68.0,11788,801584,2025-07-24
Bengaluru,Home Appliances,Air Cooler,21.0,6404,134484,2025-09-13
Delhi,Fashion,Shoes,73.0,14475,1056675,2025-11-28
Pune,Fashion,Jeans,23.0,12801,294423,2025-12-02
Surat,Accessories,Mouse,94.0,12793,1202542,2025-08-10
Lucknow,Fashion,T-Shirt,116.0,2355,273180,2025-04-01
Patna,Accessories,Headphones,59.0,8353,492827,2025-08-18
Lucknow,Electronics,Monitor,113.0,8284,936092,2025-04-07
Lucknow,Office,Backpack,53.0,7439,394267,2025-02-20
Surat,Electronics,Smartphone,113.0,9167,1035871,2025-05-20
Surat,Home Appliances,Mixer,7.0,3228,22596,2025-03-02
Lucknow,Accessories,Headphones,19.0,14189,269591,2025-01-22
Pune,Home Appliances,Fan,43.0,1636,70348,2025-01-04
Bhopal,Fashion,Jeans,87.0,4859,422733,2025-10-22
Bhopal,Home Appliances,Air Cooler,101.0,9410,950410,2025-03-15
Hyderabad,Home Appliances,Fan,120.0,787,94440,2025-02-25
Pune,Accessories,Mouse,115.0,6408,736920,2025-02-25
Bhopal,Home Appliances,Mixer,38.0,7913,300694,2025-03-04
Bhopal,Accessories,Mouse,68.0,6979,474572,2025-09-07
Jaipur,Fashion,T-Shirt,14.0,9561,133854,2025-12-21
Bhopal,Electronics,Camera,93.0,11482,1067826,2025-10-26
Jaipur,Accessories,Speaker,78.0,14090,1099020,2025-06-09
Ahmedabad,Home Appliances,Air Cooler,46.0,2325,106950,2025-10-19
Delhi,Home Appliances,Air Cooler,81.0,8354,676674,2025-08-26
Mumbai,Home Appliances,Mixer,91.0,4959,451269,2025-04-01
Kochi,Electronics,Camera,81.0,13253,1073493,2025-02-24
Jaipur,Fashion,Watch,53.0,945,50085,2025-06-12
Hyderabad,Fashion,T-Shirt,82.0,3496,286672,2025-12-10
Patna,Electronics,Tablet,39.0,8501,331539,2025-09-11
Bhopal,Electronics,Laptop,88.0,5660,498080,2025-06-13
Kolkata,Home Appliances,Air Cooler,4.0,13832,55328,2025-03-07
Delhi,Accessories,Speaker,118.0,7974,940932,2025-01-21
Ahmedabad,Office,Printer,81.0,7746,627426,2025-09-11
Bhopal,Office,Printer,107.0,8737,934859,2025-05-19
Patna,Accessories,Headphones,27.0,9660,260820,2025-11-11
Pune,Accessories,Headphones,20.0,4795,95900,2025-01-11
Lucknow,Home Appliances,Mixer,74.0,10123,749102,2025-07-06
Bengaluru,Electronics,Tablet,91.0,14254,1297114,2025-06-23
Ahmedabad,Accessories,Speaker,12.0,8343,100116,2025-04-12
Kolkata,Accessories,Keyboard,68.0,5153,350404,2025-03-04
Bengaluru,Electronics,Smartphone,117.0,1717,200889,2025-08-17
Kochi,Office,Printer,25.0,5772,144300,2025-08-24
Kochi,Home Appliances,Fan,100.0,5563,556300,2025-03-25
Bengaluru,Electronics,Monitor,87.0,2374,206538,2025-04-24
Bengaluru,Office,Backpack,92.0,14369,1321948,2025-09-04
Mumbai,Accessories,Headphones,88.0,14095,1240360,2025-10-28
Patna,Accessories,Speaker,114.0,955,108870,2025-02-17
Mysuru,Accessories,Headphones,74.0,12627,934398,2025-05-21
Jaipur,Fashion,Shoes,26.0,3354,87204,2025-05-09
Delhi,Accessories,Speaker,86.0,2127,182922,2025-05-05
Mumbai,Accessories,Headphones,2.0,10406,20812,2025-09-17
Bhopal,Fashion,Shoes,71.0,5418,384678,2025-05-05
Mysuru,Accessories,Keyboard,22.0,1367,30074,2025-05-20
Mysuru,Accessories,Speaker,7.0,2331,16317,2025-01-16
Pune,Electronics,Laptop,50.0,1081,54050,2025-02-14
Kochi,Fashion,Watch,79.0,6026,476054,2025-05-11
Delhi,Fashion,T-Shirt,119.0,12582,1497258,2025-08-19
Surat,Electronics,Camera,13.0,7664,99632,2025-05-22
Mysuru,Office,Backpack,30.0,3866,115980,2025-03-28
Bhopal,Home Appliances,Fan,117.0,6154,720018,2025-07-06
Ahmedabad,Accessories,Mouse,59.0,8187,483033,2025-01-03
Patna,Electronics,Tablet,62.0,7756,480872,2025-03-10
Bhopal,Accessories,Keyboard,66.0,1886,124476,2025-07-27
Hyderabad,Electronics,Tablet,72.0,10840,780480,2025-02-26
Lucknow,Home Appliances,Fan,52.0,9875,513500,2025-07-08
Chennai,Fashion,Jeans,62.0,6488,402256,2025-02-11
Kolkata,Home Appliances,Fan,101.0,7332,740532,2025-10-26
Mumbai,Home Appliances,Air Cooler,31.0,3035,94085,2025-11-22
Kolkata,Home Appliances,Fan,15.0,9902,148530,2025-10-15
Pune,Home Appliances,Mixer,106.0,7494,794364,2025-03-10
Kochi,Electronics,Monitor,14.0,11431,160034,2025-10-25
Mumbai,Office,Backpack,64.0,10767,689088,2025-11-02
Bengaluru,Fashion,Jeans,114.0,9715,1107510,2025-11-26
Lucknow,Fashion,Jeans,58.0,8904,516432,2025-05-13
Hyderabad,Home Appliances,Fan,26.0,3569,92794,2025-11-11
Mumbai,Home Appliances,Air Cooler,39.0,7322,285558,2025-12-12
Delhi,Home Appliances,Mixer,79.0,8562,676398,2025-07-28
Bengaluru,Accessories,Headphones,48.0,14963,718224,2025-09-02
Bengaluru,Home Appliances,Fan,15.0,14310,214650,2025-05-28
Kolkata,Fashion,Watch,90.0,9869,888210,2025-07-21
Surat,Office,Backpack,49.0,7330,359170,2025-09-07
Kochi,Fashion,Watch,18.0,3283,59094,2025-09-13
Delhi,Accessories,Speaker,20.0,4926,98520,2025-11-05
Mysuru,Electronics,Laptop,83.0,457,37931,2025-03-24
Patna,Office,Backpack,18.0,1587,28566,2025-03-21
Mysuru,Office,Backpack,115.0,13125,1509375,2025-12-20
Kochi,Office,Printer,59.0,8546,504214,2025-07-18
Lucknow,Office,Backpack,46.0,3898,179308,2025-03-14
Bhopal,Electronics,Monitor,64.0,14074,900736,2025-12-08
Bengaluru,Home Appliances,Fan,53.0,9148,484844,2025-10-12
Lucknow,Electronics,Monitor,62.0,11748,728376,2025-06-04
Kochi,Office,Printer,19.0,12163,231097,2025-12-17
Mumbai,Accessories,Speaker,67.0,1481,99227,2025-09-20
Mumbai,Fashion,Watch,81.0,12351,1000431,2025-11-22
Jaipur,Home Appliances,Air Cooler,40.0,10244,409760,2025-01-11
Bhopal,Electronics,Camera,59.0,8599,507341,2025-08-19
Delhi,Accessories,Speaker,46.0,13278,610788,2025-05-10
Lucknow,Electronics,Monitor,96.0,5181,497376,2025-12-26
Lucknow,Accessories,Headphones,81.0,7952,644112,2025-10-06
Hyderabad,Electronics,Tablet,104.0,12281,1277224,2025-10-01
Patna,Office,Printer,17.0,8483,144211,2025-02-28
Kochi,Accessories,Mouse,17.0,10289,174913,2025-05-09
Mysuru,Accessories,Headphones,95.0,2027,192565,2025-10-06
Patna,Home Appliances,Air Cooler,20.0,10999,219980,2025-08-12
Delhi,Fashion,Shoes,101.0,11681,1179781,2025-04-16
Mysuru,Home Appliances,Mixer,44.0,1582,69608,2025-03-20
Surat,Fashion,Watch,97.0,6965,675605,2025-07-08
Kolkata,Office,Printer,27.0,9665,260955,2025-12-27
Delhi,Electronics,Tablet,97.0,13627,1321819,2025-02-02
Patna,Office,Backpack,61.0,5137,313357,2025-08-24
Ahmedabad,Home Appliances,Mixer,49.0,11398,558502,2025-12-13
Hyderabad,Accessories,Keyboard,68.0,14458,983144,2025-07-01
Bengaluru,Office,Backpack,87.0,5372,467364,2025-09-22
Mysuru,Electronics,Monitor,82.0,5997,491754,2025-07-20
Surat,Accessories,Mouse,35.0,4575,160125,2025-02-09
Chennai,Home Appliances,Fan,60.0,12867,772020,2025-11-24
Delhi,Home Appliances,Mixer,67.0,5728,383776,2025-11-23
Pune,Accessories,Headphones,87.0,338,29406,2025-02-01
Chennai,Electronics,Monitor,14.0,11431,160034,2025-08-12
Mumbai,Accessories,Mouse,25.0,757,18925,2025-01-20
Surat,Electronics,Monitor,85.0,14846,1261910,2025-04-20
Pune,Electronics,Laptop,12.0,14231,170772,2025-10-05
Hyderabad,Home Appliances,Mixer,115.0,2016,231840,2025-12-06
Mysuru,Accessories,Speaker,85.0,1440,122400,2025-11-15
Delhi,Accessories,Speaker,89.0,11137,991193,2025-06-09
Kolkata,Electronics,Tablet,100.0,1222,122200,2025-07-13
Mumbai,Electronics,Tablet,105.0,4536,476280,2025-03-15
Ahmedabad,Office,Printer,79.0,6632,523928,2025-03-21
Lucknow,Electronics,Smartphone,70.0,12794,895580,2025-07-07
Mumbai,Electronics,Camera,92.0,4443,408756,2025-02-02
Mysuru,Electronics,Monitor,94.0,4305,404670,2025-08-01
Surat,Office,Printer,84.0,10691,898044,2025-01-02
Lucknow,Office,Backpack,20.0,11669,233380,2025-06-13
Pune,Electronics,Monitor,91.0,12831,1167621,2025-08-16
Bhopal,Office,Printer,70.0,3900,273000,2025-01-13
Surat,Office,Printer,73.0,8970,654810,2025-06-11
Kolkata,Accessories,Speaker,8.0,10559,84472,2025-11-03
Patna,Home Appliances,Fan,11.0,13981,153791,2025-08-25
Surat,Accessories,Keyboard,23.0,9284,213532,2025-01-13
Bhopal,Fashion,Shoes,90.0,6591,593190,2025-02-21
Bhopal,Accessories,Speaker,11.0,14703,161733,2025-11-15
Lucknow,Fashion,Jeans,5.0,3363,16815,2025-01-24
Hyderabad,Fashion,Watch,50.0,1232,61600,2025-09-21
Kolkata,Office,Backpack,3.0,806,2418,2025-06-02
Jaipur,Electronics,Camera,16.0,3668,58688,2025-11-22
Bengaluru,Office,Printer,95.0,9692,920740,2025-04-03
Bengaluru,Fashion,Watch,84.0,512,43008,2025-08-20
Mysuru,Fashion,Jeans,2.0,3022,6044,2025-11-02
Lucknow,Accessories,Headphones,59.0,10214,602626,2025-03-27
Lucknow,Electronics,Laptop,15.0,8345,125175,2025-10-26
Patna,Fashion,T-Shirt,103.0,3520,362560,2025-07-11
Delhi,Office,Backpack,16.0,11408,182528,2025-10-18
Kolkata,Accessories,Keyboard,98.0,946,92708,2025-10-06
Bhopal,Electronics,Laptop,36.0,2514,90504,2025-07-06
Delhi,Accessories,Keyboard,57.0,4191,238887,2025-10-02
Mysuru,Electronics,Monitor,49.0,12941,634109,2025-03-01
Bhopal,Office,Printer,1.0,318,318,2025-03-03
Delhi,Home Appliances,Fan,54.0,11562,624348,2025-08-23
Pune,Fashion,Jeans,82.0,4639,380398,2025-09-15
Delhi,Fashion,Jeans,79.0,11532,911028,2025-01-20
Pune,Office,Printer,81.0,13741,1113021,2025-05-12
Mumbai,Electronics,Monitor,31.0,3344,103664,2025-02-17
Chennai,Home Appliances,Fan,111.0,12670,1406370,2025-09-17
Patna,Office,Printer,36.0,1069,38484,2025-04-04
Mysuru,Fashion,Watch,64.0,3088,197632,2025-03-22
Pune,Electronics,Laptop,83.0,6166,511778,2025-05-07
Mumbai,Accessories,Mouse,79.0,13391,1057889,2025-08-02
Jaipur,Electronics,Monitor,23.0,2789,64147,2025-01-16
Lucknow,Electronics,Laptop,115.0,4055,466325,2025-12-15
Mysuru,Home Appliances,Fan,54.0,3456,186624,2025-12-22
Mumbai,Accessories,Keyboard,100.0,2004,200400,2025-06-08
Mumbai,Fashion,Watch,112.0,3476,389312,2025-07-08
Chennai,Office,Backpack,7.0,14789,103523,2025-07-05
Ahmedabad,Home Appliances,Fan,23.0,6546,150558,2025-06-05
Bengaluru,Fashion,Shoes,35.0,3513,122955,2025-06-05
Ahmedabad,Home Appliances,Mixer,36.0,2436,87696,2025-02-28
Mysuru,Office,Backpack,22.0,12657,278454,2025-06-08
Mysuru,Accessories,Keyboard,102.0,13218,1348236,2025-11-20
Kochi,Fashion,Jeans,12.0,6945,83340,2025-09-16
Bhopal,Fashion,Watch,108.0,7781,840348,2025-05-01
Chennai,Office,Printer,32.0,5562,177984,2025-07-19
Bengaluru,Home Appliances,Mixer,117.0,9599,1123083,2025-01-14
Pune,Electronics,Camera,94.0,12792,1202448,2025-09-02
Mumbai,Home Appliances,Fan,62.0,13466,834892,2025-12-27
Bengaluru,Office,Backpack,31.0,1561,48391,2025-09-25
Surat,Office,Printer,17.0,6072,103224,2025-05-08
Bhopal,Electronics,Laptop,62.0,11161,691982,2025-05-06
Bhopal,Office,Printer,59.0,7798,460082,2025-03-28
Ahmedabad,Office,Printer,102.0,14479,1476858,2025-06-21
Jaipur,Electronics,Laptop,50.0,14838,741900,2025-12-11
Lucknow,Electronics,Tablet,55.0,12535,689425,2025-05-23
Lucknow,Home Appliances,Air Cooler,102.0,3593,366486,2025-11-03
Mumbai,Accessories,Headphones,66.0,11253,742698,2025-06-02
Kolkata,Office,Backpack,60.0,10343,620580,2025-01-12
Kolkata,Fashion,T-Shirt,72.0,11821,851112,2025-04-05
Lucknow,Fashion,T-Shirt,84.0,8039,675276,2025-12-25
Surat,Fashion,Jeans,42.0,5978,251076,2025-05-17
Ahmedabad,Office,Backpack,7.0,1238,8666,2025-06-12
Kochi,Office,Printer,61.0,11829,721569,2025-09-22
Surat,Home Appliances,Fan,58.0,10373,601634,2025-06-26
Mumbai,Electronics,Smartphone,115.0,14683,1688545,2025-08-03
Hyderabad,Office,Printer,37.0,1460,54020,2025-02-06
Surat,Electronics,Smartphone,64.0,2665,170560,2025-04-17
Ahmedabad,Electronics,Tablet,54.0,11380,614520,2025-09-05
Hyderabad,Accessories,Speaker,57.0,12286,700302,2025-11-01
Jaipur,Fashion,T-Shirt,3.0,14483,43449,2025-04-27
Patna,Accessories,Speaker,75.0,5816,436200,2025-11-21
Kochi,Accessories,Speaker,76.0,11109,844284,2025-12-17
Mysuru,Home Appliances,Fan,59.0,5182,305738,2025-10-05
Kolkata,Accessories,Keyboard,102.0,4459,454818,2025-04-16
Delhi,Accessories,Headphones,19.0,5985,113715,2025-05-15
Delhi,Home Appliances,Mixer,92.0,8970,825240,2025-05-06
Lucknow,Fashion,Jeans,31.0,2115,65565,2025-01-11
Jaipur,Fashion,Watch,34.0,6256,212704,2025-03-07
Jaipur,Electronics,Tablet,45.0,2623,118035,2025-06-15
Patna,Fashion,Shoes,16.0,608,9728,2025-07-16
Bhopal,Fashion,Watch,119.0,5446,648074,2025-03-01
Ahmedabad,Home Appliances,Air Cooler,43.0,10804,464572,2025-12-10
Kolkata,Accessories,Keyboard,103.0,9460,974380,2025-12-15
Jaipur,Electronics,Camera,116.0,856,99296,2025-03-22
Chennai,Electronics,Tablet,4.0,6780,27120,2025-10-27
Surat,Office,Backpack,12.0,5547,66564,2025-01-20
Bengaluru,Fashion,Jeans,101.0,12768,1289568,2025-05-07
Mumbai,Electronics,Monitor,109.0,7498,817282,2025-11-22
Lucknow,Home Appliances,Fan,25.0,8235,205875,2025-06-20
Delhi,Home Appliances,Mixer,117.0,11124,1301508,2025-06-13
Kolkata,Office,Backpack,50.0,6308,315400,2025-01-10
Chennai,Accessories,Mouse,58.0,14524,842392,2025-09-03
Patna,Office,Backpack,103.0,7449,767247,2025-05-06
Mumbai,Office,Backpack,18.0,13889,250002,2025-10-20
Mumbai,Fashion,Jeans,39.0,7976,311064,2025-09-11
Mysuru,Home Appliances,Fan,12.0,308,3696,2025-07-21
Lucknow,Accessories,Speaker,23.0,9306,214038,2025-08-23
Jaipur,Fashion,Jeans,24.0,13836,332064,2025-07-10
Lucknow,Office,Printer,106.0,13737,1456122,2025-05-27
Bengaluru,Accessories,Speaker,72.0,12321,887112,2025-08-08
Surat,Electronics,Smartphone,34.0,5117,173978,2025-11-27
Delhi,Office,Printer,84.0,11110,933240,2025-05-14
Mumbai,Office,Printer,4.0,2155,8620,2025-05-16
Pune,Home Appliances,Air Cooler,47.0,9720,456840,2025-08-19
Jaipur,Accessories,Speaker,89.0,13606,1210934,2025-02-12
Bengaluru,Home Appliances,Mixer,109.0,4452,485268,2025-03-19
Kolkata,Fashion,Shoes,60.0,14590,875400,2025-12-05
Mysuru,Fashion,T-Shirt,35.0,6117,214095,2025-07-21
Mysuru,Accessories,Headphones,38.0,4978,189164,2025-09-21
Patna,Electronics,Monitor,25.0,12757,318925,2025-11-06
Kochi,Electronics,Monitor,97.0,2938,284986,2025-09-11
Kolkata,Accessories,Mouse,35.0,11430,400050,2025-12-23
Delhi,Electronics,Monitor,75.0,5961,447075,2025-03-01
Kolkata,Home Appliances,Fan,48.0,12959,622032,2025-08-14
Kochi,Fashion,T-Shirt,28.0,2732,76496,2025-09-08
Kochi,Fashion,T-Shirt,54.0,7744,418176,2025-02-04
Kolkata,Fashion,T-Shirt,62.0,5905,366110,2025-05-23
Kolkata,Fashion,Watch,114.0,9991,1138974,2025-09-25
Delhi,Fashion,Shoes,4.0,12397,49588,2025-02-08
Mumbai,Fashion,Jeans,40.0,2253,90120,2025-04-05
Pune,Office,Printer,10.0,508,5080,2025-08-25
Lucknow,Electronics,Smartphone,14.0,737,10318,2025-11-17
Hyderabad,Electronics,Camera,16.0,4345,69520,2025-01-03
Lucknow,Electronics,Laptop,101.0,2228,225028,2025-10-07
Delhi,Fashion,Jeans,86.0,5959,512474,2025-01-03
Bhopal,Accessories,Mouse,46.0,2830,130180,2025-09-25
Kochi,Home Appliances,Mixer,65.0,9542,620230,2025-02-04
Hyderabad,Home Appliances,Mixer,68.0,3755,255340,2025-12-07
Kochi,Fashion,T-Shirt,93.0,1816,168888,2025-04-17
Surat,Office,Backpack,90.0,9856,887040,2025-03-15
Chennai,Electronics,Smartphone,107.0,6013,643391,2025-07-14
Ahmedabad,Home Appliances,Mixer,53.0,2048,108544,2025-06-04
Hyderabad,Electronics,Monitor,18.0,8323,149814,2025-06-23
Mumbai,Home Appliances,Air Cooler,6.0,1547,9282,2025-06-16
Surat,Office,Backpack,59.0,10036,592124,2025-12-10
Pune,Office,Printer,71.0,6872,487912,2025-05-28
Kolkata,Fashion,T-Shirt,115.0,13979,1607585,2025-08-22
Pune,Fashion,T-Shirt,87.0,8255,718185,2025-11-04
Bhopal,Office,Printer,16.0,2548,40768,2025-07-13
Kolkata,Home Appliances,Mixer,95.0,14821,1407995,2025-03-03
Chennai,Fashion,Shoes,26.0,9947,258622,2025-07-04
Lucknow,Office,Backpack,36.0,12730,458280,2025-12-25
Kolkata,Home Appliances,Fan,97.0,13135,1274095,2025-11-13
Patna,Office,Backpack,63.0,8579,540477,2025-05-05
Chennai,Office,Printer,16.0,4307,68912,2025-08-16
Mumbai,Fashion,T-Shirt,13.0,12288,159744,2025-01-27
Kolkata,Office,Printer,23.0,6469,148787,2025-10-22
Mumbai,Fashion,Shoes,80.0,10411,832880,2025-02-25
Surat,Home Appliances,Fan,102.0,7835,799170,2025-04-10
Patna,Office,Backpack,65.0,4487,291655,2025-09-11
Mysuru,Home Appliances,Air Cooler,3.0,12716,38148,2025-01-14
Ahmedabad,Electronics,Camera,58.0,5353,310474,2025-07-15
Patna,Electronics,Laptop,23.0,9320,214360,2025-11-28
Bhopal,Accessories,Keyboard,63.0,7256,457128,2025-03-10
Ahmedabad,Office,Backpack,98.0,1992,195216,2025-10-22
Jaipur,Home Appliances,Air Cooler,70.0,9575,670250,2025-08-16
Pune,Fashion,T-Shirt,51.0,4515,230265,2025-08-19
Bengaluru,Home Appliances,Air Cooler,46.0,12757,586822,2025-05-11
Patna,Electronics,Monitor,6.0,2300,13800,2025-06-12
Pune,Home Appliances,Mixer,98.0,14803,1450694,2025-11-11
Bengaluru,Electronics,Camera,45.0,6055,272475,2025-07-12
Mumbai,Fashion,Jeans,31.0,10818,335358,2025-05-19
Jaipur,Electronics,Tablet,15.0,5731,85965,2025-03-01
Jaipur,Accessories,Headphones,59.0,10976,647584,2025-07-19
Bengaluru,Office,Backpack,3.0,11602,34806,2025-08-19
Mumbai,Accessories,Speaker,74.0,6594,487956,2025-06-19
Ahmedabad,Office,Printer,89.0,11261,1002229,2025-04-11
Kolkata,Home Appliances,Air Cooler,44.0,2930,128920,2025-10-10
Kochi,Office,Printer,64.0,10611,679104,2025-02-27
Lucknow,Home Appliances,Mixer,37.0,4544,168128,2025-01-10
Kochi,Office,Printer,80.0,12371,989680,2025-02-23
Lucknow,Home Appliances,Mixer,76.0,5718,434568,2025-05-03
Mumbai,Home Appliances,Fan,55.0,3636,199980,2025-06-26
Chennai,Accessories,Mouse,56.0,11070,619920,2025-09-11
Surat,Office,Backpack,33.0,10439,344487,2025-09-15
Jaipur,Home Appliances,Mixer,113.0,504,56952,2025-11-23
Hyderabad,Fashion,Watch,28.0,11026,308728,2025-12-15
Bhopal,Home Appliances,Air Cooler,110.0,12801,1408110,2025-07-19
Chennai,Electronics,Monitor,26.0,6168,160368,2025-08-05
Kochi,Fashion,Shoes,109.0,7333,799297,2025-07-11
Hyderabad,Electronics,Smartphone,109.0,6957,758313,2025-05-27
Chennai,Fashion,Shoes,88.0,10050,884400,2025-04-13
Kochi,Electronics,Smartphone,25.0,653,16325,2025-04-26
Surat,Accessories,Speaker,63.0,9372,590436,2025-07-14
Hyderabad,Electronics,Smartphone,21.0,4668,98028,2025-03-01
Ahmedabad,Accessories,Keyboard,83.0,14167,1175861,2025-01-24
Lucknow,Electronics,Laptop,111.0,14888,1652568,2025-02-11
Surat,Accessories,Headphones,116.0,6868,796688,2025-06-22
Mumbai,Electronics,Camera,108.0,12065,1303020,2025-03-08
Kochi,Home Appliances,Air Cooler,65.0,2176,141440,2025-09-22
Lucknow,Home Appliances,Air Cooler,33.0,8333,274989,2025-02-08
Pune,Electronics,Tablet,43.0,13836,594948,2025-10-24
Chennai,Fashion,Watch,28.0,2563,71764,2025-02-06
Ahmedabad,Accessories,Speaker,53.0,4366,231398,2025-10-02
Pune,Home Appliances,Fan,90.0,2050,184500,2025-06-18
Ahmedabad,Office,Printer,36.0,14608,525888,2025-03-12
Kochi,Accessories,Mouse,3.0,10774,32322,2025-10-02
Surat,Electronics,Smartphone,33.0,9255,305415,2025-07-10
Ahmedabad,Accessories,Headphones,69.0,14404,993876,2025-04-28
Mumbai,Office,Printer,117.0,6638,776646,2025-05-10
Surat,Fashion,Shoes,27.0,14280,385560,2025-03-15
Mumbai,Accessories,Speaker,102.0,755,77010,2025-05-28
Pune,Office,Backpack,95.0,6965,661675,2025-06-23
Kolkata,Electronics,Smartphone,90.0,4475,402750,2025-09-03
Bengaluru,Office,Backpack,59.0,11590,683810,2025-01-25
Pune,Fashion,Watch,102.0,10703,1091706,2025-03-01
Delhi,Fashion,Shoes,41.0,9634,394994,2025-02-04
Patna,Fashion,Jeans,109.0,9932,1082588,2025-11-14
Hyderabad,Accessories,Speaker,62.0,14511,899682,2025-12-05
Pune,Fashion,Shoes,103.0,4816,496048,2025-04-03
Mysuru,Accessories,Keyboard,51.0,14558,742458,2025-07-27
Lucknow,Home Appliances,Mixer,3.0,576,1728,2025-09-21
Kochi,Fashion,T-Shirt,60.0,3448,206880,2025-05-23
Hyderabad,Fashion,T-Shirt,52.0,10325,536900,2025-07-20
Bengaluru,Fashion,T-Shirt,48.0,2987,143376,2025-10-04
Mumbai,Home Appliances,Fan,99.0,7633,755667,2025-11-16
Bhopal,Fashion,Jeans,25.0,14321,358025,2025-05-10
Chennai,Office,Backpack,17.0,7266,123522,2025-04-20
Delhi,Accessories,Keyboard,54.0,3155,170370,2025-07-26
Mysuru,Electronics,Tablet,34.0,4058,137972,2025-10-15
Mumbai,Fashion,Shoes,75.0,11411,855825,2025-11-15
Pune,Electronics,Camera,18.0,14477,260586,2025-06-23
Hyderabad,Fashion,Watch,91.0,7135,649285,2025-12-20
Mysuru,Electronics,Laptop,72.0,1162,83664,2025-01-11
Patna,Fashion,Watch,117.0,6004,702468,2025-10-22
Hyderabad,Home Appliances,Air Cooler,96.0,13468,1292928,2025-01-01
Kolkata,Home Appliances,Air Cooler,49.0,5156,252644,2025-07-22
Jaipur,Fashion,T-Shirt,75.0,3138,235350,2025-05-06
Kolkata,Office,Backpack,113.0,7869,889197,2025-03-03
Bengaluru,Home Appliances,Fan,19.0,4466,84854,2025-02-11
Kolkata,Fashion,Watch,112.0,13877,1554224,2025-05-24
Kochi,Office,Backpack,116.0,14567,1689772,2025-05-20
Bhopal,Accessories,Mouse,56.0,14825,830200,2025-03-11
Patna,Office,Printer,72.0,14176,1020672,2025-11-21
Delhi,Office,Printer,25.0,2635,65875,2025-01-08
Pune,Electronics,Camera,34.0,2879,97886,2025-12-15
Jaipur,Electronics,Camera,6.0,7433,44598,2025-06-23
Delhi,Office,Backpack,64.0,2043,130752,2025-12-28
Kochi,Electronics,Tablet,12.0,3537,42444,2025-05-06
Chennai,Fashion,Shoes,73.0,14796,1080108,2025-11-19
Pune,Home Appliances,Mixer,68.0,12764,867952,2025-10-06
Mysuru,Electronics,Smartphone,99.0,8361,827739,2025-11-04
Pune,Accessories,Headphones,37.0,11362,420394,2025-11-04
Mumbai,Accessories,Headphones,108.0,5500,594000,2025-03-01
Surat,Office,Backpack,59.0,10494,619146,2025-05-20
Kolkata,Electronics,Tablet,6.0,10950,65700,2025-10-15
Surat,Home Appliances,Mixer,28.0,14343,401604,2025-01-26
Jaipur,Accessories,Mouse,103.0,1109,114227,2025-12-03
Chennai,Home Appliances,Fan,12.0,6734,80808,2025-05-06
Pune,Office,Printer,3.0,14164,42492,2025-04-06
Mumbai,Office,Backpack,83.0,12529,1039907,2025-11-05
Mysuru,Accessories,Speaker,103.0,7283,750149,2025-12-26
Kolkata,Accessories,Keyboard,46.0,11103,510738,2025-02-27
Hyderabad,Home Appliances,Mixer,63.0,7498,472374,2025-07-16
Kolkata,Home Appliances,Air Cooler,55.0,1678,92290,2025-07-26
Bengaluru,Home Appliances,Mixer,56.0,10533,589848,2025-07-03
Surat,Home Appliances,Fan,60.0,11282,676920,2025-04-21
Mumbai,Fashion,Watch,68.0,10514,714952,2025-11-17
Delhi,Accessories,Speaker,56.0,1497,83832,2025-08-10
Hyderabad,Fashion,Shoes,108.0,4273,461484,2025-09-14
Mumbai,Home Appliances,Mixer,71.0,1453,103163,2025-01-17
Bhopal,Home Appliances,Fan,53.0,1748,92644,2025-08-22
Patna,Home Appliances,Fan,46.0,4375,201250,2025-10-03
Delhi,Home Appliances,Mixer,15.0,12332,184980,2025-11-15
Hyderabad,Fashion,Watch,6.0,1564,9384,2025-07-23
Patna,Accessories,Speaker,97.0,11181,1084557,2025-08-20
Delhi,Accessories,Mouse,118.0,14476,1708168,2025-03-07
Pune,Electronics,Monitor,34.0,14480,492320,2025-11-04
Delhi,Home Appliances,Mixer,1.0,6670,6670,2025-02-01
Lucknow,Office,Backpack,89.0,6837,608493,2025-11-24
Bhopal,Office,Backpack,80.0,13522,1081760,2025-10-12
Chennai,Office,Backpack,12.0,2249,26988,2025-03-01
Ahmedabad,Electronics,Laptop,90.0,3283,295470,2025-01-07
Patna,Fashion,Jeans,56.0,13996,783776,2025-11-28
Ahmedabad,Home Appliances,Mixer,12.0,5130,61560,2025-08-05
Bhopal,Office,Printer,15.0,2921,43815,2025-03-24
Chennai,Office,Backpack,61.0,521,31781,2025-08-19
Kolkata,Fashion,Shoes,73.0,13789,1006597,2025-07-02
Pune,Electronics,Laptop,81.0,14087,1141047,2025-12-14
Jaipur,Office,Backpack,5.0,8187,40935,2025-07-16
Bhopal,Home Appliances,Air Cooler,79.0,11319,894201,2025-08-08
Jaipur,Electronics,Monitor,3.0,7114,21342,2025-10-11
Mumbai,Electronics,Tablet,115.0,10821,1244415,2025-07-16
Delhi,Office,Backpack,58.0,11628,674424,2025-07-01
Jaipur,Accessories,Keyboard,61.0,5833,355813,2025-08-08
Ahmedabad,Fashion,Shoes,118.0,10064,1187552,2025-12-22
Kochi,Fashion,Shoes,93.0,11855,1102515,2025-07-14
Chennai,Accessories,Speaker,103.0,14036,1445708,2025-03-20
Chennai,Accessories,Headphones,86.0,8111,697546,2025-03-06
Hyderabad,Fashion,Watch,13.0,13200,171600,2025-07-16
Mysuru,Fashion,Jeans,72.0,970,69840,2025-01-12
Kochi,Accessories,Mouse,87.0,2798,243426,2025-03-27
Mumbai,Home Appliances,Mixer,104.0,1243,129272,2025-06-14
Hyderabad,Home Appliances,Mixer,16.0,9407,150512,2025-04-16
Mysuru,Accessories,Mouse,99.0,964,95436,2025-09-09
Ahmedabad,Fashion,T-Shirt,91.0,1026,93366,2025-08-26
Kochi,Electronics,Laptop,101.0,10203,1030503,2025-10-26
Surat,Electronics,Monitor,6.0,8511,51066,2025-02-06
Hyderabad,Electronics,Smartphone,117.0,6125,716625,2025-03-24
Surat,Office,Backpack,94.0,14462,1359428,2025-02-05
Chennai,Accessories,Mouse,105.0,2457,257985,2025-02-28
Kochi,Office,Backpack,99.0,12799,1267101,2025-01-08
Hyderabad,Office,Backpack,37.0,8474,313538,2025-03-03
Delhi,Accessories,Speaker,47.0,10512,494064,2025-11-08
Pune,Home Appliances,Fan,101.0,3938,397738,2025-03-26
Surat,Office,Backpack,115.0,7716,887340,2025-09-26
Patna,Accessories,Headphones,57.0,2585,147345,2025-01-23
Patna,Home Appliances,Mixer,11.0,5742,63162,2025-06-13
Mysuru,Fashion,Watch,8.0,6643,53144,2025-01-22
Hyderabad,Fashion,T-Shirt,81.0,11887,962847,2025-11-17
Kochi,Office,Backpack,114.0,11355,1294470,2025-12-18
Hyderabad,Accessories,Mouse,117.0,5838,683046,2025-01-27
Ahmedabad,Home Appliances,Air Cooler,118.0,2606,307508,2025-12-13
Patna,Fashion,Watch,90.0,5856,527040,2025-11-13
Pune,Fashion,Shoes,11.0,805,8855,2025-09-11
Hyderabad,Fashion,Shoes,28.0,1720,48160,2025-09-18
Bengaluru,Home Appliances,Fan,97.0,10615,1029655,2025-03-01
Pune,Home Appliances,Air Cooler,34.0,4154,141236,2025-05-24
Surat,Home Appliances,Mixer,94.0,1182,111108,2025-06-09
Ahmedabad,Home Appliances,Fan,16.0,982,15712,2025-11-04
Bhopal,Accessories,Headphones,59.0,5753,339427,2025-04-26
Jaipur,Home Appliances,Air Cooler,92.0,14852,1366384,2025-11-22
Patna,Home Appliances,Mixer,45.0,5102,229590,2025-05-22
Bhopal,Home Appliances,Air Cooler,18.0,11903,214254,2025-07-17
Kochi,Fashion,T-Shirt,42.0,8661,363762,2025-10-07
Kochi,Accessories,Speaker,13.0,2601,33813,2025-12-14
Ahmedabad,Office,Printer,12.0,1218,14616,2025-07-05
Pune,Fashion,Watch,10.0,6250,62500,2025-11-17
Hyderabad,Home Appliances,Air Cooler,67.0,12960,868320,2025-07-28
Mysuru,Home Appliances,Fan,82.0,7137,585234,2025-08-23
Delhi,Office,Backpack,106.0,2868,304008,2025-03-17
Jaipur,Office,Backpack,17.0,11742,199614,2025-09-28
Delhi,Electronics,Smartphone,59.0,7955,469345,2025-01-24
Pune,Home Appliances,Fan,118.0,2145,253110,2025-10-28
Jaipur,Electronics,Laptop,48.0,9567,459216,2025-05-02
Hyderabad,Fashion,T-Shirt,48.0,5195,249360,2025-06-10
Lucknow,Office,Printer,102.0,2540,259080,2025-03-26
Chennai,Office,Printer,120.0,14851,1782120,2025-05-10
Mumbai,Fashion,Watch,1.0,2204,2204,2025-09-12
Ahmedabad,Electronics,Camera,62.0,9589,594518,2025-05-19
Lucknow,Accessories,Speaker,61.0,13871,846131,2025-12-27
Ahmedabad,Fashion,Jeans,65.0,10627,690755,2025-08-25
Patna,Office,Printer,111.0,12125,1345875,2025-06-03
Mysuru,Home Appliances,Air Cooler,80.0,6911,552880,2025-07-08
Bhopal,Office,Backpack,70.0,950,66500,2025-11-15
Lucknow,Accessories,Headphones,111.0,2913,323343,2025-12-01
Lucknow,Accessories,Headphones,83.0,9364,777212,2025-02-07
Chennai,Home Appliances,Air Cooler,97.0,1066,103402,2025-10-17
Bengaluru,Office,Printer,16.0,10984,175744,2025-09-06
Mysuru,Accessories,Keyboard,32.0,13793,441376,2025-12-27
Kolkata,Home Appliances,Fan,11.0,13420,147620,2025-09-20
Pune,Office,Printer,63.0,14322,902286,2025-01-11
Pune,Fashion,Watch,4.0,14284,57136,2025-09-11
Hyderabad,Accessories,Headphones,15.0,1827,27405,2025-09-06
Hyderabad,Fashion,Jeans,33.0,12787,421971,2025-02-05
Bengaluru,Office,Printer,8.0,10267,82136,2025-06-06
Pune,Electronics,Tablet,50.0,1817,90850,2025-06-05
Chennai,Accessories,Mouse,49.0,13761,674289,2025-02-02
Mumbai,Fashion,Jeans,64.0,8533,546112,2025-09-13
Mumbai,Accessories,Headphones,41.0,7815,320415,2025-09-14
Hyderabad,Office,Printer,53.0,10579,560687,2025-04-01
Jaipur,Home Appliances,Air Cooler,87.0,1863,162081,2025-04-25
Kochi,Fashion,Shoes,73.0,6864,501072,2025-08-03
Delhi,Home Appliances,Mixer,101.0,2532,255732,2025-06-18
Bengaluru,Fashion,Watch,117.0,9295,1087515,2025-08-02
Mysuru,Office,Backpack,84.0,2942,247128,2025-01-02
Kolkata,Office,Backpack,77.0,4310,331870,2025-11-13
Lucknow,Fashion,Shoes,6.0,2844,17064,2025-12-18
Kochi,Electronics,Tablet,12.0,6676,80112,2025-12-04
Jaipur,Fashion,Shoes,113.0,7277,822301,2025-04-20
Hyderabad,Accessories,Mouse,82.0,4482,367524,2025-12-15
Kolkata,Fashion,Shoes,44.0,3650,160600,2025-08-20
Bengaluru,Electronics,Smartphone,83.0,233,19339,2025-10-16
Ahmedabad,Electronics,Smartphone,53.0,9306,493218,2025-12-23
Mumbai,Office,Printer,101.0,14564,1470964,2025-11-21
Surat,Home Appliances,Mixer,115.0,13832,1590680,2025-11-15
Pune,Electronics,Tablet,105.0,6366,668430,2025-10-12
Ahmedabad,Fashion,T-Shirt,16.0,7780,124480,2025-06-07
Mysuru,Electronics,Smartphone,96.0,524,50304,2025-05-22
Hyderabad,Accessories,Keyboard,12.0,13573,162876,2025-10-21
Ahmedabad,Fashion,Jeans,64.0,6147,393408,2025-01-09
Mumbai,Home Appliances,Mixer,1.0,3412,3412,2025-11-13
Bhopal,Accessories,Speaker,22.0,9240,203280,2025-04-22
Mumbai,Home Appliances,Air Cooler,88.0,10079,886952,2025-10-06
Mysuru,Home Appliances,Mixer,96.0,1265,121440,2025-03-09
Hyderabad,Home Appliances,Mixer,113.0,8770,991010,2025-12-26
Hyderabad,Fashion,T-Shirt,89.0,11304,1006056,2025-09-20
Surat,Home Appliances,Fan,1.0,7197,7197,2025-11-22
Mumbai,Electronics,Tablet,56.0,14033,785848,2025-07-09
Bengaluru,Home Appliances,Fan,64.0,6122,391808,2025-09-25
Kolkata,Fashion,T-Shirt,36.0,7082,254952,2025-09-15
Patna,Electronics,Camera,25.0,5683,142075,2025-02-19
Chennai,Electronics,Smartphone,89.0,7143,635727,2025-02-08
Mumbai,Fashion,Shoes,40.0,1229,49160,2025-11-21
Patna,Electronics,Camera,56.0,13439,752584,2025-01-19
Kolkata,Accessories,Mouse,32.0,1966,62912,2025-08-08
Patna,Electronics,Tablet,67.0,13210,885070,2025-04-03
Ahmedabad,Home Appliances,Air Cooler,57.0,12718,724926,2025-02-21
Kolkata,Home Appliances,Mixer,11.0,1194,13134,2025-01-13
Hyderabad,Electronics,Smartphone,8.0,13346,106768,2025-08-02
Bengaluru,Home Appliances,Air Cooler,56.0,1277,71512,2025-02-22
Mumbai,Home Appliances,Mixer,38.0,14125,536750,2025-07-13
Surat,Home Appliances,Fan,30.0,14365,430950,2025-10-26
Pune,Home Appliances,Mixer,59.0,6490,382910,2025-08-26
Patna,Home Appliances,Air Cooler,13.0,5764,74932,2025-11-22
Mumbai,Electronics,Camera,67.0,5577,373659,2025-10-07
Patna,Electronics,Laptop,77.0,11886,915222,2025-02-19
Pune,Fashion,Jeans,82.0,8537,700034,2025-05-12
Bengaluru,Office,Backpack,24.0,4183,100392,2025-03-26
Surat,Electronics,Smartphone,40.0,9776,391040,2025-07-17
Delhi,Accessories,Mouse,75.0,14703,1102725,2025-09-25
Kolkata,Fashion,Watch,40.0,10084,403360,2025-06-10
Bengaluru,Electronics,Monitor,76.0,10975,834100,2025-11-05
Surat,Fashion,T-Shirt,55.0,5833,320815,2025-04-07
Bhopal,Fashion,T-Shirt,44.0,3302,145288,2025-11-16
Lucknow,Office,Backpack,110.0,9676,1064360,2025-10-11
Mysuru,Accessories,Speaker,43.0,2858,122894,2025-02-15
Bhopal,Electronics,Camera,29.0,260,7540,2025-11-08
Bhopal,Fashion,Watch,80.0,3692,295360,2025-04-16
Bengaluru,Accessories,Speaker,27.0,6758,182466,2025-03-27
Mumbai,Accessories,Headphones,10.0,6063,60630,2025-01-18
Mysuru,Fashion,Shoes,57.0,3385,192945,2025-11-19
Delhi,Accessories,Headphones,4.0,3462,13848,2025-04-10
Jaipur,Fashion,Shoes,93.0,3055,284115,2025-06-28
Hyderabad,Fashion,Jeans,26.0,552,14352,2025-03-27
Surat,Electronics,Laptop,107.0,11299,1208993,2025-03-13
Chennai,Electronics,Tablet,120.0,3644,437280,2025-05-15
Lucknow,Accessories,Mouse,85.0,3007,255595,2025-09-26
Chennai,Office,Printer,16.0,2566,41056,2025-03-26
Pune,Fashion,Watch,89.0,6331,563459,2025-06-20
Kochi,Fashion,T-Shirt,98.0,10293,1008714,2025-10-07
Bengaluru,Home Appliances,Fan,102.0,2634,268668,2025-06-08
Chennai,Accessories,Keyboard,109.0,8527,929443,2025-10-16
Delhi,Electronics,Camera,102.0,11070,1129140,2025-10-03
Jaipur,Home Appliances,Fan,97.0,14657,1421729,2025-11-25
Bhopal,Accessories,Speaker,67.0,7806,523002,2025-03-11
Lucknow,Accessories,Speaker,92.0,8306,764152,2025-08-09
Kochi,Office,Printer,27.0,3796,102492,2025-04-15
Lucknow,Fashion,Watch,28.0,5213,145964,2025-07-13
Patna,Fashion,Shoes,33.0,9220,304260,2025-02-05
Lucknow,Electronics,Tablet,57.0,8700,495900,2025-06-08
Ahmedabad,Electronics,Camera,66.0,10376,684816,2025-06-14
Hyderabad,Office,Backpack,53.0,6221,329713,2025-08-11
Surat,Office,Printer,23.0,7436,171028,2025-04-09
Jaipur,Electronics,Tablet,116.0,1550,179800,2025-05-27
Mumbai,Home Appliances,Air Cooler,83.0,1480,122840,2025-05-08
Kolkata,Electronics,Laptop,47.0,827,38869,2025-09-07
Patna,Fashion,Shoes,33.0,5159,170247,2025-12-27
Patna,Accessories,Keyboard,91.0,10096,918736,2025-03-28
Kochi,Home Appliances,Fan,2.0,12816,25632,2025-05-10
Surat,Accessories,Speaker,52.0,13665,710580,2025-10-25
Pune,Electronics,Camera,84.0,8599,722316,2025-03-28
Chennai,Fashion,Jeans,93.0,12473,1159989,2025-04-16
Kochi,Home Appliances,Air Cooler,101.0,9254,934654,2025-08-24
Chennai,Office,Backpack,102.0,1606,163812,2025-06-28
Jaipur,Office,Backpack,27.0,7387,199449,2025-08-28
Bhopal,Electronics,Tablet,18.0,9661,173898,2025-03-10
Chennai,Electronics,Camera,104.0,10994,1143376,2025-06-11
Patna,Office,Backpack,88.0,12531,1102728,2025-07-25
Patna,Home Appliances,Fan,42.0,9816,412272,2025-01-19
Patna,Electronics,Smartphone,20.0,5610,112200,2025-10-21
Chennai,Home Appliances,Air Cooler,74.0,14404,1065896,2025-07-13
Mumbai,Office,Printer,69.0,6531,450639,2025-04-16
Delhi,Accessories,Speaker,82.0,14859,1218438,2025-05-03
Ahmedabad,Electronics,Monitor,23.0,725,16675,2025-12-20
Chennai,Electronics,Smartphone,26.0,1338,34788,2025-07-10
Bengaluru,Fashion,Shoes,85.0,8791,747235,2025-02-15
Delhi,Accessories,Headphones,22.0,5553,122166,2025-07-13
Mumbai,Electronics,Smartphone,69.0,7055,486795,2025-08-24
Pune,Office,Printer,17.0,14461,245837,2025-04-10
Chennai,Office,Printer,78.0,9622,750516,2025-05-19
Bengaluru,Home Appliances,Air Cooler,88.0,7719,679272,2025-05-07
Patna,Fashion,Watch,9.0,13709,123381,2025-07-20
Ahmedabad,Fashion,Shoes,117.0,9526,1114542,2025-08-15
Mysuru,Home Appliances,Mixer,95.0,1692,160740,2025-05-21
Hyderabad,Office,Backpack,90.0,14005,1260450,2025-12-26
Bhopal,Office,Printer,54.0,4281,231174,2025-03-20
Lucknow,Office,Backpack,50.0,10998,549900,2025-03-23
Delhi,Electronics,Camera,90.0,915,82350,2025-04-28
Bhopal,Accessories,Mouse,86.0,1293,111198,2025-12-24
Kolkata,Fashion,Watch,53.0,12682,672146,2025-09-04
Ahmedabad,Electronics,Laptop,65.0,12758,829270,2025-06-14
Bengaluru,Fashion,Shoes,27.0,8491,229257,2025-01-15
Kochi,Electronics,Camera,49.0,5830,285670,2025-12-13
Bhopal,Fashion,Watch,5.0,375,1875,2025-05-04
Ahmedabad,Fashion,Shoes,86.0,12466,1072076,2025-08-16
Ahmedabad,Electronics,Laptop,71.0,10964,778444,2025-04-23
Kochi,Fashion,Watch,106.0,4773,505938,2025-03-06
Jaipur,Electronics,Monitor,13.0,3103,40339,2025-05-04
Hyderabad,Office,Printer,10.0,11200,112000,2025-01-22
Bengaluru,Fashion,Watch,46.0,3115,143290,2025-04-23
Surat,Home Appliances,Mixer,57.0,11615,662055,2025-01-27
Pune,Home Appliances,Air Cooler,85.0,11937,1014645,2025-11-04
Patna,Accessories,Speaker,7.0,10000,70000,2025-01-02
Chennai,Office,Printer,119.0,4291,510629,2025-06-08
Kochi,Electronics,Laptop,54.0,657,35478,2025-01-11
Kochi,Fashion,T-Shirt,29.0,14655,424995,2025-02-26
Kochi,Fashion,Jeans,6.0,7010,42060,2025-09-04
Chennai,Accessories,Mouse,72.0,10469,753768,2025-04-20
Mumbai,Home Appliances,Fan,55.0,2179,119845,2025-04-07
Kolkata,Accessories,Mouse,23.0,445,10235,2025-07-21
Surat,Electronics,Camera,28.0,7716,216048,2025-04-03
Hyderabad,Accessories,Mouse,6.0,1303,7818,2025-04-14
Mysuru,Home Appliances,Fan,14.0,11874,166236,2025-09-26
Surat,Home Appliances,Mixer,33.0,1752,57816,2025-10-11
Mysuru,Office,Printer,43.0,3072,132096,2025-11-25
Mysuru,Accessories,Speaker,9.0,5690,51210,2025-01-20
Chennai,Home Appliances,Fan,49.0,8572,420028,2025-11-24
Lucknow,Home Appliances,Air Cooler,91.0,417,37947,2025-04-01
Chennai,Electronics,Tablet,31.0,12289,380959,2025-07-25
Hyderabad,Home Appliances,Mixer,8.0,2453,19624,2025-06-16
Chennai,Fashion,Jeans,49.0,3548,173852,2025-11-02
Hyderabad,Home Appliances,Fan,95.0,14574,1384530,2025-06-05
Kochi,Accessories,Headphones,67.0,13172,882524,2025-07-21
Kolkata,Accessories,Headphones,30.0,14076,422280,2025-12-11
Patna,Fashion,Jeans,70.0,1085,75950,2025-11-08
Surat,Fashion,Watch,67.0,5469,366423,2025-03-15
Bengaluru,Electronics,Laptop,112.0,8255,924560,2025-02-07
Jaipur,Fashion,Jeans,17.0,1703,28951,2025-03-19
Ahmedabad,Fashion,Jeans,65.0,1480,96200,2025-07-24
Delhi,Accessories,Keyboard,93.0,3436,319548,2025-04-14
Surat,Home Appliances,Mixer,39.0,4875,190125,2025-10-15
Kolkata,Fashion,Shoes,111.0,13000,1443000,2025-08-03
Jaipur,Office,Backpack,22.0,7912,174064,2025-08-14
Patna,Home Appliances,Air Cooler,56.0,12657,708792,2025-03-27
Mumbai,Office,Printer,98.0,6449,632002,2025-07-28
Pune,Accessories,Keyboard,71.0,12105,859455,2025-03-09
Lucknow,Office,Backpack,59.0,4840,285560,2025-07-18
Chennai,Office,Printer,43.0,2438,104834,2025-12-16
Bhopal,Fashion,Jeans,1.0,410,410,2025-09-24
Kolkata,Accessories,Speaker,52.0,7012,364624,2025-07-24
Pune,Office,Backpack,40.0,10702,428080,2025-10-03
Patna,Electronics,Laptop,50.0,9466,473300,2025-03-07
Jaipur,Office,Backpack,99.0,12513,1238787,2025-12-12
Mysuru,Office,Backpack,90.0,1145,103050,2025-11-13
Kolkata,Office,Printer,32.0,8027,256864,2025-01-27
Delhi,Electronics,Smartphone,34.0,10119,344046,2025-08-22
Delhi,Accessories,Keyboard,78.0,9675,754650,2025-11-27
Mysuru,Electronics,Laptop,99.0,1712,169488,2025-11-23
Mysuru,Office,Backpack,91.0,9803,892073,2025-02-17
Bhopal,Fashion,Watch,22.0,13794,303468,2025-07-09
Patna,Accessories,Speaker,76.0,5245,398620,2025-12-14
Delhi,Electronics,Laptop,82.0,9581,785642,2025-06-27
Hyderabad,Accessories,Keyboard,120.0,12459,1495080,2025-07-23
Mumbai,Electronics,Smartphone,105.0,8256,866880,2025-01-04
Delhi,Office,Backpack,84.0,4924,413616,2025-12-14
Ahmedabad,Fashion,Shoes,24.0,11735,281640,2025-03-07
Chennai,Fashion,T-Shirt,58.0,9491,550478,2025-04-06
Mysuru,Electronics,Smartphone,104.0,12638,1314352,2025-04-09
Surat,Office,Backpack,81.0,10430,844830,2025-02-28
Hyderabad,Fashion,T-Shirt,38.0,1604,60952,2025-07-04
Ahmedabad,Electronics,Tablet,4.0,9795,39180,2025-04-16
Lucknow,Electronics,Laptop,8.0,4559,36472,2025-01-22
Lucknow,Electronics,Laptop,28.0,8757,245196,2025-01-13
Kolkata,Home Appliances,Fan,120.0,8161,979320,2025-08-25
Kolkata,Home Appliances,Fan,44.0,6274,276056,2025-11-11
Bengaluru,Fashion,Shoes,86.0,6728,578608,2025-07-20
Kochi,Accessories,Mouse,104.0,1841,191464,2025-01-15
Jaipur,Office,Printer,4.0,10061,40244,2025-02-28
Surat,Accessories,Keyboard,48.0,7604,364992,2025-10-22
Kochi,Office,Backpack,85.0,3279,278715,2025-01-21
Bhopal,Accessories,Headphones,82.0,6101,500282,2025-01-26
Bhopal,Accessories,Speaker,30.0,10141,304230,2025-08-13
Kochi,Home Appliances,Mixer,45.0,7210,324450,2025-08-22
Delhi,Electronics,Camera,38.0,10147,385586,2025-04-23
Bengaluru,Home Appliances,Air Cooler,101.0,14237,1437937,2025-12-17
Surat,Fashion,Watch,102.0,1626,165852,2025-05-27
Ahmedabad,Home Appliances,Fan,22.0,14886,327492,2025-08-04
Surat,Home Appliances,Mixer,32.0,3667,117344,2025-03-25
Mysuru,Electronics,Laptop,56.0,11927,667912,2025-01-06
Hyderabad,Accessories,Speaker,99.0,4793,474507,2025-04-24
Bhopal,Office,Printer,86.0,2424,208464,2025-09-21
Chennai,Office,Printer,102.0,11534,1176468,2025-06-28
Mysuru,Home Appliances,Air Cooler,9.0,10751,96759,2025-06-13
Mumbai,Office,Backpack,104.0,4023,418392,2025-04-09
Lucknow,Accessories,Headphones,15.0,1660,24900,2025-06-24
Kolkata,Fashion,T-Shirt,74.0,6225,460650,2025-03-28
Chennai,Office,Printer,40.0,1213,48520,2025-10-18
Surat,Office,Backpack,41.0,12836,526276,2025-06-26
Kochi,Fashion,Jeans,14.0,6676,93464,2025-01-18
Chennai,Office,Backpack,19.0,13571,257849,2025-05-27
Bhopal,Office,Backpack,19.0,10054,191026,2025-05-05
Mumbai,Electronics,Monitor,41.0,5260,215660,2025-09-23
Hyderabad,Accessories,Speaker,81.0,13777,1115937,2025-04-16
Bhopal,Office,Printer,104.0,5658,588432,2025-03-27
Patna,Fashion,Jeans,90.0,12254,1102860,2025-01-28
Surat,Fashion,Watch,94.0,6619,622186,2025-05-27
Surat,Fashion,T-Shirt,71.0,6627,470517,2025-06-14
Jaipur,Office,Backpack,97.0,6612,641364,2025-07-03
Jaipur,Accessories,Mouse,90.0,3396,305640,2025-12-28
Patna,Office,Printer,17.0,5498,93466,2025-10-28
Delhi,Electronics,Tablet,59.0,10925,644575,2025-03-19
Chennai,Office,Backpack,38.0,14900,566200,2025-03-07
Surat,Fashion,T-Shirt,47.0,12094,568418,2025-10-04
Mumbai,Fashion,Watch,55.0,11332,623260,2025-03-02
Surat,Accessories,Speaker,23.0,1059,24357,2025-02-17
Chennai,Accessories,Speaker,20.0,10472,209440,2025-12-13
Bhopal,Electronics,Laptop,31.0,6698,207638,2025-08-10
Bhopal,Home Appliances,Mixer,84.0,12409,1042356,2025-07-25
Hyderabad,Electronics,Camera,111.0,13605,1510155,2025-11-13
Mumbai,Office,Backpack,2.0,2166,4332,2025-02-03
Ahmedabad,Office,Printer,3.0,9814,29442,2025-10-19
Ahmedabad,Accessories,Headphones,102.0,9913,1011126,2025-03-13
Mumbai,Office,Backpack,74.0,2251,166574,2025-02-11
Pune,Home Appliances,Mixer,52.0,13518,702936,2025-12-01
Mumbai,Home Appliances,Air Cooler,101.0,13507,1364207,2025-09-16
Patna,Home Appliances,Air Cooler,69.0,11894,820686,2025-11-04
Delhi,Fashion,T-Shirt,24.0,14323,343752,2025-10-23
Bengaluru,Electronics,Monitor,58.0,13315,772270,2025-06-04
Hyderabad,Fashion,Jeans,84.0,2841,238644,2025-02-18
Jaipur,Electronics,Laptop,16.0,8492,135872,2025-05-12
Bengaluru,Fashion,Watch,85.0,201,17085,2025-04-10
Lucknow,Home Appliances,Fan,85.0,8950,760750,2025-08-05
Jaipur,Office,Backpack,67.0,5969,399923,2025-10-18
Bengaluru,Fashion,T-Shirt,85.0,13631,1158635,2025-01-08
Lucknow,Fashion,Jeans,39.0,14226,554814,2025-04-05
Bhopal,Home Appliances,Mixer,76.0,6082,462232,2025-05-05
Pune,Home Appliances,Fan,10.0,9208,92080,2025-05-09
Pune,Fashion,Watch,59.0,1564,92276,2025-05-22
Surat,Fashion,Jeans,10.0,10514,105140,2025-12-09
Jaipur,Fashion,Shoes,73.0,10969,800737,2025-11-27
Patna,Home Appliances,Mixer,54.0,13660,737640,2025-03-11
Hyderabad,Office,Backpack,4.0,10089,40356,2025-04-03
Mumbai,Electronics,Monitor,15.0,11406,171090,2025-09-14
Kochi,Accessories,Headphones,47.0,5664,266208,2025-05-05
Pune,Fashion,Shoes,2.0,1804,3608,2025-07-08
Lucknow,Electronics,Laptop,23.0,8825,202975,2025-12-10
Kochi,Office,Printer,68.0,5916,402288,2025-12-19
Kolkata,Accessories,Mouse,78.0,1823,142194,2025-01-06
Patna,Office,Printer,45.0,13406,603270,2025-12-22
Lucknow,Home Appliances,Air Cooler,77.0,14651,1128127,2025-07-16
Delhi,Fashion,Shoes,2.0,11450,22900,2025-09-23
Bengaluru,Fashion,Jeans,49.0,9498,465402,2025-12-09
Ahmedabad,Accessories,Keyboard,87.0,10172,884964,2025-07-23
Hyderabad,Fashion,Watch,46.0,13282,610972,2025-08-17
Surat,Accessories,Speaker,67.0,11971,802057,2025-04-10
Mumbai,Electronics,Tablet,53.0,12825,679725,2025-06-28
Lucknow,Electronics,Laptop,94.0,4132,388408,2025-02-06
Patna,Electronics,Laptop,96.0,4883,468768,2025-09-16
Ahmedabad,Electronics,Camera,87.0,8534,742458,2025-12-05
Mysuru,Office,Printer,52.0,427,22204,2025-10-07
Chennai,Electronics,Camera,90.0,8954,805860,2025-12-12
Delhi,Home Appliances,Air Cooler,78.0,893,69654,2025-10-15
Delhi,Home Appliances,Mixer,23.0,1430,32890,2025-06-27
Delhi,Home Appliances,Fan,7.0,7125,49875,2025-08-13
Jaipur,Accessories,Headphones,44.0,11325,498300,2025-04-27
Chennai,Electronics,Tablet,39.0,8115,316485,2025-05-09
Jaipur,Electronics,Monitor,51.0,3762,191862,2025-05-21
Kolkata,Electronics,Camera,115.0,10321,1186915,2025-08-02
Mumbai,Electronics,Monitor,59.0,5582,329338,2025-05-12
Kolkata,Electronics,Tablet,114.0,12036,1372104,2025-03-13
Jaipur,Electronics,Laptop,56.0,8261,462616,2025-04-03
Delhi,Home Appliances,Mixer,53.0,2229,118137,2025-08-01
Kolkata,Accessories,Keyboard,61.0,6677,407297,2025-06-10
Ahmedabad,Office,Printer,69.0,13496,931224,2025-05-04
Bengaluru,Office,Printer,18.0,5995,107910,2025-12-14
Delhi,Accessories,Keyboard,15.0,3305,49575,2025-05-02
Surat,Office,Backpack,96.0,5626,540096,2025-01-06
Ahmedabad,Fashion,Watch,86.0,4554,391644,2025-02-14
Kolkata,Home Appliances,Fan,103.0,11369,1171007,2025-12-05
Bengaluru,Office,Backpack,17.0,1997,33949,2025-02-26
Surat,Fashion,Jeans,45.0,8392,377640,2025-01-25
Lucknow,Fashion,T-Shirt,87.0,13796,1200252,2025-06-14
Mumbai,Electronics,Camera,62.0,4942,306404,2025-05-16
Delhi,Office,Printer,80.0,2698,215840,2025-12-17
Chennai,Fashion,Shoes,99.0,2084,206316,2025-05-23
Bhopal,Office,Printer,61.0,11774,718214,2025-02-23
Surat,Home Appliances,Air Cooler,24.0,3291,78984,2025-10-21
Hyderabad,Fashion,Jeans,16.0,2367,37872,2025-07-02
Mumbai,Fashion,Jeans,55.0,489,26895,2025-10-07
Surat,Electronics,Camera,53.0,8801,466453,2025-05-23
Jaipur,Fashion,Jeans,44.0,7180,315920,2025-08-02
Hyderabad,Office,Printer,39.0,2003,78117,2025-05-12
Bengaluru,Accessories,Speaker,32.0,5440,174080,2025-01-06
Hyderabad,Electronics,Laptop,85.0,12402,1054170,2025-06-07
Delhi,Office,Backpack,117.0,10137,1186029,2025-02-14
Mumbai,Accessories,Speaker,47.0,5676,266772,2025-05-04
Kolkata,Electronics,Monitor,99.0,14322,1417878,2025-03-11
Lucknow,Accessories,Mouse,31.0,10853,336443,2025-05-07
Bhopal,Office,Printer,114.0,1942,221388,2025-03-21
Chennai,Home Appliances,Mixer,6.0,9810,58860,2025-11-27
Lucknow,Fashion,Watch,119.0,1816,216104,2025-02-18
Bhopal,Accessories,Mouse,93.0,7969,741117,2025-04-18
Bhopal,Fashion,T-Shirt,17.0,3340,56780,2025-07-18
Bhopal,Accessories,Mouse,115.0,6196,712540,2025-08-21
Mysuru,Electronics,Camera,9.0,8110,72990,2025-07-17
Delhi,Home Appliances,Mixer,22.0,10016,220352,2025-05-23
Bhopal,Accessories,Headphones,73.0,1196,87308,2025-12-07
Delhi,Office,Backpack,88.0,8923,785224,2025-09-03
Lucknow,Office,Backpack,72.0,12969,933768,2025-07-13
Chennai,Accessories,Keyboard,24.0,258,6192,2025-03-19
Jaipur,Home Appliances,Air Cooler,2.0,14604,29208,2025-09-15
Bhopal,Home Appliances,Fan,39.0,14166,552474,2025-04-10
Chennai,Accessories,Headphones,22.0,3868,85096,2025-01-18
Hyderabad,Accessories,Headphones,82.0,2627,215414,2025-05-05
Bengaluru,Electronics,Smartphone,106.0,3640,385840,2025-09-04
Hyderabad,Accessories,Mouse,42.0,1563,65646,2025-12-18
Bengaluru,Fashion,Watch,115.0,10218,1175070,2025-05-11
Hyderabad,Electronics,Tablet,29.0,12168,352872,2025-05-06
Bhopal,Electronics,Monitor,85.0,14421,1225785,2025-10-04
Jaipur,Office,Backpack,112.0,10460,1171520,2025-11-20
Lucknow,Fashion,Watch,29.0,5512,159848,2025-05-07
Pune,Office,Printer,58.0,3996,231768,2025-12-24
Delhi,Accessories,Keyboard,116.0,8048,933568,2025-02-16
Lucknow,Office,Printer,105.0,14328,1504440,2025-03-07
Delhi,Office,Printer,83.0,4821,400143,2025-01-10
Delhi,Fashion,Watch,88.0,10158,893904,2025-04-03
Mumbai,Electronics,Camera,32.0,7655,244960,2025-11-13
Mumbai,Home Appliances,Mixer,94.0,12495,1174530,2025-01-20
Kochi,Office,Backpack,3.0,2002,6006,2025-01-25
Delhi,Electronics,Smartphone,32.0,12817,410144,2025-02-09
Bhopal,Home Appliances,Mixer,102.0,353,36006,2025-02-18
Lucknow,Accessories,Headphones,26.0,2481,64506,2025-08-25
Chennai,Office,Printer,40.0,5635,225400,2025-08-05
Mumbai,Electronics,Monitor,89.0,4582,407798,2025-11-18
Jaipur,Electronics,Laptop,14.0,9123,127722,2025-05-04
Pune,Office,Printer,1.0,3875,3875,2025-01-08
Mysuru,Office,Printer,46.0,10937,503102,2025-05-08
Mumbai,Office,Printer,63.0,2978,187614,2025-02-08
Kolkata,Accessories,Mouse,10.0,10287,102870,2025-06-04
Jaipur,Electronics,Laptop,78.0,2675,208650,2025-03-14
Surat,Accessories,Keyboard,87.0,7167,623529,2025-03-22
Mysuru,Accessories,Mouse,45.0,14542,654390,2025-02-09
Mumbai,Office,Backpack,120.0,4548,545760,2025-12-26
Delhi,Electronics,Smartphone,100.0,10945,1094500,2025-03-11
Mumbai,Office,Backpack,93.0,13255,1232715,2025-08-27
Mumbai,Electronics,Monitor,55.0,12106,665830,2025-05-05
Kolkata,Accessories,Keyboard,24.0,12775,306600,2025-07-12
Patna,Office,Backpack,62.0,11561,716782,2025-07-20
Pune,Accessories,Keyboard,103.0,10914,1124142,2025-04-13
Jaipur,Home Appliances,Fan,69.0,8945,617205,2025-08-18
Jaipur,Fashion,Watch,11.0,9718,106898,2025-12-14
Mumbai,Home Appliances,Air Cooler,104.0,12459,1295736,2025-04-23
Jaipur,Fashion,Shoes,1.0,3530,3530,2025-01-12
Kolkata,Office,Printer,118.0,2004,236472,2025-01-12
Chennai,Fashion,Shoes,59.0,2561,151099,2025-09-14
Bhopal,Fashion,Jeans,8.0,12438,99504,2025-03-04
Kolkata,Fashion,Watch,94.0,631,59314,2025-12-14
Kochi,Electronics,Laptop,85.0,9729,826965,2025-02-16
Mumbai,Home Appliances,Mixer,4.0,2606,10424,2025-06-05
Patna,Fashion,T-Shirt,2.0,9525,19050,2025-07-05
Bhopal,Fashion,Watch,96.0,2495,239520,2025-12-17
Patna,Accessories,Speaker,53.0,12038,638014,2025-06-15
Bengaluru,Electronics,Tablet,15.0,2754,41310,2025-01-21
Kochi,Home Appliances,Mixer,65.0,2827,183755,2025-01-13
Jaipur,Office,Backpack,71.0,11855,841705,2025-05-19
Jaipur,Accessories,Keyboard,55.0,2769,152295,2025-05-03
Bengaluru,Office,Printer,96.0,3671,352416,2025-07-20
Lucknow,Fashion,Watch,24.0,13675,328200,2025-12-18
Pune,Electronics,Camera,62.0,5331,330522,2025-11-21
Pune,Office,Printer,7.0,13361,93527,2025-06-21
Lucknow,Fashion,Shoes,14.0,1910,26740,2025-02-12
Mumbai,Accessories,Headphones,31.0,4823,149513,2025-03-18
Jaipur,Electronics,Smartphone,77.0,379,29183,2025-05-07
Lucknow,Fashion,T-Shirt,31.0,4610,142910,2025-02-19
Kolkata,Electronics,Monitor,102.0,8126,828852,2025-01-02
Jaipur,Electronics,Tablet,2.0,6043,12086,2025-05-13
Delhi,Fashion,Shoes,97.0,6600,640200,2025-12-12
Mumbai,Electronics,Tablet,53.0,14888,789064,2025-12-17
Lucknow,Home Appliances,Mixer,4.0,9820,39280,2025-07-16
Mumbai,Electronics,Tablet,21.0,2682,56322,2025-11-15
Delhi,Electronics,Smartphone,114.0,3733,425562,2025-11-21
Hyderabad,Fashion,Shoes,58.0,13067,757886,2025-03-11
Surat,Accessories,Speaker,6.0,14792,88752,2025-12-25
Delhi,Office,Printer,27.0,10200,275400,2025-10-03
Patna,Home Appliances,Air Cooler,64.0,1795,114880,2025-01-05
Delhi,Accessories,Headphones,64.0,1741,111424,2025-08-11
Kolkata,Accessories,Keyboard,9.0,4789,43101,2025-10-12
Ahmedabad,Electronics,Laptop,23.0,11843,272389,2025-08-09
Ahmedabad,Accessories,Speaker,84.0,2501,210084,2025-02-19
Kochi,Electronics,Tablet,110.0,4896,538560,2025-07-14
Kochi,Home Appliances,Air Cooler,17.0,7422,126174,2025-06-17
Jaipur,Home Appliances,Fan,48.0,1567,75216,2025-11-14
Lucknow,Office,Backpack,113.0,14544,1643472,2025-11-02
Delhi,Electronics,Smartphone,90.0,13655,1228950,2025-09-01
Kochi,Electronics,Tablet,49.0,2792,136808,2025-10-13
Mumbai,Electronics,Smartphone,50.0,14522,726100,2025-08-22
Ahmedabad,Accessories,Speaker,60.0,10726,643560,2025-09-27
Patna,Electronics,Laptop,24.0,12189,292536,2025-02-13
Kolkata,Office,Printer,52.0,5585,290420,2025-02-11
Mumbai,Home Appliances,Fan,28.0,11706,327768,2025-12-16
Delhi,Accessories,Speaker,5.0,9130,45650,2025-03-16
Pune,Fashion,Shoes,73.0,713,52049,2025-10-25
Bengaluru,Electronics,Tablet,102.0,7246,739092,2025-08-07
Hyderabad,Fashion,T-Shirt,98.0,11401,1117298,2025-07-09
Mumbai,Fashion,T-Shirt,19.0,1334,25346,2025-05-13
Surat,Accessories,Speaker,112.0,7076,792512,2025-09-07
Kolkata,Accessories,Keyboard,107.0,1080,115560,2025-02-14
Ahmedabad,Accessories,Keyboard,26.0,5922,153972,2025-07-16
Kolkata,Home Appliances,Air Cooler,101.0,2832,286032,2025-12-14
Mysuru,Home Appliances,Fan,106.0,362,38372,2025-09-26
Lucknow,Home Appliances,Mixer,10.0,12041,120410,2025-11-19
Kochi,Fashion,Shoes,86.0,13692,1177512,2025-12-24
Ahmedabad,Accessories,Headphones,20.0,14888,297760,2025-08-05
Jaipur,Accessories,Headphones,102.0,11241,1146582,2025-07-09
Ahmedabad,Electronics,Camera,107.0,14245,1524215,2025-03-21
Pune,Home Appliances,Mixer,5.0,3781,18905,2025-12-07
Chennai,Home Appliances,Mixer,77.0,6385,491645,2025-04-12
Hyderabad,Fashion,T-Shirt,48.0,13532,649536,2025-06-01
Pune,Accessories,Headphones,90.0,8377,753930,2025-11-15
Jaipur,Office,Backpack,46.0,13768,633328,2025-09-14
Kolkata,Accessories,Headphones,119.0,3080,366520,2025-08-14
Kochi,Fashion,Jeans,70.0,7341,513870,2025-07-10
Patna,Office,Backpack,90.0,10364,932760,2025-02-03
Mumbai,Electronics,Laptop,84.0,469,39396,2025-10-14
Patna,Office,Printer,82.0,7476,613032,2025-09-19
Patna,Electronics,Tablet,110.0,7091,780010,2025-04-08
Kolkata,Office,Backpack,15.0,3404,51060,2025-08-04
Patna,Office,Backpack,117.0,13641,1595997,2025-11-23
Hyderabad,Office,Printer,48.0,13015,624720,2025-04-17
Chennai,Accessories,Mouse,40.0,13937,557480,2025-07-22
Patna,Electronics,Camera,5.0,454,2270,2025-01-05
Chennai,Accessories,Mouse,43.0,2992,128656,2025-10-14
Kochi,Home Appliances,Fan,25.0,10296,257400,2025-11-13
Bhopal,Electronics,Monitor,55.0,2311,127105,2025-11-13
Pune,Fashion,Watch,116.0,5412,627792,2025-09-06
Mumbai,Fashion,T-Shirt,91.0,13326,1212666,2025-03-17
Kochi,Home Appliances,Fan,108.0,12687,1370196,2025-11-09
Bengaluru,Home Appliances,Mixer,42.0,3538,148596,2025-02-03
Bengaluru,Office,Printer,81.0,12816,1038096,2025-10-05
Bengaluru,Home Appliances,Air Cooler,70.0,1490,104300,2025-10-13
Chennai,Fashion,Watch,82.0,10546,864772,2025-06-06
Patna,Fashion,Shoes,25.0,8972,224300,2025-04-24
Mysuru,Office,Backpack,85.0,1047,88995,2025-05-03
Ahmedabad,Fashion,T-Shirt,82.0,9692,794744,2025-02-04
Mysuru,Home Appliances,Mixer,14.0,2523,35322,2025-05-09
Chennai,Fashion,T-Shirt,10.0,8297,82970,2025-06-27
Mumbai,Office,Printer,63.0,13232,833616,2025-01-14
Mysuru,Office,Printer,27.0,11461,309447,2025-07-13
Bengaluru,Accessories,Speaker,104.0,2839,295256,2025-03-10
Lucknow,Fashion,T-Shirt,16.0,5816,93056,2025-06-16
Hyderabad,Home Appliances,Air Cooler,1.0,2795,2795,2025-09-24
Jaipur,Electronics,Smartphone,78.0,684,53352,2025-09-01
Mysuru,Home Appliances,Mixer,28.0,14402,403256,2025-06-04
Bhopal,Fashion,T-Shirt,42.0,2470,103740,2025-04-03
Kolkata,Fashion,Shoes,36.0,8090,291240,2025-04-03
Ahmedabad,Home Appliances,Air Cooler,38.0,7852,298376,2025-12-26
Chennai,Office,Backpack,119.0,3363,400197,2025-05-06
Delhi,Accessories,Speaker,14.0,9762,136668,2025-10-10
Lucknow,Fashion,Watch,56.0,14664,821184,2025-08-14
Pune,Accessories,Mouse,80.0,1962,156960,2025-10-13
Mumbai,Fashion,Shoes,48.0,14911,715728,2025-11-27
Lucknow,Office,Printer,114.0,753,85842,2025-09-09
Kolkata,Office,Backpack,78.0,13744,1072032,2025-11-17
Patna,Office,Printer,15.0,3147,47205,2025-06-14
Kolkata,Fashion,Shoes,32.0,1390,44480,2025-04-22
Kolkata,Accessories,Keyboard,100.0,5351,535100,2025-02-01
Kolkata,Electronics,Tablet,28.0,7824,219072,2025-10-26
Jaipur,Fashion,T-Shirt,50.0,4846,242300,2025-10-07
Mysuru,Fashion,T-Shirt,72.0,4755,342360,2025-12-20
Patna,Electronics,Monitor,115.0,10788,1240620,2025-07-22
Bengaluru,Office,Backpack,105.0,5444,571620,2025-04-07
Mumbai,Office,Backpack,6.0,4696,28176,2025-07-04
Chennai,Office,Printer,77.0,5555,427735,2025-10-13
Kochi,Home Appliances,Mixer,37.0,492,18204,2025-11-26
Kochi,Home Appliances,Mixer,117.0,7765,908505,2025-05-05
Kolkata,Office,Printer,115.0,8940,1028100,2025-09-02
Hyderabad,Electronics,Laptop,61.0,1758,107238,2025-07-24
Jaipur,Accessories,Mouse,97.0,5865,568905,2025-07-03
Bhopal,Accessories,Speaker,79.0,971,76709,2025-07-10
Kolkata,Office,Backpack,109.0,10703,1166627,2025-02-27
Bengaluru,Home Appliances,Mixer,4.0,3870,15480,2025-01-27
Pune,Fashion,T-Shirt,42.0,14312,601104,2025-12-24
Kolkata,Fashion,Jeans,12.0,3331,39972,2025-12-26
Mysuru,Home Appliances,Mixer,120.0,11476,1377120,2025-01-09
Kolkata,Electronics,Laptop,7.0,5185,36295,2025-02-09
Lucknow,Home Appliances,Fan,35.0,11646,407610,2025-03-05
Lucknow,Office,Printer,17.0,5431,92327,2025-03-25
Chennai,Office,Backpack,86.0,2204,189544,2025-09-17
Patna,Home Appliances,Fan,85.0,8229,699465,2025-05-11
Mumbai,Office,Printer,12.0,4522,54264,2025-05-23
Chennai,Accessories,Keyboard,85.0,10802,918170,2025-12-28
Surat,Electronics,Laptop,64.0,1187,75968,2025-04-01
Mumbai,Fashion,Watch,105.0,6508,683340,2025-04-16
Kochi,Accessories,Keyboard,105.0,9875,1036875,2025-09-17
Kochi,Accessories,Mouse,91.0,7638,695058,2025-11-05
Pune,Home Appliances,Mixer,118.0,2330,274940,2025-04-12
Hyderabad,Office,Printer,100.0,6756,675600,2025-04-03
Mumbai,Office,Printer,88.0,5232,460416,2025-10-21
Chennai,Fashion,Watch,113.0,1955,220915,2025-12-04
Surat,Electronics,Camera,24.0,4570,109680,2025-01-16
Mumbai,Home Appliances,Fan,46.0,4551,209346,2025-02-18
Pune,Accessories,Speaker,28.0,2667,74676,2025-07-17
Mumbai,Home Appliances,Fan,7.0,7430,52010,2025-05-12
Chennai,Electronics,Camera,94.0,7123,669562,2025-04-10
Ahmedabad,Office,Printer,77.0,4720,363440,2025-09-20
Chennai,Home Appliances,Fan,14.0,11360,159040,2025-01-21
Hyderabad,Electronics,Smartphone,15.0,1070,16050,2025-01-19
Mysuru,Fashion,T-Shirt,69.0,1855,127995,2025-05-08
Mumbai,Home Appliances,Air Cooler,92.0,6828,628176,2025-07-13
Chennai,Fashion,Shoes,64.0,3570,228480,2025-03-26
Bengaluru,Accessories,Mouse,91.0,9969,907179,2025-05-24
Bhopal,Electronics,Smartphone,65.0,11676,758940,2025-10-16
Delhi,Accessories,Keyboard,22.0,5362,117964,2025-11-03
Surat,Fashion,Shoes,116.0,7658,888328,2025-03-01
Mysuru,Office,Backpack,43.0,541,23263,2025-03-09
Kolkata,Electronics,Smartphone,87.0,12656,1101072,2025-01-20
Mumbai,Office,Printer,63.0,14506,913878,2025-04-16
Chennai,Electronics,Laptop,73.0,11341,827893,2025-05-27
Mumbai,Home Appliances,Air Cooler,22.0,12569,276518,2025-03-25
Ahmedabad,Electronics,Tablet,103.0,12261,1262883,2025-06-15
Ahmedabad,Accessories,Mouse,85.0,8170,694450,2025-05-12
Patna,Electronics,Tablet,39.0,11835,461565,2025-06-17
Bhopal,Home Appliances,Fan,15.0,4622,69330,2025-11-17
Delhi,Electronics,Smartphone,53.0,14229,754137,2025-04-22
Bhopal,Accessories,Speaker,4.0,4203,16812,2025-10-24
Mysuru,Office,Backpack,27.0,12395,334665,2025-02-07
Jaipur,Office,Printer,36.0,14571,524556,2025-11-22
Pune,Office,Printer,34.0,11325,385050,2025-06-11
Lucknow,Home Appliances,Fan,36.0,5267,189612,2025-04-02
Pune,Home Appliances,Air Cooler,44.0,13867,610148,2025-10-04
Mysuru,Office,Backpack,37.0,2005,74185,2025-01-16
Lucknow,Fashion,Watch,88.0,2661,234168,2025-09-10
Mumbai,Home Appliances,Air Cooler,21.0,5174,108654,2025-08-10
Kochi,Accessories,Headphones,59.0,870,51330,2025-04-10
Pune,Home Appliances,Mixer,7.0,8201,57407,2025-05-01
Mysuru,Accessories,Headphones,7.0,4319,30233,2025-03-12
Bhopal,Accessories,Keyboard,12.0,11885,142620,2025-05-05
Bengaluru,Fashion,Watch,75.0,1522,114150,2025-05-08
Pune,Office,Backpack,32.0,13499,431968,2025-11-21
Lucknow,Office,Backpack,116.0,1807,209612,2025-05-10
Patna,Accessories,Keyboard,73.0,7340,535820,2025-11-11
Delhi,Home Appliances,Mixer,88.0,12777,1124376,2025-04-09
Lucknow,Office,Printer,39.0,5197,202683,2025-02-10
Delhi,Office,Printer,49.0,13018,637882,2025-07-04
Bhopal,Home Appliances,Fan,89.0,5332,474548,2025-09-22
Pune,Accessories,Speaker,46.0,7206,331476,2025-08-14
Pune,Office,Printer,117.0,9357,1094769,2025-01-25
Jaipur,Electronics,Smartphone,79.0,5154,407166,2025-04-19
Bengaluru,Accessories,Keyboard,80.0,9100,728000,2025-10-10
Patna,Office,Printer,52.0,11178,581256,2025-01-15
Hyderabad,Home Appliances,Fan,108.0,1090,117720,2025-02-02
Ahmedabad,Electronics,Tablet,77.0,1795,138215,2025-05-19
Jaipur,Accessories,Headphones,16.0,12331,197296,2025-10-22
Ahmedabad,Electronics,Smartphone,67.0,2561,171587,2025-09-24
Delhi,Fashion,Jeans,115.0,11270,1296050,2025-11-28
Bhopal,Accessories,Mouse,93.0,305,28365,2025-08-20
Mysuru,Fashion,T-Shirt,9.0,200,1800,2025-03-20
Ahmedabad,Electronics,Monitor,13.0,4250,55250,2025-04-04
Hyderabad,Electronics,Monitor,57.0,6601,376257,2025-01-04
Kochi,Office,Backpack,24.0,13639,327336,2025-04-27
Kochi,Home Appliances,Fan,106.0,10239,1085334,2025-11-15
Delhi,Home Appliances,Mixer,56.0,2596,145376,2025-11-01
Jaipur,Fashion,Jeans,22.0,8580,188760,2025-12-23
Mumbai,Fashion,Watch,62.0,4951,306962,2025-05-22
Pune,Home Appliances,Fan,48.0,11139,534672,2025-05-13
Bengaluru,Electronics,Camera,54.0,13528,730512,2025-07-05
Lucknow,Accessories,Speaker,16.0,9444,151104,2025-07-01
Ahmedabad,Accessories,Headphones,83.0,10856,901048,2025-11-20
Hyderabad,Electronics,Tablet,18.0,7866,141588,2025-12-15
Kolkata,Electronics,Smartphone,46.0,8402,386492,2025-09-07
Delhi,Home Appliances,Fan,66.0,1228,81048,2025-03-21
Patna,Accessories,Mouse,59.0,11917,703103,2025-03-09
Pune,Accessories,Speaker,9.0,13951,125559,2025-11-16
Surat,Office,Printer,74.0,11808,873792,2025-09-25
Lucknow,Home Appliances,Fan,17.0,11632,197744,2025-06-19
Bhopal,Accessories,Speaker,9.0,936,8424,2025-01-28
Mysuru,Fashion,Jeans,13.0,11099,144287,2025-02-16
Chennai,Office,Backpack,98.0,3993,391314,2025-12-26
Pune,Electronics,Smartphone,94.0,14822,1393268,2025-07-25
Kochi,Electronics,Laptop,79.0,4303,339937,2025-02-02
Kochi,Electronics,Camera,98.0,6332,620536,2025-10-21
Pune,Electronics,Smartphone,42.0,1963,82446,2025-12-15
Surat,Fashion,Jeans,26.0,4336,112736,2025-08-15
Kochi,Accessories,Keyboard,26.0,12359,321334,2025-03-14
Surat,Home Appliances,Mixer,12.0,9737,116844,2025-01-21
Kolkata,Electronics,Smartphone,5.0,13471,67355,2025-03-01
Mysuru,Office,Printer,44.0,3236,142384,2025-11-24
Kochi,Home Appliances,Fan,25.0,13838,345950,2025-04-19
Delhi,Office,Backpack,46.0,10333,475318,2025-09-28
Mumbai,Electronics,Camera,55.0,10447,574585,2025-07-28
Mumbai,Home Appliances,Mixer,17.0,13018,221306,2025-09-10
Kolkata,Electronics,Camera,30.0,1043,31290,2025-10-18
Bhopal,Electronics,Smartphone,106.0,4949,524594,2025-05-13
Mumbai,Accessories,Headphones,112.0,14478,1621536,2025-03-10
Jaipur,Home Appliances,Air Cooler,31.0,14178,439518,2025-09-20
Mysuru,Accessories,Speaker,80.0,1128,90240,2025-09-23
Bengaluru,Electronics,Monitor,61.0,4509,275049,2025-11-01
Bengaluru,Accessories,Speaker,34.0,3485,118490,2025-06-25
Mysuru,Fashion,Jeans,71.0,13581,964251,2025-12-11
Bhopal,Electronics,Smartphone,64.0,1394,89216,2025-10-20
Lucknow,Electronics,Tablet,10.0,7019,70190,2025-10-24
Bengaluru,Electronics,Monitor,62.0,2321,143902,2025-05-24
Kolkata,Electronics,Laptop,64.0,8516,545024,2025-04-21
Mysuru,Office,Backpack,39.0,13004,507156,2025-04-01
Lucknow,Electronics,Laptop,100.0,13009,1300900,2025-04-18
Patna,Office,Printer,71.0,8099,575029,2025-01-13
Delhi,Office,Printer,56.0,11690,654640,2025-07-18
Kolkata,Electronics,Camera,16.0,14898,238368,2025-10-12
Mumbai,Fashion,Shoes,56.0,1149,64344,2025-04-08
Mysuru,Home Appliances,Mixer,30.0,6967,209010,2025-12-25
Bhopal,Home Appliances,Air Cooler,6.0,13336,80016,2025-01-28
Delhi,Fashion,T-Shirt,10.0,1128,11280,2025-03-15
Mysuru,Accessories,Headphones,41.0,5928,243048,2025-10-21
Surat,Fashion,Shoes,17.0,10130,172210,2025-07-16
Ahmedabad,Electronics,Laptop,10.0,4299,42990,2025-09-07
Patna,Accessories,Keyboard,57.0,11883,677331,2025-05-12
Mysuru,Home Appliances,Fan,112.0,10909,1221808,2025-04-17
Bengaluru,Accessories,Mouse,90.0,9070,816300,2025-09-04
Mumbai,Accessories,Speaker,91.0,10388,945308,2025-08-09
Bhopal,Fashion,Jeans,108.0,8735,943380,2025-04-10
Patna,Home Appliances,Mixer,16.0,6301,100816,2025-12-27
Patna,Fashion,T-Shirt,31.0,11641,360871,2025-08-21
Hyderabad,Office,Printer,3.0,8374,25122,2025-01-09
Hyderabad,Home Appliances,Fan,39.0,13752,536328,2025-02-02
Ahmedabad,Home Appliances,Fan,64.0,508,32512,2025-07-13
Pune,Electronics,Smartphone,27.0,6414,173178,2025-03-22
Patna,Home Appliances,Mixer,85.0,5199,441915,2025-01-18
Mysuru,Accessories,Headphones,117.0,10173,1190241,2025-06-27
Kochi,Accessories,Keyboard,97.0,648,62856,2025-06-24
Patna,Home Appliances,Fan,111.0,7204,799644,2025-12-24
Hyderabad,Electronics,Laptop,71.0,6558,465618,2025-12-22
Patna,Home Appliances,Fan,55.0,9581,526955,2025-12-19
Mysuru,Home Appliances,Fan,21.0,6447,135387,2025-08-24
Surat,Fashion,Jeans,117.0,448,52416,2025-05-26
Kolkata,Accessories,Headphones,32.0,12837,410784,2025-09-10
Hyderabad,Home Appliances,Fan,5.0,10285,51425,2025-05-12
Kolkata,Accessories,Headphones,16.0,5228,83648,2025-10-22
Bengaluru,Accessories,Keyboard,57.0,7781,443517,2025-01-15
Jaipur,Office,Printer,46.0,8067,371082,2025-11-28
Mysuru,Fashion,Watch,8.0,9695,77560,2025-02-09
Hyderabad,Home Appliances,Air Cooler,41.0,1249,51209,2025-08-06
Surat,Accessories,Mouse,112.0,8308,930496,2025-03-08
Chennai,Fashion,Jeans,112.0,10324,1156288,2025-11-02
Ahmedabad,Electronics,Laptop,24.0,11413,273912,2025-09-28
Bengaluru,Home Appliances,Fan,6.0,9267,55602,2025-12-08
Bhopal,Accessories,Mouse,3.0,11314,33942,2025-06-18
Jaipur,Electronics,Monitor,31.0,5929,183799,2025-02-03
Kolkata,Office,Printer,66.0,1468,96888,2025-04-07
Mumbai,Home Appliances,Fan,107.0,13679,1463653,2025-11-14
Patna,Office,Backpack,19.0,604,11476,2025-06-20
Ahmedabad,Accessories,Mouse,53.0,14902,789806,2025-11-12
Mysuru,Accessories,Headphones,21.0,6234,130914,2025-01-10
Kolkata,Fashion,T-Shirt,14.0,10178,142492,2025-04-26
Lucknow,Home Appliances,Air Cooler,100.0,12357,1235700,2025-09-26
Surat,Accessories,Keyboard,49.0,13810,676690,2025-10-02
Mysuru,Fashion,Watch,98.0,10836,1061928,2025-02-03
Mysuru,Fashion,Watch,69.0,12210,842490,2025-02-28
Jaipur,Home Appliances,Mixer,78.0,7938,619164,2025-11-17
Mysuru,Office,Backpack,35.0,3395,118825,2025-10-10
Ahmedabad,Fashion,Shoes,32.0,13290,425280,2025-06-08
Mysuru,Accessories,Headphones,89.0,4149,369261,2025-08-24
Mumbai,Office,Backpack,11.0,5966,65626,2025-09-17
Pune,Accessories,Speaker,78.0,3974,309972,2025-08-26
Mysuru,Fashion,Jeans,119.0,9008,1071952,2025-04-25
Kolkata,Office,Printer,78.0,4464,348192,2025-05-11
Lucknow,Electronics,Laptop,53.0,7098,376194,2025-09-05
Delhi,Office,Printer,116.0,3147,365052,2025-08-01
Mysuru,Electronics,Camera,34.0,12742,433228,2025-09-23
Pune,Office,Printer,17.0,14445,245565,2025-01-27
Jaipur,Electronics,Smartphone,10.0,2368,23680,2025-09-28
Jaipur,Office,Backpack,46.0,2288,105248,2025-07-23
Lucknow,Fashion,Shoes,16.0,5718,91488,2025-06-19
Mysuru,Home Appliances,Mixer,93.0,941,87513,2025-02-24
Bhopal,Accessories,Speaker,117.0,6899,807183,2025-11-15
Bhopal,Office,Backpack,97.0,8016,777552,2025-12-05
Lucknow,Fashion,T-Shirt,20.0,14873,297460,2025-01-19
Jaipur,Accessories,Speaker,49.0,5450,267050,2025-08-06
Ahmedabad,Home Appliances,Fan,99.0,1787,176913,2025-04-10
Jaipur,Accessories,Headphones,73.0,8681,633713,2025-09-19
Delhi,Office,Backpack,42.0,6492,272664,2025-06-25
Pune,Fashion,T-Shirt,105.0,12236,1284780,2025-12-07
Mumbai,Home Appliances,Fan,74.0,14611,1081214,2025-10-11
Ahmedabad,Accessories,Mouse,22.0,2142,47124,2025-05-09
Lucknow,Office,Printer,114.0,2974,339036,2025-05-09
Chennai,Electronics,Smartphone,86.0,4765,409790,2025-03-04
Mysuru,Home Appliances,Air Cooler,97.0,2966,287702,2025-01-20
Ahmedabad,Electronics,Monitor,69.0,13290,917010,2025-04-01
Bhopal,Electronics,Tablet,27.0,4817,130059,2025-10-14
Bhopal,Office,Printer,107.0,7635,816945,2025-05-04
Mumbai,Electronics,Camera,114.0,7282,830148,2025-08-09
Patna,Fashion,Shoes,94.0,11156,1048664,2025-02-12
Jaipur,Electronics,Smartphone,94.0,1418,133292,2025-06-06
Surat,Accessories,Mouse,59.0,10532,621388,2025-12-17
Mysuru,Electronics,Tablet,115.0,828,95220,2025-07-04
Kochi,Home Appliances,Fan,25.0,13986,349650,2025-09-22
Kochi,Electronics,Laptop,32.0,2442,78144,2025-10-13
Kochi,Fashion,Jeans,34.0,7902,268668,2025-03-16
Mysuru,Fashion,Watch,37.0,2359,87283,2025-04-21
Bengaluru,Electronics,Monitor,110.0,12050,1325500,2025-12-07
Bhopal,Office,Printer,63.0,9337,588231,2025-10-07
Pune,Fashion,T-Shirt,54.0,11471,619434,2025-05-20
Surat,Home Appliances,Mixer,82.0,5913,484866,2025-08-17
Ahmedabad,Fashion,Shoes,108.0,3999,431892,2025-05-22
Hyderabad,Office,Backpack,77.0,6051,465927,2025-09-16
Ahmedabad,Electronics,Smartphone,15.0,14632,219480,2025-05-14
Ahmedabad,Accessories,Keyboard,85.0,7160,608600,2025-02-06
Delhi,Accessories,Headphones,45.0,11619,522855,2025-07-23
Bengaluru,Office,Backpack,77.0,6950,535150,2025-11-08
Jaipur,Accessories,Mouse,65.0,3724,242060,2025-07-02
Patna,Accessories,Mouse,87.0,5403,470061,2025-07-13
Ahmedabad,Office,Backpack,52.0,4471,232492,2025-01-09
Ahmedabad,Fashion,Shoes,82.0,13610,1116020,2025-01-10
Chennai,Office,Printer,74.0,14546,1076404,2025-03-18
Jaipur,Electronics,Monitor,79.0,5601,442479,2025-03-20
Bhopal,Electronics,Laptop,103.0,6412,660436,2025-02-25
Surat,Accessories,Mouse,99.0,12750,1262250,2025-09-03
Delhi,Electronics,Monitor,27.0,6132,165564,2025-09-07
Patna,Home Appliances,Fan,111.0,11960,1327560,2025-04-10
Bhopal,Fashion,Shoes,43.0,6973,299839,2025-04-18
Jaipur,Fashion,T-Shirt,5.0,14052,70260,2025-01-25
Delhi,Electronics,Monitor,51.0,13165,671415,2025-08-02
Bhopal,Accessories,Mouse,4.0,3968,15872,2025-11-25
Patna,Fashion,T-Shirt,35.0,12486,437010,2025-02-27
Kochi,Office,Backpack,17.0,13606,231302,2025-12-09
Patna,Electronics,Laptop,10.0,8465,84650,2025-12-23
Mysuru,Office,Printer,2.0,12367,24734,2025-09-20
Kochi,Fashion,T-Shirt,95.0,9836,934420,2025-07-07
Bhopal,Home Appliances,Fan,101.0,5503,555803,2025-07-17
Hyderabad,Electronics,Tablet,36.0,7718,277848,2025-04-04
Chennai,Home Appliances,Fan,49.0,4971,243579,2025-07-03
Jaipur,Office,Backpack,62.0,4859,301258,2025-12-18
Kolkata,Fashion,Watch,3.0,8343,25029,2025-12-13
Bengaluru,Home Appliances,Air Cooler,14.0,7609,106526,2025-04-19
Mumbai,Office,Printer,58.0,6259,363022,2025-08-19
Mumbai,Accessories,Mouse,19.0,13465,255835,2025-11-03
Chennai,Home Appliances,Mixer,27.0,14369,387963,2025-08-19
Bhopal,Electronics,Smartphone,52.0,10300,535600,2025-08-17
Pune,Home Appliances,Mixer,8.0,12773,102184,2025-08-09
Bhopal,Accessories,Mouse,107.0,2667,285369,2025-01-11
Bhopal,Home Appliances,Air Cooler,53.0,14477,767281,2025-01-09
Chennai,Fashion,Watch,70.0,8388,587160,2025-06-21
Kochi,Accessories,Speaker,91.0,8113,738283,2025-09-18
Delhi,Electronics,Laptop,55.0,11656,641080,2025-02-13
Chennai,Electronics,Smartphone,67.0,12457,834619,2025-02-06
Delhi,Office,Printer,5.0,14708,73540,2025-07-16
Pune,Home Appliances,Fan,18.0,12471,224478,2025-09-14
Mysuru,Electronics,Tablet,16.0,7334,117344,2025-05-24
Surat,Accessories,Mouse,79.0,14774,1167146,2025-06-19
Patna,Fashion,Jeans,38.0,8772,333336,2025-11-07
Ahmedabad,Home Appliances,Air Cooler,48.0,8709,418032,2025-10-09
Kochi,Office,Printer,120.0,5609,673080,2025-12-24
Kolkata,Fashion,Jeans,68.0,11915,810220,2025-08-01
Hyderabad,Office,Printer,20.0,7908,158160,2025-02-01
Kolkata,Fashion,Jeans,89.0,1737,154593,2025-09-15
Mumbai,Electronics,Laptop,80.0,7879,630320,2025-10-06
Hyderabad,Accessories,Keyboard,45.0,10502,472590,2025-01-07
Lucknow,Accessories,Speaker,75.0,12149,911175,2025-05-12
Chennai,Office,Backpack,72.0,9064,652608,2025-11-22
Hyderabad,Electronics,Monitor,20.0,1887,37740,2025-12-07
Jaipur,Fashion,Shoes,73.0,1876,136948,2025-03-26
Patna,Home Appliances,Air Cooler,99.0,6474,640926,2025-06-19
Lucknow,Home Appliances,Air Cooler,36.0,13426,483336,2025-12-28
Mumbai,Office,Printer,22.0,243,5346,2025-04-07
Bengaluru,Home Appliances,Mixer,19.0,2900,55100,2025-08-28
Patna,Accessories,Headphones,115.0,1055,121325,2025-03-17
Jaipur,Office,Backpack,86.0,7928,681808,2025-06-10
Pune,Electronics,Smartphone,72.0,6642,478224,2025-07-25
Jaipur,Office,Backpack,40.0,13940,557600,2025-09-11
Kochi,Electronics,Monitor,108.0,3704,400032,2025-03-21
Ahmedabad,Accessories,Keyboard,108.0,7363,795204,2025-09-15
Kolkata,Accessories,Headphones,72.0,14941,1075752,2025-07-21
Surat,Fashion,T-Shirt,111.0,6191,687201,2025-08-25
Pune,Accessories,Speaker,28.0,10308,288624,2025-09-07
Ahmedabad,Accessories,Keyboard,120.0,12449,1493880,2025-01-07
Mumbai,Accessories,Keyboard,1.0,9804,9804,2025-05-11
Bengaluru,Accessories,Mouse,65.0,412,26780,2025-10-09
Hyderabad,Accessories,Speaker,51.0,919,46869,2025-12-23
Bhopal,Accessories,Headphones,74.0,13689,1012986,2025-01-28
Kochi,Office,Backpack,63.0,3047,191961,2025-08-24
Mysuru,Home Appliances,Mixer,5.0,6254,31270,2025-01-20
Pune,Fashion,Jeans,112.0,14141,1583792,2025-03-03
Kolkata,Electronics,Laptop,57.0,10644,606708,2025-12-02
Lucknow,Electronics,Monitor,36.0,14168,510048,2025-04-21
Delhi,Electronics,Tablet,108.0,11209,1210572,2025-06-23
Pune,Home Appliances,Air Cooler,47.0,8659,406973,2025-01-22
Bhopal,Office,Printer,9.0,3361,30249,2025-09-05
Lucknow,Accessories,Headphones,23.0,7464,171672,2025-01-09
Kochi,Fashion,Watch,23.0,10608,243984,2025-12-27
Kolkata,Electronics,Tablet,36.0,9384,337824,2025-06-04
Mysuru,Office,Printer,73.0,7785,568305,2025-02-04
Lucknow,Electronics,Smartphone,94.0,1615,151810,2025-03-11
Kolkata,Electronics,Smartphone,101.0,371,37471,2025-04-21
Kochi,Office,Printer,113.0,12066,1363458,2025-04-10
Hyderabad,Fashion,Jeans,40.0,1073,42920,2025-07-23
Chennai,Fashion,Shoes,18.0,9457,170226,2025-06-14
Hyderabad,Fashion,Shoes,114.0,3464,394896,2025-03-10
Kolkata,Office,Backpack,12.0,8226,98712,2025-06-19
Delhi,Accessories,Speaker,107.0,10538,1127566,2025-11-27
Chennai,Electronics,Monitor,50.0,2751,137550,2025-09-19
Hyderabad,Office,Backpack,83.0,13485,1119255,2025-11-26
Bhopal,Fashion,Shoes,90.0,8453,760770,2025-09-27
Chennai,Accessories,Headphones,66.0,12871,849486,2025-04-09
Surat,Office,Backpack,5.0,2089,10445,2025-09-22
Kolkata,Fashion,Watch,18.0,7855,141390,2025-10-11
Bhopal,Home Appliances,Fan,85.0,9840,836400,2025-01-11
Pune,Electronics,Tablet,112.0,14962,1675744,2025-01-06
Mysuru,Office,Backpack,44.0,10814,475816,2025-02-06
Patna,Accessories,Mouse,21.0,7848,164808,2025-09-06
Lucknow,Electronics,Camera,104.0,10302,1071408,2025-08-19
Bhopal,Office,Backpack,61.0,13865,845765,2025-04-09
Bengaluru,Accessories,Mouse,62.0,11317,701654,2025-07-10
Pune,Fashion,T-Shirt,54.0,7177,387558,2025-05-19
Mysuru,Home Appliances,Mixer,21.0,8591,180411,2025-03-10
Delhi,Home Appliances,Air Cooler,68.0,3451,234668,2025-10-25
Patna,Fashion,Shoes,101.0,1081,109181,2025-02-10
Bengaluru,Fashion,Shoes,59.0,6687,394533,2025-03-15
Mumbai,Fashion,Jeans,114.0,3019,344166,2025-05-10
Bhopal,Fashion,Jeans,110.0,3531,388410,2025-07-03
Ahmedabad,Fashion,Jeans,88.0,9298,818224,2025-06-01
Pune,Fashion,Shoes,13.0,7913,102869,2025-09-22
Chennai,Fashion,Watch,86.0,6365,547390,2025-08-23
Patna,Electronics,Camera,17.0,5415,92055,2025-03-13
Pune,Accessories,Mouse,105.0,11255,1181775,2025-12-28
Surat,Home Appliances,Fan,69.0,1374,94806,2025-06-16
Patna,Home Appliances,Mixer,29.0,14709,426561,2025-10-06
Bengaluru,Fashion,Shoes,47.0,5768,271096,2025-09-27
Chennai,Home Appliances,Air Cooler,97.0,6723,652131,2025-02-21
Pune,Fashion,Watch,25.0,924,23100,2025-04-10
Delhi,Electronics,Tablet,50.0,10915,545750,2025-03-14
Hyderabad,Accessories,Mouse,50.0,11263,563150,2025-08-02
Kochi,Office,Printer,21.0,6724,141204,2025-11-17
Bhopal,Electronics,Camera,104.0,1553,161512,2025-06-22
Kolkata,Electronics,Camera,103.0,13420,1382260,2025-01-06
Surat,Fashion,Watch,88.0,7649,673112,2025-01-16
Hyderabad,Office,Backpack,99.0,1093,108207,2025-05-14
Kolkata,Electronics,Monitor,104.0,13346,1387984,2025-08-17
Patna,Office,Backpack,109.0,8965,977185,2025-06-04
Surat,Fashion,Watch,69.0,12645,872505,2025-07-28
Hyderabad,Electronics,Smartphone,1.0,5723,5723,2025-12-19
Bengaluru,Fashion,Watch,56.0,995,55720,2025-08-10
Surat,Electronics,Camera,59.0,6214,366626,2025-01-20
Patna,Accessories,Mouse,55.0,5728,315040,2025-11-10
Pune,Electronics,Monitor,35.0,3128,109480,2025-05-12
Lucknow,Electronics,Camera,42.0,5077,213234,2025-11-02
Pune,Electronics,Tablet,94.0,799,75106,2025-09-24
Bhopal,Fashion,Jeans,11.0,8965,98615,2025-02-05
Ahmedabad,Fashion,Watch,56.0,14826,830256,2025-05-12
Jaipur,Home Appliances,Mixer,118.0,13726,1619668,2025-12-27
Bengaluru,Home Appliances,Fan,6.0,1453,8718,2025-06-12
Kolkata,Fashion,T-Shirt,49.0,8598,421302,2025-12-03
Hyderabad,Accessories,Speaker,52.0,566,29432,2025-03-24
Hyderabad,Electronics,Camera,15.0,13203,198045,2025-04-19
Lucknow,Accessories,Keyboard,89.0,13290,1182810,2025-01-12
Bhopal,Office,Printer,98.0,7358,721084,2025-05-24
Pune,Fashion,Shoes,65.0,11200,728000,2025-01-20
Bengaluru,Fashion,Shoes,35.0,282,9870,2025-07-07
Patna,Office,Printer,36.0,4575,164700,2025-08-20
Kolkata,Accessories,Headphones,29.0,3883,112607,2025-01-23
Lucknow,Fashion,T-Shirt,79.0,4915,388285,2025-12-23
Pune,Office,Backpack,82.0,9952,816064,2025-06-18
Kochi,Office,Printer,44.0,5780,254320,2025-06-12
Chennai,Office,Printer,60.0,14197,851820,2025-12-16
Pune,Home Appliances,Air Cooler,22.0,11226,246972,2025-07-09
Kolkata,Electronics,Monitor,11.0,10544,115984,2025-08-18
Hyderabad,Electronics,Smartphone,96.0,8876,852096,2025-06-10
Lucknow,Accessories,Speaker,87.0,7857,683559,2025-01-05
Pune,Home Appliances,Mixer,80.0,5961,476880,2025-10-14
Pune,Electronics,Tablet,72.0,12390,892080,2025-08-08
Pune,Home Appliances,Mixer,49.0,10147,497203,2025-02-04
Kochi,Fashion,Jeans,15.0,9551,143265,2025-05-06
Chennai,Fashion,Watch,71.0,6893,489403,2025-06-25
Mumbai,Office,Backpack,41.0,12823,525743,2025-06-21
Patna,Accessories,Speaker,29.0,14274,413946,2025-07-16
Delhi,Office,Backpack,106.0,7563,801678,2025-03-28
Ahmedabad,Office,Backpack,1.0,8927,8927,2025-06-25
Pune,Fashion,T-Shirt,50.0,9705,485250,2025-11-14
Delhi,Office,Printer,82.0,675,55350,2025-10-08
Bhopal,Home Appliances,Air Cooler,65.0,1519,98735,2025-10-19
Lucknow,Office,Printer,42.0,10191,428022,2025-04-06
Mysuru,Office,Printer,48.0,572,27456,2025-12-20
Bhopal,Office,Printer,109.0,2844,309996,2025-08-12
Delhi,Fashion,Jeans,61.0,11878,724558,2025-04-11
Ahmedabad,Accessories,Headphones,115.0,706,81190,2025-04-19
Patna,Office,Printer,88.0,10083,887304,2025-08-08
Lucknow,Fashion,Watch,65.0,10708,696020,2025-02-26
Bengaluru,Accessories,Keyboard,32.0,7772,248704,2025-12-03
Pune,Electronics,Camera,111.0,8715,967365,2025-08-28
Mumbai,Electronics,Camera,34.0,14672,498848,2025-12-18
Ahmedabad,Home Appliances,Air Cooler,69.0,11910,821790,2025-01-15
Bengaluru,Electronics,Tablet,104.0,6727,699608,2025-12-25
Ahmedabad,Accessories,Speaker,92.0,8581,789452,2025-11-21
Kochi,Office,Printer,14.0,2591,36274,2025-05-25
Surat,Home Appliances,Mixer,93.0,2968,276024,2025-06-14
Hyderabad,Accessories,Keyboard,117.0,4182,489294,2025-08-07
Mysuru,Electronics,Tablet,83.0,11565,959895,2025-02-15
Bhopal,Office,Printer,97.0,4459,432523,2025-06-10
Lucknow,Office,Backpack,101.0,7578,765378,2025-12-09
Hyderabad,Accessories,Headphones,98.0,2494,244412,2025-03-17
Bhopal,Electronics,Smartphone,113.0,6276,709188,2025-10-12
Hyderabad,Accessories,Mouse,92.0,2793,256956,2025-10-21
Patna,Office,Backpack,87.0,5031,437697,2025-03-24
Surat,Fashion,Jeans,78.0,4989,389142,2025-07-09
Delhi,Fashion,T-Shirt,109.0,3667,399703,2025-10-10
Bhopal,Home Appliances,Mixer,34.0,6166,209644,2025-12-17
Surat,Home Appliances,Fan,62.0,10332,640584,2025-03-12
Mysuru,Fashion,Shoes,67.0,6333,424311,2025-07-28
Ahmedabad,Office,Printer,112.0,8805,986160,2025-08-06
Hyderabad,Office,Printer,86.0,1260,108360,2025-06-08
Bhopal,Fashion,Jeans,20.0,4759,95180,2025-10-25
Mysuru,Electronics,Smartphone,46.0,8372,385112,2025-08-19
Kolkata,Electronics,Monitor,115.0,3941,453215,2025-12-07
Mumbai,Electronics,Camera,81.0,1819,147339,2025-06-17
Jaipur,Accessories,Headphones,103.0,1117,115051,2025-08-19
Bhopal,Fashion,Jeans,33.0,13262,437646,2025-12-06
Bengaluru,Fashion,Jeans,89.0,11953,1063817,2025-08-06
Chennai,Home Appliances,Fan,71.0,4746,336966,2025-02-24
Chennai,Electronics,Smartphone,67.0,5160,345720,2025-01-07
Bengaluru,Fashion,Watch,60.0,1810,108600,2025-09-26
Mumbai,Accessories,Headphones,26.0,8036,208936,2025-02-15
Lucknow,Office,Printer,13.0,9086,118118,2025-10-07
Kochi,Office,Backpack,73.0,357,26061,2025-10-14
Patna,Electronics,Camera,100.0,10728,1072800,2025-04-19
Hyderabad,Home Appliances,Fan,1.0,4324,4324,2025-07-20
Hyderabad,Office,Printer,43.0,8511,365973,2025-08-17
Hyderabad,Accessories,Mouse,112.0,8919,998928,2025-04-11
Patna,Home Appliances,Air Cooler,40.0,10455,418200,2025-08-04
Ahmedabad,Fashion,Watch,1.0,5429,5429,2025-09-16
Hyderabad,Fashion,Jeans,9.0,12659,113931,2025-07-22
Kochi,Electronics,Camera,44.0,10651,468644,2025-11-18
Hyderabad,Fashion,Jeans,100.0,1981,198100,2025-04-07
Mumbai,Home Appliances,Fan,41.0,12757,523037,2025-09-16
Delhi,Accessories,Keyboard,74.0,11208,829392,2025-03-11
Surat,Fashion,Watch,101.0,3014,304414,2025-03-20
Patna,Fashion,Shoes,67.0,7962,533454,2025-11-20
Kochi,Office,Backpack,30.0,4506,135180,2025-08-28
Kolkata,Accessories,Mouse,19.0,5217,99123,2025-06-24
Patna,Accessories,Speaker,40.0,7168,286720,2025-10-13
Kolkata,Office,Printer,98.0,6820,668360,2025-01-14
Bhopal,Fashion,Watch,99.0,4692,464508,2025-01-27
Kochi,Fashion,Jeans,85.0,11941,1014985,2025-05-10
Jaipur,Accessories,Headphones,42.0,7204,302568,2025-07-11
Jaipur,Home Appliances,Air Cooler,26.0,13265,344890,2025-04-20
Kolkata,Office,Backpack,14.0,1419,19866,2025-04-06
Bhopal,Office,Backpack,6.0,12999,77994,2025-11-13
Bengaluru,Office,Printer,36.0,10140,365040,2025-10-13
Kolkata,Electronics,Laptop,82.0,5814,476748,2025-05-18
Mumbai,Office,Backpack,15.0,7930,118950,2025-03-24
Hyderabad,Accessories,Speaker,106.0,2686,284716,2025-03-19
Kolkata,Home Appliances,Mixer,72.0,1641,118152,2025-08-08
Jaipur,Home Appliances,Air Cooler,98.0,11024,1080352,2025-05-18
Patna,Accessories,Headphones,18.0,12850,231300,2025-02-28
Mysuru,Accessories,Mouse,116.0,12859,1491644,2025-08-24
Kolkata,Fashion,Jeans,42.0,7873,330666,2025-04-15
Lucknow,Accessories,Keyboard,87.0,11735,1020945,2025-05-09
Pune,Electronics,Smartphone,16.0,10722,171552,2025-07-14
Kolkata,Office,Printer,107.0,8857,947699,2025-01-17
Patna,Electronics,Monitor,56.0,725,40600,2025-09-28
Mumbai,Accessories,Speaker,37.0,9617,355829,2025-06-21
Delhi,Electronics,Monitor,12.0,9347,112164,2025-02-18
Chennai,Home Appliances,Mixer,74.0,7875,582750,2025-10-21
Mysuru,Electronics,Camera,105.0,4736,497280,2025-08-15
Kolkata,Fashion,Shoes,10.0,3176,31760,2025-11-19
Hyderabad,Office,Backpack,114.0,551,62814,2025-07-19
Chennai,Electronics,Monitor,107.0,6588,704916,2025-01-01
Surat,Accessories,Speaker,20.0,4441,88820,2025-04-19
Kochi,Accessories,Speaker,84.0,11101,932484,2025-04-25
Lucknow,Home Appliances,Fan,115.0,14623,1681645,2025-12-28
Delhi,Fashion,Jeans,99.0,2629,260271,2025-04-10
Delhi,Electronics,Laptop,69.0,10061,694209,2025-01-25
Surat,Home Appliances,Fan,9.0,5565,50085,2025-06-08
Chennai,Fashion,Jeans,39.0,2875,112125,2025-07-09
Kochi,Fashion,Shoes,4.0,2449,9796,2025-08-04
Bhopal,Office,Printer,57.0,14413,821541,2025-12-28
Chennai,Fashion,Watch,7.0,7520,52640,2025-08-13
Delhi,Fashion,Watch,76.0,13544,1029344,2025-02-03
Patna,Home Appliances,Air Cooler,93.0,8662,805566,2025-02-06
Bhopal,Fashion,T-Shirt,63.0,12334,777042,2025-10-12
Jaipur,Accessories,Speaker,25.0,3646,91150,2025-02-26
Bengaluru,Accessories,Speaker,33.0,8535,281655,2025-02-15
Mumbai,Electronics,Camera,103.0,7081,729343,2025-07-28
Kochi,Accessories,Mouse,40.0,13905,556200,2025-02-14
Patna,Accessories,Keyboard,90.0,1583,142470,2025-11-21
Mysuru,Office,Backpack,3.0,4700,14100,2025-12-21
Lucknow,Accessories,Headphones,19.0,14084,267596,2025-04-06
Ahmedabad,Electronics,Smartphone,67.0,2751,184317,2025-03-23
Bhopal,Electronics,Laptop,77.0,13346,1027642,2025-04-28
Delhi,Accessories,Mouse,80.0,6997,559760,2025-03-14
Kolkata,Fashion,Jeans,95.0,13461,1278795,2025-11-06
Pune,Electronics,Smartphone,4.0,8351,33404,2025-04-10
Bengaluru,Accessories,Mouse,80.0,5460,436800,2025-01-26
Kochi,Accessories,Headphones,114.0,7908,901512,2025-01-24
Lucknow,Fashion,Watch,6.0,9038,54228,2025-07-25
Mysuru,Home Appliances,Mixer,21.0,1840,38640,2025-01-12
Ahmedabad,Fashion,T-Shirt,54.0,1286,69444,2025-02-16
Surat,Office,Backpack,18.0,14239,256302,2025-10-26
Kolkata,Electronics,Tablet,61.0,7892,481412,2025-05-05
Ahmedabad,Home Appliances,Fan,79.0,11151,880929,2025-12-04
Patna,Office,Printer,17.0,3793,64481,2025-09-05
Bhopal,Fashion,Jeans,85.0,1546,131410,2025-12-04
Chennai,Office,Backpack,114.0,10276,1171464,2025-02-08
Bhopal,Accessories,Keyboard,94.0,11003,1034282,2025-05-11
Pune,Office,Backpack,98.0,14937,1463826,2025-03-11
Mysuru,Accessories,Keyboard,75.0,12265,919875,2025-01-24
Delhi,Office,Printer,102.0,3442,351084,2025-03-01
Lucknow,Electronics,Smartphone,21.0,6700,140700,2025-06-01
Kochi,Office,Backpack,110.0,5834,641740,2025-04-21
Hyderabad,Home Appliances,Fan,58.0,3719,215702,2025-08-20
Patna,Home Appliances,Fan,16.0,12405,198480,2025-05-21
Kolkata,Home Appliances,Fan,44.0,14823,652212,2025-03-09
Kolkata,Office,Backpack,85.0,1781,151385,2025-11-28
Surat,Home Appliances,Fan,9.0,13011,117099,2025-06-14
Kochi,Electronics,Monitor,17.0,1749,29733,2025-04-15
Kochi,Electronics,Laptop,71.0,11876,843196,2025-05-05
Kochi,Accessories,Mouse,58.0,7346,426068,2025-09-03
Delhi,Home Appliances,Mixer,51.0,13635,695385,2025-09-07
Jaipur,Fashion,T-Shirt,26.0,12216,317616,2025-12-12
Bengaluru,Home Appliances,Mixer,73.0,14289,1043097,2025-09-17
Delhi,Home Appliances,Fan,70.0,3975,278250,2025-12-17
Surat,Accessories,Keyboard,13.0,11347,147511,2025-03-21
Jaipur,Home Appliances,Mixer,108.0,12506,1350648,2025-12-05
Pune,Home Appliances,Fan,110.0,3512,386320,2025-05-02
Ahmedabad,Accessories,Speaker,116.0,8748,1014768,2025-07-16
Hyderabad,Accessories,Keyboard,93.0,5115,475695,2025-01-03
Lucknow,Home Appliances,Air Cooler,40.0,3620,144800,2025-12-20
Ahmedabad,Electronics,Laptop,97.0,6923,671531,2025-03-05
Pune,Fashion,Jeans,51.0,13082,667182,2025-03-21
Chennai,Office,Printer,32.0,13869,443808,2025-06-03
Bhopal,Accessories,Keyboard,115.0,6777,779355,2025-02-24
Surat,Home Appliances,Air Cooler,20.0,3572,71440,2025-08-05
Hyderabad,Accessories,Mouse,2.0,10632,21264,2025-02-17
Chennai,Home Appliances,Mixer,99.0,10498,1039302,2025-10-16
Lucknow,Office,Backpack,106.0,2245,237970,2025-09-24
Mysuru,Office,Printer,10.0,14621,146210,2025-12-11
Surat,Accessories,Headphones,49.0,13929,682521,2025-05-04
Kochi,Office,Backpack,75.0,2959,221925,2025-12-23
Bhopal,Office,Backpack,29.0,8766,254214,2025-02-03
Kochi,Home Appliances,Air Cooler,111.0,6140,681540,2025-04-28
Kochi,Office,Backpack,54.0,1128,60912,2025-11-04
Kolkata,Accessories,Mouse,116.0,4323,501468,2025-11-17
Bhopal,Office,Backpack,46.0,1561,71806,2025-01-04
Pune,Office,Printer,75.0,8309,623175,2025-04-19
Jaipur,Accessories,Headphones,100.0,13737,1373700,2025-12-16
Mysuru,Home Appliances,Air Cooler,49.0,10138,496762,2025-09-28
Patna,Office,Printer,78.0,1966,153348,2025-10-27
Lucknow,Electronics,Monitor,13.0,2124,27612,2025-04-12
Bengaluru,Home Appliances,Fan,105.0,6651,698355,2025-12-24
Jaipur,Accessories,Speaker,110.0,7748,852280,2025-10-28
Patna,Electronics,Camera,105.0,13392,1406160,2025-11-24
Surat,Office,Printer,28.0,9488,265664,2025-03-01
Ahmedabad,Accessories,Headphones,38.0,6952,264176,2025-01-24
Chennai,Accessories,Mouse,105.0,11390,1195950,2025-06-12
Bhopal,Accessories,Speaker,101.0,983,99283,2025-06-15
Kolkata,Accessories,Keyboard,27.0,9350,252450,2025-09-21
Ahmedabad,Office,Backpack,100.0,13560,1356000,2025-03-28
Patna,Electronics,Tablet,46.0,10299,473754,2025-09-24
Mumbai,Fashion,Shoes,107.0,5210,557470,2025-02-24
Patna,Office,Backpack,80.0,8346,667680,2025-11-06
Kolkata,Office,Printer,34.0,14224,483616,2025-12-16
Kolkata,Accessories,Speaker,115.0,6122,704030,2025-03-06
Bhopal,Electronics,Laptop,25.0,9732,243300,2025-05-17
Pune,Home Appliances,Fan,97.0,9373,909181,2025-09-06
Bhopal,Home Appliances,Air Cooler,10.0,3454,34540,2025-02-03
Bhopal,Home Appliances,Air Cooler,52.0,14162,736424,2025-05-05
Kochi,Accessories,Mouse,51.0,2379,121329,2025-07-04
Bengaluru,Accessories,Headphones,42.0,3883,163086,2025-08-27
Chennai,Fashion,Jeans,86.0,4685,402910,2025-01-16
Patna,Fashion,Jeans,113.0,3900,440700,2025-08-21
Kochi,Fashion,Jeans,2.0,5062,10124,2025-04-01
Jaipur,Home Appliances,Fan,108.0,7391,798228,2025-07-18
Pune,Home Appliances,Mixer,53.0,3248,172144,2025-09-19
Kolkata,Home Appliances,Fan,96.0,4484,430464,2025-12-26
Jaipur,Accessories,Speaker,48.0,6172,296256,2025-04-11
Kochi,Accessories,Headphones,89.0,2403,213867,2025-06-28
Ahmedabad,Fashion,Jeans,13.0,13048,169624,2025-09-23
Bhopal,Home Appliances,Fan,14.0,13426,187964,2025-10-08
Bengaluru,Accessories,Keyboard,60.0,4609,276540,2025-10-27
Delhi,Office,Backpack,64.0,9883,632512,2025-07-03
Mysuru,Electronics,Monitor,58.0,9358,542764,2025-11-02
Surat,Accessories,Speaker,112.0,11772,1318464,2025-03-03
Mysuru,Accessories,Headphones,93.0,4723,439239,2025-10-09
Delhi,Electronics,Monitor,63.0,7258,457254,2025-12-25
Bhopal,Office,Printer,85.0,7607,646595,2025-05-18
Delhi,Accessories,Mouse,30.0,9536,286080,2025-09-14
Bengaluru,Home Appliances,Air Cooler,76.0,5352,406752,2025-01-20
Jaipur,Accessories,Headphones,100.0,1363,136300,2025-10-03
Patna,Office,Printer,94.0,3388,318472,2025-04-20
Mumbai,Fashion,Jeans,4.0,10839,43356,2025-08-24
Surat,Accessories,Headphones,13.0,6811,88543,2025-10-23
Kochi,Office,Backpack,49.0,11610,568890,2025-08-05
Bhopal,Accessories,Keyboard,13.0,5298,68874,2025-06-06
Pune,Office,Backpack,64.0,1686,107904,2025-03-09
Kolkata,Fashion,Jeans,45.0,10804,486180,2025-11-03
Bengaluru,Office,Printer,68.0,4423,300764,2025-01-20
Bengaluru,Home Appliances,Mixer,88.0,6313,555544,2025-02-06
Bengaluru,Home Appliances,Mixer,1.0,5555,5555,2025-07-10
Chennai,Home Appliances,Air Cooler,48.0,14279,685392,2025-02-06
Mumbai,Home Appliances,Fan,24.0,8968,215232,2025-04-12
Kochi,Fashion,Shoes,74.0,3098,229252,2025-08-23
Lucknow,Fashion,Jeans,105.0,13618,1429890,2025-08-01
Mysuru,Electronics,Monitor,114.0,13203,1505142,2025-02-26
Lucknow,Accessories,Mouse,14.0,5918,82852,2025-11-06
Lucknow,Home Appliances,Mixer,116.0,1833,212628,2025-08-07
Pune,Fashion,Shoes,59.0,10988,648292,2025-09-27
Chennai,Office,Printer,86.0,9284,798424,2025-02-11
Patna,Accessories,Keyboard,31.0,13595,421445,2025-08-07
Kochi,Office,Printer,46.0,1160,53360,2025-08-26
Surat,Home Appliances,Mixer,109.0,8717,950153,2025-02-22
Hyderabad,Accessories,Speaker,97.0,9151,887647,2025-11-07
Surat,Accessories,Keyboard,58.0,12709,737122,2025-04-10
Bengaluru,Office,Backpack,56.0,6377,357112,2025-02-16
Pune,Office,Printer,42.0,9395,394590,2025-08-20
Surat,Accessories,Speaker,101.0,12827,1295527,2025-05-25
Hyderabad,Electronics,Monitor,107.0,882,94374,2025-04-03
Surat,Home Appliances,Air Cooler,116.0,9559,1108844,2025-09-06
Pune,Accessories,Headphones,69.0,658,45402,2025-01-10
Pune,Fashion,Shoes,69.0,1059,73071,2025-11-28
Surat,Home Appliances,Air Cooler,109.0,3121,340189,2025-09-12
Bhopal,Electronics,Smartphone,13.0,7691,99983,2025-03-08
Lucknow,Accessories,Headphones,92.0,3535,325220,2025-08-07
Mumbai,Home Appliances,Mixer,6.0,6450,38700,2025-04-23
Mysuru,Accessories,Headphones,116.0,4138,480008,2025-11-27
Mysuru,Accessories,Keyboard,50.0,13742,687100,2025-04-12
Lucknow,Office,Printer,20.0,2521,50420,2025-10-08
Mysuru,Accessories,Speaker,88.0,9547,840136,2025-12-28
Pune,Accessories,Keyboard,113.0,10904,1232152,2025-12-09
Kochi,Electronics,Camera,106.0,6977,739562,2025-07-09
Bhopal,Fashion,Watch,33.0,10032,331056,2025-01-21
Surat,Office,Printer,90.0,12768,1149120,2025-08-05
Mysuru,Fashion,T-Shirt,82.0,2074,170068,2025-02-06
Bhopal,Office,Printer,24.0,8997,215928,2025-06-06
Kochi,Accessories,Speaker,37.0,8986,332482,2025-05-10
Kochi,Home Appliances,Fan,14.0,12668,177352,2025-02-13
Delhi,Fashion,T-Shirt,72.0,14068,1012896,2025-08-07
Chennai,Home Appliances,Mixer,61.0,8044,490684,2025-02-04
Mumbai,Electronics,Camera,24.0,1569,37656,2025-12-26
Delhi,Fashion,Watch,79.0,6276,495804,2025-08-24
Chennai,Office,Printer,85.0,8451,718335,2025-04-25
Kochi,Accessories,Headphones,73.0,432,31536,2025-03-11
Bengaluru,Accessories,Keyboard,45.0,7769,349605,2025-04-21
Chennai,Office,Backpack,20.0,4980,99600,2025-09-03
Bengaluru,Fashion,Jeans,43.0,10980,472140,2025-12-15
Hyderabad,Office,Printer,108.0,4226,456408,2025-10-17
Mumbai,Home Appliances,Mixer,19.0,9164,174116,2025-06-02
Bhopal,Electronics,Camera,67.0,8953,599851,2025-01-20
Surat,Fashion,Shoes,48.0,829,39792,2025-03-04
Kochi,Fashion,T-Shirt,49.0,256,12544,2025-10-02
Lucknow,Office,Printer,110.0,3878,426580,2025-11-02
Surat,Home Appliances,Mixer,3.0,10830,32490,2025-08-19
Mysuru,Office,Backpack,88.0,10293,905784,2025-07-15
Ahmedabad,Fashion,Watch,79.0,4296,339384,2025-06-21
Delhi,Office,Printer,59.0,8989,530351,2025-06-08
Bhopal,Accessories,Keyboard,50.0,4414,220700,2025-03-12
Ahmedabad,Electronics,Camera,104.0,5112,531648,2025-03-02
Chennai,Office,Printer,52.0,2248,116896,2025-11-12
Ahmedabad,Office,Backpack,114.0,7044,803016,2025-08-24
Surat,Office,Backpack,60.0,6156,369360,2025-06-11
Chennai,Office,Printer,93.0,8882,826026,2025-04-08
Lucknow,Fashion,Jeans,112.0,12148,1360576,2025-11-26
Surat,Accessories,Speaker,71.0,14330,1017430,2025-07-12
Jaipur,Accessories,Keyboard,51.0,2515,128265,2025-08-04
Bengaluru,Office,Backpack,116.0,13846,1606136,2025-10-14
Pune,Fashion,Jeans,44.0,9238,406472,2025-03-22
Chennai,Home Appliances,Fan,24.0,7457,178968,2025-01-23
Patna,Office,Printer,35.0,12422,434770,2025-11-19
Pune,Fashion,Watch,74.0,13009,962666,2025-04-05
Patna,Accessories,Speaker,32.0,14421,461472,2025-12-05
Bhopal,Office,Backpack,79.0,12707,1003853,2025-10-17
Bengaluru,Electronics,Laptop,101.0,1270,128270,2025-02-01
Chennai,Electronics,Tablet,110.0,1673,184030,2025-06-12
Lucknow,Fashion,Jeans,40.0,13973,558920,2025-02-12
Hyderabad,Accessories,Speaker,61.0,5747,350567,2025-12-06
Delhi,Accessories,Headphones,103.0,9405,968715,2025-03-05
Jaipur,Office,Printer,69.0,10330,712770,2025-07-06
Kochi,Home Appliances,Air Cooler,61.0,11666,711626,2025-05-23
Patna,Fashion,T-Shirt,85.0,2602,221170,2025-08-04
Ahmedabad,Electronics,Smartphone,113.0,6441,727833,2025-08-13
Lucknow,Fashion,T-Shirt,76.0,11474,872024,2025-06-15
Surat,Home Appliances,Mixer,58.0,14847,861126,2025-01-16
Mumbai,Home Appliances,Fan,114.0,5766,657324,2025-02-12
Mysuru,Fashion,Jeans,80.0,5116,409280,2025-11-13
Surat,Fashion,T-Shirt,120.0,13159,1579080,2025-11-07
Lucknow,Accessories,Mouse,92.0,13188,1213296,2025-02-12
Delhi,Office,Printer,80.0,14798,1183840,2025-10-14
Mysuru,Accessories,Mouse,25.0,8611,215275,2025-05-17
Chennai,Electronics,Camera,41.0,2934,120294,2025-01-21
Hyderabad,Accessories,Mouse,58.0,7293,422994,2025-06-02
Kochi,Office,Printer,43.0,9232,396976,2025-01-05
Pune,Home Appliances,Mixer,95.0,9598,911810,2025-01-10
Surat,Fashion,Watch,49.0,6563,321587,2025-01-23
Patna,Accessories,Speaker,43.0,6209,266987,2025-09-28
Bhopal,Office,Backpack,91.0,5805,528255,2025-03-12
Mysuru,Accessories,Keyboard,63.0,4814,303282,2025-05-03
Jaipur,Office,Printer,104.0,11115,1155960,2025-06-28
Mumbai,Electronics,Laptop,104.0,2305,239720,2025-02-08
Chennai,Fashion,Shoes,9.0,2723,24507,2025-10-26
Patna,Electronics,Laptop,2.0,12047,24094,2025-01-24
Ahmedabad,Accessories,Headphones,20.0,9747,194940,2025-11-28
Delhi,Accessories,Headphones,79.0,2198,173642,2025-01-23
Bengaluru,Fashion,T-Shirt,24.0,1702,40848,2025-12-03
Pune,Office,Printer,27.0,1019,27513,2025-12-03
Ahmedabad,Accessories,Keyboard,61.0,13594,829234,2025-04-23
Surat,Home Appliances,Air Cooler,24.0,7887,189288,2025-05-24
Mumbai,Home Appliances,Mixer,57.0,3229,184053,2025-09-01
Chennai,Fashion,Jeans,34.0,2557,86938,2025-09-19
Chennai,Electronics,Laptop,25.0,3264,81600,2025-06-25
Lucknow,Fashion,Watch,82.0,13897,1139554,2025-10-10
Kolkata,Office,Backpack,28.0,7188,201264,2025-05-27
Hyderabad,Fashion,T-Shirt,84.0,14790,1242360,2025-11-09
Mysuru,Fashion,T-Shirt,8.0,1228,9824,2025-08-12
Surat,Electronics,Monitor,97.0,13597,1318909,2025-07-03
Lucknow,Office,Printer,96.0,11251,1080096,2025-02-11
Kolkata,Accessories,Headphones,73.0,4499,328427,2025-12-27
Ahmedabad,Office,Backpack,96.0,13486,1294656,2025-08-12
Chennai,Accessories,Speaker,41.0,9144,374904,2025-12-07
Ahmedabad,Home Appliances,Mixer,6.0,11519,69114,2025-06-14
Kochi,Office,Backpack,119.0,13245,1576155,2025-07-15
Pune,Office,Backpack,20.0,2527,50540,2025-12-25
Kochi,Office,Printer,112.0,2484,278208,2025-06-13
Kochi,Fashion,Watch,47.0,428,20116,2025-07-26
Bengaluru,Fashion,Jeans,76.0,3213,244188,2025-04-04
Bengaluru,Office,Backpack,20.0,4638,92760,2025-06-07
Chennai,Office,Backpack,21.0,5172,108612,2025-09-09
Pune,Fashion,Watch,78.0,12057,940446,2025-08-14
Mumbai,Fashion,Watch,86.0,1179,101394,2025-06-04
Jaipur,Accessories,Speaker,78.0,4940,385320,2025-03-08
Surat,Office,Printer,54.0,8236,444744,2025-01-10
Pune,Fashion,Shoes,81.0,5289,428409,2025-11-20
Kolkata,Home Appliances,Mixer,77.0,2320,178640,2025-09-10
Bengaluru,Accessories,Keyboard,48.0,9462,454176,2025-08-03
Bhopal,Office,Backpack,54.0,4232,228528,2025-04-11
Hyderabad,Fashion,Shoes,82.0,14975,1227950,2025-08-26
Chennai,Home Appliances,Fan,74.0,13205,977170,2025-06-23
Bhopal,Fashion,Shoes,101.0,10565,1067065,2025-10-08
Lucknow,Home Appliances,Air Cooler,31.0,13525,419275,2025-04-16
Patna,Office,Printer,41.0,8571,351411,2025-02-13
Lucknow,Fashion,Shoes,11.0,8870,97570,2025-08-15
Patna,Accessories,Headphones,58.0,6582,381756,2025-04-26
Chennai,Accessories,Keyboard,47.0,14089,662183,2025-01-16
Jaipur,Fashion,T-Shirt,42.0,6035,253470,2025-10-16
Mysuru,Fashion,Shoes,41.0,8141,333781,2025-06-20
Mysuru,Home Appliances,Mixer,106.0,13482,1429092,2025-11-07
Bhopal,Home Appliances,Air Cooler,16.0,5043,80688,2025-12-02
Bhopal,Fashion,Shoes,32.0,13154,420928,2025-07-14
Bengaluru,Electronics,Tablet,34.0,3546,120564,2025-03-10
Mysuru,Electronics,Camera,11.0,6239,68629,2025-08-25
Lucknow,Fashion,Watch,81.0,6459,523179,2025-09-06
Chennai,Office,Backpack,14.0,4681,65534,2025-08-09
Kolkata,Home Appliances,Fan,37.0,2868,106116,2025-10-05
Ahmedabad,Electronics,Laptop,7.0,14417,100919,2025-06-18
Jaipur,Accessories,Keyboard,41.0,13828,566948,2025-12-13
Kolkata,Electronics,Camera,83.0,5506,456998,2025-07-06
Patna,Home Appliances,Mixer,83.0,4835,401305,2025-06-19
Bhopal,Home Appliances,Mixer,114.0,8583,978462,2025-01-24
Mumbai,Fashion,Watch,9.0,1312,11808,2025-03-05
Kolkata,Home Appliances,Mixer,92.0,4050,372600,2025-02-25
Mumbai,Accessories,Mouse,11.0,6960,76560,2025-06-25
Surat,Office,Backpack,70.0,1218,85260,2025-09-14
Chennai,Office,Printer,71.0,13681,971351,2025-02-27
Chennai,Office,Printer,15.0,12697,190455,2025-05-08
Bhopal,Electronics,Monitor,4.0,1059,4236,2025-11-27
Chennai,Fashion,Watch,6.0,891,5346,2025-04-25
Patna,Fashion,Jeans,65.0,5434,353210,2025-06-13
Bengaluru,Office,Printer,66.0,12742,840972,2025-05-16
Chennai,Office,Printer,6.0,3478,20868,2025-10-02
Lucknow,Fashion,Watch,1.0,5924,5924,2025-12-03
Bengaluru,Accessories,Keyboard,51.0,3686,187986,2025-03-18
Pune,Home Appliances,Fan,35.0,9313,325955,2025-06-17
Chennai,Fashion,Jeans,97.0,10155,985035,2025-05-11
Ahmedabad,Accessories,Mouse,51.0,2152,109752,2025-11-10
Patna,Electronics,Camera,78.0,10872,848016,2025-11-17
Patna,Office,Printer,24.0,2046,49104,2025-01-13
Bhopal,Electronics,Smartphone,26.0,12647,328822,2025-10-24
Ahmedabad,Accessories,Keyboard,114.0,9919,1130766,2025-05-12
Jaipur,Electronics,Smartphone,73.0,14785,1079305,2025-05-07
Kolkata,Electronics,Tablet,2.0,3745,7490,2025-03-28
Ahmedabad,Fashion,Watch,93.0,6566,610638,2025-12-11
Lucknow,Office,Printer,118.0,8255,974090,2025-08-18
Kochi,Accessories,Keyboard,10.0,10298,102980,2025-02-01
Mysuru,Electronics,Monitor,7.0,14243,99701,2025-01-09
Delhi,Electronics,Tablet,57.0,6449,367593,2025-12-19
Pune,Electronics,Laptop,48.0,3727,178896,2025-11-07
Hyderabad,Accessories,Headphones,36.0,7040,253440,2025-11-01
Mysuru,Electronics,Laptop,39.0,2523,98397,2025-05-15
Patna,Fashion,T-Shirt,118.0,10631,1254458,2025-12-22
Bhopal,Electronics,Camera,23.0,435,10005,2025-02-03
Jaipur,Fashion,Watch,112.0,14723,1648976,2025-10-23
Mumbai,Accessories,Mouse,3.0,11715,35145,2025-10-16
Bengaluru,Fashion,Jeans,9.0,6713,60417,2025-11-13
Delhi,Electronics,Camera,56.0,13806,773136,2025-08-14
Patna,Electronics,Monitor,115.0,921,105915,2025-11-03
Hyderabad,Accessories,Mouse,93.0,8050,748650,2025-04-26
Ahmedabad,Electronics,Tablet,112.0,3281,367472,2025-04-23
Bhopal,Electronics,Laptop,112.0,9427,1055824,2025-07-18
Hyderabad,Office,Printer,92.0,14101,1297292,2025-12-02
Ahmedabad,Accessories,Headphones,77.0,6217,478709,2025-08-27
Jaipur,Home Appliances,Mixer,48.0,10990,527520,2025-06-24
Pune,Home Appliances,Mixer,42.0,12245,514290,2025-11-12
Hyderabad,Fashion,Watch,48.0,7859,377232,2025-06-25
Pune,Fashion,Watch,87.0,9084,790308,2025-07-12
Mysuru,Electronics,Monitor,33.0,14696,484968,2025-03-11
Surat,Accessories,Speaker,58.0,12548,727784,2025-09-28
Lucknow,Fashion,T-Shirt,44.0,8496,373824,2025-11-05
Kochi,Accessories,Keyboard,109.0,13286,1448174,2025-10-05
Jaipur,Fashion,Watch,11.0,13691,150601,2025-07-04
Hyderabad,Home Appliances,Mixer,67.0,1900,127300,2025-10-01
Bhopal,Home Appliances,Air Cooler,22.0,12319,271018,2025-04-22
Patna,Accessories,Speaker,15.0,5532,82980,2025-12-27
Lucknow,Accessories,Speaker,67.0,10962,734454,2025-07-08
Surat,Accessories,Speaker,89.0,12513,1113657,2025-02-08
Bengaluru,Office,Printer,107.0,11569,1237883,2025-04-23
Hyderabad,Home Appliances,Mixer,64.0,2565,164160,2025-02-23
Surat,Fashion,Watch,39.0,13720,535080,2025-04-18
Mumbai,Electronics,Smartphone,4.0,465,1860,2025-01-10
Mumbai,Fashion,Jeans,106.0,12915,1368990,2025-11-03
Pune,Accessories,Speaker,16.0,7112,113792,2025-06-22
Chennai,Electronics,Monitor,39.0,5822,227058,2025-07-12
Lucknow,Accessories,Speaker,80.0,9861,788880,2025-08-21
Kolkata,Home Appliances,Mixer,87.0,8250,717750,2025-01-16
Patna,Accessories,Headphones,33.0,11679,385407,2025-08-28
Mysuru,Office,Printer,55.0,11481,631455,2025-10-20
Patna,Accessories,Speaker,4.0,6425,25700,2025-01-16
Chennai,Electronics,Camera,33.0,9108,300564,2025-02-03
Lucknow,Electronics,Camera,49.0,12472,611128,2025-06-08
Bhopal,Office,Printer,42.0,5275,221550,2025-09-25
Surat,Office,Printer,79.0,6927,547233,2025-02-01
Jaipur,Fashion,T-Shirt,120.0,8495,1019400,2025-08-03
Patna,Fashion,Watch,36.0,11621,418356,2025-10-13
Mumbai,Home Appliances,Air Cooler,93.0,998,92814,2025-05-19
Kochi,Home Appliances,Fan,23.0,14982,344586,2025-08-10
Mumbai,Fashion,T-Shirt,38.0,10048,381824,2025-06-14
Bengaluru,Fashion,T-Shirt,26.0,8099,210574,2025-08-08
Delhi,Office,Printer,99.0,6372,630828,2025-01-10
Ahmedabad,Fashion,Shoes,111.0,11390,1264290,2025-10-28
Delhi,Fashion,Watch,104.0,11681,1214824,2025-02-04
Ahmedabad,Fashion,Jeans,95.0,10115,960925,2025-10-01
Bhopal,Office,Backpack,102.0,11651,1188402,2025-07-01
Pune,Home Appliances,Air Cooler,48.0,10601,508848,2025-09-04
Pune,Office,Printer,36.0,7348,264528,2025-09-23
Ahmedabad,Electronics,Laptop,12.0,4505,54060,2025-11-12
Bengaluru,Office,Printer,117.0,14544,1701648,2025-03-04
Ahmedabad,Fashion,T-Shirt,74.0,3260,241240,2025-11-07
Patna,Home Appliances,Fan,72.0,4509,324648,2025-08-03
Chennai,Fashion,Watch,15.0,9369,140535,2025-01-08
Bengaluru,Fashion,Shoes,18.0,12432,223776,2025-12-13
Jaipur,Accessories,Headphones,66.0,13112,865392,2025-01-04
Mysuru,Accessories,Headphones,39.0,14624,570336,2025-03-11
Ahmedabad,Fashion,Watch,103.0,3698,380894,2025-04-22
Jaipur,Office,Backpack,28.0,1822,51016,2025-03-13
Jaipur,Home Appliances,Mixer,19.0,11129,211451,2025-03-28
Delhi,Fashion,T-Shirt,62.0,8611,533882,2025-02-19
Kochi,Fashion,Watch,108.0,10450,1128600,2025-06-08
Kochi,Accessories,Speaker,8.0,12526,100208,2025-07-02
Mysuru,Accessories,Speaker,4.0,3355,13420,2025-11-24
Mysuru,Accessories,Speaker,58.0,10135,587830,2025-04-24
Surat,Fashion,Watch,79.0,13151,1038929,2025-09-14
Patna,Fashion,Jeans,77.0,8740,672980,2025-05-16
Jaipur,Electronics,Camera,77.0,706,54362,2025-07-03
Hyderabad,Electronics,Smartphone,99.0,10708,1060092,2025-01-12
Kochi,Office,Backpack,60.0,10852,651120,2025-06-10
Ahmedabad,Home Appliances,Air Cooler,42.0,5248,220416,2025-08-17
Ahmedabad,Office,Printer,61.0,5722,349042,2025-02-23
Kochi,Accessories,Headphones,33.0,10507,346731,2025-05-09
Chennai,Accessories,Keyboard,41.0,5511,225951,2025-04-19
Surat,Accessories,Mouse,25.0,13728,343200,2025-06-17
Surat,Office,Backpack,34.0,9993,339762,2025-07-22
Chennai,Fashion,Jeans,103.0,12814,1319842,2025-12-10
Jaipur,Accessories,Mouse,27.0,13274,358398,2025-08-19
Chennai,Fashion,T-Shirt,93.0,12041,1119813,2025-05-21
Ahmedabad,Fashion,Shoes,24.0,14737,353688,2025-11-26
Mysuru,Accessories,Keyboard,51.0,8135,414885,2025-12-09
Lucknow,Home Appliances,Fan,69.0,5793,399717,2025-03-09
Bengaluru,Electronics,Tablet,16.0,6369,101904,2025-09-13
Mysuru,Electronics,Smartphone,104.0,4374,454896,2025-08-15
Pune,Home Appliances,Air Cooler,106.0,4739,502334,2025-09-19
Lucknow,Fashion,Shoes,7.0,7207,50449,2025-11-16
Delhi,Electronics,Camera,56.0,6538,366128,2025-06-04
Kochi,Fashion,T-Shirt,47.0,12653,594691,2025-01-02
Delhi,Electronics,Tablet,14.0,9186,128604,2025-09-09
Bengaluru,Electronics,Camera,27.0,854,23058,2025-11-19
Hyderabad,Electronics,Laptop,44.0,10429,458876,2025-12-09
Lucknow,Office,Printer,30.0,3811,114330,2025-10-20
Jaipur,Accessories,Mouse,108.0,4072,439776,2025-03-01
Kochi,Home Appliances,Fan,98.0,3802,372596,2025-03-26
Mumbai,Office,Printer,70.0,10297,720790,2025-01-06
Mumbai,Home Appliances,Air Cooler,79.0,4619,364901,2025-08-04
Delhi,Fashion,Watch,29.0,4165,120785,2025-08-20
Surat,Fashion,Jeans,36.0,1959,70524,2025-01-08
Pune,Accessories,Speaker,75.0,14304,1072800,2025-10-28
Bhopal,Office,Printer,30.0,1844,55320,2025-02-14
Lucknow,Office,Backpack,20.0,12310,246200,2025-07-28
Mysuru,Office,Printer,70.0,12734,891380,2025-05-07
Kolkata,Office,Backpack,102.0,14538,1482876,2025-09-11
Ahmedabad,Electronics,Camera,65.0,10286,668590,2025-07-27
Lucknow,Home Appliances,Mixer,48.0,2567,123216,2025-12-03
Kolkata,Office,Printer,101.0,6819,688719,2025-04-07
Mysuru,Accessories,Speaker,36.0,4275,153900,2025-12-10
Surat,Fashion,Watch,77.0,14580,1122660,2025-08-01
Bhopal,Home Appliances,Mixer,83.0,11629,965207,2025-02-15
Bengaluru,Electronics,Camera,74.0,5855,433270,2025-06-13
Pune,Office,Backpack,93.0,7496,697128,2025-07-03
Ahmedabad,Accessories,Mouse,30.0,4609,138270,2025-06-09
Jaipur,Fashion,Jeans,29.0,14186,411394,2025-10-21
Kolkata,Home Appliances,Air Cooler,104.0,3406,354224,2025-01-13
Lucknow,Electronics,Smartphone,12.0,11785,141420,2025-03-03
Ahmedabad,Home Appliances,Mixer,33.0,1498,49434,2025-09-09
Kochi,Fashion,Shoes,19.0,14265,271035,2025-07-09
Mumbai,Fashion,Jeans,53.0,5305,281165,2025-03-17
Patna,Fashion,T-Shirt,80.0,1054,84320,2025-10-21
Chennai,Fashion,Shoes,71.0,7904,561184,2025-07-06
Patna,Electronics,Smartphone,78.0,11874,926172,2025-02-03
Mumbai,Electronics,Tablet,105.0,13031,1368255,2025-03-18
Mysuru,Office,Backpack,93.0,3131,291183,2025-03-18
Delhi,Fashion,Jeans,101.0,343,34643,2025-06-28
Delhi,Accessories,Headphones,65.0,8465,550225,2025-01-13
Kochi,Fashion,T-Shirt,61.0,2754,167994,2025-03-08
Chennai,Home Appliances,Fan,74.0,13031,964294,2025-05-15
Delhi,Office,Printer,91.0,2000,182000,2025-12-08
Hyderabad,Home Appliances,Mixer,9.0,6383,57447,2025-03-01
Jaipur,Office,Backpack,87.0,12557,1092459,2025-07-18
Lucknow,Office,Backpack,83.0,8714,723262,2025-06-26
Hyderabad,Home Appliances,Air Cooler,108.0,12477,1347516,2025-07-25
Patna,Home Appliances,Fan,22.0,8443,185746,2025-08-05
Hyderabad,Electronics,Smartphone,10.0,10027,100270,2025-06-27
Hyderabad,Electronics,Monitor,116.0,6956,806896,2025-07-13
Bengaluru,Accessories,Headphones,41.0,8182,335462,2025-04-25
Kochi,Fashion,Watch,100.0,10660,1066000,2025-03-15
Chennai,Home Appliances,Air Cooler,18.0,10834,195012,2025-05-13
Ahmedabad,Fashion,T-Shirt,116.0,3920,454720,2025-08-09
Ahmedabad,Office,Backpack,92.0,7821,719532,2025-06-07
Mysuru,Fashion,Watch,7.0,4220,29540,2025-03-21
Mysuru,Electronics,Tablet,48.0,1070,51360,2025-06-15
Kochi,Office,Backpack,10.0,10001,100010,2025-05-12
Kolkata,Home Appliances,Air Cooler,62.0,863,53506,2025-08-03
Mumbai,Accessories,Keyboard,40.0,8502,340080,2025-03-01
Surat,Fashion,Shoes,8.0,604,4832,2025-09-07
Patna,Home Appliances,Fan,4.0,7545,30180,2025-07-11
Kolkata,Home Appliances,Fan,45.0,10387,467415,2025-06-10
Ahmedabad,Electronics,Monitor,75.0,2220,166500,2025-08-25
Bhopal,Office,Printer,86.0,12968,1115248,2025-09-24
Surat,Home Appliances,Air Cooler,9.0,2712,24408,2025-07-11
Lucknow,Office,Backpack,19.0,2529,48051,2025-04-03
Hyderabad,Office,Backpack,51.0,3808,194208,2025-01-02
Pune,Electronics,Smartphone,25.0,7054,176350,2025-10-07
Bengaluru,Fashion,Watch,71.0,9509,675139,2025-05-07
Ahmedabad,Electronics,Smartphone,110.0,813,89430,2025-05-24
Mumbai,Electronics,Smartphone,60.0,2913,174780,2025-11-16
Bhopal,Electronics,Camera,104.0,14935,1553240,2025-06-20
Mysuru,Accessories,Speaker,34.0,9654,328236,2025-09-18
Kochi,Accessories,Mouse,68.0,2749,186932,2025-11-22
Mysuru,Home Appliances,Air Cooler,88.0,4770,419760,2025-10-25
Hyderabad,Fashion,Jeans,105.0,564,59220,2025-07-16
Lucknow,Accessories,Mouse,64.0,12066,772224,2025-07-02
Chennai,Accessories,Mouse,14.0,13701,191814,2025-03-18
Jaipur,Fashion,Jeans,60.0,2710,162600,2025-02-23
Lucknow,Home Appliances,Fan,53.0,12365,655345,2025-07-14
Ahmedabad,Accessories,Mouse,11.0,4173,45903,2025-03-20
Pune,Electronics,Tablet,119.0,14770,1757630,2025-01-14
Kolkata,Office,Printer,54.0,7952,429408,2025-01-11
Lucknow,Electronics,Tablet,31.0,8171,253301,2025-08-13
Chennai,Fashion,Watch,56.0,14117,790552,2025-04-10
Lucknow,Home Appliances,Mixer,44.0,2808,123552,2025-10-11
Bhopal,Office,Printer,13.0,1545,20085,2025-02-26
Mysuru,Electronics,Smartphone,70.0,7221,505470,2025-08-03
Delhi,Fashion,T-Shirt,1.0,7920,7920,2025-03-02
Surat,Accessories,Mouse,87.0,11433,994671,2025-12-12
Mumbai,Home Appliances,Mixer,6.0,2906,17436,2025-05-11
Kochi,Electronics,Monitor,11.0,847,9317,2025-10-01
Hyderabad,Fashion,Jeans,115.0,6603,759345,2025-08-04
Kochi,Home Appliances,Fan,79.0,13910,1098890,2025-09-03
Kochi,Home Appliances,Fan,18.0,1264,22752,2025-08-20
Mumbai,Accessories,Keyboard,83.0,12915,1071945,2025-12-17
Kochi,Office,Printer,89.0,4848,431472,2025-01-13
Jaipur,Accessories,Keyboard,89.0,7944,707016,2025-08-12
Patna,Accessories,Mouse,84.0,11761,987924,2025-07-14
Ahmedabad,Fashion,Shoes,86.0,5551,477386,2025-04-08
Mysuru,Fashion,Jeans,5.0,1501,7505,2025-01-19
Bhopal,Electronics,Smartphone,14.0,7555,105770,2025-03-05
Lucknow,Electronics,Tablet,99.0,5651,559449,2025-12-11
Surat,Fashion,Watch,56.0,6915,387240,2025-02-21
Mysuru,Home Appliances,Air Cooler,76.0,5156,391856,2025-12-07
Kolkata,Office,Printer,47.0,2764,129908,2025-07-07
Delhi,Electronics,Laptop,5.0,13980,69900,2025-05-13
Kolkata,Office,Backpack,85.0,6712,570520,2025-12-28
Pune,Office,Printer,105.0,5556,583380,2025-12-23
Pune,Accessories,Keyboard,1.0,14440,14440,2025-03-09
Mysuru,Electronics,Camera,113.0,5681,641953,2025-03-02
Mysuru,Fashion,Jeans,66.0,10094,666204,2025-08-09
Kolkata,Fashion,Jeans,54.0,829,44766,2025-01-21
Patna,Accessories,Mouse,44.0,244,10736,2025-02-16
Surat,Home Appliances,Mixer,28.0,2621,73388,2025-06-22
Lucknow,Home Appliances,Fan,68.0,6601,448868,2025-09-19
Bengaluru,Home Appliances,Mixer,56.0,12810,717360,2025-12-26
Hyderabad,Office,Backpack,69.0,12582,868158,2025-08-02
Mumbai,Accessories,Headphones,53.0,9855,522315,2025-11-26
Chennai,Office,Backpack,119.0,7794,927486,2025-10-19
Kochi,Accessories,Keyboard,58.0,4536,263088,2025-05-21
Hyderabad,Electronics,Smartphone,86.0,9695,833770,2025-05-13
Ahmedabad,Electronics,Monitor,30.0,864,25920,2025-04-27
Patna,Fashion,Watch,1.0,7245,7245,2025-01-03
Patna,Accessories,Speaker,3.0,8420,25260,2025-12-26
Surat,Accessories,Headphones,64.0,9705,621120,2025-04-18
Jaipur,Home Appliances,Fan,100.0,2098,209800,2025-04-13
Surat,Accessories,Keyboard,70.0,10949,766430,2025-04-01
Bengaluru,Office,Printer,43.0,10797,464271,2025-04-16
Delhi,Electronics,Smartphone,120.0,12478,1497360,2025-12-09
Bhopal,Accessories,Mouse,54.0,2851,153954,2025-07-07
Jaipur,Fashion,Shoes,13.0,12735,165555,2025-05-10
Mumbai,Home Appliances,Air Cooler,9.0,1448,13032,2025-03-28
Mumbai,Electronics,Smartphone,9.0,12957,116613,2025-05-06
Jaipur,Office,Backpack,16.0,8399,134384,2025-09-15
Mumbai,Electronics,Camera,86.0,10265,882790,2025-05-26
Chennai,Accessories,Headphones,46.0,3090,142140,2025-07-26
Patna,Home Appliances,Fan,93.0,498,46314,2025-10-26
Jaipur,Electronics,Laptop,21.0,2588,54348,2025-06-06
Bengaluru,Home Appliances,Mixer,62.0,12607,781634,2025-11-12
Patna,Accessories,Speaker,102.0,12598,1284996,2025-07-04
Surat,Home Appliances,Fan,28.0,2944,82432,2025-04-20
Ahmedabad,Office,Printer,96.0,3915,375840,2025-11-25
Chennai,Home Appliances,Fan,50.0,5479,273950,2025-11-12
Kolkata,Electronics,Laptop,58.0,3281,190298,2025-01-19
Kochi,Electronics,Tablet,84.0,5749,482916,2025-07-24
Kochi,Electronics,Tablet,111.0,7793,865023,2025-02-05
Delhi,Electronics,Monitor,67.0,9398,629666,2025-02-19
Kolkata,Office,Backpack,71.0,9237,655827,2025-12-25
Chennai,Electronics,Monitor,104.0,732,76128,2025-11-11
Hyderabad,Accessories,Speaker,38.0,837,31806,2025-02-02
Kolkata,Fashion,Shoes,105.0,6419,673995,2025-03-09
Hyderabad,Office,Printer,68.0,6160,418880,2025-02-16
Delhi,Accessories,Speaker,3.0,628,1884,2025-05-11
Kochi,Electronics,Smartphone,120.0,8800,1056000,2025-10-20
Kolkata,Electronics,Tablet,15.0,1759,26385,2025-05-25
Patna,Accessories,Headphones,24.0,9643,231432,2025-04-19
Patna,Electronics,Smartphone,7.0,4730,33110,2025-05-27
Bhopal,Home Appliances,Air Cooler,117.0,14277,1670409,2025-02-26
Mysuru,Home Appliances,Air Cooler,112.0,11512,1289344,2025-09-10
Mysuru,Home Appliances,Air Cooler,39.0,1845,71955,2025-07-25
Surat,Electronics,Tablet,118.0,14584,1720912,2025-07-03
Mumbai,Accessories,Mouse,95.0,1052,99940,2025-03-03
Ahmedabad,Home Appliances,Mixer,14.0,14804,207256,2025-08-02
Lucknow,Accessories,Speaker,70.0,1951,136570,2025-05-06
Surat,Home Appliances,Mixer,11.0,5673,62403,2025-03-06
Bengaluru,Home Appliances,Air Cooler,111.0,1901,211011,2025-11-26
Bhopal,Office,Printer,94.0,11802,1109388,2025-03-06
Mysuru,Home Appliances,Mixer,53.0,286,15158,2025-11-17
Pune,Accessories,Keyboard,64.0,9171,586944,2025-04-02
Kolkata,Fashion,Watch,25.0,13717,342925,2025-09-10
Hyderabad,Fashion,Watch,76.0,6942,527592,2025-10-10
Lucknow,Fashion,T-Shirt,91.0,7084,644644,2025-05-21
Bhopal,Office,Printer,15.0,6844,102660,2025-10-07
Mumbai,Accessories,Keyboard,74.0,3220,238280,2025-11-19
Bhopal,Fashion,Jeans,92.0,858,78936,2025-04-08
Hyderabad,Electronics,Laptop,88.0,6667,586696,2025-03-07
Mumbai,Electronics,Monitor,1.0,10879,10879,2025-04-23
Delhi,Electronics,Camera,14.0,5792,81088,2025-04-15
Pune,Fashion,T-Shirt,112.0,6241,698992,2025-06-14
Kochi,Home Appliances,Air Cooler,36.0,7464,268704,2025-11-07
Surat,Fashion,Jeans,50.0,5986,299300,2025-04-28
Hyderabad,Fashion,Watch,63.0,4687,295281,2025-07-02
Mysuru,Electronics,Camera,60.0,2798,167880,2025-01-26
Mumbai,Electronics,Camera,68.0,4936,335648,2025-04-14
Patna,Accessories,Keyboard,37.0,4776,176712,2025-03-14
Lucknow,Electronics,Camera,101.0,12694,1282094,2025-09-03
Chennai,Office,Backpack,39.0,10755,419445,2025-04-15
Chennai,Accessories,Speaker,50.0,4617,230850,2025-03-16
Ahmedabad,Office,Printer,3.0,12996,38988,2025-04-21
Mumbai,Office,Printer,71.0,8550,607050,2025-11-05
Hyderabad,Accessories,Mouse,67.0,4374,293058,2025-12-04
Lucknow,Home Appliances,Fan,96.0,6814,654144,2025-01-03
Chennai,Electronics,Smartphone,116.0,4833,560628,2025-05-26
Surat,Home Appliances,Air Cooler,74.0,13290,983460,2025-09-06
Bhopal,Office,Printer,20.0,520,10400,2025-06-25
Chennai,Home Appliances,Fan,73.0,5791,422743,2025-01-16
Pune,Fashion,T-Shirt,94.0,5219,490586,2025-12-25
Surat,Accessories,Mouse,76.0,3468,263568,2025-11-13
Ahmedabad,Home Appliances,Air Cooler,73.0,6047,441431,2025-02-13
Kochi,Home Appliances,Mixer,114.0,4212,480168,2025-06-02
Kolkata,Accessories,Mouse,61.0,12634,770674,2025-04-18
Mumbai,Office,Printer,56.0,9414,527184,2025-01-23
Kochi,Electronics,Monitor,115.0,2444,281060,2025-04-14
Mumbai,Electronics,Smartphone,60.0,6956,417360,2025-09-24
Bhopal,Electronics,Monitor,57.0,11970,682290,2025-03-08
Bengaluru,Fashion,Jeans,48.0,1786,85728,2025-01-09
Mysuru,Home Appliances,Fan,16.0,4794,76704,2025-11-19
Mumbai,Office,Printer,12.0,5783,69396,2025-04-20
Surat,Electronics,Tablet,102.0,10002,1020204,2025-09-24
Delhi,Fashion,T-Shirt,61.0,11488,700768,2025-05-18
Mumbai,Electronics,Camera,105.0,3744,393120,2025-07-11
Bengaluru,Electronics,Monitor,75.0,3957,296775,2025-10-09
Bhopal,Office,Backpack,120.0,6047,725640,2025-08-18
Bengaluru,Fashion,T-Shirt,95.0,1797,170715,2025-11-19
Bhopal,Accessories,Keyboard,23.0,13672,314456,2025-03-08
Delhi,Electronics,Smartphone,26.0,13754,357604,2025-04-07
Lucknow,Accessories,Speaker,8.0,11040,88320,2025-08-08
Kolkata,Fashion,T-Shirt,16.0,12090,193440,2025-12-07
Mysuru,Accessories,Speaker,20.0,11470,229400,2025-02-27
Bengaluru,Fashion,Watch,49.0,324,15876,2025-03-12
Mumbai,Home Appliances,Mixer,88.0,14010,1232880,2025-07-04
Pune,Fashion,Jeans,10.0,2718,27180,2025-07-04
Jaipur,Fashion,Jeans,35.0,11893,416255,2025-09-23
Delhi,Home Appliances,Air Cooler,116.0,9794,1136104,2025-06-15
Pune,Home Appliances,Air Cooler,85.0,9494,806990,2025-04-15
Chennai,Fashion,Watch,36.0,5372,193392,2025-05-20
Jaipur,Electronics,Smartphone,52.0,5042,262184,2025-07-25
Bhopal,Office,Printer,112.0,9725,1089200,2025-02-26
Kochi,Fashion,T-Shirt,30.0,12275,368250,2025-12-18
Bhopal,Electronics,Monitor,62.0,6665,413230,2025-11-19
Patna,Fashion,T-Shirt,67.0,3145,210715,2025-09-08
Lucknow,Fashion,Jeans,117.0,1031,120627,2025-09-28
Kolkata,Home Appliances,Mixer,31.0,9031,279961,2025-09-03
Jaipur,Home Appliances,Air Cooler,12.0,4454,53448,2025-05-11
Kochi,Fashion,Jeans,6.0,7207,43242,2025-08-28
Surat,Fashion,Jeans,103.0,13143,1353729,2025-04-23
Pune,Electronics,Monitor,19.0,10437,198303,2025-08-03
Delhi,Home Appliances,Mixer,95.0,12654,1202130,2025-06-15
Bengaluru,Accessories,Mouse,4.0,742,2968,2025-01-25
Bhopal,Electronics,Laptop,11.0,5483,60313,2025-03-25
Patna,Home Appliances,Mixer,11.0,11471,126181,2025-04-16
Kolkata,Electronics,Camera,101.0,14852,1500052,2025-09-21
Kolkata,Electronics,Monitor,4.0,11983,47932,2025-03-12
Patna,Office,Printer,102.0,8457,862614,2025-11-10
Delhi,Accessories,Mouse,21.0,1593,33453,2025-09-27
Ahmedabad,Home Appliances,Air Cooler,74.0,9047,669478,2025-08-10
Lucknow,Home Appliances,Mixer,20.0,3079,61580,2025-05-17
Pune,Electronics,Tablet,49.0,7882,386218,2025-01-17
Surat,Office,Printer,6.0,10017,60102,2025-01-01
Mumbai,Accessories,Keyboard,49.0,5858,287042,2025-11-11
Lucknow,Accessories,Mouse,68.0,2656,180608,2025-07-13
Chennai,Electronics,Smartphone,53.0,2645,140185,2025-05-17
Kochi,Accessories,Mouse,85.0,1002,85170,2025-06-10
Bengaluru,Fashion,Watch,94.0,886,83284,2025-09-23
Lucknow,Office,Printer,53.0,3606,191118,2025-04-14
Bengaluru,Home Appliances,Air Cooler,59.0,10326,609234,2025-06-26
Mumbai,Home Appliances,Air Cooler,110.0,8815,969650,2025-03-05
Pune,Electronics,Tablet,103.0,969,99807,2025-02-28
Bengaluru,Accessories,Headphones,114.0,9306,1060884,2025-09-24
Ahmedabad,Accessories,Mouse,110.0,10747,1182170,2025-03-18
Patna,Office,Printer,67.0,3376,226192,2025-07-23
Surat,Fashion,T-Shirt,52.0,4587,238524,2025-04-05
Hyderabad,Electronics,Smartphone,90.0,6754,607860,2025-10-22
Chennai,Fashion,Shoes,53.0,5075,268975,2025-03-01
Jaipur,Office,Printer,48.0,12033,577584,2025-12-28
Ahmedabad,Office,Printer,14.0,5272,73808,2025-05-03
Kolkata,Electronics,Camera,38.0,10548,400824,2025-07-06
Pune,Accessories,Mouse,111.0,14510,1610610,2025-01-06
Hyderabad,Fashion,Shoes,44.0,9104,400576,2025-11-06
Hyderabad,Fashion,T-Shirt,86.0,1586,136396,2025-08-13
Kochi,Office,Backpack,111.0,4961,550671,2025-09-19
Mumbai,Home Appliances,Air Cooler,118.0,568,67024,2025-04-24
Delhi,Accessories,Keyboard,72.0,11626,837072,2025-09-17
Kochi,Accessories,Mouse,93.0,2399,223107,2025-08-20
Bengaluru,Electronics,Tablet,5.0,4946,24730,2025-11-21
Kochi,Accessories,Keyboard,27.0,3741,101007,2025-04-25
Kolkata,Accessories,Keyboard,107.0,8821,943847,2025-05-19
Mumbai,Electronics,Camera,94.0,3835,360490,2025-03-26
Ahmedabad,Electronics,Laptop,92.0,10028,922576,2025-08-17
Lucknow,Electronics,Monitor,7.0,10136,70952,2025-04-08
Surat,Electronics,Smartphone,64.0,3751,240064,2025-03-13
Bengaluru,Accessories,Keyboard,6.0,14656,87936,2025-07-28
Jaipur,Electronics,Laptop,118.0,12488,1473584,2025-10-25
Kochi,Office,Backpack,50.0,1761,88050,2025-08-17
Bengaluru,Office,Printer,2.0,3228,6456,2025-04-27
Jaipur,Electronics,Monitor,14.0,5681,79534,2025-07-04
Ahmedabad,Fashion,T-Shirt,32.0,11478,367296,2025-07-11
Bhopal,Office,Backpack,94.0,4847,455618,2025-10-04
Pune,Office,Printer,113.0,10375,1172375,2025-11-07
Hyderabad,Accessories,Mouse,18.0,14714,264852,2025-01-03
Patna,Home Appliances,Mixer,104.0,2218,230672,2025-09-21
Chennai,Home Appliances,Fan,14.0,9034,126476,2025-05-08
Delhi,Office,Backpack,44.0,13930,612920,2025-01-19
Chennai,Office,Printer,22.0,13552,298144,2025-12-06
Ahmedabad,Home Appliances,Air Cooler,65.0,2622,170430,2025-02-08
Hyderabad,Accessories,Mouse,44.0,7052,310288,2025-02-03
Bhopal,Electronics,Tablet,17.0,8714,148138,2025-09-14
Ahmedabad,Electronics,Tablet,81.0,548,44388,2025-06-08
Jaipur,Office,Backpack,56.0,13155,736680,2025-12-02
Kochi,Electronics,Laptop,96.0,2310,221760,2025-07-25
Mysuru,Electronics,Laptop,25.0,14533,363325,2025-01-17
Kochi,Fashion,Shoes,50.0,6718,335900,2025-10-03
Kolkata,Electronics,Camera,20.0,11421,228420,2025-08-03
Mysuru,Fashion,T-Shirt,23.0,12776,293848,2025-04-09
Jaipur,Accessories,Mouse,7.0,13592,95144,2025-07-17
Kochi,Fashion,Watch,74.0,1982,146668,2025-08-21
Lucknow,Office,Backpack,98.0,9397,920906,2025-11-05
Chennai,Fashion,Shoes,38.0,12482,474316,2025-01-04
Chennai,Accessories,Headphones,102.0,8847,902394,2025-08-25
Bhopal,Accessories,Mouse,31.0,8013,248403,2025-11-18
Surat,Home Appliances,Mixer,53.0,955,50615,2025-04-08
Ahmedabad,Accessories,Headphones,7.0,1878,13146,2025-11-12
Lucknow,Electronics,Monitor,106.0,978,103668,2025-09-12
Lucknow,Home Appliances,Air Cooler,9.0,13361,120249,2025-05-10
Patna,Fashion,T-Shirt,92.0,7623,701316,2025-05-19
Lucknow,Fashion,Watch,97.0,9995,969515,2025-12-19
Kochi,Office,Backpack,112.0,12988,1454656,2025-11-10
Bhopal,Home Appliances,Air Cooler,78.0,12643,986154,2025-10-24
Jaipur,Office,Printer,114.0,8755,998070,2025-05-05
Kolkata,Accessories,Speaker,82.0,9518,780476,2025-04-05
Lucknow,Home Appliances,Mixer,38.0,548,20824,2025-09-10
Delhi,Home Appliances,Mixer,23.0,14790,340170,2025-04-04
Lucknow,Fashion,Shoes,100.0,2514,251400,2025-07-13
Jaipur,Home Appliances,Mixer,53.0,10394,550882,2025-12-01
Patna,Office,Printer,51.0,10689,545139,2025-02-15
Chennai,Office,Printer,83.0,7441,617603,2025-03-24
Surat,Accessories,Keyboard,67.0,10140,679380,2025-04-11
Surat,Home Appliances,Fan,84.0,4197,352548,2025-09-05
Bengaluru,Home Appliances,Mixer,108.0,13614,1470312,2025-05-27
Mysuru,Accessories,Speaker,114.0,11072,1262208,2025-02-05
Patna,Home Appliances,Air Cooler,56.0,5792,324352,2025-01-18
Surat,Fashion,Watch,76.0,12702,965352,2025-06-18
Jaipur,Fashion,Watch,85.0,4558,387430,2025-02-26
Mysuru,Office,Backpack,45.0,6867,309015,2025-11-03
Surat,Fashion,T-Shirt,72.0,8095,582840,2025-07-04
Kolkata,Fashion,Jeans,104.0,8859,921336,2025-06-19
Jaipur,Electronics,Tablet,108.0,3346,361368,2025-05-13
Jaipur,Fashion,Jeans,76.0,13246,1006696,2025-05-28
Patna,Accessories,Headphones,110.0,682,75020,2025-03-16
Lucknow,Fashion,T-Shirt,1.0,11139,11139,2025-09-14
Patna,Office,Backpack,9.0,1103,9927,2025-02-27
Kochi,Office,Printer,10.0,1530,15300,2025-11-07
Mumbai,Home Appliances,Fan,106.0,13689,1451034,2025-01-02
Hyderabad,Office,Printer,79.0,10821,854859,2025-05-03
Ahmedabad,Home Appliances,Mixer,110.0,12286,1351460,2025-06-02
Kochi,Office,Printer,111.0,10514,1167054,2025-09-07
Bengaluru,Home Appliances,Fan,83.0,6936,575688,2025-11-05
Mysuru,Accessories,Keyboard,82.0,4784,392288,2025-05-01
Delhi,Office,Backpack,57.0,10011,570627,2025-05-13
Patna,Electronics,Camera,114.0,2489,283746,2025-12-13
Jaipur,Office,Printer,77.0,2447,188419,2025-06-01
Mysuru,Electronics,Camera,93.0,10446,971478,2025-08-13
Patna,Electronics,Smartphone,73.0,11657,850961,2025-10-03
Hyderabad,Accessories,Headphones,51.0,8784,447984,2025-11-18
Mumbai,Electronics,Smartphone,26.0,3520,91520,2025-08-08
Kolkata,Fashion,Shoes,46.0,11913,547998,2025-03-07
Bengaluru,Office,Printer,60.0,9124,547440,2025-02-15
Delhi,Fashion,Jeans,87.0,1865,162255,2025-02-20
Kochi,Electronics,Camera,15.0,3785,56775,2025-07-08
Jaipur,Home Appliances,Air Cooler,41.0,2368,97088,2025-08-16
Ahmedabad,Home Appliances,Fan,49.0,2186,107114,2025-04-07
Bengaluru,Electronics,Monitor,38.0,5231,198778,2025-05-19
Jaipur,Fashion,Shoes,7.0,2507,17549,2025-07-10
Chennai,Electronics,Laptop,56.0,4712,263872,2025-05-02
Ahmedabad,Office,Printer,88.0,4298,378224,2025-02-13
Patna,Home Appliances,Mixer,119.0,2522,300118,2025-08-24
Kochi,Office,Printer,118.0,3258,384444,2025-02-01
Kochi,Fashion,T-Shirt,113.0,8253,932589,2025-10-18
Mysuru,Fashion,T-Shirt,81.0,3368,272808,2025-05-17
Kochi,Office,Printer,74.0,9147,676878,2025-06-24
Kochi,Office,Backpack,30.0,12617,378510,2025-07-28
Jaipur,Fashion,Jeans,113.0,2083,235379,2025-09-06
Patna,Accessories,Speaker,4.0,5745,22980,2025-04-19
Jaipur,Office,Printer,64.0,13071,836544,2025-12-19
Bhopal,Office,Backpack,88.0,2149,189112,2025-08-16
Jaipur,Electronics,Camera,111.0,8334,925074,2025-04-13
Jaipur,Fashion,T-Shirt,47.0,12726,598122,2025-01-13
Chennai,Fashion,T-Shirt,85.0,13973,1187705,2025-03-06
Surat,Accessories,Mouse,87.0,2808,244296,2025-02-13
Mysuru,Accessories,Headphones,100.0,5689,568900,2025-09-15
Mumbai,Electronics,Tablet,52.0,9529,495508,2025-03-24
Delhi,Home Appliances,Air Cooler,99.0,3054,302346,2025-02-19
Jaipur,Accessories,Speaker,59.0,12569,741571,2025-10-02
Pune,Home Appliances,Air Cooler,99.0,11371,1125729,2025-05-08
Bengaluru,Home Appliances,Air Cooler,70.0,4931,345170,2025-09-28
Bengaluru,Fashion,Jeans,115.0,819,94185,2025-06-26
Jaipur,Home Appliances,Air Cooler,94.0,3965,372710,2025-11-27
Hyderabad,Office,Backpack,65.0,4981,323765,2025-11-05
Jaipur,Home Appliances,Fan,109.0,12249,1335141,2025-10-17
Jaipur,Electronics,Laptop,37.0,5881,217597,2025-08-21
Surat,Home Appliances,Fan,104.0,12507,1300728,2025-01-23
Pune,Office,Printer,46.0,3133,144118,2025-04-18
Surat,Office,Backpack,62.0,3411,211482,2025-09-25
Pune,Fashion,T-Shirt,120.0,10285,1234200,2025-08-09
Ahmedabad,Electronics,Monitor,9.0,11986,107874,2025-11-22
Lucknow,Office,Backpack,50.0,9079,453950,2025-03-28
Delhi,Home Appliances,Fan,65.0,8346,542490,2025-12-28
Bhopal,Fashion,Shoes,67.0,9650,646550,2025-04-16
Pune,Electronics,Monitor,41.0,11366,466006,2025-09-01
Mysuru,Fashion,Jeans,48.0,1049,50352,2025-12-09
Lucknow,Electronics,Tablet,97.0,6592,639424,2025-07-24
Mumbai,Accessories,Speaker,73.0,827,60371,2025-01-22
Bhopal,Fashion,Shoes,116.0,9076,1052816,2025-03-25
Pune,Accessories,Mouse,35.0,4315,151025,2025-03-17
Kochi,Office,Backpack,26.0,2499,64974,2025-06-27
Delhi,Home Appliances,Fan,24.0,10657,255768,2025-04-21
Pune,Home Appliances,Air Cooler,74.0,14073,1041402,2025-05-26
Kolkata,Fashion,Jeans,70.0,14970,1047900,2025-10-04
Mysuru,Office,Printer,34.0,1504,51136,2025-11-22
Mysuru,Accessories,Keyboard,69.0,12676,874644,2025-06-24
Lucknow,Office,Printer,117.0,5825,681525,2025-07-06
Kolkata,Fashion,Watch,76.0,3831,291156,2025-12-08
Chennai,Home Appliances,Air Cooler,101.0,11446,1156046,2025-06-04
Kolkata,Home Appliances,Mixer,72.0,11842,852624,2025-07-12
Jaipur,Electronics,Camera,67.0,4506,301902,2025-07-28
Surat,Accessories,Headphones,79.0,5450,430550,2025-08-25
Surat,Accessories,Mouse,29.0,324,9396,2025-04-10
Lucknow,Home Appliances,Mixer,113.0,11266,1273058,2025-09-27
Delhi,Electronics,Laptop,117.0,8084,945828,2025-10-16
Lucknow,Electronics,Smartphone,67.0,13848,927816,2025-12-11
Kolkata,Fashion,Shoes,102.0,817,83334,2025-02-27
Ahmedabad,Fashion,Watch,40.0,1645,65800,2025-06-10
Chennai,Electronics,Tablet,106.0,5570,590420,2025-04-04
Pune,Fashion,Shoes,80.0,14717,1177360,2025-04-27
Kochi,Office,Printer,31.0,13287,411897,2025-07-15
Delhi,Accessories,Headphones,3.0,10370,31110,2025-05-28
Patna,Electronics,Tablet,99.0,13183,1305117,2025-02-02
Mumbai,Accessories,Keyboard,59.0,6473,381907,2025-10-17
Bhopal,Home Appliances,Air Cooler,61.0,9399,573339,2025-01-20
Chennai,Fashion,Watch,1.0,4651,4651,2025-06-05
Delhi,Home Appliances,Air Cooler,72.0,14232,1024704,2025-06-13
Bengaluru,Fashion,Shoes,72.0,13456,968832,2025-07-14
Ahmedabad,Accessories,Speaker,102.0,12558,1280916,2025-08-18
Bhopal,Accessories,Mouse,111.0,2945,326895,2025-03-16
Jaipur,Accessories,Mouse,95.0,14833,1409135,2025-11-09
Bhopal,Accessories,Speaker,47.0,13251,622797,2025-06-26
Lucknow,Home Appliances,Fan,23.0,8425,193775,2025-03-10
Bengaluru,Electronics,Laptop,104.0,11557,1201928,2025-07-11
Patna,Fashion,T-Shirt,113.0,845,95485,2025-01-05
Mysuru,Accessories,Mouse,82.0,3961,324802,2025-10-21
Mysuru,Fashion,T-Shirt,31.0,2348,72788,2025-11-27
Bengaluru,Electronics,Tablet,112.0,5399,604688,2025-02-07
Surat,Accessories,Mouse,62.0,753,46686,2025-09-07
Hyderabad,Office,Printer,88.0,1844,162272,2025-05-10
Lucknow,Home Appliances,Air Cooler,79.0,6476,511604,2025-07-19
Pune,Office,Printer,64.0,14132,904448,2025-12-08
Delhi,Office,Backpack,93.0,4995,464535,2025-11-14
Bhopal,Electronics,Smartphone,47.0,14060,660820,2025-09-24
Chennai,Fashion,Shoes,37.0,3626,134162,2025-02-17
Mumbai,Fashion,T-Shirt,95.0,2390,227050,2025-04-27
Surat,Fashion,Jeans,78.0,2546,198588,2025-11-01
Mysuru,Accessories,Headphones,8.0,6379,51032,2025-12-01
Delhi,Electronics,Monitor,32.0,7005,224160,2025-05-16
Patna,Fashion,Watch,45.0,596,26820,2025-09-06
Ahmedabad,Office,Backpack,67.0,11769,788523,2025-02-22
Kolkata,Fashion,Jeans,116.0,5935,688460,2025-08-15
Delhi,Accessories,Mouse,72.0,10484,754848,2025-05-16
Delhi,Office,Printer,111.0,9558,1060938,2025-01-11
Ahmedabad,Home Appliances,Mixer,66.0,13580,896280,2025-11-24
Jaipur,Office,Printer,94.0,1875,176250,2025-07-02
Mumbai,Fashion,Watch,16.0,10774,172384,2025-08-06
Chennai,Office,Printer,26.0,7456,193856,2025-12-24
Delhi,Home Appliances,Air Cooler,75.0,3249,243675,2025-01-11
Bhopal,Fashion,Jeans,74.0,9487,702038,2025-10-07
Kolkata,Office,Printer,13.0,12206,158678,2025-07-26
Jaipur,Home Appliances,Mixer,82.0,5167,423694,2025-04-18
Kolkata,Fashion,Jeans,115.0,2928,336720,2025-06-21
Pune,Fashion,Jeans,41.0,9308,381628,2025-05-09
Bhopal,Electronics,Camera,93.0,10761,1000773,2025-08-24
Chennai,Office,Printer,21.0,13442,282282,2025-07-10
Patna,Electronics,Monitor,43.0,4476,192468,2025-05-19
Kochi,Office,Printer,24.0,14835,356040,2025-08-20
Ahmedabad,Home Appliances,Fan,1.0,3260,3260,2025-10-06
Mysuru,Electronics,Smartphone,8.0,5624,44992,2025-04-22
Mumbai,Home Appliances,Fan,98.0,8834,865732,2025-08-24
Lucknow,Fashion,Watch,91.0,14869,1353079,2025-06-05
Patna,Home Appliances,Air Cooler,32.0,2340,74880,2025-03-01
Patna,Electronics,Smartphone,102.0,6168,629136,2025-07-24
Hyderabad,Electronics,Monitor,25.0,3038,75950,2025-01-02
Jaipur,Home Appliances,Fan,78.0,13484,1051752,2025-11-15
Surat,Home Appliances,Air Cooler,111.0,9521,1056831,2025-08-12
Chennai,Fashion,Shoes,86.0,8626,741836,2025-06-06
Bengaluru,Home Appliances,Fan,119.0,1197,142443,2025-01-07
Kochi,Accessories,Mouse,31.0,6554,203174,2025-11-03
Kolkata,Home Appliances,Air Cooler,42.0,1993,83706,2025-08-03
Mumbai,Fashion,Jeans,112.0,12126,1358112,2025-10-28
Mysuru,Electronics,Smartphone,83.0,9656,801448,2025-03-25
Hyderabad,Home Appliances,Air Cooler,45.0,11079,498555,2025-01-03
Chennai,Fashion,Watch,36.0,10911,392796,2025-12-17
Pune,Electronics,Monitor,106.0,3416,362096,2025-01-19
Mumbai,Office,Printer,27.0,11452,309204,2025-10-16
Delhi,Home Appliances,Mixer,19.0,6717,127623,2025-01-21
Surat,Fashion,T-Shirt,27.0,2778,75006,2025-02-28
Bengaluru,Office,Backpack,60.0,12531,751860,2025-11-05
Mumbai,Electronics,Monitor,99.0,12422,1229778,2025-11-03
Bengaluru,Electronics,Camera,52.0,1912,99424,2025-03-06
Bhopal,Electronics,Monitor,93.0,722,67146,2025-08-05
Bhopal,Accessories,Speaker,120.0,4274,512880,2025-04-20
Pune,Fashion,T-Shirt,38.0,9569,363622,2025-04-14
Ahmedabad,Accessories,Keyboard,69.0,419,28911,2025-11-06
Mumbai,Accessories,Headphones,20.0,12723,254460,2025-05-06
Pune,Electronics,Tablet,3.0,13140,39420,2025-09-22
Surat,Home Appliances,Mixer,119.0,5723,681037,2025-01-19
Delhi,Accessories,Keyboard,20.0,9970,199400,2025-05-13
Bhopal,Electronics,Monitor,25.0,11679,291975,2025-06-12
Bengaluru,Office,Printer,104.0,12358,1285232,2025-12-21
Ahmedabad,Fashion,Shoes,17.0,12966,220422,2025-12-19
Hyderabad,Electronics,Laptop,30.0,7633,228990,2025-02-05
Jaipur,Fashion,Watch,120.0,6082,729840,2025-09-11
Kochi,Accessories,Speaker,40.0,12693,507720,2025-03-07
Delhi,Electronics,Tablet,10.0,14750,147500,2025-12-25
Kolkata,Electronics,Smartphone,62.0,1081,67022,2025-07-04
Hyderabad,Home Appliances,Mixer,62.0,3981,246822,2025-09-16
Bhopal,Electronics,Smartphone,77.0,10348,796796,2025-01-15
Pune,Electronics,Camera,55.0,14322,787710,2025-10-01
Surat,Fashion,Jeans,17.0,14290,242930,2025-05-17
Mysuru,Electronics,Tablet,41.0,4477,183557,2025-03-27
Chennai,Electronics,Smartphone,90.0,11838,1065420,2025-05-02
Ahmedabad,Electronics,Laptop,3.0,10294,30882,2025-06-13
Hyderabad,Home Appliances,Air Cooler,58.0,6238,361804,2025-07-26
Patna,Home Appliances,Mixer,48.0,7455,357840,2025-10-22
Hyderabad,Accessories,Mouse,37.0,7165,265105,2025-03-08
Pune,Office,Printer,18.0,13909,250362,2025-05-15
Mumbai,Electronics,Laptop,6.0,9292,55752,2025-01-25
Mysuru,Home Appliances,Mixer,5.0,3595,17975,2025-01-26
Patna,Office,Printer,13.0,7561,98293,2025-07-09
Jaipur,Electronics,Camera,21.0,7143,150003,2025-09-02
Kolkata,Electronics,Monitor,13.0,13509,175617,2025-12-22
Bhopal,Office,Printer,19.0,9911,188309,2025-01-28
Chennai,Electronics,Tablet,91.0,1196,108836,2025-08-03
Bengaluru,Home Appliances,Mixer,53.0,7621,403913,2025-02-08
Kochi,Office,Printer,43.0,1505,64715,2025-01-27
Chennai,Accessories,Mouse,68.0,4714,320552,2025-08-10
Bengaluru,Office,Printer,15.0,11735,176025,2025-04-01
Jaipur,Home Appliances,Fan,24.0,5916,141984,2025-09-28
Hyderabad,Accessories,Speaker,55.0,11724,644820,2025-07-20
Kolkata,Office,Printer,27.0,2174,58698,2025-09-01
Patna,Fashion,Jeans,78.0,6795,530010,2025-03-27
Kochi,Office,Backpack,108.0,7367,795636,2025-07-14
Chennai,Fashion,T-Shirt,46.0,9787,450202,2025-02-17
Pune,Fashion,Watch,3.0,725,2175,2025-01-09
Lucknow,Office,Backpack,13.0,5288,68744,2025-06-21
Lucknow,Electronics,Laptop,102.0,2108,215016,2025-01-15
Bhopal,Office,Backpack,16.0,4333,69328,2025-01-01
Kochi,Accessories,Keyboard,70.0,12787,895090,2025-09-03
Hyderabad,Home Appliances,Air Cooler,110.0,11791,1297010,2025-11-23
Mumbai,Home Appliances,Mixer,41.0,4284,175644,2025-11-23
Jaipur,Accessories,Keyboard,6.0,4386,26316,2025-10-20
Ahmedabad,Electronics,Monitor,39.0,10793,420927,2025-10-27
Chennai,Office,Backpack,82.0,3864,316848,2025-11-03
Lucknow,Office,Backpack,88.0,2170,190960,2025-07-13
Mumbai,Home Appliances,Air Cooler,38.0,1872,71136,2025-07-13
Ahmedabad,Fashion,Jeans,63.0,4896,308448,2025-01-16
Kolkata,Home Appliances,Fan,32.0,4022,128704,2025-03-25
Surat,Office,Printer,27.0,12274,331398,2025-12-17
Lucknow,Home Appliances,Air Cooler,38.0,9749,370462,2025-10-04
Mysuru,Office,Printer,9.0,11857,106713,2025-05-06
Jaipur,Office,Printer,4.0,3711,14844,2025-08-02
Kochi,Office,Printer,14.0,1658,23212,2025-07-02
Hyderabad,Fashion,T-Shirt,81.0,13360,1082160,2025-11-21
Surat,Electronics,Monitor,103.0,1571,161813,2025-04-12
Lucknow,Home Appliances,Air Cooler,66.0,9956,657096,2025-09-25
Bengaluru,Office,Printer,115.0,2034,233910,2025-02-15
Jaipur,Home Appliances,Air Cooler,81.0,9828,796068,2025-05-22
Jaipur,Electronics,Laptop,70.0,6737,471590,2025-05-10
Jaipur,Fashion,Jeans,98.0,2170,212660,2025-08-12
Jaipur,Home Appliances,Air Cooler,119.0,4019,478261,2025-10-15
Bengaluru,Accessories,Speaker,120.0,388,46560,2025-09-06
Kolkata,Electronics,Tablet,70.0,967,67690,2025-07-16
Chennai,Office,Printer,107.0,14005,1498535,2025-03-27
Patna,Office,Printer,39.0,9959,388401,2025-07-03
Kochi,Electronics,Smartphone,66.0,14797,976602,2025-08-22
Pune,Home Appliances,Fan,102.0,2909,296718,2025-10-22
Pune,Home Appliances,Air Cooler,20.0,7791,155820,2025-12-25
Surat,Home Appliances,Air Cooler,120.0,14092,1691040,2025-08-22
Bhopal,Electronics,Tablet,6.0,9847,59082,2025-06-08
Lucknow,Electronics,Tablet,116.0,13151,1525516,2025-02-26
Mysuru,Office,Printer,46.0,7198,331108,2025-01-16
Surat,Home Appliances,Air Cooler,32.0,3100,99200,2025-08-10
Kolkata,Home Appliances,Air Cooler,29.0,5660,164140,2025-12-13
Surat,Electronics,Camera,75.0,13272,995400,2025-11-22
Mysuru,Office,Printer,38.0,10685,406030,2025-01-20
Jaipur,Office,Backpack,107.0,10191,1090437,2025-07-13
Hyderabad,Fashion,Shoes,120.0,10223,1226760,2025-07-01
Delhi,Office,Backpack,20.0,1261,25220,2025-08-01
Mysuru,Home Appliances,Fan,14.0,6523,91322,2025-03-06
Jaipur,Accessories,Keyboard,106.0,10527,1115862,2025-07-09
Patna,Home Appliances,Mixer,1.0,8433,8433,2025-10-26
Jaipur,Fashion,Shoes,69.0,6755,466095,2025-09-23
Pune,Fashion,T-Shirt,113.0,7341,829533,2025-03-09
Lucknow,Office,Printer,97.0,8837,857189,2025-08-20
Hyderabad,Electronics,Camera,3.0,10411,31233,2025-02-03
Bhopal,Electronics,Smartphone,107.0,2050,219350,2025-10-25
Kochi,Fashion,Shoes,85.0,12577,1069045,2025-10-21
Chennai,Fashion,Jeans,92.0,6874,632408,2025-02-08
Chennai,Office,Backpack,115.0,206,23690,2025-06-06
Pune,Electronics,Tablet,42.0,9314,391188,2025-09-04
Patna,Accessories,Headphones,117.0,2912,340704,2025-06-09
Mumbai,Accessories,Speaker,19.0,4495,85405,2025-02-20
Hyderabad,Office,Backpack,84.0,717,60228,2025-04-23
Kochi,Accessories,Headphones,101.0,9493,958793,2025-07-13
Mumbai,Electronics,Camera,97.0,12329,1195913,2025-08-24
Lucknow,Home Appliances,Mixer,90.0,4438,399420,2025-10-18
Bengaluru,Home Appliances,Air Cooler,6.0,9157,54942,2025-09-24
Hyderabad,Office,Backpack,107.0,9230,987610,2025-03-04
Mumbai,Electronics,Camera,35.0,6978,244230,2025-09-28
Pune,Fashion,Shoes,80.0,3226,258080,2025-07-21
Patna,Accessories,Speaker,79.0,11065,874135,2025-09-20
Hyderabad,Fashion,Watch,90.0,10334,930060,2025-09-15
Mumbai,Home Appliances,Fan,73.0,5317,388141,2025-12-28
Surat,Accessories,Mouse,76.0,4479,340404,2025-06-26
Lucknow,Electronics,Laptop,16.0,10254,164064,2025-03-24
Chennai,Fashion,T-Shirt,109.0,11463,1249467,2025-08-12
Mumbai,Office,Printer,45.0,2057,92565,2025-02-16
Patna,Office,Printer,30.0,13840,415200,2025-10-18
Pune,Home Appliances,Fan,27.0,7101,191727,2025-06-08
Kolkata,Fashion,T-Shirt,66.0,9690,639540,2025-05-11
Bengaluru,Home Appliances,Mixer,49.0,8154,399546,2025-01-02
Delhi,Home Appliances,Air Cooler,84.0,9578,804552,2025-05-26
Pune,Accessories,Mouse,23.0,969,22287,2025-05-13
Kolkata,Accessories,Speaker,56.0,8351,467656,2025-07-02
Pune,Office,Backpack,21.0,435,9135,2025-05-11
Mysuru,Accessories,Speaker,97.0,7459,723523,2025-06-18
Kolkata,Electronics,Monitor,58.0,13020,755160,2025-05-25
Pune,Fashion,Jeans,101.0,8497,858197,2025-10-01
Patna,Fashion,Jeans,110.0,13016,1431760,2025-06-09
Patna,Office,Backpack,101.0,2343,236643,2025-11-06
Pune,Office,Backpack,90.0,4938,444420,2025-01-04
Mysuru,Accessories,Mouse,30.0,1079,32370,2025-01-23
Delhi,Office,Printer,110.0,3259,358490,2025-02-06
Mysuru,Accessories,Keyboard,98.0,13277,1301146,2025-08-14
Kolkata,Office,Backpack,40.0,6773,270920,2025-03-25
Delhi,Home Appliances,Mixer,50.0,654,32700,2025-02-03
Hyderabad,Accessories,Headphones,12.0,6303,75636,2025-09-27
Patna,Home Appliances,Air Cooler,82.0,6561,538002,2025-01-01
Pune,Home Appliances,Mixer,14.0,7975,111650,2025-10-17
Mumbai,Office,Backpack,72.0,2294,165168,2025-04-28
Hyderabad,Fashion,Shoes,57.0,13071,745047,2025-01-26
Delhi,Office,Printer,92.0,6893,634156,2025-05-28
Bengaluru,Office,Printer,19.0,12167,231173,2025-02-06
Chennai,Fashion,Shoes,30.0,12249,367470,2025-08-11
Kochi,Office,Backpack,90.0,9845,886050,2025-12-13
Surat,Home Appliances,Mixer,60.0,9278,556680,2025-06-27
Delhi,Fashion,Shoes,34.0,8622,293148,2025-03-10
Kolkata,Electronics,Monitor,89.0,12507,1113123,2025-04-17
Bengaluru,Accessories,Mouse,103.0,12527,1290281,2025-05-02
Surat,Office,Backpack,40.0,10895,435800,2025-06-10
Mysuru,Office,Backpack,95.0,2586,245670,2025-04-28
Ahmedabad,Electronics,Laptop,18.0,3371,60678,2025-03-23
Mumbai,Accessories,Speaker,88.0,10371,912648,2025-12-27
Chennai,Office,Backpack,116.0,12873,1493268,2025-07-25
Delhi,Fashion,Shoes,83.0,10710,888930,2025-11-24
Pune,Office,Printer,4.0,3339,13356,2025-09-18
Bengaluru,Fashion,T-Shirt,115.0,7978,917470,2025-06-23
Patna,Home Appliances,Mixer,103.0,14073,1449519,2025-02-20
Bhopal,Office,Printer,106.0,883,93598,2025-05-11
Bhopal,Fashion,T-Shirt,50.0,10175,508750,2025-04-11
Mysuru,Home Appliances,Air Cooler,107.0,2572,275204,2025-05-20
Bengaluru,Fashion,Shoes,109.0,3960,431640,2025-05-01
Ahmedabad,Electronics,Monitor,9.0,11917,107253,2025-07-15
Delhi,Home Appliances,Fan,66.0,1297,85602,2025-07-12
Hyderabad,Accessories,Mouse,33.0,11177,368841,2025-06-09
Jaipur,Office,Printer,106.0,8911,944566,2025-04-27
Ahmedabad,Accessories,Headphones,61.0,10075,614575,2025-10-07
Patna,Home Appliances,Mixer,2.0,10715,21430,2025-11-21
Jaipur,Accessories,Keyboard,83.0,9960,826680,2025-02-05
Patna,Office,Backpack,112.0,9028,1011136,2025-12-13
Jaipur,Home Appliances,Air Cooler,75.0,7172,537900,2025-10-17
Bhopal,Fashion,T-Shirt,40.0,5352,214080,2025-08-19
Delhi,Fashion,Watch,14.0,4693,65702,2025-08-22
Bhopal,Accessories,Speaker,30.0,796,23880,2025-02-28
Delhi,Home Appliances,Air Cooler,96.0,6447,618912,2025-12-09
Chennai,Accessories,Keyboard,116.0,3537,410292,2025-09-21
Lucknow,Home Appliances,Fan,21.0,8743,183603,2025-04-08
Ahmedabad,Electronics,Smartphone,15.0,10785,161775,2025-11-18
Chennai,Electronics,Camera,118.0,13584,1602912,2025-03-19
Delhi,Fashion,T-Shirt,92.0,9671,889732,2025-09-07
Delhi,Fashion,T-Shirt,6.0,13572,81432,2025-02-01
Bhopal,Fashion,Jeans,114.0,234,26676,2025-01-03
Bengaluru,Home Appliances,Fan,60.0,7310,438600,2025-07-04
Kochi,Electronics,Monitor,108.0,10544,1138752,2025-10-22
Bengaluru,Home Appliances,Air Cooler,62.0,11912,738544,2025-07-04
Pune,Home Appliances,Mixer,105.0,5041,529305,2025-04-12
Hyderabad,Electronics,Tablet,8.0,12070,96560,2025-04-18
Patna,Accessories,Keyboard,83.0,1593,132219,2025-10-17
Delhi,Electronics,Camera,36.0,7099,255564,2025-09-21
Kochi,Fashion,Shoes,40.0,6895,275800,2025-10-11
Bengaluru,Electronics,Laptop,1.0,3453,3453,2025-12-25
Kochi,Office,Backpack,118.0,3188,376184,2025-01-12
Kochi,Accessories,Mouse,96.0,9839,944544,2025-07-15
Pune,Electronics,Tablet,3.0,14993,44979,2025-12-02
Bengaluru,Office,Backpack,55.0,4601,253055,2025-02-03
Mumbai,Office,Backpack,39.0,14413,562107,2025-02-23
Kolkata,Fashion,Shoes,1.0,13434,13434,2025-08-18
Patna,Electronics,Camera,79.0,13601,1074479,2025-10-09
Kolkata,Home Appliances,Fan,6.0,8765,52590,2025-10-01
Hyderabad,Home Appliances,Mixer,56.0,7076,396256,2025-09-07
Lucknow,Home Appliances,Mixer,49.0,8953,438697,2025-12-19
Patna,Home Appliances,Fan,21.0,6563,137823,2025-10-15
Jaipur,Electronics,Monitor,30.0,9046,271380,2025-07-18
Surat,Home Appliances,Air Cooler,73.0,2138,156074,2025-08-17
Lucknow,Office,Printer,47.0,701,32947,2025-06-26
Ahmedabad,Office,Printer,47.0,7630,358610,2025-02-19
Bengaluru,Office,Printer,89.0,9943,884927,2025-04-05
Kolkata,Electronics,Smartphone,56.0,14637,819672,2025-12-25
Jaipur,Office,Printer,49.0,440,21560,2025-05-03
Ahmedabad,Electronics,Monitor,48.0,2480,119040,2025-02-26
Ahmedabad,Accessories,Mouse,66.0,5350,353100,2025-02-15
Delhi,Office,Backpack,91.0,1678,152698,2025-11-24
Mumbai,Office,Backpack,50.0,10065,503250,2025-03-26
Delhi,Electronics,Monitor,87.0,13261,1153707,2025-11-18
Delhi,Accessories,Headphones,78.0,11878,926484,2025-10-13
Ahmedabad,Office,Backpack,23.0,2865,65895,2025-03-20
Bhopal,Accessories,Headphones,58.0,1074,62292,2025-12-09
Jaipur,Accessories,Mouse,118.0,2360,278480,2025-02-27
Pune,Accessories,Mouse,48.0,8164,391872,2025-01-11
Delhi,Home Appliances,Mixer,1.0,14043,14043,2025-10-05
Bengaluru,Accessories,Speaker,107.0,200,21400,2025-12-19
Mysuru,Electronics,Laptop,81.0,6742,546102,2025-04-23
Chennai,Accessories,Speaker,36.0,1065,38340,2025-08-06
Jaipur,Fashion,Shoes,109.0,14364,1565676,2025-08-06
Bengaluru,Fashion,Shoes,114.0,12014,1369596,2025-05-01
Delhi,Electronics,Camera,67.0,10881,729027,2025-09-06
Mumbai,Accessories,Speaker,31.0,1676,51956,2025-03-14
Patna,Office,Backpack,1.0,8088,8088,2025-02-02
Bengaluru,Accessories,Headphones,12.0,2103,25236,2025-10-12
Surat,Home Appliances,Mixer,109.0,7799,850091,2025-02-27
Mysuru,Electronics,Tablet,24.0,7202,172848,2025-02-24
Kochi,Electronics,Tablet,30.0,13584,407520,2025-08-02
Mumbai,Home Appliances,Mixer,26.0,918,23868,2025-01-15
Hyderabad,Office,Backpack,88.0,440,38720,2025-01-16
Bhopal,Electronics,Monitor,74.0,13064,966736,2025-05-18
Patna,Accessories,Mouse,30.0,13482,404460,2025-11-05
Lucknow,Home Appliances,Air Cooler,60.0,6969,418140,2025-10-18
Hyderabad,Fashion,Watch,45.0,2354,105930,2025-10-09
Lucknow,Office,Printer,53.0,13902,736806,2025-12-03
Jaipur,Home Appliances,Mixer,61.0,3512,214232,2025-05-26
Mumbai,Electronics,Smartphone,116.0,12824,1487584,2025-12-25
Patna,Electronics,Tablet,43.0,943,40549,2025-03-12
Delhi,Home Appliances,Air Cooler,79.0,6807,537753,2025-04-22
Patna,Electronics,Camera,115.0,5062,582130,2025-04-26
Kochi,Accessories,Speaker,33.0,8785,289905,2025-04-11
Hyderabad,Fashion,Watch,68.0,1190,80920,2025-07-28
Chennai,Home Appliances,Fan,5.0,12411,62055,2025-07-15
Mysuru,Home Appliances,Air Cooler,29.0,11959,346811,2025-05-10
Kolkata,Home Appliances,Air Cooler,25.0,9164,229100,2025-05-06
Hyderabad,Fashion,Watch,118.0,13271,1565978,2025-11-28
Bengaluru,Office,Printer,70.0,977,68390,2025-06-11
Pune,Office,Backpack,119.0,4733,563227,2025-12-02
Kolkata,Accessories,Speaker,80.0,5697,455760,2025-06-03
Kochi,Office,Printer,27.0,9449,255123,2025-03-24
Kolkata,Electronics,Monitor,5.0,9061,45305,2025-06-25
Bhopal,Electronics,Laptop,64.0,10504,672256,2025-12-10
Mumbai,Electronics,Monitor,14.0,14773,206822,2025-04-04
Lucknow,Electronics,Camera,100.0,8515,851500,2025-07-04
Ahmedabad,Electronics,Smartphone,43.0,13396,576028,2025-05-23
Surat,Office,Printer,88.0,11712,1030656,2025-03-06
Kolkata,Electronics,Camera,92.0,10374,954408,2025-06-08
Surat,Accessories,Headphones,88.0,3102,272976,2025-01-03
Patna,Fashion,Jeans,57.0,14963,852891,2025-06-26
Kochi,Home Appliances,Fan,112.0,1175,131600,2025-01-06
Chennai,Office,Printer,11.0,5434,59774,2025-02-11
Lucknow,Fashion,Shoes,103.0,10926,1125378,2025-11-22
Bengaluru,Accessories,Speaker,82.0,14791,1212862,2025-10-11
Patna,Office,Backpack,6.0,13876,83256,2025-08-04
Jaipur,Office,Printer,109.0,2315,252335,2025-08-20
Kolkata,Electronics,Tablet,91.0,12375,1126125,2025-10-22
Bengaluru,Electronics,Smartphone,86.0,12504,1075344,2025-02-02
Patna,Office,Backpack,87.0,10391,904017,2025-04-10
Bengaluru,Electronics,Smartphone,89.0,14900,1326100,2025-10-04
Bengaluru,Accessories,Mouse,17.0,714,12138,2025-04-14
Mumbai,Home Appliances,Air Cooler,90.0,12657,1139130,2025-05-03
Surat,Home Appliances,Fan,81.0,10250,830250,2025-02-08
Patna,Accessories,Keyboard,70.0,6084,425880,2025-06-25
Bengaluru,Fashion,Shoes,88.0,9491,835208,2025-06-05
Ahmedabad,Accessories,Speaker,10.0,744,7440,2025-01-14
Lucknow,Home Appliances,Air Cooler,2.0,10753,21506,2025-01-13
Ahmedabad,Office,Printer,10.0,9157,91570,2025-07-23
Ahmedabad,Office,Backpack,6.0,12951,77706,2025-12-08
Mysuru,Home Appliances,Fan,89.0,11344,1009616,2025-03-23
Lucknow,Fashion,Jeans,73.0,14098,1029154,2025-05-10
Ahmedabad,Accessories,Keyboard,3.0,245,735,2025-07-16
Delhi,Office,Printer,43.0,5575,239725,2025-01-07
Kolkata,Accessories,Headphones,10.0,8281,82810,2025-04-13
Mumbai,Accessories,Keyboard,116.0,6608,766528,2025-03-10
Delhi,Office,Backpack,24.0,9737,233688,2025-01-21
Chennai,Home Appliances,Air Cooler,100.0,2648,264800,2025-04-26
Bhopal,Accessories,Mouse,110.0,1760,193600,2025-02-01
Surat,Electronics,Monitor,6.0,10737,64422,2025-07-27
Jaipur,Electronics,Tablet,32.0,292,9344,2025-11-25
Delhi,Home Appliances,Fan,66.0,4349,287034,2025-04-01
Patna,Electronics,Laptop,50.0,6632,331600,2025-08-08
Mysuru,Fashion,T-Shirt,37.0,14886,550782,2025-11-11
Patna,Office,Backpack,97.0,14559,1412223,2025-10-18
Delhi,Home Appliances,Fan,42.0,14244,598248,2025-10-28
Pune,Electronics,Smartphone,76.0,12274,932824,2025-10-25
Chennai,Accessories,Keyboard,51.0,960,48960,2025-04-27
Ahmedabad,Office,Printer,103.0,338,34814,2025-12-05
Ahmedabad,Accessories,Mouse,67.0,3256,218152,2025-02-09
Mysuru,Office,Printer,89.0,9962,886618,2025-03-01
Delhi,Office,Printer,12.0,13326,159912,2025-06-27
Delhi,Fashion,T-Shirt,24.0,3297,79128,2025-07-23
Kolkata,Electronics,Monitor,93.0,11017,1024581,2025-03-03
Bengaluru,Home Appliances,Mixer,67.0,9585,642195,2025-08-24
Pune,Accessories,Headphones,56.0,1943,108808,2025-02-17
Bhopal,Fashion,Shoes,43.0,9215,396245,2025-09-03
Ahmedabad,Home Appliances,Fan,73.0,12481,911113,2025-08-23
Bhopal,Fashion,T-Shirt,49.0,9309,456141,2025-09-02
Patna,Electronics,Tablet,118.0,4072,480496,2025-08-18
Delhi,Home Appliances,Mixer,9.0,9170,82530,2025-07-20
Jaipur,Home Appliances,Air Cooler,62.0,14932,925784,2025-03-26
Mumbai,Accessories,Mouse,113.0,5295,598335,2025-01-22
Bengaluru,Home Appliances,Mixer,22.0,12035,264770,2025-08-06
Jaipur,Electronics,Smartphone,71.0,3702,262842,2025-10-10
Hyderabad,Fashion,Jeans,18.0,11054,198972,2025-03-02
Chennai,Electronics,Tablet,36.0,8183,294588,2025-05-21
Lucknow,Fashion,T-Shirt,9.0,7105,63945,2025-06-19
Bhopal,Fashion,T-Shirt,87.0,2273,197751,2025-12-21
Hyderabad,Electronics,Smartphone,5.0,10588,52940,2025-04-02
Ahmedabad,Fashion,Jeans,110.0,2349,258390,2025-03-23
Chennai,Office,Backpack,109.0,2283,248847,2025-12-04
Mumbai,Accessories,Keyboard,6.0,14921,89526,2025-03-17
Pune,Office,Backpack,114.0,970,110580,2025-07-09
Bhopal,Fashion,T-Shirt,88.0,13714,1206832,2025-01-12
Ahmedabad,Home Appliances,Mixer,120.0,13768,1652160,2025-08-15
Jaipur,Accessories,Speaker,116.0,9777,1134132,2025-02-20
Surat,Fashion,Jeans,99.0,1363,134937,2025-11-01
Mumbai,Fashion,T-Shirt,54.0,11384,614736,2025-11-24
Kochi,Office,Backpack,49.0,14375,704375,2025-10-02
Chennai,Fashion,Jeans,16.0,13064,209024,2025-01-09
Delhi,Home Appliances,Fan,9.0,10359,93231,2025-07-13
Pune,Fashion,T-Shirt,103.0,14431,1486393,2025-04-04
Jaipur,Office,Printer,65.0,1115,72475,2025-06-13
Mysuru,Accessories,Speaker,108.0,6643,717444,2025-08-25
Mumbai,Electronics,Camera,30.0,11675,350250,2025-07-05
Bengaluru,Home Appliances,Air Cooler,103.0,6650,684950,2025-06-12
Surat,Accessories,Mouse,100.0,12702,1270200,2025-05-10
Hyderabad,Electronics,Camera,56.0,6614,370384,2025-04-22
Kolkata,Home Appliances,Mixer,92.0,3881,357052,2025-10-14
Ahmedabad,Electronics,Tablet,83.0,10104,838632,2025-07-06
Pune,Fashion,Jeans,109.0,2967,323403,2025-07-05
Patna,Electronics,Laptop,38.0,2606,99028,2025-05-07
Surat,Office,Printer,118.0,13778,1625804,2025-12-11
Mumbai,Home Appliances,Air Cooler,42.0,4567,191814,2025-11-05
Bhopal,Home Appliances,Air Cooler,82.0,14720,1207040,2025-01-18
Surat,Office,Printer,95.0,10403,988285,2025-07-05
Surat,Fashion,Shoes,117.0,13645,1596465,2025-12-03
Chennai,Home Appliances,Air Cooler,88.0,6430,565840,2025-05-08
Hyderabad,Home Appliances,Fan,104.0,4122,428688,2025-03-24
Kolkata,Office,Printer,114.0,6190,705660,2025-11-02
Kochi,Home Appliances,Mixer,29.0,4222,122438,2025-05-07
Kolkata,Electronics,Smartphone,10.0,1489,14890,2025-12-27
Hyderabad,Home Appliances,Fan,52.0,658,34216,2025-06-24
Lucknow,Accessories,Speaker,100.0,12123,1212300,2025-07-23
Lucknow,Accessories,Speaker,43.0,13242,569406,2025-08-13
Kolkata,Accessories,Mouse,26.0,6106,158756,2025-04-14
Mysuru,Home Appliances,Fan,110.0,4637,510070,2025-07-13
Chennai,Home Appliances,Air Cooler,49.0,13420,657580,2025-02-14
Kolkata,Accessories,Keyboard,11.0,3101,34111,2025-06-10
Mysuru,Electronics,Monitor,90.0,329,29610,2025-10-11
Patna,Home Appliances,Fan,66.0,1634,107844,2025-06-06
Pune,Office,Printer,42.0,13086,549612,2025-06-19
Kochi,Office,Backpack,109.0,7518,819462,2025-03-04
Chennai,Fashion,T-Shirt,59.0,14455,852845,2025-05-05
Mysuru,Accessories,Headphones,35.0,3175,111125,2025-07-04
Lucknow,Accessories,Headphones,86.0,4538,390268,2025-11-18
Kochi,Fashion,Jeans,102.0,14900,1519800,2025-03-14
Bhopal,Electronics,Tablet,100.0,5389,538900,2025-05-07
Patna,Electronics,Camera,73.0,6960,508080,2025-04-22
Jaipur,Office,Printer,14.0,11352,158928,2025-01-01
Delhi,Electronics,Camera,68.0,13666,929288,2025-06-06
Mumbai,Electronics,Laptop,48.0,12158,583584,2025-09-15
Kochi,Home Appliances,Fan,41.0,2762,113242,2025-04-12
Ahmedabad,Accessories,Keyboard,56.0,14768,827008,2025-09-26
Ahmedabad,Accessories,Mouse,109.0,11345,1236605,2025-11-22
Kochi,Electronics,Laptop,64.0,3378,216192,2025-11-06
Kochi,Electronics,Monitor,53.0,13252,702356,2025-06-24
Delhi,Fashion,Jeans,116.0,7486,868376,2025-08-15
Chennai,Home Appliances,Fan,52.0,11373,591396,2025-06-14
Surat,Fashion,Watch,1.0,2026,2026,2025-05-02
Mumbai,Electronics,Tablet,105.0,2698,283290,2025-08-18
Bengaluru,Electronics,Tablet,42.0,10834,455028,2025-09-22
Surat,Electronics,Laptop,118.0,2690,317420,2025-08-28
Ahmedabad,Fashion,Jeans,9.0,5265,47385,2025-03-11
Chennai,Fashion,T-Shirt,55.0,633,34815,2025-10-10
Pune,Home Appliances,Air Cooler,102.0,2222,226644,2025-04-25
Mysuru,Home Appliances,Air Cooler,89.0,1622,144358,2025-08-06
Kolkata,Electronics,Smartphone,16.0,3445,55120,2025-07-20
Mysuru,Accessories,Keyboard,67.0,12906,864702,2025-07-06
Surat,Electronics,Monitor,83.0,3255,270165,2025-10-24
Lucknow,Office,Printer,45.0,2294,103230,2025-12-12
Delhi,Accessories,Keyboard,117.0,4044,473148,2025-03-06
Lucknow,Office,Printer,90.0,10291,926190,2025-04-17
Ahmedabad,Home Appliances,Mixer,1.0,4907,4907,2025-06-28
Pune,Fashion,Shoes,29.0,2316,67164,2025-04-14
Mumbai,Electronics,Monitor,45.0,769,34605,2025-08-13
Pune,Electronics,Monitor,59.0,946,55814,2025-09-06
Delhi,Home Appliances,Fan,101.0,2179,220079,2025-09-26
Mumbai,Fashion,Watch,5.0,1816,9080,2025-01-16
Kochi,Fashion,Watch,13.0,6003,78039,2025-11-28
Surat,Home Appliances,Mixer,115.0,9346,1074790,2025-11-18
Kochi,Fashion,T-Shirt,110.0,8277,910470,2025-11-26
Pune,Office,Backpack,69.0,14282,985458,2025-05-25
Delhi,Office,Printer,42.0,7451,312942,2025-05-05
Mysuru,Fashion,Jeans,89.0,2702,240478,2025-03-06
Hyderabad,Home Appliances,Mixer,82.0,1938,158916,2025-10-10
Delhi,Fashion,Shoes,72.0,11183,805176,2025-12-19
Pune,Fashion,Jeans,94.0,5995,563530,2025-07-02
Mysuru,Fashion,Shoes,28.0,6288,176064,2025-11-02
Bhopal,Office,Printer,107.0,14897,1593979,2025-11-26
Jaipur,Office,Printer,9.0,14209,127881,2025-11-04
Mumbai,Electronics,Tablet,51.0,11401,581451,2025-08-09
Kochi,Fashion,T-Shirt,63.0,11160,703080,2025-06-08
Kolkata,Home Appliances,Fan,99.0,2199,217701,2025-11-18
Patna,Fashion,T-Shirt,114.0,11013,1255482,2025-02-08
Patna,Office,Printer,52.0,11031,573612,2025-01-17
Surat,Accessories,Speaker,30.0,9553,286590,2025-12-16
Patna,Accessories,Speaker,9.0,5341,48069,2025-12-09
Mumbai,Office,Printer,47.0,5417,254599,2025-05-19
Hyderabad,Fashion,T-Shirt,48.0,1616,77568,2025-07-24
Kolkata,Electronics,Laptop,73.0,12757,931261,2025-11-11
Lucknow,Office,Backpack,3.0,9531,28593,2025-11-03
Ahmedabad,Office,Printer,76.0,5459,414884,2025-08-18
Delhi,Accessories,Keyboard,8.0,8017,64136,2025-01-26
Bengaluru,Electronics,Tablet,22.0,7320,161040,2025-03-22
Delhi,Electronics,Monitor,111.0,10882,1207902,2025-08-04
Chennai,Electronics,Smartphone,40.0,1400,56000,2025-04-19
Ahmedabad,Office,Backpack,60.0,8915,534900,2025-10-21
Mumbai,Office,Printer,73.0,8772,640356,2025-08-07
Mumbai,Fashion,Watch,63.0,14834,934542,2025-08-08
Surat,Home Appliances,Mixer,17.0,7373,125341,2025-11-13
Jaipur,Electronics,Camera,44.0,11594,510136,2025-10-17
Chennai,Home Appliances,Fan,84.0,9124,766416,2025-07-12
Surat,Fashion,Shoes,26.0,2088,54288,2025-10-03
Surat,Office,Backpack,40.0,3286,131440,2025-01-17
Delhi,Home Appliances,Air Cooler,43.0,3176,136568,2025-04-04
Kochi,Electronics,Smartphone,16.0,9802,156832,2025-02-12
Hyderabad,Electronics,Tablet,63.0,13430,846090,2025-07-09
Bengaluru,Home Appliances,Air Cooler,59.0,13299,784641,2025-05-16
Pune,Electronics,Laptop,18.0,7095,127710,2025-09-15
Pune,Accessories,Mouse,70.0,11101,777070,2025-07-16
Pune,Accessories,Speaker,76.0,7575,575700,2025-05-03
Bengaluru,Fashion,Watch,114.0,5894,671916,2025-07-23
Kolkata,Accessories,Mouse,5.0,577,2885,2025-07-08
Bhopal,Accessories,Keyboard,61.0,3463,211243,2025-01-19
Ahmedabad,Office,Backpack,73.0,7189,524797,2025-10-06
Surat,Office,Printer,15.0,14662,219930,2025-11-19
Kolkata,Accessories,Keyboard,73.0,11602,846946,2025-07-08
Bhopal,Fashion,T-Shirt,89.0,6277,558653,2025-10-15
Jaipur,Electronics,Smartphone,48.0,5930,284640,2025-02-06
Hyderabad,Fashion,Watch,53.0,11249,596197,2025-04-14
Mysuru,Fashion,T-Shirt,110.0,5344,587840,2025-10-10
Kolkata,Home Appliances,Air Cooler,109.0,9368,1021112,2025-10-25
Pune,Home Appliances,Fan,45.0,4815,216675,2025-07-22
Mysuru,Fashion,Shoes,43.0,12548,539564,2025-05-28
Mumbai,Accessories,Keyboard,40.0,11816,472640,2025-05-26
Chennai,Accessories,Headphones,51.0,9528,485928,2025-10-19
Lucknow,Home Appliances,Mixer,107.0,11761,1258427,2025-05-09
Hyderabad,Office,Backpack,29.0,9619,278951,2025-05-14
Jaipur,Electronics,Monitor,98.0,11275,1104950,2025-11-23
Jaipur,Fashion,Jeans,29.0,982,28478,2025-10-11
Mysuru,Office,Printer,78.0,12044,939432,2025-08-24
Bengaluru,Fashion,Shoes,13.0,4282,55666,2025-03-04
Mumbai,Home Appliances,Fan,17.0,1202,20434,2025-12-06
Jaipur,Office,Printer,62.0,5554,344348,2025-05-28
Pune,Accessories,Keyboard,37.0,10526,389462,2025-12-26
Kochi,Accessories,Mouse,61.0,13312,812032,2025-10-05
Hyderabad,Fashion,T-Shirt,32.0,366,11712,2025-01-10
Delhi,Home Appliances,Fan,109.0,5187,565383,2025-07-03
Mysuru,Home Appliances,Mixer,73.0,1094,79862,2025-01-05
Bhopal,Accessories,Headphones,18.0,12959,233262,2025-02-07
Bhopal,Office,Backpack,110.0,6646,731060,2025-06-17
Surat,Home Appliances,Fan,25.0,5619,140475,2025-10-11
Lucknow,Office,Printer,72.0,7249,521928,2025-02-19
Hyderabad,Fashion,T-Shirt,34.0,11764,399976,2025-06-18
Chennai,Fashion,Shoes,90.0,5561,500490,2025-07-13
Bengaluru,Electronics,Laptop,29.0,9080,263320,2025-09-12
Pune,Fashion,Shoes,114.0,3207,365598,2025-04-27
Hyderabad,Fashion,Jeans,5.0,14257,71285,2025-04-07
Surat,Office,Backpack,24.0,4543,109032,2025-07-07
Bhopal,Electronics,Laptop,39.0,4000,156000,2025-11-15
Patna,Home Appliances,Fan,65.0,12347,802555,2025-12-22
Bhopal,Office,Printer,5.0,9246,46230,2025-11-11
Delhi,Fashion,Shoes,49.0,12541,614509,2025-10-02
Ahmedabad,Electronics,Camera,57.0,14769,841833,2025-05-03
Kolkata,Accessories,Keyboard,5.0,5149,25745,2025-04-27
Delhi,Electronics,Smartphone,30.0,8991,269730,2025-06-02
Ahmedabad,Fashion,Shoes,55.0,6603,363165,2025-06-06
Delhi,Accessories,Keyboard,26.0,3493,90818,2025-03-17
Kolkata,Home Appliances,Mixer,2.0,2433,4866,2025-01-05
Bengaluru,Office,Printer,28.0,3549,99372,2025-01-08
Mumbai,Fashion,Jeans,33.0,6889,227337,2025-08-15
Bengaluru,Electronics,Camera,101.0,7675,775175,2025-06-27
Lucknow,Office,Backpack,19.0,12912,245328,2025-08-20
Delhi,Accessories,Mouse,32.0,14923,477536,2025-12-02
Mysuru,Accessories,Mouse,27.0,1118,30186,2025-02-06
Bengaluru,Fashion,Shoes,105.0,8189,859845,2025-03-08
Delhi,Fashion,Shoes,92.0,13182,1212744,2025-03-02
Bhopal,Home Appliances,Fan,59.0,1315,77585,2025-10-26
Surat,Electronics,Laptop,59.0,11958,705522,2025-03-06
Ahmedabad,Fashion,Shoes,7.0,14635,102445,2025-06-02
Bhopal,Office,Backpack,85.0,14668,1246780,2025-09-15
Kolkata,Electronics,Camera,83.0,10621,881543,2025-12-16
Delhi,Accessories,Speaker,14.0,10395,145530,2025-10-28
Chennai,Accessories,Headphones,50.0,6094,304700,2025-11-18
Surat,Home Appliances,Fan,20.0,13120,262400,2025-11-16
Delhi,Fashion,Shoes,65.0,14490,941850,2025-02-06
Pune,Accessories,Headphones,103.0,9783,1007649,2025-12-11
Bhopal,Office,Backpack,92.0,4373,402316,2025-09-24
Ahmedabad,Fashion,Jeans,63.0,4281,269703,2025-11-07
Mumbai,Home Appliances,Mixer,102.0,3252,331704,2025-02-05
Bengaluru,Electronics,Laptop,16.0,8898,142368,2025-08-17
Mysuru,Fashion,Shoes,89.0,9257,823873,2025-07-26
Kochi,Home Appliances,Mixer,86.0,14795,1272370,2025-02-15
Surat,Electronics,Camera,38.0,11563,439394,2025-01-26
Lucknow,Fashion,Jeans,46.0,1896,87216,2025-10-20
Mysuru,Accessories,Mouse,23.0,10000,230000,2025-06-24
Mysuru,Electronics,Camera,14.0,3028,42392,2025-03-05
Jaipur,Office,Backpack,96.0,4370,419520,2025-04-08
Hyderabad,Office,Printer,21.0,551,11571,2025-06-28
Surat,Fashion,Jeans,15.0,6355,95325,2025-03-13
Kochi,Accessories,Mouse,76.0,14602,1109752,2025-11-13
Jaipur,Fashion,Jeans,95.0,12257,1164415,2025-01-23
Mysuru,Fashion,Jeans,38.0,5023,190874,2025-05-15
Jaipur,Electronics,Tablet,65.0,13972,908180,2025-09-16
Ahmedabad,Home Appliances,Air Cooler,119.0,5616,668304,2025-01-09
Surat,Electronics,Smartphone,2.0,14293,28586,2025-06-20
Patna,Office,Backpack,10.0,10228,102280,2025-06-07
Pune,Office,Backpack,33.0,10422,343926,2025-12-06
Kolkata,Office,Printer,21.0,14579,306159,2025-10-24
Ahmedabad,Office,Printer,35.0,3230,113050,2025-08-16
Bengaluru,Accessories,Keyboard,21.0,6076,127596,2025-10-05
Mumbai,Office,Printer,114.0,6743,768702,2025-06-18
Bhopal,Fashion,Jeans,4.0,10917,43668,2025-06-19
Kolkata,Fashion,Jeans,76.0,4883,371108,2025-02-03
Kolkata,Office,Printer,6.0,2684,16104,2025-10-11
Surat,Home Appliances,Fan,30.0,7341,220230,2025-04-15
Hyderabad,Fashion,Watch,23.0,13744,316112,2025-10-24
Surat,Fashion,T-Shirt,56.0,6376,357056,2025-02-11
Mumbai,Accessories,Headphones,83.0,11157,926031,2025-09-11
Jaipur,Fashion,Jeans,93.0,1952,181536,2025-04-21
Kochi,Electronics,Laptop,35.0,9602,336070,2025-09-28
Delhi,Fashion,Jeans,9.0,13617,122553,2025-11-03
Bhopal,Fashion,T-Shirt,107.0,3032,324424,2025-02-12
Kochi,Accessories,Headphones,92.0,6302,579784,2025-09-05
Mysuru,Office,Backpack,69.0,8383,578427,2025-07-10
Kolkata,Electronics,Laptop,98.0,9749,955402,2025-02-17
Delhi,Accessories,Headphones,50.0,5267,263350,2025-05-25
Mysuru,Electronics,Laptop,102.0,6561,669222,2025-03-19
Chennai,Home Appliances,Fan,57.0,10657,607449,2025-09-16
Pune,Accessories,Mouse,100.0,12270,1227000,2025-07-21
Lucknow,Accessories,Speaker,96.0,5292,508032,2025-12-04
Mumbai,Office,Printer,28.0,5052,141456,2025-11-06
Mumbai,Home Appliances,Mixer,92.0,7345,675740,2025-03-06
Bengaluru,Fashion,Jeans,3.0,5207,15621,2025-12-03
Patna,Accessories,Keyboard,79.0,4344,343176,2025-09-07
Patna,Electronics,Tablet,94.0,8156,766664,2025-09-19
Delhi,Electronics,Laptop,61.0,14334,874374,2025-10-15
Surat,Office,Backpack,74.0,11515,852110,2025-09-04
Bengaluru,Fashion,Jeans,15.0,12248,183720,2025-09-01
Bhopal,Fashion,Watch,55.0,6914,380270,2025-01-24
Bhopal,Fashion,T-Shirt,8.0,288,2304,2025-06-07
Kochi,Fashion,Shoes,25.0,9112,227800,2025-07-07
Patna,Electronics,Laptop,42.0,10551,443142,2025-01-11
Jaipur,Fashion,Shoes,32.0,14721,471072,2025-09-08
Kochi,Electronics,Tablet,71.0,11490,815790,2025-03-14
Lucknow,Home Appliances,Mixer,85.0,12952,1100920,2025-10-25
Pune,Electronics,Laptop,58.0,6722,389876,2025-09-23
Chennai,Fashion,Watch,97.0,7345,712465,2025-04-28
Mysuru,Fashion,Jeans,113.0,14488,1637144,2025-09-20
Mysuru,Office,Printer,28.0,13545,379260,2025-08-14
Jaipur,Electronics,Monitor,44.0,10603,466532,2025-02-21
Pune,Office,Printer,51.0,7652,390252,2025-02-08
Chennai,Home Appliances,Fan,100.0,1980,198000,2025-01-03
Lucknow,Fashion,Jeans,26.0,14946,388596,2025-04-23
Chennai,Fashion,T-Shirt,87.0,9056,787872,2025-09-24
Kochi,Accessories,Keyboard,60.0,12277,736620,2025-10-24
Bhopal,Electronics,Monitor,62.0,5530,342860,2025-12-25
Mumbai,Electronics,Camera,115.0,8101,931615,2025-08-13
Kochi,Electronics,Camera,97.0,10507,1019179,2025-12-12
Mumbai,Home Appliances,Mixer,1.0,10600,10600,2025-09-17
Ahmedabad,Accessories,Keyboard,99.0,1429,141471,2025-10-05
Bhopal,Home Appliances,Fan,53.0,2113,111989,2025-08-17
Jaipur,Electronics,Tablet,76.0,7064,536864,2025-10-28
Bhopal,Fashion,Shoes,45.0,11025,496125,2025-08-06
Bhopal,Electronics,Smartphone,90.0,6602,594180,2025-07-12
Kolkata,Office,Backpack,98.0,2998,293804,2025-10-28
Hyderabad,Home Appliances,Mixer,18.0,5503,99054,2025-08-07
Kolkata,Home Appliances,Air Cooler,76.0,9465,719340,2025-03-11
Bengaluru,Fashion,Shoes,86.0,7329,630294,2025-11-21
Lucknow,Office,Backpack,114.0,2436,277704,2025-10-28
Patna,Electronics,Camera,35.0,10479,366765,2025-08-05
Patna,Home Appliances,Fan,55.0,9870,542850,2025-05-03
Jaipur,Office,Backpack,63.0,553,34839,2025-09-01
Hyderabad,Home Appliances,Fan,40.0,11439,457560,2025-11-16
Pune,Home Appliances,Fan,88.0,10322,908336,2025-10-10
Jaipur,Accessories,Headphones,66.0,3370,222420,2025-10-26
Kochi,Accessories,Headphones,53.0,7770,411810,2025-04-10
Jaipur,Office,Backpack,27.0,6731,181737,2025-12-19
Bengaluru,Home Appliances,Mixer,49.0,4999,244951,2025-10-18
Surat,Accessories,Mouse,41.0,361,14801,2025-10-06
Mumbai,Home Appliances,Fan,113.0,362,40906,2025-06-06
Pune,Electronics,Smartphone,52.0,2486,129272,2025-08-02
Kochi,Office,Backpack,71.0,10060,714260,2025-01-01
Jaipur,Home Appliances,Mixer,35.0,8959,313565,2025-05-12
Jaipur,Electronics,Smartphone,1.0,9314,9314,2025-09-19
Kochi,Fashion,T-Shirt,43.0,8104,348472,2025-05-22
Ahmedabad,Home Appliances,Air Cooler,31.0,10339,320509,2025-10-24
Chennai,Accessories,Headphones,71.0,5895,418545,2025-07-28
Bengaluru,Electronics,Smartphone,119.0,7524,895356,2025-06-01
Pune,Electronics,Smartphone,6.0,11335,68010,2025-06-24
Surat,Office,Printer,76.0,14758,1121608,2025-10-12
Mumbai,Fashion,T-Shirt,117.0,6056,708552,2025-07-10
Ahmedabad,Home Appliances,Fan,99.0,9462,936738,2025-04-27
Ahmedabad,Home Appliances,Air Cooler,109.0,14899,1623991,2025-05-14
Mysuru,Home Appliances,Mixer,65.0,12671,823615,2025-08-24
Mysuru,Electronics,Laptop,68.0,7934,539512,2025-03-14
Kolkata,Electronics,Laptop,15.0,10538,158070,2025-04-14
Hyderabad,Electronics,Laptop,30.0,4646,139380,2025-05-10
Kolkata,Fashion,T-Shirt,51.0,8129,414579,2025-05-22
Bengaluru,Office,Backpack,105.0,6331,664755,2025-03-10
Kolkata,Office,Printer,101.0,12948,1307748,2025-03-04
Mysuru,Accessories,Speaker,112.0,8026,898912,2025-03-11
Lucknow,Office,Printer,24.0,14210,341040,2025-03-04
Surat,Electronics,Tablet,31.0,3730,115630,2025-11-21
Hyderabad,Accessories,Speaker,102.0,681,69462,2025-05-16
Patna,Office,Backpack,39.0,9066,353574,2025-05-22
Kolkata,Accessories,Mouse,77.0,3850,296450,2025-10-14
Chennai,Fashion,T-Shirt,109.0,13701,1493409,2025-04-18
Hyderabad,Accessories,Headphones,63.0,13805,869715,2025-02-05
Kochi,Accessories,Mouse,28.0,1865,52220,2025-03-23
Delhi,Home Appliances,Mixer,1.0,12340,12340,2025-04-13
Patna,Fashion,T-Shirt,120.0,14436,1732320,2025-02-23
Surat,Office,Printer,119.0,12959,1542121,2025-11-05
Surat,Office,Backpack,21.0,7173,150633,2025-05-18
Kolkata,Home Appliances,Air Cooler,32.0,10316,330112,2025-06-18
Hyderabad,Accessories,Mouse,22.0,3164,69608,2025-10-22
Pune,Fashion,Shoes,18.0,11878,213804,2025-06-04
Mumbai,Electronics,Monitor,42.0,8215,345030,2025-06-20
Kochi,Office,Printer,8.0,5704,45632,2025-01-17
Ahmedabad,Electronics,Tablet,40.0,10018,400720,2025-02-09
Kolkata,Office,Backpack,35.0,7926,277410,2025-04-25
Kochi,Fashion,Shoes,99.0,2512,248688,2025-05-15
Mumbai,Home Appliances,Air Cooler,96.0,14178,1361088,2025-12-10
Patna,Office,Printer,46.0,9712,446752,2025-05-23
Mysuru,Home Appliances,Fan,26.0,4459,115934,2025-05-28
Jaipur,Home Appliances,Mixer,5.0,5661,28305,2025-04-16
Chennai,Home Appliances,Mixer,29.0,3398,98542,2025-02-17
Chennai,Office,Printer,112.0,13102,1467424,2025-02-23
Jaipur,Fashion,Jeans,55.0,813,44715,2025-09-16
Patna,Home Appliances,Mixer,104.0,9322,969488,2025-02-12
Hyderabad,Fashion,Watch,70.0,7985,558950,2025-04-01
Kolkata,Home Appliances,Fan,24.0,5376,129024,2025-11-03
Kolkata,Fashion,T-Shirt,57.0,11529,657153,2025-05-14
Patna,Fashion,Shoes,94.0,3909,367446,2025-08-26
Mumbai,Home Appliances,Mixer,13.0,8586,111618,2025-10-28
Hyderabad,Accessories,Speaker,88.0,8037,707256,2025-04-10
Bhopal,Office,Backpack,12.0,12245,146940,2025-08-15
Mysuru,Office,Printer,76.0,13455,1022580,2025-07-19
Lucknow,Electronics,Tablet,29.0,3639,105531,2025-07-05
Patna,Home Appliances,Air Cooler,33.0,14759,487047,2025-07-21
Lucknow,Office,Backpack,116.0,5794,672104,2025-01-20
Mumbai,Home Appliances,Air Cooler,102.0,675,68850,2025-12-02
Chennai,Electronics,Monitor,77.0,9278,714406,2025-06-16
Kolkata,Home Appliances,Mixer,69.0,4033,278277,2025-11-23
Pune,Fashion,T-Shirt,91.0,1592,144872,2025-09-20
Hyderabad,Home Appliances,Fan,116.0,4910,569560,2025-03-21
Lucknow,Office,Backpack,95.0,8631,819945,2025-09-10
Delhi,Home Appliances,Air Cooler,59.0,9749,575191,2025-06-15
Surat,Home Appliances,Fan,106.0,12899,1367294,2025-08-11
Bhopal,Home Appliances,Fan,97.0,8718,845646,2025-03-17
Ahmedabad,Electronics,Monitor,7.0,3135,21945,2025-03-03
Mysuru,Home Appliances,Fan,94.0,9027,848538,2025-10-22
Surat,Electronics,Smartphone,39.0,8864,345696,2025-09-07
Mysuru,Home Appliances,Fan,116.0,1542,178872,2025-08-01
Mumbai,Accessories,Mouse,118.0,4503,531354,2025-06-26
Pune,Accessories,Keyboard,55.0,8332,458260,2025-03-17
Surat,Home Appliances,Mixer,11.0,3185,35035,2025-12-07
Pune,Electronics,Smartphone,68.0,8437,573716,2025-06-25
Lucknow,Home Appliances,Mixer,100.0,1542,154200,2025-10-08
Mysuru,Office,Printer,36.0,5714,205704,2025-10-01
Surat,Electronics,Monitor,85.0,14396,1223660,2025-12-19
Kolkata,Fashion,T-Shirt,57.0,7867,448419,2025-10-02
Lucknow,Accessories,Keyboard,72.0,14313,1030536,2025-07-14
Surat,Fashion,Jeans,106.0,13132,1391992,2025-06-03
Bengaluru,Accessories,Headphones,97.0,12027,1166619,2025-08-24
Bhopal,Accessories,Keyboard,17.0,11231,190927,2025-07-01
Bengaluru,Electronics,Laptop,74.0,4150,307100,2025-10-03
Delhi,Fashion,Jeans,110.0,9596,1055560,2025-08-10
Bengaluru,Accessories,Mouse,16.0,4187,66992,2025-12-14
Jaipur,Home Appliances,Mixer,89.0,8901,792189,2025-06-27
Kolkata,Electronics,Monitor,92.0,2215,203780,2025-01-10
Chennai,Electronics,Smartphone,39.0,3676,143364,2025-12-15
Patna,Office,Printer,116.0,5823,675468,2025-12-26
Mysuru,Home Appliances,Fan,27.0,6411,173097,2025-07-05
Bhopal,Office,Printer,28.0,11508,322224,2025-06-17
Chennai,Home Appliances,Fan,73.0,4219,307987,2025-04-12
Jaipur,Home Appliances,Mixer,91.0,316,28756,2025-11-11
Ahmedabad,Accessories,Speaker,12.0,6208,74496,2025-11-10
Pune,Fashion,T-Shirt,84.0,5677,476868,2025-07-27
Patna,Fashion,Watch,73.0,3246,236958,2025-06-12
Surat,Electronics,Laptop,49.0,4954,242746,2025-04-13
Ahmedabad,Home Appliances,Mixer,85.0,2395,203575,2025-09-08
Lucknow,Office,Printer,59.0,661,38999,2025-03-18
Hyderabad,Office,Backpack,53.0,276,14628,2025-06-08
Mumbai,Fashion,T-Shirt,49.0,13425,657825,2025-05-09
Bhopal,Office,Printer,5.0,14835,74175,2025-02-20
Jaipur,Office,Backpack,82.0,14808,1214256,2025-04-11
Mumbai,Accessories,Speaker,107.0,4551,486957,2025-01-12
Delhi,Electronics,Smartphone,86.0,9378,806508,2025-09-01
Pune,Office,Printer,2.0,4526,9052,2025-03-16
Mumbai,Fashion,Watch,18.0,14244,256392,2025-09-28
Jaipur,Accessories,Mouse,87.0,4633,403071,2025-08-04
Lucknow,Home Appliances,Mixer,76.0,5393,409868,2025-04-01
Bhopal,Office,Printer,54.0,8314,448956,2025-07-09
Delhi,Home Appliances,Air Cooler,89.0,258,22962,2025-10-06
Jaipur,Home Appliances,Air Cooler,98.0,14260,1397480,2025-05-20
Kochi,Office,Backpack,112.0,5441,609392,2025-06-04
Kochi,Fashion,Shoes,69.0,12465,860085,2025-08-05
Surat,Office,Printer,59.0,4556,268804,2025-04-01
Kochi,Office,Printer,101.0,1931,195031,2025-07-27
Jaipur,Accessories,Headphones,26.0,5198,135148,2025-04-19
Ahmedabad,Home Appliances,Mixer,65.0,8284,538460,2025-04-18
Chennai,Office,Backpack,66.0,3844,253704,2025-12-08
Kochi,Office,Backpack,98.0,7980,782040,2025-08-01
Bengaluru,Accessories,Headphones,30.0,11954,358620,2025-01-20
Surat,Home Appliances,Mixer,45.0,3362,151290,2025-09-27
Delhi,Office,Printer,24.0,9128,219072,2025-03-13
Mumbai,Accessories,Mouse,101.0,2933,296233,2025-01-09
Bhopal,Fashion,Jeans,115.0,1592,183080,2025-10-02
Patna,Accessories,Speaker,60.0,2394,143640,2025-01-09
Ahmedabad,Accessories,Headphones,3.0,1127,3381,2025-12-23
Delhi,Home Appliances,Air Cooler,35.0,1833,64155,2025-10-07
Mumbai,Accessories,Mouse,100.0,4135,413500,2025-09-21
Mumbai,Electronics,Monitor,62.0,11907,738234,2025-10-10
Bengaluru,Fashion,Jeans,97.0,4739,459683,2025-09-15
Bhopal,Home Appliances,Air Cooler,95.0,9342,887490,2025-08-05
Delhi,Office,Backpack,111.0,9609,1066599,2025-07-07
Delhi,Fashion,Shoes,11.0,8326,91586,2025-05-26
Surat,Fashion,Shoes,2.0,4542,9084,2025-12-21
Kochi,Fashion,Jeans,54.0,1833,98982,2025-02-18
Jaipur,Home Appliances,Mixer,5.0,3352,16760,2025-05-13
Ahmedabad,Office,Printer,89.0,6450,574050,2025-04-02
Surat,Electronics,Smartphone,70.0,6743,472010,2025-08-23
Lucknow,Fashion,T-Shirt,120.0,2681,321720,2025-01-02
Delhi,Accessories,Keyboard,51.0,14835,756585,2025-07-24
Lucknow,Electronics,Monitor,47.0,3420,160740,2025-07-18
Kolkata,Electronics,Laptop,44.0,7816,343904,2025-08-20
Kolkata,Electronics,Laptop,13.0,8308,108004,2025-04-05
Lucknow,Home Appliances,Mixer,4.0,13283,53132,2025-08-07
Ahmedabad,Office,Printer,25.0,12531,313275,2025-01-21
Kochi,Fashion,Jeans,12.0,1988,23856,2025-04-18
Surat,Office,Printer,96.0,8544,820224,2025-08-03
Patna,Office,Backpack,19.0,3241,61579,2025-02-01
Pune,Accessories,Mouse,112.0,11831,1325072,2025-05-24
Patna,Electronics,Camera,15.0,9530,142950,2025-03-18
Hyderabad,Electronics,Camera,107.0,303,32421,2025-08-09
Hyderabad,Fashion,Watch,7.0,2570,17990,2025-04-25
Surat,Accessories,Keyboard,24.0,6107,146568,2025-03-03
Mysuru,Office,Printer,19.0,5808,110352,2025-03-07
Mysuru,Home Appliances,Fan,97.0,1548,150156,2025-03-24
Ahmedabad,Electronics,Monitor,35.0,5198,181930,2025-12-27
Surat,Office,Printer,49.0,10309,505141,2025-01-07
Mumbai,Fashion,Watch,83.0,10448,867184,2025-06-11
Ahmedabad,Fashion,Jeans,61.0,6900,420900,2025-02-21
Delhi,Home Appliances,Fan,93.0,9329,867597,2025-01-22
Jaipur,Accessories,Mouse,106.0,11538,1223028,2025-06-19
Mumbai,Accessories,Headphones,49.0,807,39543,2025-03-04
Mysuru,Home Appliances,Air Cooler,15.0,5437,81555,2025-09-19
Patna,Electronics,Smartphone,104.0,7242,753168,2025-09-13
Patna,Accessories,Speaker,33.0,8047,265551,2025-09-14
Pune,Home Appliances,Air Cooler,54.0,2279,123066,2025-04-15
Ahmedabad,Electronics,Laptop,65.0,8810,572650,2025-05-10
Kochi,Accessories,Headphones,66.0,12474,823284,2025-04-15
Ahmedabad,Home Appliances,Mixer,73.0,1994,145562,2025-10-02
Bengaluru,Accessories,Keyboard,11.0,7362,80982,2025-05-02
Delhi,Office,Printer,51.0,10160,518160,2025-12-21
Jaipur,Fashion,Shoes,30.0,4764,142920,2025-09-09
Mumbai,Office,Backpack,58.0,840,48720,2025-09-06
Delhi,Fashion,Watch,41.0,4694,192454,2025-07-06
Bhopal,Electronics,Smartphone,9.0,2927,26343,2025-04-24
Bengaluru,Office,Printer,111.0,438,48618,2025-06-11
Jaipur,Fashion,Jeans,1.0,1198,1198,2025-01-01
Bhopal,Home Appliances,Fan,32.0,13197,422304,2025-05-24
Bengaluru,Office,Backpack,31.0,9927,307737,2025-02-20
Mumbai,Electronics,Monitor,67.0,9567,640989,2025-10-03
Lucknow,Accessories,Headphones,52.0,13279,690508,2025-01-01
Delhi,Electronics,Camera,73.0,12536,915128,2025-12-21
Bhopal,Fashion,Jeans,88.0,8301,730488,2025-04-15
Ahmedabad,Home Appliances,Air Cooler,69.0,12870,888030,2025-10-24
Bhopal,Home Appliances,Mixer,50.0,345,17250,2025-09-26
Kochi,Accessories,Mouse,70.0,14005,980350,2025-02-28
Bengaluru,Home Appliances,Fan,62.0,4427,274474,2025-07-08
Hyderabad,Electronics,Laptop,118.0,9976,1177168,2025-10-17
Kochi,Fashion,Jeans,56.0,2145,120120,2025-02-24
Kolkata,Fashion,Watch,11.0,1774,19514,2025-09-03
Hyderabad,Electronics,Monitor,72.0,10780,776160,2025-06-23
Bengaluru,Accessories,Keyboard,98.0,9593,940114,2025-05-05
Mumbai,Fashion,Shoes,104.0,14091,1465464,2025-11-01
Pune,Accessories,Keyboard,42.0,12695,533190,2025-04-09
Lucknow,Office,Printer,58.0,5469,317202,2025-07-19
Kochi,Home Appliances,Fan,37.0,9735,360195,2025-12-09
Mumbai,Office,Backpack,57.0,2629,149853,2025-12-02
Bengaluru,Electronics,Monitor,18.0,4574,82332,2025-11-24
Surat,Fashion,T-Shirt,89.0,8506,757034,2025-03-05
Delhi,Fashion,Watch,77.0,12767,983059,2025-05-01
Mysuru,Office,Printer,5.0,8897,44485,2025-06-17
Ahmedabad,Electronics,Camera,34.0,11485,390490,2025-06-05
Delhi,Fashion,Shoes,82.0,3356,275192,2025-07-10
Mumbai,Fashion,Shoes,59.0,485,28615,2025-01-10
Bhopal,Fashion,T-Shirt,99.0,9375,928125,2025-03-18
Mumbai,Accessories,Headphones,71.0,2103,149313,2025-11-14
Surat,Fashion,Shoes,45.0,9448,425160,2025-01-10
Lucknow,Office,Printer,114.0,719,81966,2025-01-15
Bengaluru,Fashion,Jeans,8.0,4533,36264,2025-07-14
Delhi,Electronics,Laptop,17.0,9400,159800,2025-04-17
Mysuru,Office,Printer,4.0,1670,6680,2025-12-24
Mysuru,Fashion,Jeans,116.0,2283,264828,2025-10-24
Surat,Office,Printer,45.0,1667,75015,2025-03-01
Pune,Accessories,Mouse,2.0,8355,16710,2025-12-14
Hyderabad,Accessories,Keyboard,105.0,12846,1348830,2025-12-25
Delhi,Accessories,Speaker,93.0,953,88629,2025-05-21
Pune,Fashion,Watch,54.0,3784,204336,2025-11-10
Bengaluru,Electronics,Laptop,80.0,1643,131440,2025-06-08
Bhopal,Accessories,Speaker,93.0,12381,1151433,2025-11-07
Kolkata,Accessories,Speaker,109.0,2639,287651,2025-05-08
Delhi,Home Appliances,Fan,11.0,8247,90717,2025-07-18
Delhi,Fashion,Shoes,97.0,1863,180711,2025-12-22
Pune,Office,Printer,51.0,7622,388722,2025-01-17
Pune,Office,Backpack,120.0,5952,714240,2025-12-26
Mysuru,Fashion,Jeans,36.0,1454,52344,2025-10-15
Lucknow,Office,Backpack,66.0,14228,939048,2025-05-26
Delhi,Accessories,Speaker,60.0,13796,827760,2025-02-22
Bengaluru,Home Appliances,Mixer,82.0,3602,295364,2025-06-01
Lucknow,Office,Printer,104.0,8560,890240,2025-05-17
Kochi,Office,Backpack,19.0,2257,42883,2025-04-11
Pune,Accessories,Keyboard,40.0,1078,43120,2025-05-24
Patna,Office,Printer,15.0,2670,40050,2025-02-11
Kolkata,Office,Backpack,78.0,12295,959010,2025-06-06
Hyderabad,Accessories,Keyboard,3.0,6748,20244,2025-11-23
Bhopal,Accessories,Headphones,99.0,2227,220473,2025-02-22
Mumbai,Home Appliances,Fan,100.0,3404,340400,2025-09-18
Surat,Home Appliances,Mixer,60.0,4280,256800,2025-01-28
Lucknow,Office,Printer,40.0,3892,155680,2025-06-22
Hyderabad,Accessories,Keyboard,93.0,1261,117273,2025-09-17
Hyderabad,Home Appliances,Fan,69.0,580,40020,2025-07-13
Delhi,Electronics,Tablet,109.0,1811,197399,2025-02-02
Chennai,Electronics,Smartphone,105.0,14587,1531635,2025-06-10
Kochi,Accessories,Headphones,103.0,12098,1246094,2025-03-08
Lucknow,Electronics,Laptop,91.0,6777,616707,2025-01-10
Delhi,Home Appliances,Fan,1.0,13697,13697,2025-04-16
Delhi,Electronics,Monitor,50.0,1066,53300,2025-01-07
Kochi,Electronics,Smartphone,14.0,9943,139202,2025-08-18
Patna,Home Appliances,Air Cooler,78.0,1010,78780,2025-02-03
Kochi,Accessories,Headphones,2.0,3638,7276,2025-05-16
Bhopal,Electronics,Smartphone,14.0,12491,174874,2025-12-16
Pune,Electronics,Monitor,106.0,7845,831570,2025-11-18
Patna,Electronics,Laptop,114.0,10527,1200078,2025-07-05
Lucknow,Accessories,Headphones,93.0,8512,791616,2025-05-04
Kolkata,Accessories,Speaker,106.0,8783,930998,2025-06-28
Chennai,Electronics,Laptop,10.0,3575,35750,2025-08-11
Mysuru,Accessories,Keyboard,91.0,2155,196105,2025-01-16
Delhi,Fashion,Watch,67.0,12400,830800,2025-01-16
Pune,Office,Printer,92.0,3914,360088,2025-08-04
Mumbai,Electronics,Camera,4.0,9252,37008,2025-12-17
Surat,Home Appliances,Fan,107.0,2733,292431,2025-03-07
Ahmedabad,Home Appliances,Air Cooler,82.0,6494,532508,2025-05-16
Chennai,Electronics,Monitor,26.0,8148,211848,2025-06-27
Mumbai,Electronics,Camera,113.0,7068,798684,2025-09-28
Surat,Electronics,Smartphone,103.0,4898,504494,2025-09-01
Jaipur,Home Appliances,Fan,101.0,5965,602465,2025-08-28
Kochi,Electronics,Laptop,22.0,10871,239162,2025-05-22
Mysuru,Accessories,Keyboard,103.0,12783,1316649,2025-03-07
Lucknow,Office,Printer,21.0,13704,287784,2025-02-13
Kolkata,Electronics,Camera,78.0,11159,870402,2025-07-18
Pune,Office,Backpack,51.0,11117,566967,2025-08-01
Mumbai,Office,Backpack,9.0,7358,66222,2025-10-23
Kolkata,Fashion,Shoes,90.0,12464,1121760,2025-03-03
Delhi,Electronics,Laptop,108.0,6861,740988,2025-05-27
Chennai,Office,Printer,1.0,8069,8069,2025-01-07
Hyderabad,Accessories,Headphones,105.0,10829,1137045,2025-09-25
Bhopal,Fashion,Shoes,109.0,3671,400139,2025-12-24
Delhi,Electronics,Monitor,69.0,14383,992427,2025-04-19
Bengaluru,Accessories,Mouse,65.0,1280,83200,2025-04-01
Patna,Accessories,Headphones,95.0,7164,680580,2025-10-26
Delhi,Electronics,Laptop,41.0,14259,584619,2025-04-02
Bhopal,Electronics,Tablet,117.0,1367,159939,2025-07-16
Patna,Accessories,Speaker,90.0,4964,446760,2025-07-23
Kolkata,Fashion,Jeans,86.0,14416,1239776,2025-10-28
Kolkata,Fashion,Shoes,71.0,1686,119706,2025-02-01
Pune,Electronics,Laptop,113.0,12669,1431597,2025-05-16
Pune,Accessories,Keyboard,63.0,8483,534429,2025-10-26
Kolkata,Electronics,Tablet,61.0,4243,258823,2025-09-11
Mysuru,Electronics,Smartphone,70.0,12822,897540,2025-02-15
Lucknow,Office,Backpack,104.0,1813,188552,2025-03-08
Hyderabad,Accessories,Speaker,65.0,1813,117845,2025-06-12
Surat,Fashion,Watch,110.0,10677,1174470,2025-01-25
Bengaluru,Home Appliances,Fan,21.0,3920,82320,2025-12-13
Bhopal,Fashion,Shoes,101.0,4995,504495,2025-07-25
Delhi,Accessories,Mouse,55.0,12867,707685,2025-08-15
Ahmedabad,Electronics,Tablet,9.0,7434,66906,2025-02-01
Kolkata,Fashion,T-Shirt,106.0,8392,889552,2025-08-04
Surat,Office,Backpack,97.0,10887,1056039,2025-08-18
Mumbai,Fashion,Watch,86.0,12040,1035440,2025-01-07
Patna,Office,Backpack,40.0,3939,157560,2025-09-01
Hyderabad,Fashion,Watch,38.0,13656,518928,2025-02-27
Pune,Home Appliances,Fan,91.0,7720,702520,2025-11-06
Patna,Electronics,Smartphone,73.0,3030,221190,2025-06-09
Jaipur,Office,Backpack,19.0,14839,281941,2025-08-06
Hyderabad,Home Appliances,Fan,6.0,7551,45306,2025-07-14
Chennai,Fashion,T-Shirt,58.0,10893,631794,2025-07-22
Kolkata,Fashion,Watch,9.0,14284,128556,2025-12-07
Kolkata,Fashion,Watch,61.0,7041,429501,2025-12-05
Bhopal,Home Appliances,Mixer,28.0,14832,415296,2025-09-14
Bhopal,Home Appliances,Fan,78.0,1053,82134,2025-07-22
Surat,Electronics,Tablet,67.0,8774,587858,2025-07-19
Kolkata,Fashion,Jeans,8.0,11569,92552,2025-06-25
Jaipur,Fashion,Shoes,1.0,5882,5882,2025-01-22
Bhopal,Home Appliances,Mixer,61.0,3477,212097,2025-10-14
Hyderabad,Electronics,Tablet,77.0,14187,1092399,2025-08-14
Kolkata,Electronics,Tablet,25.0,11370,284250,2025-11-24
Lucknow,Office,Backpack,8.0,12270,98160,2025-08-17
Delhi,Office,Backpack,91.0,5754,523614,2025-06-09
Kochi,Office,Printer,76.0,11741,892316,2025-01-08
Chennai,Home Appliances,Fan,19.0,14045,266855,2025-03-16
Bengaluru,Office,Printer,59.0,12138,716142,2025-04-06
Mumbai,Fashion,Jeans,83.0,2612,216796,2025-08-04
Pune,Electronics,Camera,107.0,6278,671746,2025-11-16
Bengaluru,Home Appliances,Mixer,63.0,1946,122598,2025-07-06
Mumbai,Accessories,Keyboard,79.0,14667,1158693,2025-09-12
Jaipur,Accessories,Mouse,108.0,9251,999108,2025-07-19
Pune,Fashion,T-Shirt,48.0,3079,147792,2025-02-27
Bengaluru,Home Appliances,Mixer,27.0,9776,263952,2025-03-06
Mumbai,Fashion,Watch,73.0,13220,965060,2025-09-01
Kochi,Accessories,Keyboard,87.0,6712,583944,2025-05-16
Mumbai,Electronics,Laptop,55.0,9151,503305,2025-01-28
Patna,Office,Backpack,114.0,14733,1679562,2025-01-07
Bengaluru,Electronics,Camera,119.0,3378,401982,2025-08-25
Chennai,Accessories,Headphones,5.0,4971,24855,2025-10-07
Mysuru,Fashion,Watch,107.0,7717,825719,2025-03-09
Patna,Accessories,Speaker,74.0,3867,286158,2025-02-28
Chennai,Office,Printer,73.0,4765,347845,2025-08-14
Bhopal,Home Appliances,Mixer,70.0,3842,268940,2025-10-02
Lucknow,Office,Backpack,34.0,1197,40698,2025-03-12
Chennai,Home Appliances,Air Cooler,42.0,1981,83202,2025-12-20
Patna,Home Appliances,Mixer,17.0,7769,132073,2025-12-06
Mysuru,Office,Printer,70.0,14309,1001630,2025-02-06
Surat,Home Appliances,Mixer,106.0,6550,694300,2025-04-12
Delhi,Electronics,Tablet,99.0,9427,933273,2025-07-02
Kochi,Office,Backpack,58.0,6673,387034,2025-11-11
Hyderabad,Fashion,Watch,111.0,2923,324453,2025-09-21
Bhopal,Accessories,Keyboard,76.0,8215,624340,2025-05-20
Jaipur,Home Appliances,Fan,3.0,7616,22848,2025-12-01
Bhopal,Home Appliances,Fan,39.0,13570,529230,2025-01-14
Bengaluru,Office,Backpack,97.0,6963,675411,2025-01-06
Kochi,Home Appliances,Mixer,86.0,11912,1024432,2025-02-19
Patna,Fashion,T-Shirt,22.0,3250,71500,2025-02-12
Jaipur,Accessories,Keyboard,80.0,733,58640,2025-05-09
Kolkata,Home Appliances,Mixer,75.0,3889,291675,2025-03-06
Chennai,Fashion,Jeans,27.0,3039,82053,2025-01-06
Patna,Accessories,Headphones,6.0,2722,16332,2025-06-21
Mysuru,Accessories,Mouse,110.0,1172,128920,2025-02-20
Mysuru,Fashion,Shoes,37.0,5583,206571,2025-12-22
Kochi,Electronics,Smartphone,110.0,6832,751520,2025-10-17
Chennai,Home Appliances,Air Cooler,37.0,11589,428793,2025-04-20
Chennai,Fashion,Jeans,113.0,2857,322841,2025-05-28
Patna,Office,Printer,76.0,7191,546516,2025-03-01
Jaipur,Home Appliances,Mixer,45.0,9445,425025,2025-12-24
Hyderabad,Fashion,T-Shirt,17.0,13825,235025,2025-05-25
Patna,Electronics,Smartphone,113.0,9699,1095987,2025-01-15
Lucknow,Accessories,Speaker,41.0,14528,595648,2025-10-20
Pune,Fashion,T-Shirt,16.0,2537,40592,2025-04-16
Kolkata,Fashion,T-Shirt,62.0,7733,479446,2025-05-19
Lucknow,Accessories,Keyboard,9.0,443,3987,2025-07-06
Lucknow,Accessories,Headphones,73.0,3528,257544,2025-08-11
Mumbai,Electronics,Monitor,17.0,3162,53754,2025-07-15
Pune,Fashion,T-Shirt,62.0,6301,390662,2025-04-24
Delhi,Fashion,Watch,110.0,4690,515900,2025-08-11
Mumbai,Home Appliances,Air Cooler,118.0,6731,794258,2025-05-13
Ahmedabad,Fashion,T-Shirt,114.0,10371,1182294,2025-07-04
Surat,Fashion,T-Shirt,1.0,9556,9556,2025-10-06
Bengaluru,Home Appliances,Fan,41.0,14528,595648,2025-03-09
Bhopal,Fashion,Jeans,91.0,1934,175994,2025-02-12
Hyderabad,Fashion,Shoes,46.0,362,16652,2025-06-04
Hyderabad,Fashion,Jeans,13.0,9733,126529,2025-11-04
Mysuru,Fashion,T-Shirt,67.0,14148,947916,2025-08-16
Lucknow,Home Appliances,Fan,82.0,2488,204016,2025-05-15
Delhi,Fashion,Shoes,89.0,12344,1098616,2025-05-28
Kochi,Fashion,T-Shirt,65.0,9133,593645,2025-04-23
Delhi,Accessories,Mouse,90.0,9042,813780,2025-02-19
Bengaluru,Electronics,Tablet,99.0,9092,900108,2025-08-16
Chennai,Office,Backpack,82.0,6462,529884,2025-10-07
Kolkata,Fashion,Jeans,76.0,9859,749284,2025-09-14
Kolkata,Electronics,Tablet,112.0,10317,1155504,2025-01-06
Kolkata,Office,Backpack,56.0,4704,263424,2025-01-17
Kochi,Home Appliances,Fan,95.0,8839,839705,2025-09-07
Bhopal,Home Appliances,Mixer,100.0,5453,545300,2025-12-14
Bhopal,Office,Printer,52.0,13119,682188,2025-03-01
Lucknow,Home Appliances,Fan,51.0,8101,413151,2025-03-22
Kolkata,Fashion,Shoes,40.0,3750,150000,2025-11-28
Jaipur,Accessories,Headphones,101.0,9794,989194,2025-07-06
Patna,Fashion,Jeans,24.0,14447,346728,2025-06-01
Surat,Electronics,Monitor,24.0,5978,143472,2025-12-26
Delhi,Office,Printer,97.0,14665,1422505,2025-05-15
Surat,Home Appliances,Fan,25.0,9849,246225,2025-05-06
Mysuru,Electronics,Laptop,109.0,2977,324493,2025-03-08
Lucknow,Accessories,Headphones,37.0,9534,352758,2025-10-06
Pune,Electronics,Laptop,78.0,11704,912912,2025-11-14
Bengaluru,Fashion,Watch,6.0,2401,14406,2025-07-13
Kolkata,Accessories,Mouse,106.0,13948,1478488,2025-01-19
Hyderabad,Office,Printer,24.0,1293,31032,2025-08-27
Bengaluru,Electronics,Laptop,92.0,3994,367448,2025-10-03
Chennai,Electronics,Monitor,29.0,4224,122496,2025-06-25
Kochi,Home Appliances,Air Cooler,23.0,2403,55269,2025-03-10
Kochi,Office,Printer,12.0,9897,118764,2025-04-13
Ahmedabad,Electronics,Laptop,54.0,548,29592,2025-09-05
Mumbai,Office,Printer,42.0,6753,283626,2025-05-13
Hyderabad,Office,Printer,61.0,7342,447862,2025-03-13
Chennai,Fashion,Shoes,2.0,441,882,2025-10-11
Ahmedabad,Office,Printer,26.0,4646,120796,2025-07-03
Chennai,Office,Printer,110.0,3852,423720,2025-11-04
Lucknow,Fashion,Watch,15.0,403,6045,2025-11-26
Delhi,Accessories,Mouse,92.0,1726,158792,2025-07-10
Hyderabad,Fashion,T-Shirt,50.0,5917,295850,2025-05-27
Surat,Electronics,Smartphone,59.0,3127,184493,2025-08-16
Kochi,Office,Backpack,62.0,7084,439208,2025-01-14
Bengaluru,Fashion,Shoes,78.0,4989,389142,2025-03-20
Kochi,Accessories,Speaker,104.0,1338,139152,2025-08-11
Mumbai,Accessories,Headphones,66.0,9219,608454,2025-08-01
Bengaluru,Office,Printer,23.0,5111,117553,2025-12-06
Hyderabad,Fashion,Shoes,72.0,3791,272952,2025-08-10
Hyderabad,Accessories,Headphones,99.0,8329,824571,2025-03-08
Kochi,Accessories,Speaker,100.0,5692,569200,2025-04-17
Kolkata,Office,Backpack,58.0,9543,553494,2025-01-06
Patna,Accessories,Mouse,96.0,3892,373632,2025-07-27
Bhopal,Fashion,Watch,72.0,9503,684216,2025-01-09
Bhopal,Office,Printer,26.0,8649,224874,2025-07-24
Kolkata,Accessories,Headphones,84.0,398,33432,2025-01-20
Bhopal,Fashion,Shoes,81.0,14710,1191510,2025-06-16
Chennai,Accessories,Keyboard,12.0,6603,79236,2025-12-09
Patna,Accessories,Headphones,107.0,13275,1420425,2025-01-19
Pune,Fashion,Watch,69.0,1472,101568,2025-05-22
Pune,Electronics,Tablet,63.0,14067,886221,2025-11-21
Hyderabad,Electronics,Tablet,29.0,7664,222256,2025-09-17
Pune,Accessories,Keyboard,59.0,1039,61301,2025-07-24
Kolkata,Electronics,Monitor,97.0,7595,736715,2025-11-28
Surat,Office,Backpack,115.0,6984,803160,2025-08-05
Surat,Office,Printer,52.0,9267,481884,2025-02-12
Lucknow,Accessories,Headphones,67.0,6307,422569,2025-09-24
Mysuru,Home Appliances,Mixer,8.0,2643,21144,2025-08-16
Kolkata,Fashion,T-Shirt,2.0,12931,25862,2025-09-10
Bengaluru,Electronics,Camera,84.0,13983,1174572,2025-09-13
Kolkata,Accessories,Keyboard,47.0,6948,326556,2025-07-02
Mysuru,Electronics,Smartphone,91.0,4262,387842,2025-08-09
Surat,Office,Printer,28.0,643,18004,2025-07-16
Bhopal,Office,Printer,3.0,13592,40776,2025-07-16
Delhi,Electronics,Monitor,120.0,2422,290640,2025-03-24
Surat,Office,Backpack,114.0,14251,1624614,2025-08-19
Jaipur,Accessories,Headphones,79.0,464,36656,2025-09-15
Kolkata,Home Appliances,Fan,43.0,3772,162196,2025-09-25
Pune,Home Appliances,Mixer,50.0,7912,395600,2025-04-19
Jaipur,Fashion,Shoes,88.0,13523,1190024,2025-03-23
Bhopal,Home Appliances,Air Cooler,97.0,8090,784730,2025-07-01
Hyderabad,Accessories,Mouse,109.0,558,60822,2025-11-21
Ahmedabad,Home Appliances,Mixer,18.0,13773,247914,2025-02-23
Patna,Electronics,Tablet,83.0,14232,1181256,2025-09-14
Ahmedabad,Electronics,Monitor,111.0,6777,752247,2025-11-24
Bengaluru,Electronics,Camera,51.0,3574,182274,2025-03-27
Mysuru,Electronics,Camera,98.0,2868,281064,2025-10-22
Delhi,Electronics,Camera,25.0,13464,336600,2025-10-19
Jaipur,Home Appliances,Air Cooler,11.0,11224,123464,2025-10-27
Bhopal,Fashion,Watch,16.0,9405,150480,2025-03-14
Mumbai,Accessories,Keyboard,99.0,13377,1324323,2025-04-15
Hyderabad,Office,Printer,69.0,7128,491832,2025-05-20
Chennai,Fashion,Watch,76.0,4983,378708,2025-03-01
Surat,Home Appliances,Air Cooler,88.0,11093,976184,2025-04-03
Bhopal,Fashion,Shoes,39.0,11457,446823,2025-11-20
Pune,Electronics,Laptop,37.0,6078,224886,2025-10-20
Lucknow,Office,Printer,49.0,10010,490490,2025-03-03
Lucknow,Accessories,Speaker,25.0,232,5800,2025-06-09
Bhopal,Home Appliances,Mixer,35.0,4001,140035,2025-09-17
Patna,Accessories,Keyboard,104.0,1089,113256,2025-12-05
Ahmedabad,Electronics,Camera,93.0,9027,839511,2025-02-14
Hyderabad,Home Appliances,Mixer,50.0,10587,529350,2025-07-21
Lucknow,Fashion,T-Shirt,44.0,14667,645348,2025-11-17
Lucknow,Electronics,Laptop,49.0,10857,531993,2025-05-25
Patna,Fashion,T-Shirt,43.0,224,9632,2025-04-15
Pune,Electronics,Laptop,61.0,1091,66551,2025-10-05
Bengaluru,Accessories,Headphones,58.0,14615,847670,2025-01-07
Mysuru,Home Appliances,Air Cooler,70.0,715,50050,2025-09-21
Delhi,Electronics,Camera,21.0,6788,142548,2025-03-17
Patna,Home Appliances,Fan,71.0,3048,216408,2025-11-28
Bengaluru,Accessories,Mouse,108.0,8827,953316,2025-06-25
Lucknow,Electronics,Camera,19.0,8659,164521,2025-09-22
Hyderabad,Accessories,Keyboard,83.0,10797,896151,2025-08-21
Mysuru,Electronics,Laptop,54.0,9044,488376,2025-01-14
Kochi,Home Appliances,Air Cooler,15.0,11983,179745,2025-10-13
Delhi,Electronics,Smartphone,103.0,7937,817511,2025-07-13
Bengaluru,Electronics,Monitor,5.0,8889,44445,2025-03-27
Patna,Fashion,T-Shirt,59.0,1130,66670,2025-11-25
Hyderabad,Fashion,Watch,25.0,11218,280450,2025-05-09
Surat,Fashion,Shoes,103.0,9946,1024438,2025-07-21
Mysuru,Fashion,Shoes,43.0,8751,376293,2025-11-27
Bhopal,Office,Printer,11.0,3126,34386,2025-01-24
Chennai,Accessories,Keyboard,39.0,2859,111501,2025-11-12
Ahmedabad,Office,Printer,75.0,1674,125550,2025-03-08
Lucknow,Accessories,Keyboard,2.0,3192,6384,2025-09-09
Chennai,Office,Backpack,106.0,13575,1438950,2025-12-02
Delhi,Home Appliances,Fan,84.0,12668,1064112,2025-08-01
Patna,Accessories,Keyboard,49.0,5414,265286,2025-03-28
Patna,Accessories,Headphones,46.0,6014,276644,2025-04-23
Jaipur,Office,Backpack,65.0,12551,815815,2025-02-23
Chennai,Office,Backpack,100.0,4761,476100,2025-11-01
Delhi,Office,Backpack,108.0,14571,1573668,2025-09-18
Ahmedabad,Electronics,Tablet,112.0,11944,1337728,2025-10-15
Delhi,Fashion,Shoes,36.0,11870,427320,2025-07-14
Pune,Fashion,Jeans,30.0,7210,216300,2025-01-13
Kolkata,Office,Backpack,37.0,9789,362193,2025-02-05
Mysuru,Home Appliances,Fan,73.0,13579,991267,2025-08-28
Lucknow,Fashion,Jeans,96.0,1027,98592,2025-05-06
Lucknow,Home Appliances,Fan,24.0,2916,69984,2025-07-19
Ahmedabad,Fashion,T-Shirt,50.0,7031,351550,2025-07-03
Pune,Home Appliances,Air Cooler,53.0,3098,164194,2025-04-12
Kochi,Home Appliances,Air Cooler,117.0,14776,1728792,2025-10-22
Ahmedabad,Fashion,Jeans,28.0,5452,152656,2025-09-24
Delhi,Office,Backpack,91.0,8317,756847,2025-08-20
Hyderabad,Accessories,Speaker,2.0,5133,10266,2025-02-08
Kochi,Home Appliances,Mixer,7.0,8773,61411,2025-05-20
Bhopal,Fashion,T-Shirt,42.0,3479,146118,2025-10-17
Bengaluru,Fashion,T-Shirt,20.0,2265,45300,2025-07-01
Surat,Electronics,Laptop,38.0,5074,192812,2025-01-21
Bhopal,Office,Backpack,19.0,13963,265297,2025-10-24
Kochi,Electronics,Tablet,95.0,10883,1033885,2025-11-08
Hyderabad,Electronics,Tablet,94.0,9440,887360,2025-02-07
Kolkata,Electronics,Laptop,27.0,8663,233901,2025-10-16
Jaipur,Fashion,Watch,17.0,743,12631,2025-10-20
Delhi,Office,Backpack,107.0,11199,1198293,2025-07-10
Bhopal,Fashion,Shoes,117.0,386,45162,2025-06-20
Kochi,Fashion,T-Shirt,67.0,3192,213864,2025-04-11
Lucknow,Fashion,T-Shirt,73.0,8137,594001,2025-07-14
Delhi,Electronics,Monitor,34.0,9353,318002,2025-10-13
Kochi,Home Appliances,Air Cooler,118.0,13576,1601968,2025-01-21
Ahmedabad,Accessories,Speaker,69.0,2357,162633,2025-01-03
Pune,Accessories,Keyboard,81.0,245,19845,2025-08-20
Kolkata,Office,Printer,120.0,8821,1058520,2025-07-19
Surat,Office,Printer,97.0,12725,1234325,2025-11-24
Hyderabad,Accessories,Headphones,40.0,4261,170440,2025-05-16
Chennai,Electronics,Smartphone,41.0,3895,159695,2025-02-22
Bengaluru,Office,Backpack,109.0,6830,744470,2025-02-01
Mumbai,Office,Backpack,64.0,3418,218752,2025-11-06
Patna,Office,Backpack,8.0,3898,31184,2025-07-03
Kolkata,Home Appliances,Air Cooler,23.0,937,21551,2025-03-23
Mumbai,Home Appliances,Air Cooler,107.0,9765,1044855,2025-10-24
Ahmedabad,Home Appliances,Mixer,67.0,8134,544978,2025-04-07
Hyderabad,Electronics,Smartphone,39.0,12189,475371,2025-03-26
Lucknow,Accessories,Mouse,109.0,7549,822841,2025-05-18
Bhopal,Electronics,Tablet,64.0,7265,464960,2025-01-15
Mumbai,Home Appliances,Fan,111.0,2308,256188,2025-04-11
Patna,Electronics,Camera,53.0,5465,289645,2025-02-25
Mysuru,Home Appliances,Mixer,101.0,7920,799920,2025-11-02
Surat,Home Appliances,Fan,12.0,8118,97416,2025-12-08
Chennai,Fashion,Shoes,11.0,4590,50490,2025-06-13
Patna,Accessories,Headphones,78.0,13535,1055730,2025-02-18
Mumbai,Accessories,Headphones,45.0,5874,264330,2025-09-24
Hyderabad,Electronics,Tablet,115.0,13883,1596545,2025-08-09
Surat,Home Appliances,Fan,86.0,6192,532512,2025-04-20
Ahmedabad,Electronics,Camera,7.0,10794,75558,2025-08-27
Mysuru,Electronics,Laptop,37.0,385,14245,2025-10-08
Jaipur,Electronics,Tablet,41.0,14827,607907,2025-05-04
Bhopal,Accessories,Headphones,98.0,4273,418754,2025-10-26
Surat,Home Appliances,Mixer,23.0,1534,35282,2025-09-01
Bhopal,Fashion,Watch,51.0,12798,652698,2025-03-25
Pune,Electronics,Smartphone,66.0,6290,415140,2025-09-18
Bengaluru,Accessories,Headphones,85.0,7487,636395,2025-09-18
Kolkata,Fashion,Watch,42.0,2779,116718,2025-10-23
Lucknow,Electronics,Camera,37.0,11538,426906,2025-07-23
Pune,Fashion,Jeans,93.0,4078,379254,2025-06-24
Hyderabad,Fashion,Jeans,8.0,3310,26480,2025-10-15
Patna,Accessories,Headphones,65.0,8510,553150,2025-01-25
Jaipur,Office,Backpack,6.0,8483,50898,2025-12-20
Bhopal,Office,Printer,77.0,2955,227535,2025-01-22
Kochi,Electronics,Monitor,90.0,10278,925020,2025-02-18
Kochi,Accessories,Keyboard,11.0,1705,18755,2025-04-22
Jaipur,Fashion,Watch,49.0,1842,90258,2025-02-11
Patna,Accessories,Mouse,72.0,970,69840,2025-06-06
Lucknow,Office,Printer,24.0,10982,263568,2025-02-04
Delhi,Office,Printer,38.0,7651,290738,2025-11-22
Surat,Fashion,T-Shirt,41.0,3900,159900,2025-10-16
Hyderabad,Electronics,Camera,62.0,4666,289292,2025-06-23
Jaipur,Accessories,Speaker,93.0,11639,1082427,2025-01-28
Pune,Fashion,Jeans,11.0,7471,82181,2025-02-10
Lucknow,Electronics,Monitor,74.0,5753,425722,2025-12-08
Pune,Accessories,Speaker,113.0,13187,1490131,2025-08-26
Kolkata,Office,Printer,112.0,6875,770000,2025-03-08
Bengaluru,Home Appliances,Fan,119.0,245,29155,2025-06-08
Bengaluru,Fashion,Watch,10.0,12321,123210,2025-09-10
Bengaluru,Fashion,Shoes,63.0,13519,851697,2025-09-15
Mysuru,Fashion,Watch,67.0,6774,453858,2025-01-11
Chennai,Electronics,Camera,31.0,880,27280,2025-07-13
Jaipur,Office,Printer,48.0,921,44208,2025-03-24
Jaipur,Electronics,Camera,35.0,13920,487200,2025-01-20
Bengaluru,Home Appliances,Mixer,2.0,14283,28566,2025-04-19
Surat,Home Appliances,Mixer,22.0,1161,25542,2025-12-08
Hyderabad,Electronics,Smartphone,47.0,2416,113552,2025-01-20
Kolkata,Accessories,Keyboard,89.0,3477,309453,2025-08-25
Kochi,Home Appliances,Fan,90.0,9988,898920,2025-06-08
Bengaluru,Electronics,Monitor,84.0,13706,1151304,2025-03-13
Delhi,Electronics,Monitor,92.0,8939,822388,2025-07-02
Surat,Office,Backpack,118.0,13548,1598664,2025-08-10
Delhi,Accessories,Mouse,104.0,4678,486512,2025-11-19
Hyderabad,Electronics,Tablet,37.0,12441,460317,2025-09-20
Jaipur,Accessories,Mouse,29.0,8618,249922,2025-02-04
Pune,Electronics,Monitor,16.0,11969,191504,2025-09-20
Kochi,Accessories,Mouse,68.0,3662,249016,2025-05-27
Delhi,Accessories,Mouse,51.0,6854,349554,2025-03-28
Lucknow,Home Appliances,Air Cooler,48.0,2647,127056,2025-02-16
Bengaluru,Office,Printer,41.0,11659,478019,2025-07-13
Delhi,Fashion,Watch,14.0,13485,188790,2025-07-27
Ahmedabad,Accessories,Speaker,4.0,7534,30136,2025-01-10
Chennai,Fashion,Watch,116.0,6853,794948,2025-01-05
Mumbai,Accessories,Headphones,47.0,8457,397479,2025-06-01
Chennai,Accessories,Keyboard,88.0,271,23848,2025-02-15
Pune,Electronics,Camera,64.0,13454,861056,2025-02-11
Kolkata,Electronics,Tablet,68.0,7409,503812,2025-10-02
Chennai,Fashion,Jeans,33.0,5151,169983,2025-02-07
Bengaluru,Home Appliances,Fan,40.0,7447,297880,2025-10-09
Mumbai,Office,Backpack,94.0,12411,1166634,2025-06-07
Ahmedabad,Accessories,Speaker,75.0,1091,81825,2025-06-24
Surat,Electronics,Monitor,120.0,12247,1469640,2025-02-25
Bhopal,Home Appliances,Air Cooler,74.0,8908,659192,2025-07-14
Pune,Accessories,Speaker,75.0,3719,278925,2025-07-11
Lucknow,Electronics,Monitor,31.0,3391,105121,2025-06-23
Pune,Office,Backpack,81.0,11186,906066,2025-09-15
Patna,Home Appliances,Mixer,48.0,11450,549600,2025-08-02
Ahmedabad,Fashion,Jeans,96.0,11571,1110816,2025-08-28
Surat,Electronics,Monitor,34.0,4203,142902,2025-01-26
Kolkata,Electronics,Monitor,24.0,2886,69264,2025-01-20
Kochi,Office,Backpack,31.0,3755,116405,2025-04-28
Chennai,Fashion,Watch,28.0,13080,366240,2025-11-05
Kochi,Home Appliances,Fan,38.0,4444,168872,2025-01-06
Pune,Home Appliances,Mixer,42.0,4133,173586,2025-03-27
Delhi,Office,Backpack,80.0,14281,1142480,2025-10-21
Mysuru,Accessories,Keyboard,57.0,7956,453492,2025-04-20
Delhi,Fashion,Jeans,93.0,8964,833652,2025-06-21
Lucknow,Electronics,Smartphone,31.0,11439,354609,2025-03-01
Lucknow,Electronics,Tablet,89.0,202,17978,2025-02-14
Hyderabad,Fashion,Jeans,98.0,13280,1301440,2025-03-17
Mumbai,Accessories,Keyboard,28.0,5064,141792,2025-08-22
Patna,Home Appliances,Air Cooler,68.0,2646,179928,2025-10-01
Kochi,Office,Backpack,105.0,5460,573300,2025-02-11
Mysuru,Accessories,Mouse,17.0,14891,253147,2025-07-02
Lucknow,Office,Backpack,56.0,9512,532672,2025-12-20
Bengaluru,Electronics,Smartphone,71.0,3823,271433,2025-02-01
Delhi,Office,Backpack,32.0,3697,118304,2025-11-05
Ahmedabad,Office,Printer,117.0,2301,269217,2025-08-15
Jaipur,Office,Printer,27.0,1435,38745,2025-07-24
Bengaluru,Electronics,Camera,52.0,5094,264888,2025-12-16
Chennai,Office,Printer,27.0,9350,252450,2025-06-02
Lucknow,Office,Printer,43.0,10265,441395,2025-06-06
Bhopal,Home Appliances,Fan,18.0,10524,189432,2025-05-03
Bengaluru,Electronics,Camera,102.0,11800,1203600,2025-05-24
Kochi,Fashion,Watch,35.0,503,17605,2025-11-21
Delhi,Office,Backpack,101.0,12629,1275529,2025-06-17
Mysuru,Office,Backpack,54.0,2456,132624,2025-06-19
Bengaluru,Electronics,Camera,107.0,2819,301633,2025-01-27
Kolkata,Fashion,Watch,25.0,13386,334650,2025-09-22
Lucknow,Office,Backpack,53.0,12142,643526,2025-02-10
Lucknow,Office,Backpack,41.0,9948,407868,2025-08-21
Patna,Fashion,T-Shirt,67.0,3764,252188,2025-10-23
Jaipur,Home Appliances,Air Cooler,63.0,12464,785232,2025-10-27
Pune,Accessories,Headphones,33.0,10009,330297,2025-12-17
Kolkata,Electronics,Monitor,95.0,10361,984295,2025-06-27
Delhi,Electronics,Tablet,77.0,11704,901208,2025-11-07
Bhopal,Office,Backpack,38.0,3746,142348,2025-03-05
Mumbai,Fashion,Shoes,115.0,6442,740830,2025-02-05
Lucknow,Fashion,T-Shirt,85.0,14405,1224425,2025-02-11
Bhopal,Accessories,Mouse,30.0,4320,129600,2025-01-01
Bhopal,Electronics,Smartphone,88.0,7579,666952,2025-07-24
Bhopal,Fashion,Jeans,117.0,3363,393471,2025-10-17
Kolkata,Accessories,Speaker,39.0,3028,118092,2025-11-06
Mumbai,Office,Backpack,96.0,8457,811872,2025-12-16
Ahmedabad,Home Appliances,Air Cooler,68.0,2515,171020,2025-03-07
Kolkata,Home Appliances,Air Cooler,70.0,10832,758240,2025-08-02
Pune,Home Appliances,Fan,9.0,6555,58995,2025-09-02
Surat,Electronics,Smartphone,90.0,12051,1084590,2025-05-19
Lucknow,Accessories,Speaker,40.0,7860,314400,2025-12-19
Jaipur,Home Appliances,Fan,51.0,601,30651,2025-11-11
Patna,Office,Backpack,80.0,4612,368960,2025-10-25
Bengaluru,Office,Printer,114.0,11312,1289568,2025-09-08
Mumbai,Home Appliances,Fan,20.0,3498,69960,2025-07-26
Mumbai,Electronics,Monitor,8.0,9603,76824,2025-03-14
Kolkata,Office,Backpack,17.0,321,5457,2025-02-14
Pune,Accessories,Mouse,94.0,7566,711204,2025-11-17
Kolkata,Accessories,Mouse,64.0,11103,710592,2025-09-13
Delhi,Accessories,Mouse,114.0,8286,944604,2025-06-04
Bengaluru,Accessories,Speaker,56.0,4699,263144,2025-01-01
Jaipur,Office,Backpack,44.0,8736,384384,2025-07-26
Pune,Fashion,Shoes,88.0,1141,100408,2025-06-03
Delhi,Office,Backpack,33.0,5526,182358,2025-02-05
Lucknow,Accessories,Mouse,34.0,1325,45050,2025-09-19
Jaipur,Office,Backpack,1.0,2554,2554,2025-04-07
Kolkata,Office,Backpack,3.0,8597,25791,2025-04-27
Chennai,Office,Printer,94.0,1240,116560,2025-08-01
Patna,Office,Printer,6.0,14648,87888,2025-10-10
Pune,Accessories,Keyboard,118.0,3676,433768,2025-09-21
Bhopal,Electronics,Smartphone,6.0,13263,79578,2025-12-11
Bengaluru,Electronics,Monitor,79.0,12256,968224,2025-09-08
Surat,Home Appliances,Fan,96.0,1333,127968,2025-04-09
Mumbai,Home Appliances,Mixer,75.0,12818,961350,2025-07-21
Delhi,Home Appliances,Fan,77.0,8142,626934,2025-10-16
Chennai,Accessories,Mouse,20.0,9297,185940,2025-05-04
Hyderabad,Accessories,Speaker,79.0,4628,365612,2025-09-01
Patna,Accessories,Headphones,60.0,3552,213120,2025-06-25
Kolkata,Office,Backpack,39.0,8546,333294,2025-01-19
Mysuru,Office,Printer,74.0,4315,319310,2025-11-01
Delhi,Accessories,Headphones,18.0,10978,197604,2025-07-01
Patna,Home Appliances,Fan,35.0,2610,91350,2025-11-28
Patna,Electronics,Smartphone,12.0,5996,71952,2025-09-20
Kochi,Fashion,Shoes,67.0,4793,321131,2025-10-27
Bengaluru,Electronics,Camera,25.0,14034,350850,2025-05-05
Ahmedabad,Fashion,T-Shirt,73.0,12391,904543,2025-08-22
Lucknow,Office,Backpack,69.0,7356,507564,2025-08-12
Mysuru,Accessories,Headphones,85.0,5258,446930,2025-02-17
Delhi,Office,Backpack,117.0,11451,1339767,2025-09-24
Kochi,Fashion,T-Shirt,65.0,8752,568880,2025-12-05
Pune,Home Appliances,Fan,101.0,10708,1081508,2025-09-28
Chennai,Home Appliances,Fan,14.0,9547,133658,2025-07-06
Surat,Fashion,Jeans,115.0,7234,831910,2025-01-24
Ahmedabad,Accessories,Speaker,92.0,10402,956984,2025-05-06
Kochi,Office,Backpack,38.0,8659,329042,2025-04-04
Delhi,Office,Printer,90.0,240,21600,2025-07-13
Kolkata,Home Appliances,Mixer,85.0,10722,911370,2025-11-03
Jaipur,Electronics,Monitor,119.0,14839,1765841,2025-02-15
Kochi,Home Appliances,Mixer,38.0,12962,492556,2025-03-13
Jaipur,Accessories,Mouse,73.0,5318,388214,2025-07-20
Delhi,Home Appliances,Mixer,120.0,7087,850440,2025-03-08
Ahmedabad,Office,Printer,29.0,10911,316419,2025-08-04
Chennai,Home Appliances,Air Cooler,75.0,641,48075,2025-03-06
Kochi,Office,Printer,5.0,11806,59030,2025-07-11
Patna,Accessories,Speaker,8.0,11195,89560,2025-09-09
Mumbai,Office,Backpack,75.0,5491,411825,2025-12-09
Lucknow,Office,Backpack,64.0,5343,341952,2025-06-07
Lucknow,Home Appliances,Mixer,105.0,14593,1532265,2025-09-18
Mumbai,Electronics,Camera,96.0,3642,349632,2025-08-17
Jaipur,Accessories,Headphones,42.0,8295,348390,2025-10-02
Bhopal,Home Appliances,Fan,48.0,8554,410592,2025-10-25
Jaipur,Office,Printer,52.0,13745,714740,2025-09-07
Kochi,Accessories,Speaker,53.0,3564,188892,2025-09-01
Delhi,Fashion,T-Shirt,88.0,8047,708136,2025-07-03
Mysuru,Fashion,Watch,88.0,1982,174416,2025-03-04
Mumbai,Home Appliances,Mixer,81.0,14121,1143801,2025-06-24
Patna,Home Appliances,Air Cooler,13.0,2734,35542,2025-10-21
Patna,Home Appliances,Air Cooler,83.0,6540,542820,2025-11-26
Kochi,Electronics,Monitor,99.0,2392,236808,2025-01-21
Patna,Office,Printer,118.0,6782,800276,2025-07-23
Lucknow,Home Appliances,Mixer,112.0,2140,239680,2025-01-15
Jaipur,Fashion,Jeans,62.0,12968,804016,2025-03-19
Hyderabad,Fashion,Watch,71.0,10140,719940,2025-04-08
Hyderabad,Home Appliances,Air Cooler,120.0,14118,1694160,2025-07-22
Kolkata,Home Appliances,Fan,118.0,957,112926,2025-04-23
Lucknow,Electronics,Camera,63.0,5572,351036,2025-08-17
Ahmedabad,Office,Printer,25.0,5743,143575,2025-06-23
Patna,Electronics,Camera,57.0,4068,231876,2025-12-04
Surat,Fashion,Jeans,13.0,5490,71370,2025-06-11
Delhi,Electronics,Tablet,57.0,11277,642789,2025-01-12
Mysuru,Electronics,Monitor,62.0,10323,640026,2025-10-22
Bengaluru,Fashion,Shoes,91.0,13670,1243970,2025-05-09
Mumbai,Accessories,Mouse,66.0,9004,594264,2025-04-04
Surat,Accessories,Headphones,40.0,14745,589800,2025-08-02
Kolkata,Electronics,Smartphone,120.0,3916,469920,2025-11-26
Kolkata,Electronics,Smartphone,52.0,8977,466804,2025-08-04
Ahmedabad,Office,Printer,96.0,813,78048,2025-10-21
Surat,Office,Backpack,69.0,1075,74175,2025-03-08
Hyderabad,Accessories,Mouse,46.0,7185,330510,2025-09-10
Mysuru,Office,Backpack,74.0,13474,997076,2025-05-01
Kochi,Fashion,Watch,93.0,14228,1323204,2025-07-10
Kolkata,Electronics,Laptop,56.0,3770,211120,2025-03-20
Chennai,Office,Printer,98.0,8369,820162,2025-09-22
Bhopal,Electronics,Tablet,75.0,8362,627150,2025-06-15
Jaipur,Fashion,Jeans,85.0,7395,628575,2025-04-04
Kochi,Office,Printer,91.0,818,74438,2025-03-19
Hyderabad,Electronics,Tablet,72.0,6234,448848,2025-12-22
Pune,Fashion,Jeans,30.0,3068,92040,2025-05-03
Hyderabad,Accessories,Headphones,71.0,5884,417764,2025-11-24
Ahmedabad,Home Appliances,Mixer,75.0,7291,546825,2025-07-01
Ahmedabad,Fashion,Shoes,38.0,13220,502360,2025-07-28
Bhopal,Accessories,Speaker,23.0,12113,278599,2025-02-12
Mysuru,Home Appliances,Fan,70.0,4843,339010,2025-11-03
Mumbai,Office,Backpack,95.0,10190,968050,2025-02-14
Mumbai,Office,Printer,44.0,415,18260,2025-03-06
Mumbai,Home Appliances,Air Cooler,13.0,6827,88751,2025-10-18
Hyderabad,Accessories,Headphones,30.0,13106,393180,2025-05-27
Lucknow,Office,Backpack,90.0,14771,1329390,2025-01-23
Bengaluru,Accessories,Keyboard,89.0,8176,727664,2025-08-10
Surat,Fashion,Jeans,69.0,6836,471684,2025-05-22
Kochi,Fashion,Jeans,99.0,669,66231,2025-03-14
Pune,Accessories,Headphones,74.0,12094,894956,2025-11-19
Pune,Fashion,T-Shirt,72.0,14793,1065096,2025-04-14
Pune,Office,Backpack,16.0,10026,160416,2025-12-13
Bhopal,Office,Backpack,10.0,224,2240,2025-03-11
Patna,Office,Printer,36.0,3049,109764,2025-01-05
Lucknow,Fashion,Jeans,88.0,11651,1025288,2025-04-09
Ahmedabad,Home Appliances,Air Cooler,6.0,1385,8310,2025-04-24
Lucknow,Office,Printer,115.0,7097,816155,2025-08-12
Mumbai,Electronics,Laptop,61.0,14359,875899,2025-08-20
Pune,Accessories,Keyboard,82.0,5187,425334,2025-05-27
Chennai,Electronics,Tablet,38.0,640,24320,2025-10-06
Pune,Fashion,Shoes,9.0,7702,69318,2025-05-28
Patna,Accessories,Speaker,113.0,5232,591216,2025-03-28
Ahmedabad,Office,Printer,15.0,9204,138060,2025-07-08
Patna,Fashion,Watch,28.0,1289,36092,2025-10-19
Kolkata,Accessories,Speaker,115.0,10232,1176680,2025-11-11
Ahmedabad,Home Appliances,Mixer,82.0,3193,261826,2025-08-22
Bengaluru,Office,Backpack,104.0,1718,178672,2025-05-20
Bengaluru,Electronics,Smartphone,119.0,14262,1697178,2025-09-11
Chennai,Fashion,Shoes,44.0,1241,54604,2025-12-24
Pune,Accessories,Mouse,119.0,11395,1356005,2025-05-18
Lucknow,Office,Printer,24.0,8939,214536,2025-09-08
Mumbai,Electronics,Tablet,61.0,12570,766770,2025-04-08
Bhopal,Accessories,Mouse,36.0,6392,230112,2025-12-24
Kochi,Electronics,Tablet,88.0,8100,712800,2025-05-19
Bhopal,Fashion,Jeans,46.0,1720,79120,2025-02-09
Kochi,Home Appliances,Fan,68.0,8671,589628,2025-08-19
Hyderabad,Accessories,Keyboard,9.0,2395,21555,2025-12-01
Ahmedabad,Electronics,Monitor,42.0,4876,204792,2025-04-15
Bhopal,Office,Backpack,13.0,8618,112034,2025-04-02
Bhopal,Home Appliances,Fan,65.0,1045,67925,2025-01-04
Lucknow,Home Appliances,Fan,32.0,1605,51360,2025-05-07
Pune,Electronics,Tablet,12.0,1263,15156,2025-05-08
Bengaluru,Office,Backpack,22.0,10543,231946,2025-02-26
Lucknow,Office,Printer,71.0,7672,544712,2025-02-02
Patna,Office,Backpack,55.0,5134,282370,2025-03-11
Kochi,Office,Printer,53.0,10723,568319,2025-09-21
Chennai,Electronics,Smartphone,111.0,7209,800199,2025-10-22
Bhopal,Fashion,T-Shirt,48.0,4513,216624,2025-03-23
Chennai,Fashion,T-Shirt,52.0,744,38688,2025-01-06
Bhopal,Electronics,Smartphone,65.0,7273,472745,2025-06-21
Hyderabad,Accessories,Headphones,87.0,5548,482676,2025-03-06
Pune,Electronics,Laptop,38.0,13114,498332,2025-03-01
Hyderabad,Office,Backpack,5.0,1889,9445,2025-06-03
Mysuru,Accessories,Keyboard,3.0,1763,5289,2025-07-14
Delhi,Fashion,Jeans,109.0,12327,1343643,2025-09-05
Chennai,Fashion,Jeans,36.0,812,29232,2025-01-11
Kolkata,Home Appliances,Mixer,24.0,11092,266208,2025-03-02
Bhopal,Office,Printer,84.0,651,54684,2025-02-22
Chennai,Home Appliances,Mixer,109.0,1437,156633,2025-02-25
Chennai,Accessories,Mouse,27.0,3863,104301,2025-10-04
Mumbai,Fashion,Jeans,47.0,3174,149178,2025-09-13
Kolkata,Fashion,Jeans,32.0,12208,390656,2025-10-09
Delhi,Office,Backpack,43.0,2268,97524,2025-04-10
Ahmedabad,Home Appliances,Fan,39.0,12856,501384,2025-05-20
Pune,Office,Printer,23.0,4520,103960,2025-10-17
Bhopal,Office,Printer,35.0,3048,106680,2025-12-02
Surat,Home Appliances,Fan,32.0,7364,235648,2025-08-21
Surat,Office,Printer,36.0,11044,397584,2025-10-18
Pune,Accessories,Keyboard,80.0,7931,634480,2025-04-12
Kolkata,Electronics,Tablet,89.0,3109,276701,2025-07-13
Kolkata,Accessories,Headphones,35.0,8194,286790,2025-07-06
Mumbai,Fashion,T-Shirt,80.0,7024,561920,2025-07-10
Pune,Accessories,Speaker,101.0,6253,631553,2025-04-08
Patna,Home Appliances,Air Cooler,48.0,2809,134832,2025-05-15
Chennai,Accessories,Speaker,56.0,11991,671496,2025-06-22
Bhopal,Accessories,Keyboard,72.0,9711,699192,2025-12-23
Mysuru,Office,Printer,98.0,10584,1037232,2025-10-18
Patna,Accessories,Keyboard,20.0,4945,98900,2025-04-23
Mumbai,Office,Backpack,119.0,9905,1178695,2025-03-10
Kochi,Accessories,Speaker,11.0,2766,30426,2025-11-15
Kolkata,Office,Printer,96.0,10444,1002624,2025-09-08
Kolkata,Accessories,Keyboard,85.0,4895,416075,2025-07-18
Bengaluru,Home Appliances,Air Cooler,55.0,4236,232980,2025-11-19
Hyderabad,Office,Printer,51.0,12172,620772,2025-09-05
Lucknow,Home Appliances,Fan,76.0,10667,810692,2025-04-20
Kochi,Home Appliances,Air Cooler,10.0,7003,70030,2025-02-12
Chennai,Fashion,T-Shirt,13.0,6649,86437,2025-09-21
Patna,Office,Printer,4.0,4211,16844,2025-01-16
Bhopal,Fashion,Watch,17.0,6418,109106,2025-01-16
Pune,Fashion,T-Shirt,13.0,4687,60931,2025-09-20
Bhopal,Office,Printer,72.0,14883,1071576,2025-03-13
Pune,Accessories,Keyboard,16.0,2359,37744,2025-02-10
Delhi,Fashion,Shoes,101.0,12869,1299769,2025-08-13
Kochi,Accessories,Mouse,108.0,2561,276588,2025-12-19
Patna,Fashion,Watch,108.0,11710,1264680,2025-05-12
Mumbai,Office,Printer,118.0,13568,1601024,2025-04-20
Mysuru,Office,Printer,96.0,9785,939360,2025-10-21
Jaipur,Accessories,Headphones,28.0,6678,186984,2025-10-09
Mysuru,Electronics,Laptop,24.0,10719,257256,2025-07-23
Pune,Office,Backpack,73.0,7739,564947,2025-02-20
Chennai,Office,Printer,53.0,11372,602716,2025-09-08
Pune,Accessories,Keyboard,77.0,2017,155309,2025-01-04
Mumbai,Electronics,Smartphone,45.0,13065,587925,2025-10-01
Lucknow,Office,Printer,73.0,10057,734161,2025-05-24
Hyderabad,Electronics,Laptop,25.0,3909,97725,2025-04-09
Ahmedabad,Fashion,Watch,118.0,11109,1310862,2025-07-27
Bengaluru,Fashion,Shoes,69.0,13218,912042,2025-02-10
Bhopal,Home Appliances,Air Cooler,103.0,11527,1187281,2025-05-03
Chennai,Electronics,Laptop,111.0,7313,811743,2025-08-20
Pune,Electronics,Laptop,33.0,9119,300927,2025-02-04
Surat,Electronics,Tablet,75.0,10922,819150,2025-12-19
Mysuru,Electronics,Laptop,7.0,14100,98700,2025-05-21
Mysuru,Fashion,T-Shirt,20.0,8877,177540,2025-09-27
Bengaluru,Office,Backpack,119.0,2150,255850,2025-07-18
Delhi,Electronics,Monitor,78.0,848,66144,2025-04-10
Hyderabad,Electronics,Smartphone,34.0,8423,286382,2025-12-11
Kolkata,Home Appliances,Fan,114.0,2754,313956,2025-01-07
Lucknow,Fashion,T-Shirt,55.0,1205,66275,2025-12-16
Mysuru,Electronics,Camera,108.0,9894,1068552,2025-02-07
Ahmedabad,Home Appliances,Fan,8.0,1508,12064,2025-06-26
Mysuru,Electronics,Laptop,102.0,8318,848436,2025-02-07
Kochi,Fashion,T-Shirt,75.0,11371,852825,2025-05-28
Bengaluru,Electronics,Smartphone,39.0,7801,304239,2025-11-28
Kochi,Fashion,T-Shirt,38.0,1707,64866,2025-02-05
Delhi,Home Appliances,Fan,109.0,10554,1150386,2025-05-11
Ahmedabad,Office,Printer,99.0,10154,1005246,2025-04-14
Pune,Home Appliances,Fan,63.0,6435,405405,2025-05-28
Mysuru,Fashion,T-Shirt,31.0,9278,287618,2025-02-02
Mumbai,Office,Backpack,79.0,2021,159659,2025-11-13
Mumbai,Home Appliances,Fan,22.0,4287,94314,2025-11-05
Chennai,Accessories,Mouse,113.0,984,111192,2025-02-23
Lucknow,Electronics,Tablet,28.0,5631,157668,2025-01-14
Hyderabad,Office,Printer,50.0,1288,64400,2025-07-18
Surat,Accessories,Mouse,22.0,5494,120868,2025-03-25
Surat,Office,Backpack,115.0,1429,164335,2025-01-05
Ahmedabad,Accessories,Mouse,63.0,12007,756441,2025-02-23
Jaipur,Home Appliances,Air Cooler,77.0,11747,904519,2025-10-09
Jaipur,Home Appliances,Fan,55.0,6596,362780,2025-10-10
Mumbai,Home Appliances,Air Cooler,29.0,1156,33524,2025-01-12
Ahmedabad,Home Appliances,Air Cooler,90.0,12168,1095120,2025-06-14
Jaipur,Accessories,Speaker,27.0,6190,167130,2025-06-25
Kochi,Office,Printer,21.0,6724,141204,2025-11-17
Surat,Accessories,Mouse,35.0,4575,160125,2025-02-09
Mysuru,Accessories,Mouse,99.0,964,95436,2025-09-09
Surat,Home Appliances,Air Cooler,73.0,2138,156074,2025-08-17
Hyderabad,Accessories,Speaker,115.0,6368,732320,2025-06-15
Kochi,Home Appliances,Fan,112.0,1175,131600,2025-01-06
Surat,Home Appliances,Fan,58.0,10373,601634,2025-06-26
Mumbai,Home Appliances,Mixer,88.0,14010,1232880,2025-07-04
Lucknow,Fashion,T-Shirt,1.0,11139,11139,2025-09-14
Pune,Home Appliances,Fan,43.0,1636,70348,2025-01-04
Jaipur,Accessories,Mouse,27.0,13274,358398,2025-08-19
Bengaluru,Home Appliances,Fan,83.0,6936,575688,2025-11-05
Mumbai,Electronics,Tablet,105.0,13031,1368255,2025-03-18
Pune,Office,Backpack,86.0,12375,1064250,2025-12-18
Mysuru,Office,Backpack,27.0,12395,334665,2025-02-07
Lucknow,Accessories,Speaker,70.0,1951,136570,2025-05-06
Bengaluru,Fashion,Watch,71.0,11761,835031,2025-07-18
Surat,Home Appliances,Mixer,17.0,7373,125341,2025-11-13
Mysuru,Electronics,Monitor,9.0,4046,36414,2025-11-22
Kolkata,Fashion,Jeans,85.0,10431,886635,2025-12-20
Delhi,Home Appliances,Mixer,16.0,12605,201680,2025-08-06
Mysuru,Home Appliances,Mixer,21.0,8591,180411,2025-03-10
Kolkata,Fashion,T-Shirt,14.0,10178,142492,2025-04-26
Jaipur,Electronics,Camera,87.0,12468,1084716,2025-06-03
Delhi,Fashion,T-Shirt,24.0,14323,343752,2025-10-23
Delhi,Electronics,Smartphone,25.0,3316,82900,2025-09-15
Jaipur,Home Appliances,Fan,100.0,2098,209800,2025-04-13
Pune,Fashion,T-Shirt,84.0,5677,476868,2025-07-27
Patna,Home Appliances,Air Cooler,32.0,2340,74880,2025-03-01
Hyderabad,Fashion,Shoes,108.0,4273,461484,2025-09-14
Lucknow,Office,Backpack,116.0,1807,209612,2025-05-10
Kolkata,Office,Printer,78.0,2713,211614,2025-11-15
Jaipur,Accessories,Headphones,26.0,5198,135148,2025-04-19
Ahmedabad,Electronics,Smartphone,15.0,10785,161775,2025-11-18
Bhopal,Office,Backpack,43.0,10298,442814,2025-11-10
Mysuru,Office,Printer,36.0,7779,280044,2025-04-28
Bengaluru,Electronics,Laptop,119.0,6147,731493,2025-05-08
Mumbai,Accessories,Speaker,73.0,827,60371,2025-01-22
Mysuru,Accessories,Headphones,100.0,5689,568900,2025-09-15
Kochi,Electronics,Smartphone,110.0,6832,751520,2025-10-17
Hyderabad,Office,Backpack,5.0,1889,9445,2025-06-03
Chennai,Office,Printer,99.0,10335,1023165,2025-05-26
Patna,Home Appliances,Fan,55.0,9581,526955,2025-12-19
Ahmedabad,Office,Printer,96.0,11440,1098240,2025-03-01
Bhopal,Office,Backpack,92.0,4373,402316,2025-09-24
Delhi,Accessories,Speaker,118.0,7974,940932,2025-01-21
Lucknow,Office,Backpack,8.0,12270,98160,2025-08-17
Lucknow,Fashion,Jeans,58.0,8904,516432,2025-05-13
Hyderabad,Accessories,Headphones,12.0,10592,127104,2025-07-27
Lucknow,Office,Printer,90.0,10291,926190,2025-04-17
Kochi,Fashion,T-Shirt,113.0,8253,932589,2025-10-18
Mumbai,Accessories,Speaker,74.0,6594,487956,2025-06-19
Mumbai,Accessories,Headphones,41.0,7815,320415,2025-09-14
Hyderabad,Accessories,Mouse,22.0,3164,69608,2025-10-22
Jaipur,Electronics,Camera,103.0,10668,1098804,2025-01-12
Pune,Electronics,Laptop,48.0,3727,178896,2025-11-07
Kolkata,Fashion,Shoes,60.0,14590,875400,2025-12-05
Mumbai,Home Appliances,Air Cooler,31.0,3035,94085,2025-11-22
Mumbai,Electronics,Camera,62.0,4942,306404,2025-05-16
Kochi,Office,Printer,19.0,12163,231097,2025-12-17
Bengaluru,Electronics,Camera,84.0,13983,1174572,2025-09-13
Bhopal,Office,Printer,70.0,3900,273000,2025-01-13
Pune,Electronics,Monitor,34.0,14480,492320,2025-11-04
Delhi,Accessories,Keyboard,54.0,3155,170370,2025-07-26
Hyderabad,Home Appliances,Mixer,50.0,10587,529350,2025-07-21
Lucknow,Electronics,Tablet,55.0,12535,689425,2025-05-23
Chennai,Home Appliances,Fan,49.0,4971,243579,2025-07-03
Pune,Electronics,Camera,44.0,11158,490952,2025-11-26
Hyderabad,Electronics,Tablet,77.0,14187,1092399,2025-08-14
Delhi,Office,Backpack,42.0,6492,272664,2025-06-25
Mysuru,Home Appliances,Air Cooler,89.0,1622,144358,2025-08-06
Delhi,Electronics,Monitor,63.0,7258,457254,2025-12-25
Lucknow,Fashion,T-Shirt,84.0,8039,675276,2025-12-25
Patna,Office,Printer,15.0,2670,40050,2025-02-11
Kochi,Fashion,Shoes,73.0,6864,501072,2025-08-03
Pune,Home Appliances,Air Cooler,48.0,10601,508848,2025-09-04
Ahmedabad,Fashion,Watch,118.0,11109,1310862,2025-07-27
Kolkata,Electronics,Smartphone,120.0,3916,469920,2025-11-26
Chennai,Electronics,Tablet,38.0,640,24320,2025-10-06
Hyderabad,Electronics,Smartphone,1.0,5723,5723,2025-12-19
Pune,Home Appliances,Fan,107.0,11498,1230286,2025-06-03
Kolkata,Office,Backpack,59.0,10615,626285,2025-06-06
Mysuru,Fashion,Watch,8.0,9695,77560,2025-02-09
Pune,Electronics,Tablet,105.0,5815,610575,2025-03-04
Hyderabad,Home Appliances,Fan,33.0,799,26367,2025-11-07
Mysuru,Electronics,Camera,98.0,2868,281064,2025-10-22
Bhopal,Electronics,Smartphone,64.0,1394,89216,2025-10-20
Lucknow,Home Appliances,Air Cooler,60.0,6969,418140,2025-10-18
Pune,Office,Backpack,73.0,7739,564947,2025-02-20
Bengaluru,Fashion,Jeans,68.0,13938,947784,2025-03-01
Ahmedabad,Office,Printer,69.0,13496,931224,2025-05-04
Chennai,Fashion,Watch,56.0,14117,790552,2025-04-10
Kolkata,Electronics,Tablet,27.0,12460,336420,2025-12-24
Patna,Office,Printer,4.0,12830,51320,2025-07-17
Kochi,Fashion,Jeans,70.0,7341,513870,2025-07-10
Chennai,Office,Backpack,14.0,4681,65534,2025-08-09
Lucknow,Home Appliances,Air Cooler,87.0,10729,933423,2025-09-01
Mumbai,Electronics,Camera,103.0,7081,729343,2025-07-28
Pune,Electronics,Tablet,105.0,6366,668430,2025-10-12
Delhi,Home Appliances,Mixer,51.0,13635,695385,2025-09-07
Mysuru,Home Appliances,Air Cooler,107.0,2572,275204,2025-05-20
Mysuru,Electronics,Monitor,82.0,5997,491754,2025-07-20
Surat,Office,Backpack,59.0,10036,592124,2025-12-10
Kolkata,Electronics,Camera,78.0,11159,870402,2025-07-18
Bhopal,Electronics,Tablet,75.0,8362,627150,2025-06-15
Kolkata,Home Appliances,Air Cooler,70.0,2416,169120,2025-07-14
Ahmedabad,Accessories,Keyboard,88.0,10591,932008,2025-05-17
Mumbai,Electronics,Camera,35.0,6978,244230,2025-09-28
Ahmedabad,Accessories,Keyboard,120.0,12449,1493880,2025-01-07
Bengaluru,Home Appliances,Fan,25.0,5453,136325,2025-01-05
Jaipur,Home Appliances,Mixer,19.0,11129,211451,2025-03-28
Surat,Home Appliances,Fan,30.0,7341,220230,2025-04-15
Pune,Electronics,Laptop,61.0,1091,66551,2025-10-05
Hyderabad,Accessories,Mouse,91.0,7511,683501,2025-04-20
Chennai,Electronics,Smartphone,111.0,7209,800199,2025-10-22
Jaipur,Office,Printer,65.0,1115,72475,2025-06-13
Pune,Fashion,Watch,54.0,3784,204336,2025-11-10
Jaipur,Electronics,Smartphone,77.0,379,29183,2025-05-07
Mumbai,Office,Printer,37.0,10037,371369,2025-05-12
Delhi,Home Appliances,Fan,43.0,8227,353761,2025-07-24
Kochi,Home Appliances,Mixer,86.0,11912,1024432,2025-02-19
Kochi,Office,Backpack,44.0,3220,141680,2025-01-09
Bengaluru,Electronics,Laptop,110.0,14338,1577180,2025-01-08
Lucknow,Office,Printer,31.0,6448,199888,2025-10-12
Pune,Home Appliances,Air Cooler,22.0,11226,246972,2025-07-09
Surat,Fashion,Watch,43.0,6051,260193,2025-03-22
Patna,Home Appliances,Air Cooler,99.0,6474,640926,2025-06-19
Pune,Fashion,Shoes,59.0,10988,648292,2025-09-27
Jaipur,Home Appliances,Fan,48.0,1567,75216,2025-11-14
Patna,Accessories,Speaker,29.0,14274,413946,2025-07-16
Ahmedabad,Home Appliances,Mixer,49.0,13010,637490,2025-12-12
Kochi,Home Appliances,Fan,14.0,12668,177352,2025-02-13
Kolkata,Electronics,Smartphone,80.0,2619,209520,2025-05-01
Pune,Office,Printer,2.0,4526,9052,2025-03-16
Kochi,Electronics,Monitor,95.0,995,94525,2025-09-14
Bhopal,Accessories,Mouse,93.0,305,28365,2025-08-20
Mumbai,Office,Printer,22.0,243,5346,2025-04-07
Ahmedabad,Accessories,Mouse,109.0,11345,1236605,2025-11-22
Bhopal,Home Appliances,Mixer,35.0,4001,140035,2025-09-17
Jaipur,Home Appliances,Air Cooler,94.0,3965,372710,2025-11-27
Pune,Office,Backpack,119.0,4733,563227,2025-12-02
Lucknow,Home Appliances,Air Cooler,36.0,13426,483336,2025-12-28
Bhopal,Home Appliances,Mixer,41.0,1311,53751,2025-09-18
Bhopal,Fashion,Shoes,81.0,14710,1191510,2025-06-16
Kochi,Home Appliances,Mixer,107.0,7367,788269,2025-02-08
Mumbai,Fashion,Shoes,75.0,11411,855825,2025-11-15
Patna,Electronics,Tablet,91.0,8503,773773,2025-07-05
Mumbai,Fashion,T-Shirt,49.0,13425,657825,2025-05-09
Lucknow,Office,Printer,49.0,10010,490490,2025-03-03
Jaipur,Accessories,Speaker,27.0,6190,167130,2025-06-25
Chennai,Electronics,Laptop,-1.0,INVALID,ERROR,2025-15-50
Pune,Electronics,Laptop,-8.0,INVALID,ERROR,2025-15-50
Patna,Electronics,Laptop,-12.0,INVALID,ERROR,2025-15-50
Ahmedabad,Electronics,Laptop,-18.0,INVALID,ERROR,2025-15-50
Surat,Electronics,Laptop,-1.0,INVALID,ERROR,2025-15-50
Surat,Electronics,Laptop,-8.0,INVALID,ERROR,2025-15-50
Ahmedabad,Electronics,Laptop,-18.0,INVALID,ERROR,2025-15-50
Lucknow,Electronics,Laptop,-4.0,INVALID,ERROR,2025-15-50
Surat,Electronics,Laptop,-5.0,INVALID,ERROR,2025-15-50
Mumbai,Electronics,Laptop,-8.0,INVALID,ERROR,2025-15-50
Kochi,Electronics,Laptop,-20.0,INVALID,ERROR,2025-15-50
Bhopal,Electronics,Laptop,-15.0,INVALID,ERROR,2025-15-50
Hyderabad,Electronics,Laptop,-8.0,INVALID,ERROR,2025-15-50
Kochi,Electronics,Laptop,-13.0,INVALID,ERROR,2025-15-50
Lucknow,Electronics,Laptop,-19.0,INVALID,ERROR,2025-15-50
Bengaluru,Electronics,Laptop,-11.0,INVALID,ERROR,2025-15-50
Kochi,Electronics,Laptop,-11.0,INVALID,ERROR,2025-15-50
Jaipur,Electronics,Laptop,-11.0,INVALID,ERROR,2025-15-50
Kolkata,Electronics,Laptop,-16.0,INVALID,ERROR,2025-15-50
Patna,Electronics,Laptop,-12.0,INVALID,ERROR,2025-15-50
Lucknow,Electronics,Laptop,-19.0,INVALID,ERROR,2025-15-50
Hyderabad,Electronics,Laptop,-1.0,INVALID,ERROR,2025-15-50
Jaipur,Electronics,Laptop,-9.0,INVALID,ERROR,2025-15-50
Delhi,Electronics,Laptop,-19.0,INVALID,ERROR,2025-15-50
Mysuru,Electronics,Laptop,-1.0,INVALID,ERROR,2025-15-50
Kochi,Electronics,Laptop,-14.0,INVALID,ERROR,2025-15-50
Lucknow,Electronics,Laptop,-14.0,INVALID,ERROR,2025-15-50
Lucknow,Electronics,Laptop,-2.0,INVALID,ERROR,2025-15-50
Bhopal,Electronics,Laptop,-10.0,INVALID,ERROR,2025-15-50
Kolkata,Electronics,Laptop,-5.0,INVALID,ERROR,2025-15-50
Jaipur,Electronics,Laptop,-20.0,INVALID,ERROR,2025-15-50
Patna,Electronics,Laptop,-18.0,INVALID,ERROR,2025-15-50
Pune,Electronics,Laptop,-1.0,INVALID,ERROR,2025-15-50
Pune,Electronics,Laptop,-3.0,INVALID,ERROR,2025-15-50
Bhopal,Electronics,Laptop,-2.0,INVALID,ERROR,2025-15-50
Pune,Electronics,Laptop,-11.0,INVALID,ERROR,2025-15-50
Pune,Electronics,Laptop,-15.0,INVALID,ERROR,2025-15-50
Chennai,Electronics,Laptop,-8.0,INVALID,ERROR,2025-15-50
Ahmedabad,Electronics,Laptop,-9.0,INVALID,ERROR,2025-15-50
Kolkata,Electronics,Laptop,-15.0,INVALID,ERROR,2025-15-50
Mysuru,Electronics,Laptop,-2.0,INVALID,ERROR,2025-15-50
Mumbai,Electronics,Laptop,-13.0,INVALID,ERROR,2025-15-50
Kolkata,Electronics,Laptop,-5.0,INVALID,ERROR,2025-15-50
Ahmedabad,Electronics,Laptop,-14.0,INVALID,ERROR,2025-15-50
Mumbai,Electronics,Laptop,-8.0,INVALID,ERROR,2025-15-50
Pune,Electronics,Laptop,-18.0,INVALID,ERROR,2025-15-50
Mumbai,Electronics,Laptop,-10.0,INVALID,ERROR,2025-15-50
Lucknow,Electronics,Laptop,-18.0,INVALID,ERROR,2025-15-50
Bengaluru,Electronics,Laptop,-5.0,INVALID,ERROR,2025-15-50
Kolkata,Electronics,Laptop,-8.0,INVALID,ERROR,2025-15-50
Surat,Electronics,Laptop,-1.0,INVALID,ERROR,2025-15-50
Jaipur,Electronics,Laptop,-9.0,INVALID,ERROR,2025-15-50
Chennai,Electronics,Laptop,-16.0,INVALID,ERROR,2025-15-50
Bhopal,Electronics,Laptop,-13.0,INVALID,ERROR,2025-15-50
Lucknow,Electronics,Laptop,-20.0,INVALID,ERROR,2025-15-50
Delhi,Electronics,Laptop,-20.0,INVALID,ERROR,2025-15-50
Kochi,Electronics,Laptop,-13.0,INVALID,ERROR,2025-15-50
Hyderabad,Electronics,Laptop,-9.0,INVALID,ERROR,2025-15-50
Hyderabad,Electronics,Laptop,-15.0,INVALID,ERROR,2025-15-50
Patna,Electronics,Laptop,-16.0,INVALID,ERROR,2025-15-50
Kochi,Electronics,Laptop,-6.0,INVALID,ERROR,2025-15-50
Kolkata,Electronics,Laptop,-1.0,INVALID,ERROR,2025-15-50
Jaipur,Electronics,Laptop,-10.0,INVALID,ERROR,2025-15-50
Surat,Electronics,Laptop,-6.0,INVALID,ERROR,2025-15-50
Chennai,Electronics,Laptop,-5.0,INVALID,ERROR,2025-15-50
Mysuru,Electronics,Laptop,-9.0,INVALID,ERROR,2025-15-50
Delhi,Electronics,Laptop,-7.0,INVALID,ERROR,2025-15-50
Hyderabad,Electronics,Laptop,-17.0,INVALID,ERROR,2025-15-50
Bengaluru,Electronics,Laptop,-2.0,INVALID,ERROR,2025-15-50
Hyderabad,Electronics,Laptop,-3.0,INVALID,ERROR,2025-15-50
Ahmedabad,Electronics,Laptop,-5.0,INVALID,ERROR,2025-15-50
Hyderabad,Electronics,Laptop,-4.0,INVALID,ERROR,2025-15-50
Bhopal,Electronics,Laptop,-11.0,INVALID,ERROR,2025-15-50
Kolkata,Electronics,Laptop,-8.0,INVALID,ERROR,2025-15-50
Kochi,Electronics,Laptop,-13.0,INVALID,ERROR,2025-15-50
Lucknow,Electronics,Laptop,-4.0,INVALID,ERROR,2025-15-50
Kolkata,Electronics,Laptop,-18.0,INVALID,ERROR,2025-15-50
Kolkata,Electronics,Laptop,-11.0,INVALID,ERROR,2025-15-50
Ahmedabad,Electronics,Laptop,-10.0,INVALID,ERROR,2025-15-50
Kochi,Electronics,Laptop,-19.0,INVALID,ERROR,2025-15-50
Mysuru,Electronics,Shoes,25.0,1926,442306,Not_A_Date
Lucknow,Office,Shoes,1.0,1828,150516,99/99/2025
Kolkata,Office,Shoes,4.0,2459,404973,99/99/2025
Chennai,Fashion,Shoes,40.0,3268,359238,32-13-2025
Hyderabad,Accessories,Shoes,12.0,2320,449765,99/99/2025
Kolkata,Home Appliances,Shoes,9.0,4803,207833,99/99/2025
Bengaluru,Accessories,Shoes,2.0,1645,322247,Not_A_Date
Pune,Fashion,Shoes,45.0,1242,237061,99/99/2025
Mumbai,Office,Shoes,19.0,1785,319697,99/99/2025
Kochi,Fashion,Shoes,2.0,2974,50619,Not_A_Date
Ahmedabad,Home Appliances,Shoes,50.0,1948,479571,99/99/2025
Kolkata,Fashion,Shoes,38.0,1942,476779,Not_A_Date
Pune,Home Appliances,Shoes,14.0,4389,455068,99/99/2025
Pune,Fashion,Shoes,9.0,3407,399015,99/99/2025
Chennai,Electronics,Shoes,15.0,1785,267202,99/99/2025
Hyderabad,Home Appliances,Shoes,50.0,3435,8979,99/99/2025
Delhi,Electronics,Shoes,27.0,1280,357019,32-13-2025
Bengaluru,Electronics,Shoes,37.0,2460,342110,99/99/2025
Chennai,Accessories,Shoes,40.0,2348,261591,32-13-2025
Ahmedabad,Electronics,Shoes,39.0,1006,6080,99/99/2025
Surat,Electronics,Shoes,12.0,3298,230594,99/99/2025
Pune,Fashion,Shoes,12.0,3289,202432,32-13-2025
Bhopal,Accessories,Shoes,45.0,4532,38549,32-13-2025
Bhopal,Accessories,Shoes,23.0,3032,6288,32-13-2025
Ahmedabad,Home Appliances,Shoes,40.0,1668,123963,99/99/2025
Hyderabad,Accessories,Shoes,47.0,2279,76678,32-13-2025
Chennai,Electronics,Shoes,25.0,4339,249042,32-13-2025
Patna,Electronics,Shoes,19.0,3215,202575,Not_A_Date
Ahmedabad,Accessories,Shoes,16.0,4136,11736,32-13-2025
Mumbai,Home Appliances,Shoes,19.0,3389,107661,32-13-2025
Lucknow,Electronics,Shoes,6.0,4197,266595,Not_A_Date
Pune,Office,Shoes,22.0,978,185670,99/99/2025
Surat,Office,Shoes,42.0,3924,40073,99/99/2025
Bengaluru,Home Appliances,Shoes,11.0,1208,435632,32-13-2025
Surat,Accessories,Shoes,31.0,4984,33806,Not_A_Date
Surat,Electronics,Shoes,47.0,990,86725,99/99/2025
Chennai,Electronics,Shoes,44.0,1432,209887,Not_A_Date
Surat,Home Appliances,Shoes,44.0,4119,17604,Not_A_Date
Surat,Office,Shoes,41.0,4002,112215,Not_A_Date
Chennai,Fashion,Shoes,10.0,2125,363589,Not_A_Date
Mumbai,Home Appliances,Shoes,23.0,1772,42545,99/99/2025
Pune,Home Appliances,Shoes,47.0,2830,344278,32-13-2025
Kolkata,Office,Shoes,15.0,4579,48929,99/99/2025
Hyderabad,Fashion,Shoes,39.0,3052,105959,99/99/2025
Bengaluru,Electronics,Shoes,48.0,2505,242793,Not_A_Date
Patna,Fashion,Shoes,37.0,4906,301012,32-13-2025
Delhi,Fashion,Shoes,45.0,1099,113621,99/99/2025
Hyderabad,Office,Shoes,23.0,4614,451408,Not_A_Date
Pune,Home Appliances,Shoes,14.0,1538,256001,32-13-2025
Bhopal,Accessories,Shoes,7.0,4521,350563,32-13-2025
Chennai,Office,Shoes,27.0,3305,303909,99/99/2025
Mysuru,Accessories,Shoes,14.0,4790,78117,99/99/2025
Mumbai,Electronics,Shoes,50.0,2751,354856,99/99/2025
Kochi,Office,Shoes,23.0,1840,372174,Not_A_Date
Pune,Accessories,Shoes,12.0,4031,238369,99/99/2025
Kochi,Accessories,Shoes,5.0,1683,260774,99/99/2025
Hyderabad,Accessories,Shoes,23.0,2307,428519,99/99/2025
Ahmedabad,Accessories,Shoes,44.0,3713,169634,Not_A_Date
Lucknow,Office,Shoes,27.0,2631,282314,Not_A_Date
Jaipur,Accessories,Shoes,38.0,3988,88751,99/99/2025
Hyderabad,Home Appliances,Shoes,19.0,3511,440400,99/99/2025
Bengaluru,Accessories,Shoes,27.0,1631,170099,99/99/2025
Pune,Home Appliances,Shoes,9.0,3930,176437,Not_A_Date
Jaipur,Accessories,Shoes,8.0,1671,434089,32-13-2025
Bengaluru,Office,Shoes,50.0,1535,398579,Not_A_Date
Mysuru,Office,Shoes,46.0,4532,99016,32-13-2025
Chennai,Accessories,Shoes,45.0,678,326854,Not_A_Date
Lucknow,Fashion,Shoes,17.0,2706,459281,99/99/2025
Mumbai,Fashion,Shoes,37.0,1403,162895,Not_A_Date
Kochi,Accessories,Shoes,1.0,2024,82250,99/99/2025
,,,,,,
,,,,,,
,,,,,,
,,,,,,
,,,,,,
,,,,,,
,,,,,,
,,,,,,
,,,,,,
,,,,,,
,,,,,,
,,,,,,
,,,,,,
,,,,,,
,,,,,,
,,,,,,
,,,,,,
,,,,,,
,,,,,,
,,,,,,
,,,,,,
,,,,,,
,,,,,,
,,,,,,
,,,,,,
,,,,,,
,,,,,,
,,,,,,
,,,,,,
,,,,,,
,,,,,,
,,,,,,
,,,,,,
,,,,,,
,,,,,,
,,,,,,
,,,,,,
,,,,,,
,,,,,,
,,,,,,
,,,,,,
,,,,,,
,,,,,,
,,,,,,
,,,,,,
,,,,,,
,,,,,,
,,,,,,
,,,,,,
,,,,,,
,,,,,,
,,,,,,
,,,,,,
,,,,,,
,,,,,,
,,,,,,
,,,,,,
,,,,,,
,,,,,,
,,,,,,
