Order_ID,Date,City,Category,Product,Sales,Amount,Revenue,Total Quantity
ORD000005,2025-02-17,Lucknow,Beauty,Face Wash,7.0,1005103.68,171752.65,7.0
ORD000012,2025-01-29,Patna,Appliances,Air Conditioner,22.0,1071619.56,308031.33,29.0
ORD000014,2025-03-15,Thiruvananthapuram,Beauty,Perfume,13.0,1725282.0,437479.77,42.0
ORD000024,2025-02-13,Hyderabad,Appliances,Washing Machine,8.0,1053709.12,353705.23,50.0
ORD000042,2025-02-04,Varanasi,Clothing,T-Shirt,3.0,383148.75,37740.44,53.0
ORD000046,2025-02-21,Mumbai,Beauty,Lipstick,15.0,1398176.55,324388.54,68.0
ORD000050,2025-03-21,Agra,Furniture,Dining Table,4.0,533871.72,149725.66,72.0
ORD000052,2025-02-17,Thiruvananthapuram,Appliances,Air Conditioner,9.0,1222289.46,377012.74,81.0
ORD000054,2025-02-27,Noida,Clothing,Shoes,18.0,1905831.9,441094.98,99.0
ORD000073,2025-01-24,Surat,Furniture,Dining Table,8.0,968030.24,115956.05,107.0
ORD000081,2025-03-12,Nashik,Appliances,Washing Machine,11.0,528269.06,119304.87,118.0
ORD000091,2025-01-21,Patna,Electronics,Tablet,21.0,218103.69,73820.93,139.0
ORD000093,2025-03-27,Bhopal,Furniture,Wardrobe,15.0,1574247.0,451907.26,154.0
ORD000105,2025-01-09,Kochi,Groceries,Sugar,21.0,2242908.78,450840.65,175.0
ORD000111,2025-01-08,Indore,Appliances,Refrigerator,10.0,341997.3,43929.29,185.0
ORD000112,2025-03-06,Bengaluru,Clothing,Jacket,2.0,166097.02,44564.28,187.0
ORD000119,2025-03-30,Bhopal,Groceries,Sugar,9.0,891883.62,109171.38,196.0
ORD000121,2025-02-06,Vadodara,Electronics,Smartphone,23.0,977028.04,304924.41,219.0
ORD000122,2025-03-18,Indore,Groceries,Milk,14.0,242269.58,34086.98,233.0
ORD000128,2025-02-16,Nagpur,Books,Notebook,19.0,1243344.04,372811.9,252.0
ORD000129,2025-03-24,Guwahati,Books,Notebook,11.0,530492.93,57421.6,263.0
ORD000132,2025-01-28,Mumbai,Sports,Yoga Mat,22.0,2869200.18,587421.72,285.0
ORD000135,2025-03-23,Delhi,Books,Novel,21.0,1918767.06,277473.51,306.0
ORD000176,2025-01-26,Bhopal,Books,Novel,21.0,2015159.79,689578.0,327.0
ORD000179,2025-02-26,Lucknow,Electronics,Tablet,5.0,405391.5,119833.21,332.0
ORD000181,2025-02-28,Agra,Electronics,Smartphone,2.0,38202.22,7398.22,334.0
ORD000185,not-a-date,Noida,Furniture,Bed,3.0,404700.27,67572.88,337.0
ORD000187,2025-02-20,Madurai,Sports,Yoga Mat,10.0,681119.4,165828.89,347.0
ORD000194,2025-03-21,Surat,Electronics,Tablet,12.0,187556.64,40700.05,359.0
ORD000201,2025-02-11,Lucknow,Furniture,Sofa,6.0,679139.64,63456.01,365.0
ORD000205,2025-01-04,Jaipur,Appliances,Washing Machine,25.0,960059.25,161859.3,390.0
ORD000211,2025-03-28,Surat,Furniture,Bed,24.0,1223832.96,207964.13,414.0
ORD000228,2025-02-09,Thiruvananthapuram,Groceries,Milk,7.0,238411.6,27928.17,421.0
ORD000230,2025-03-20,Coimbatore,Electronics,Camera,25.0,2318573.0,559370.9,446.0
ORD000241,2025-01-10,Kochi,Clothing,Shoes,15.0,1385110.5,449581.27,461.0
ORD000248,2025-02-23,Ahmedabad,Electronics,Tablet,12.0,434937.36,111960.79,473.0
ORD000249,2025-03-31,Bengaluru,Beauty,Perfume,12.0,983369.52,294664.11,485.0
ORD000259,2025-01-30,Chandigarh,Beauty,Moisturizer,9.0,863608.05,253640.83,494.0
ORD000260,2025-03-23,Vijayawada,Furniture,Bookshelf,12.0,924139.08,261043.84,506.0
ORD000266,2025-03-04,Vadodara,Books,Engineering Book,23.0,3162044.37,672326.69,529.0
ORD000267,2025-02-14,Noida,Clothing,T-Shirt,6.0,808871.94,161920.0,535.0
ORD000272,2025-03-06,Guwahati,Books,Dictionary,25.0,1536852.25,361503.21,560.0
ORD000274,2025-03-05,Chandigarh,Clothing,Jeans,17.0,2322468.09,220544.98,577.0
ORD000276,2025-03-06,Agra,Appliances,Refrigerator,7.0,667065.42,152575.99,584.0
ORD000278,2025-02-11,Coimbatore,Clothing,Jeans,19.0,119225.57,37343.94,603.0
ORD000283,2025-02-24,Vijayawada,Beauty,Face Wash,5.0,570618.4,124990.9,608.0
ORD000284,2025-02-19,Gurugram,Beauty,Perfume,4.0,160776.0,23624.12,612.0
ORD000295,2025-03-25,Varanasi,Books,Engineering Book,5.0,246310.4,60476.2,617.0
ORD000326,2025-03-10,Vadodara,Appliances,Refrigerator,12.0,1106788.2,154025.87,629.0
ORD000330,2025-03-26,Goa,Furniture,Sofa,17.0,516856.1,116240.03,646.0
ORD000357,2025-02-20,Agra,Beauty,Face Wash,12.0,923654.4,197906.69,658.0
ORD000362,2025-03-13,Gurugram,Books,Exam Guide,6.0,659655.36,115497.45,664.0
ORD000365,2025-01-31,Lucknow,Groceries,Rice,1.0,32886.08,6679.91,665.0
ORD000366,2025-01-09,Delhi,Books,Exam Guide,1.0,79878.65,15261.73,666.0
ORD000378,2025-02-08,Mysuru,Furniture,Wardrobe,2.0,29486.2,4207.06,668.0
ORD000381,2025-03-20,Vadodara,Sports,Cricket Bat,8.0,855959.76,87436.51,676.0
ORD000384,2025-02-15,Goa,Sports,Gym Gloves,18.0,1384467.84,149368.98,694.0
ORD000394,2025-02-28,Hubballi,Groceries,Milk,9.0,1102432.77,205154.45,703.0
ORD000397,2025-03-20,Jaipur,Sports,Gym Gloves,21.0,955386.81,141611.31,724.0
ORD000401,2025-02-24,Vijayawada,Electronics,Headphones,25.0,1245158.75,367299.9,749.0
ORD000404,2025-02-13,Delhi,Clothing,Jacket,16.0,252351.2,48530.51,765.0
ORD000408,2025-03-23,Kanpur,Furniture,Bookshelf,24.0,879901.2,111837.53,789.0
ORD000414,2025-03-30,Pune,Sports,Yoga Mat,12.0,634350.48,129167.94,801.0
ORD000429,2025-02-18,Nashik,Appliances,Microwave,17.0,2513019.9,661956.62,818.0
ORD000435,2025-02-02,Gurugram,Furniture,Bookshelf,21.0,2092758.36,369832.54,839.0
ORD000438,2025-03-05,Kolkata,Electronics,Laptop,21.0,2469706.68,504035.21,860.0
ORD000440,2025-02-17,Surat,Clothing,Shoes,6.0,787056.36,249245.53,866.0
ORD000441,2025-01-27,Chennai,Beauty,Face Wash,12.0,1196518.44,305358.72,878.0
ORD000442,2025-01-01,Patna,Sports,Badminton Racket,14.0,1377001.36,371788.26,892.0
ORD000444,2025-03-09,Coimbatore,Electronics,Laptop,4.0,592897.68,115036.83,896.0
ORD000445,2025-02-22,Patna,Books,Novel,13.0,175379.49,52194.4,909.0
ORD000450,2025-03-13,Hubballi,Furniture,Wardrobe,12.0,1733891.76,285946.48,921.0
ORD000456,2025-01-31,Ahmedabad,Furniture,Sofa,1.0,39401.57,3575.82,922.0
ORD000464,2025-02-02,Delhi,Appliances,Refrigerator,11.0,1331940.17,204365.92,933.0
ORD000471,2025-02-05,Patna,Electronics,Smartphone,17.0,2502636.98,844893.85,950.0
ORD000477,2025-01-31,Bhopal,Appliances,Refrigerator,17.0,2506973.85,484724.09,967.0
ORD000479,2025-03-10,Gurugram,Sports,Badminton Racket,24.0,307844.88,32571.77,991.0
ORD000482,2025-02-25,Ahmedabad,Appliances,Washing Machine,7.0,143522.19,41325.72,998.0
ORD000484,2025-02-16,Noida,Beauty,Perfume,10.0,695556.5,215740.89,1008.0
ORD000488,2025-02-22,Goa,Sports,Gym Gloves,24.0,1981514.88,209200.07,1032.0
ORD000489,2025-03-08,Mumbai,Clothing,T-Shirt,2.0,249145.62,86028.28,1034.0
ORD000492,2025-03-28,Coimbatore,Clothing,T-Shirt,4.0,26000.72,5316.33,1038.0
ORD000495,2025-02-01,Vadodara,Groceries,Sugar,16.0,989722.08,226335.52,1054.0
ORD000509,2025-03-22,Kolkata,Sports,Yoga Mat,11.0,498680.6,58266.81,1065.0
ORD000511,2025-03-07,Nagpur,Beauty,Perfume,13.0,599206.4,159325.73,1078.0
ORD000517,2025-03-27,Mumbai,Furniture,Bookshelf,2.0,115903.94,32197.86,1080.0
ORD000519,2025-01-11,Noida,Groceries,Wheat Flour,3.0,359697.81,32020.82,1083.0
ORD000520,2025-03-24,Kolkata,Beauty,Face Wash,3.0,154011.15,49243.75,1086.0
ORD000522,2025-02-21,Kanpur,Electronics,Smart TV,20.0,2669480.4,326792.5,1106.0
ORD000526,2025-02-11,Kolkata,Books,Engineering Book,1.0,31122.25,7852.5,1107.0
ORD000530,2025-02-13,Hyderabad,Appliances,Air Conditioner,5.0,564300.25,146840.23,1112.0
ORD000533,2025-01-18,Surat,Groceries,Cooking Oil,3.0,177843.51,55231.75,1115.0
ORD000536,2025-02-04,Agra,Clothing,Saree,11.0,1502925.49,491196.57,1126.0
ORD000540,2025-01-20,Hubballi,Sports,Badminton Racket,21.0,1530672.36,374126.6,1147.0
ORD000546,32/01/2025,Madurai,Sports,Gym Gloves,12.0,1478046.12,323873.63,1159.0
ORD000568,2025-02-06,Hyderabad,Furniture,Bed,21.0,1839134.64,616038.87,1180.0
ORD000573,2025-03-08,Kanpur,Clothing,Saree,16.0,1884849.76,547611.36,1196.0
ORD000574,2025-01-20,Vijayawada,Sports,Gym Gloves,14.0,2027236.96,371988.72,1210.0
ORD000577,2025-03-27,Jaipur,Beauty,Face Wash,4.0,230376.88,55046.5,1214.0
ORD000580,2025-03-09,Vijayawada,Groceries,Wheat Flour,1.0,34339.9,9489.34,1215.0
ORD000582,2025-01-25,Agra,Electronics,Smart TV,25.0,2006413.5,186834.17,1240.0
ORD000586,2025-02-28,Kolkata,Clothing,Kurta,17.0,1833332.02,204945.13,1257.0
ORD000589,2025-02-15,Kochi,Groceries,Sugar,11.0,387775.74,32356.91,1268.0
ORD000590,2025-02-08,Thiruvananthapuram,Furniture,Wardrobe,5.0,712109.8,206848.01,1273.0
ORD000593,2025-01-05,Pune,Beauty,Shampoo,4.0,510807.04,163651.77,1277.0
ORD000596,2025-02-27,Kochi,Appliances,Mixer Grinder,14.0,1363069.26,402331.13,1291.0
ORD000599,2025-02-02,Thiruvananthapuram,Clothing,Kurta,4.0,532601.32,105980.06,1295.0
ORD000601,2025-02-18,Coimbatore,Groceries,Sugar,17.0,1334723.89,359249.81,1312.0
ORD000602,2025-03-18,Kochi,Sports,Football,12.0,1195082.76,302570.1,1324.0
ORD000604,2025-01-26,Thiruvananthapuram,Clothing,T-Shirt,11.0,398306.48,136196.58,1335.0
ORD000610,2025-01-02,Noida,Books,Notebook,4.0,58823.24,15170.85,1339.0
ORD000611,2025-01-24,Vadodara,Beauty,Face Wash,18.0,1410220.08,380147.29,1357.0
ORD000619,2025-03-10,Vijayawada,Groceries,Milk,11.0,1601343.7,323901.13,1368.0
ORD000624,2025-01-13,Vadodara,Sports,Yoga Mat,14.0,1697708.46,375426.32,1382.0
ORD000632,2025-03-30,Noida,Groceries,Milk,6.0,885117.9,88606.17,1388.0
ORD000633,2025-03-24,Bengaluru,Furniture,Bed,14.0,587145.02,88861.28,1402.0
ORD000634,2025-03-20,Coimbatore,Appliances,Refrigerator,15.0,1597236.45,194539.47,1417.0
ORD000644,2025-02-03,Kanpur,Furniture,Sofa,25.0,2018560.75,165480.11,1442.0
ORD000646,2025-02-14,Lucknow,Sports,Cricket Bat,1.0,68937.86,11689.32,1443.0
ORD000648,2025-01-09,Hubballi,Appliances,Mixer Grinder,15.0,1418543.55,279335.0,1458.0
ORD000676,2025-02-09,Hubballi,Clothing,Kurta,12.0,1058316.72,341329.56,1470.0
ORD000681,2025-01-12,Bhopal,Books,Exam Guide,19.0,461145.39,140653.29,1489.0
ORD000685,2025-03-29,Noida,Furniture,Dining Table,20.0,2978342.0,935710.61,1509.0
ORD000689,2025-01-20,Kolkata,Sports,Football,6.0,428596.74,105427.09,1515.0
ORD000702,2025-03-16,Hubballi,Electronics,Smartphone,21.0,18754.47,1961.6,1536.0
ORD000703,2025-02-10,Chandigarh,Books,Dictionary,3.0,29116.98,4072.82,1539.0
ORD000707,2025-03-22,Bengaluru,Clothing,Shoes,12.0,431574.84,34559.46,1551.0
ORD000714,2025-01-15,Gurugram,Groceries,Milk,22.0,1521563.78,362806.48,1573.0
ORD000726,2025-01-05,Pune,Clothing,Kurta,23.0,1788915.85,295575.13,1596.0
ORD000742,2025-01-12,Madurai,Beauty,Moisturizer,15.0,932354.4,120879.07,1611.0
ORD000745,2025-02-12,Hyderabad,Books,Dictionary,1.0,115662.96,25616.49,1612.0
ORD000762,2025-02-11,Mangalore,Appliances,Mixer Grinder,15.0,1568557.95,138925.64,1627.0
ORD000774,2025-03-10,Indore,Beauty,Shampoo,1.0,103418.57,18274.6,1628.0
ORD000779,2025-02-02,Mangalore,Electronics,Headphones,25.0,2326689.5,387597.17,1653.0
ORD000786,2025-02-06,Hyderabad,Sports,Badminton Racket,20.0,798915.2,72682.39,1673.0
ORD000794,2025-01-18,Noida,Appliances,Microwave,15.0,2159665.2,172887.29,1688.0
ORD000795,2025-01-04,Delhi,Appliances,Air Conditioner,17.0,345938.95,110834.56,1705.0
ORD000797,2025-02-18,Varanasi,Appliances,Air Conditioner,18.0,1541576.88,361245.72,1723.0
ORD000801,2025-02-10,Surat,Furniture,Wardrobe,2.0,219290.66,51664.13,1725.0
ORD000805,2025-02-16,Vijayawada,Clothing,T-Shirt,15.0,1694261.25,398691.54,1740.0
ORD000811,2025-03-28,Mysuru,Groceries,Milk,20.0,1966918.8,566106.67,1760.0
ORD000813,2025-02-27,Mangalore,Groceries,Wheat Flour,5.0,568421.45,176350.66,1765.0
ORD000814,2025-02-26,Lucknow,Electronics,Smartphone,10.0,21586.2,5770.52,1775.0
ORD000817,2025-01-23,Delhi,Clothing,Shoes,13.0,1137401.72,294760.67,1788.0
ORD000821,2025-02-15,Kolkata,Sports,Yoga Mat,11.0,800259.46,193037.57,1799.0
ORD000822,2025-01-21,Varanasi,Clothing,Jeans,15.0,1262205.9,343782.83,1814.0
ORD000823,2025-01-10,Surat,Groceries,Tea Powder,11.0,808950.23,227303.28,1825.0
ORD000825,2025-01-16,Agra,Appliances,Refrigerator,13.0,1736426.51,520948.5,1838.0
ORD000826,2025-02-14,Lucknow,Appliances,Washing Machine,11.0,1480452.38,381026.36,1849.0
ORD000829,2025-03-11,Surat,Groceries,Wheat Flour,23.0,2433398.62,538821.33,1872.0
ORD000860,2025-02-04,Surat,Electronics,Laptop,11.0,608834.16,110998.76,1883.0
ORD000866,2025-03-02,Patna,Clothing,Saree,23.0,1003815.68,132764.63,1906.0
ORD000868,2025-01-06,Coimbatore,Sports,Cricket Bat,12.0,1009275.36,254464.52,1918.0
ORD000889,2025-02-24,Jaipur,Books,Novel,1.0,70663.26,18540.9,1919.0
ORD000896,2025-03-07,Kanpur,Books,Exam Guide,10.0,1152144.3,280200.18,1929.0
ORD000902,2025-02-25,Nagpur,Furniture,Bed,10.0,1433869.3,141657.77,1939.0
ORD000907,2025-01-28,Vadodara,Sports,Football,2.0,110893.02,25305.67,1941.0
ORD000908,2025-01-16,Goa,Electronics,Camera,12.0,198525.36,31008.97,1953.0
ORD000911,2025-03-06,Guwahati,Sports,Badminton Racket,5.0,216708.9,68401.7,1958.0
ORD000918,2025-02-10,Madurai,Furniture,Dining Table,25.0,2921314.75,600426.02,1983.0
ORD000919,2025-02-09,Kochi,Furniture,Dining Table,21.0,2336853.75,792920.14,2004.0
ORD000925,2025-01-08,Jaipur,Appliances,Microwave,20.0,844353.8,263119.02,2024.0
ORD000927,2025-01-17,Ludhiana,Clothing,Jacket,16.0,435252.8,96798.04,2040.0
ORD000937,2025-02-04,Visakhapatnam,Beauty,Perfume,18.0,30341.52,2496.76,2058.0
ORD000945,2025-02-25,Indore,Furniture,Bed,20.0,1179118.0,299826.66,2078.0
ORD000948,2025-01-20,Thiruvananthapuram,Books,Novel,5.0,489822.55,39300.55,2083.0
ORD000949,2025-01-02,Lucknow,Sports,Badminton Racket,23.0,1139457.95,211550.85,2106.0
ORD000952,2025-01-29,Tirupati,Books,Novel,12.0,600991.32,97218.51,2118.0
ORD000958,2025-01-22,Bengaluru,Books,Novel,11.0,93528.16,27375.71,2129.0
ORD000961,2025-03-30,Bengaluru,Electronics,Smart TV,8.0,841795.12,97012.84,2137.0
ORD000962,2025-02-02,Kolkata,Electronics,Tablet,15.0,1375841.4,420381.57,2152.0
ORD000965,2025-02-02,Bhopal,Clothing,Jacket,25.0,173335.5,21984.29,2177.0
ORD000974,2025-03-18,Bhopal,Groceries,Cooking Oil,9.0,72495.45,8005.19,2186.0
ORD000977,2025-03-22,Kolkata,Books,Novel,24.0,191117.76,43018.19,2210.0
ORD000984,2025-03-29,Jaipur,Electronics,Tablet,4.0,511050.16,104160.36,2214.0
ORD000992,2025-02-16,Jaipur,Sports,Football,12.0,533267.88,135910.17,2226.0
ORD000997,2025-01-29,Chennai,Groceries,Sugar,20.0,2642780.0,736424.95,2246.0
ORD001010,2025-03-29,Surat,Books,Exam Guide,19.0,377718.86,110718.47,2265.0
ORD001011,2025-01-25,Kochi,Appliances,Washing Machine,12.0,1747338.36,502940.64,2277.0
ORD001012,2025-03-24,Vadodara,Clothing,Jacket,15.0,2151546.9,531496.98,2292.0
ORD001013,2025-03-20,Nagpur,Appliances,Washing Machine,23.0,2391070.8,621477.82,2315.0
ORD001019,2025-03-17,Vadodara,Appliances,Mixer Grinder,25.0,3677635.0,863900.17,2340.0
ORD001031,2025-03-12,Goa,Sports,Football,15.0,1598490.45,453836.71,2355.0
ORD001033,2025-01-14,Surat,Appliances,Air Conditioner,16.0,1342979.68,275488.1,2371.0
ORD001036,2025-02-04,Pune,Groceries,Rice,25.0,1041370.75,362886.36,2396.0
ORD001039,2025-03-11,Hyderabad,Clothing,Saree,5.0,240101.0,76146.99,2401.0
ORD001043,2025-02-19,Surat,Beauty,Face Wash,9.0,925632.09,246082.62,2410.0
ORD001047,2025-01-09,Gurugram,Furniture,Bed,3.0,52719.57,6085.56,2413.0
ORD001049,2025-03-07,Surat,Beauty,Perfume,1.0,111694.59,12512.16,2414.0
ORD001050,2025-02-10,Patna,Clothing,Shoes,10.0,188890.9,21752.47,2424.0
ORD001051,2025-01-22,Ahmedabad,Sports,Cricket Bat,1.0,116226.38,33064.1,2425.0
ORD001052,2025-03-02,Bengaluru,Groceries,Rice,22.0,1695551.66,162775.7,2447.0
ORD001065,2025-02-23,Nagpur,Books,Notebook,1.0,149808.63,31871.05,2448.0
ORD001067,2025-02-03,Kolkata,Sports,Yoga Mat,24.0,3331224.48,1146009.17,2472.0
ORD001068,2025-03-04,Coimbatore,Beauty,Perfume,7.0,624992.41,217171.46,2479.0
ORD001081,2025-01-15,Mysuru,Sports,Yoga Mat,25.0,3666741.5,610623.75,2504.0
ORD001084,2025-02-13,Ludhiana,Electronics,Camera,8.0,282158.8,46349.34,2512.0
ORD001085,2025-01-20,Pune,Furniture,Chair,11.0,281049.01,63340.73,2523.0
ORD001092,2025-02-09,Madurai,Appliances,Refrigerator,16.0,1025970.72,178288.53,2539.0
ORD001105,2025-03-13,Chennai,Sports,Badminton Racket,13.0,1839240.13,506790.3,2552.0
ORD001112,2025-01-18,Surat,Books,Notebook,1.0,96845.1,31417.71,2553.0
ORD001121,2025-02-12,Vijayawada,Clothing,T-Shirt,7.0,659971.27,108700.49,2560.0
ORD001123,2025-03-10,Guwahati,Clothing,Saree,11.0,745561.74,235483.12,2571.0
ORD001126,2025-01-26,Gurugram,Groceries,Rice,7.0,275389.1,85369.06,2578.0
ORD001131,2025-01-15,Indore,Groceries,Milk,14.0,379924.16,111684.46,2592.0
ORD001134,2025-02-07,Hubballi,Sports,Football,23.0,1461680.13,352619.96,2615.0
ORD001137,2025-03-28,Jaipur,Sports,Badminton Racket,18.0,112763.52,14482.28,2633.0
ORD001150,2025-01-23,Nashik,Books,Exam Guide,20.0,1974702.8,333616.7,2653.0
ORD001158,2025-02-17,Mangalore,Furniture,Bed,20.0,560694.8,140333.66,2673.0
ORD001162,2025-02-09,Madurai,Appliances,Washing Machine,14.0,621497.8,57728.84,2687.0
ORD001164,2025-02-28,Agra,Appliances,Microwave,19.0,234787.94,50697.77,2706.0
ORD001168,2025-03-29,Tirupati,Furniture,Bed,1.0,976.48,108.88,2707.0
ORD001171,2025-01-09,Jaipur,Appliances,Refrigerator,5.0,10900.0,1201.36,2712.0
ORD001173,2025-01-12,Surat,Groceries,Rice,25.0,1739187.25,361711.04,2737.0
ORD001183,2025-02-14,Kanpur,Beauty,Shampoo,20.0,623211.4,166078.57,2757.0
ORD001185,2025-01-10,Surat,Sports,Gym Gloves,8.0,251952.0,23356.79,2765.0
ORD001187,2025-03-03,Ahmedabad,Electronics,Smart Watch,11.0,711150.11,175470.59,2776.0
ORD001193,2025-03-04,Lucknow,Books,Novel,21.0,,345478.24,2797.0
ORD001204,2025-01-19,Vijayawada,Books,Notebook,25.0,741865.75,119747.13,2822.0
ORD001205,2025-02-17,Jaipur,Beauty,Shampoo,17.0,2529419.8,396260.23,2839.0
ORD001208,2025-01-25,Mangalore,Electronics,Smart Watch,9.0,846771.57,148784.37,2848.0
ORD001219,2025-03-20,Pune,Sports,Cricket Bat,12.0,1029690.48,93574.34,2860.0
ORD001229,2025-01-10,Madurai,Electronics,Headphones,7.0,788261.11,170037.76,2867.0
ORD001233,2025-03-28,Agra,Beauty,Shampoo,3.0,51855.69,5539.23,2870.0
ORD001245,2025-03-24,Bhopal,Sports,Badminton Racket,19.0,2396252.64,373705.3,2889.0
ORD001251,2025-02-09,Tirupati,Books,Exam Guide,3.0,354351.15,90450.35,2892.0
ORD001253,2025-03-05,Nagpur,Beauty,Shampoo,25.0,3044981.75,1052421.16,2917.0
ORD001262,2025-03-04,Visakhapatnam,Electronics,Smart Watch,14.0,1773335.2,336679.2,2931.0
ORD001275,2025-02-25,Delhi,Furniture,Chair,15.0,1164453.15,277966.15,2946.0
ORD001279,2025-03-16,Mysuru,Sports,Yoga Mat,10.0,875915.2,198052.14,2956.0
ORD001280,2025-01-05,Surat,Clothing,Kurta,20.0,1030015.2,184974.35,2976.0
ORD001281,2025-01-28,Ludhiana,Clothing,T-Shirt,17.0,2089226.05,482718.77,2993.0
ORD001282,2025-02-05,Indore,Sports,Badminton Racket,7.0,672834.12,90388.89,3000.0
ORD001284,2025-02-23,Coimbatore,Beauty,Moisturizer,20.0,900295.6,151904.3,3020.0
ORD001291,2025-01-11,Delhi,Clothing,Jeans,6.0,758687.52,247237.46,3026.0
ORD001298,2025-03-27,Chennai,Books,Engineering Book,16.0,1898727.68,467123.73,3042.0
ORD001302,2025-03-22,Bhopal,Groceries,Cooking Oil,10.0,638109.3,116016.18,3052.0
ORD001315,2025-03-13,Noida,Sports,Football,15.0,1919344.8,169148.21,3067.0
ORD001318,2025-03-20,Delhi,Appliances,Microwave,19.0,2238677.66,736477.78,3086.0
ORD001324,2025-03-08,Visakhapatnam,Electronics,Smartphone,14.0,822173.52,285450.99,3100.0
ORD001325,2025-03-08,Ahmedabad,Sports,Gym Gloves,13.0,1862497.13,584337.73,3113.0
ORD001329,2025-02-16,Thiruvananthapuram,Beauty,Moisturizer,15.0,1041870.75,94344.41,3128.0
ORD001334,2025-02-09,Guwahati,Groceries,Cooking Oil,25.0,2074207.5,723349.63,3153.0
ORD001337,2025-02-28,Vijayawada,Sports,Badminton Racket,7.0,416930.36,34563.15,3160.0
ORD001339,2025-03-24,,Groceries,Sugar,5.0,353355.4,54900.23,3165.0
ORD001342,2025-01-25,Bengaluru,Groceries,Sugar,22.0,1757614.98,350390.56,3187.0
ORD001344,2025-01-09,Ludhiana,Sports,Football,12.0,1635870.96,219200.39,3199.0
ORD001345,2025-02-02,Mumbai,Sports,Cricket Bat,11.0,1354066.23,356917.06,3210.0
ORD001346,2025-02-25,Kanpur,Groceries,Rice,24.0,603369.12,115987.82,3234.0
ORD001348,2025-03-30,Pune,Sports,Gym Gloves,8.0,257164.96,45331.91,3242.0
ORD001349,2025-02-03,Visakhapatnam,Electronics,Smart TV,1.0,58439.08,11913.95,3243.0
ORD001358,2025-01-21,Jaipur,Books,Notebook,9.0,429291.45,125560.08,3252.0
ORD001361,2025-01-04,Hubballi,Groceries,Tea Powder,17.0,821327.46,163803.45,3269.0
ORD001364,2025-03-26,Varanasi,Groceries,Wheat Flour,3.0,191980.05,39569.02,3272.0
ORD001370,2025-02-06,Gurugram,Books,Notebook,10.0,563345.2,137246.01,3282.0
ORD001371,2025-01-07,Kochi,Beauty,Perfume,7.0,163052.4,21392.31,3289.0
ORD001376,2025-01-18,Hubballi,Electronics,Camera,14.0,1545264.84,224736.02,3303.0
ORD001377,2025-03-17,Lucknow,Beauty,Lipstick,9.0,817693.2,273887.65,3312.0
ORD001379,2025-03-26,Chennai,Sports,Gym Gloves,17.0,2320523.46,734495.95,3329.0
ORD001382,2025-03-28,Bhopal,Clothing,Jacket,24.0,1434137.76,234032.77,3353.0
ORD001392,2025-01-30,Ludhiana,Beauty,Face Wash,12.0,1197542.76,218165.51,3365.0
ORD001396,2025-01-09,Mumbai,Sports,Football,21.0,3016362.72,903120.54,3386.0
ORD001402,2025-03-24,Chennai,Groceries,Wheat Flour,4.0,261162.08,71364.26,3390.0
ORD001406,2025-02-14,Chandigarh,Sports,Yoga Mat,8.0,268882.16,29909.45,3398.0
ORD001410,2025-02-24,Jaipur,Beauty,Face Wash,17.0,1693115.68,405517.32,3415.0
ORD001424,2025-03-18,Varanasi,Electronics,Laptop,21.0,1067619.42,210461.73,3436.0
ORD001427,2025-01-06,Hubballi,Furniture,Bed,9.0,853981.11,170951.59,3445.0
ORD001430,2025-03-06,Kochi,Clothing,Kurta,21.0,2214245.67,355515.09,3466.0
ORD001434,2025-01-03,Pune,Furniture,Dining Table,6.0,775885.92,207711.09,3472.0
ORD001435,2025-03-24,Pune,Books,Notebook,2.0,38819.04,5267.05,3474.0
ORD001437,2025-01-01,Tirupati,Appliances,Microwave,6.0,381092.34,127746.61,3480.0
ORD001446,2025-01-14,Lucknow,Clothing,Kurta,11.0,1637549.1,322727.07,3491.0
ORD001448,2025-03-16,Chennai,Furniture,Chair,12.0,1636750.56,474787.22,3503.0
ORD001454,2025-03-06,Mumbai,Clothing,Jacket,22.0,1695836.12,206862.58,3525.0
ORD001458,2025-02-16,Chennai,Groceries,Milk,10.0,610365.7,100367.9,3535.0
ORD001462,2025-01-04,Mumbai,Furniture,Bed,20.0,572171.6,174213.27,3555.0
ORD001475,2025-01-21,Mysuru,Sports,Cricket Bat,23.0,686546.55,90063.31,3578.0
ORD001488,2025-02-26,Hyderabad,Sports,Gym Gloves,17.0,1090009.74,102403.13,3595.0
ORD001494,2025-02-24,Nashik,Beauty,Perfume,7.0,613834.55,63564.05,3602.0
ORD001514,2025-03-17,Noida,Sports,Football,8.0,875990.4,172704.98,3610.0
ORD001517,2025-02-06,Vijayawada,Clothing,Jeans,22.0,2006675.66,198164.46,3632.0
ORD001519,2025-02-26,Mumbai,Clothing,Shoes,20.0,300990.4,55285.15,3652.0
ORD001520,2025-03-15,Bengaluru,Electronics,Smart Watch,5.0,186633.05,19143.1,3657.0
ORD001530,2025-02-23,Surat,Sports,Football,20.0,2453052.6,426988.48,3677.0
ORD001531,2025-02-09,Mangalore,Appliances,Mixer Grinder,9.0,1094641.56,297800.31,3686.0
ORD001539,2025-01-31,Goa,Electronics,Tablet,16.0,2298345.6,755337.74,3702.0
ORD001543,2025-01-16,Ahmedabad,Furniture,Bookshelf,16.0,2010109.44,633242.33,3718.0
ORD001553,2025-02-25,Hyderabad,Sports,Football,12.0,1164388.92,154371.49,3730.0
ORD001557,2025-01-25,Bengaluru,Furniture,Wardrobe,19.0,2811533.55,592187.37,3749.0
ORD001559,2025-03-08,Indore,Sports,Yoga Mat,11.0,1240812.76,342384.65,3760.0
ORD001565,2025-02-08,Hubballi,Sports,Cricket Bat,8.0,251217.68,61499.23,3768.0
ORD001568,2025-02-06,Ahmedabad,Appliances,Washing Machine,9.0,778671.81,136586.42,3777.0
ORD001578,2025-03-21,Kochi,Books,Engineering Book,4.0,167313.68,15114.49,3781.0
ORD001581,2025-03-14,Chandigarh,Electronics,Smart Watch,9.0,340969.41,43490.14,3790.0
ORD001583,2025-01-28,Bhopal,Sports,Yoga Mat,22.0,2947377.4,382278.2,3812.0
ORD001595,2025-03-25,Gurugram,Furniture,Dining Table,14.0,784432.74,179826.08,3826.0
ORD001605,2025-03-07,Vijayawada,Groceries,Tea Powder,2.0,240439.22,56748.58,3828.0
ORD001606,2025-02-20,Vijayawada,Sports,Football,11.0,854038.13,169183.61,3839.0
ORD001609,2025-02-10,Lucknow,Electronics,Camera,1.0,92753.14,21035.63,3840.0
ORD001612,2025-01-12,Hyderabad,Sports,Badminton Racket,9.0,112825.89,13405.72,3849.0
ORD001642,2025-03-13,Kolkata,Furniture,Chair,1.0,33679.75,10200.7,3850.0
ORD001650,2025-01-31,Bhopal,Groceries,Sugar,23.0,271278.33,92879.35,3873.0
ORD001651,2025-02-23,Bhopal,Groceries,Rice,15.0,1841923.05,240808.79,3888.0
ORD001670,2025-01-24,Mumbai,Books,Dictionary,16.0,2095927.36,435100.74,3904.0
ORD001671,2025-03-17,Vadodara,Electronics,Headphones,8.0,630702.8,78946.51,3912.0
ORD001682,2025-02-03,Goa,Appliances,Air Conditioner,22.0,538444.72,113850.2,3934.0
ORD001683,2025-03-05,Gurugram,Appliances,Refrigerator,2.0,65354.12,19794.26,3936.0
ORD001684,2025-01-01,Surat,Electronics,Smart TV,1.0,64605.39,16685.53,3937.0
ORD001689,2025-03-13,Chandigarh,Appliances,Washing Machine,22.0,2890849.94,859110.5,3959.0
ORD001690,2025-02-13,Jaipur,Groceries,Milk,14.0,1164619.96,187837.84,3973.0
ORD001697,2025-02-24,Chennai,Books,Novel,2.0,81198.42,28116.32,3975.0
ORD001717,2025-02-19,Bengaluru,Sports,Cricket Bat,1.0,127819.47,15719.05,3976.0
ORD001724,2025-01-18,Delhi,Groceries,Rice,21.0,3023556.27,320423.34,3997.0
ORD001725,2025-02-06,Mangalore,Clothing,T-Shirt,25.0,1531582.5,348552.69,4022.0
ORD001727,2025-03-12,Mysuru,Books,Dictionary,12.0,1113719.76,257100.28,4034.0
ORD001728,2025-02-10,Chandigarh,Furniture,Bed,21.0,1186082.52,117581.41,4055.0
ORD001736,2025-02-11,Ahmedabad,Electronics,Tablet,14.0,1256672.62,308333.19,4069.0
ORD001744,2025-01-30,Mumbai,Electronics,Smart Watch,24.0,901520.88,85967.76,4093.0
ORD001749,2025-02-23,Madurai,Appliances,Washing Machine,9.0,431072.64,97501.38,4102.0
ORD001750,2025-02-10,Guwahati,Electronics,Tablet,23.0,3279557.58,692892.06,4125.0
ORD001751,2025-03-04,Madurai,Groceries,Wheat Flour,8.0,366483.12,84034.85,4133.0
ORD001756,2025-01-14,Surat,Electronics,Camera,2.0,162556.44,28269.74,4135.0
ORD001760,2025-03-09,Hubballi,Appliances,Washing Machine,15.0,1678057.8,553186.03,4150.0
ORD001764,2025-01-19,Noida,Appliances,Washing Machine,15.0,40324.2,3322.52,4165.0
ORD001765,2025-02-10,Goa,Beauty,Shampoo,7.0,429455.39,101559.32,4172.0
ORD001771,2025-02-27,Ludhiana,Electronics,Headphones,12.0,197563.32,42846.2,4184.0
ORD001781,2025-03-01,Mangalore,Beauty,Perfume,8.0,547420.72,154378.57,4192.0
ORD001782,2025-02-09,Guwahati,Groceries,Cooking Oil,12.0,144546.48,33436.99,4204.0
ORD001788,2025-03-27,Jaipur,Books,Novel,2.0,250190.8,21631.87,4206.0
ORD001797,2025-03-15,Visakhapatnam,Sports,Badminton Racket,13.0,622113.57,79737.71,4219.0
ORD001833,2025-03-19,Mumbai,Sports,Cricket Bat,24.0,2989312.8,727345.85,4243.0
ORD001837,2025-01-09,Vadodara,Appliances,Mixer Grinder,23.0,1840627.21,268815.86,4266.0
ORD001840,2025-03-28,Lucknow,Appliances,Microwave,21.0,3073875.63,325077.84,4287.0
ORD001843,2025-01-03,Visakhapatnam,Clothing,T-Shirt,23.0,1951327.36,370292.19,4310.0
ORD001846,2025-01-07,Chandigarh,Furniture,Sofa,23.0,269512.16,30823.1,4333.0
ORD001847,2025-02-28,Pune,Clothing,Saree,6.0,178112.46,56075.55,4339.0
ORD001848,2025-03-13,Thiruvananthapuram,Electronics,Smart TV,6.0,563772.72,124954.05,4345.0
ORD001850,2025-03-26,Visakhapatnam,Appliances,Air Conditioner,20.0,2668856.2,619785.28,4365.0
ORD001865,2025-02-10,Mysuru,Sports,Gym Gloves,10.0,1258135.5,208325.12,4375.0
ORD001880,2025-02-12,Indore,Electronics,Laptop,25.0,1881967.5,520963.25,4400.0
ORD001884,2025-01-11,Chennai,Furniture,Dining Table,6.0,286160.64,71308.01,4406.0
ORD001886,2025-01-28,Indore,Groceries,Milk,24.0,2721583.2,315263.84,4430.0
ORD001902,2025-01-28,Jaipur,Groceries,Tea Powder,5.0,497723.1,145789.94,4435.0
ORD001903,2025-01-01,Lucknow,Furniture,Chair,12.0,826333.92,102996.21,4447.0
ORD001913,2025-01-18,Vadodara,Sports,Football,10.0,580836.5,175264.08,4457.0
ORD001914,2025-02-24,Nagpur,Appliances,Mixer Grinder,6.0,358755.6,78812.91,4463.0
ORD001921,2025-03-04,Gurugram,Groceries,Tea Powder,14.0,103273.66,16117.17,4477.0
ORD001924,2025-01-19,Guwahati,Appliances,Microwave,1.0,67070.85,10756.45,4478.0
ORD001925,2025-02-13,Bengaluru,Furniture,Chair,18.0,1994907.24,293509.13,4496.0
ORD001927,2025-01-21,Ludhiana,Books,Dictionary,24.0,2954179.2,690239.35,4520.0
ORD001936,2025-02-02,Patna,Beauty,Lipstick,8.0,22473.04,3767.48,4528.0
ORD001939,2025-03-29,Gurugram,Books,Engineering Book,24.0,1797511.2,402112.06,4552.0
ORD001940,2025-02-10,Vijayawada,Sports,Badminton Racket,2.0,198277.4,46447.39,4554.0
ORD001943,2025-01-12,Mysuru,Clothing,Saree,19.0,1230942.93,429442.72,4573.0
ORD001953,2025-02-16,Ludhiana,Electronics,Tablet,6.0,512633.94,106328.82,4579.0
ORD001959,2025-01-17,Gurugram,Clothing,Jeans,24.0,3464996.64,283639.41,4603.0
ORD001965,2025-02-07,Bhopal,Groceries,Cooking Oil,9.0,131932.26,33424.99,4612.0
ORD001967,2025-03-13,Agra,Beauty,Shampoo,19.0,785979.08,70463.85,4631.0
ORD001974,2025-01-08,Madurai,Books,Engineering Book,16.0,422248.96,136059.62,4647.0
ORD001977,2025-01-17,Madurai,Electronics,Smart Watch,8.0,889860.32,158538.66,4655.0
ORD001980,2025-01-21,Ludhiana,Clothing,Shoes,8.0,827813.2,168160.18,4663.0
ORD001984,2025-02-21,Kochi,Furniture,Dining Table,4.0,265362.08,55335.87,4667.0
ORD001995,2025-03-22,Vijayawada,Clothing,Jeans,6.0,767210.16,187761.85,4673.0
ORD002007,2025-02-07,Vadodara,Beauty,Shampoo,4.0,283315.8,90046.1,4677.0
ORD002014,2025-01-09,Madurai,Books,Novel,2.0,273912.06,59797.92,4679.0
ORD002016,2025-02-27,Ahmedabad,Beauty,Lipstick,19.0,264333.89,60992.0,4698.0
ORD002024,2025-03-07,Tirupati,Furniture,Sofa,20.0,2833595.2,256871.64,4718.0
ORD002027,2025-01-14,Jaipur,Beauty,Lipstick,15.0,278313.0,93503.06,4733.0
ORD002033,2025-02-03,Kolkata,Sports,Gym Gloves,12.0,649473.96,106315.68,4745.0
ORD002035,2025-03-14,Nashik,Books,Novel,24.0,2331341.04,389994.08,4769.0
ORD002045,2025-02-19,Tirupati,Clothing,Jacket,12.0,1722481.32,448666.12,4781.0
ORD002054,2025-03-02,Bhopal,Sports,Gym Gloves,15.0,1398521.25,318006.17,4796.0
ORD002057,2025-03-06,Mangalore,Appliances,Refrigerator,14.0,1349315.38,459419.57,4810.0
ORD002058,2025-03-06,Gurugram,Furniture,Dining Table,4.0,72518.52,19756.06,4814.0
ORD002066,2025-02-08,Visakhapatnam,Books,Exam Guide,5.0,541299.95,87148.3,4819.0
ORD002067,2025-02-04,Surat,Appliances,Air Conditioner,7.0,969258.64,237993.38,4826.0
ORD002071,2025-01-06,Noida,Clothing,Jeans,5.0,504342.45,143918.07,4831.0
ORD002075,2025-03-28,Agra,Electronics,Smart TV,4.0,376288.24,73374.65,4835.0
ORD002082,2025-02-20,Kolkata,Electronics,Headphones,19.0,2389193.57,605715.52,4854.0
ORD002086,2025-01-15,Coimbatore,Electronics,Camera,4.0,175649.2,33597.98,4858.0
ORD002093,2025-03-28,Coimbatore,Books,Notebook,15.0,2015661.9,572020.92,4873.0
ORD002098,2025-01-21,Chennai,Appliances,Air Conditioner,11.0,1649074.79,328965.25,4884.0
ORD002100,2025-01-07,Patna,Groceries,Wheat Flour,15.0,1458292.05,201698.39,4899.0
ORD002109,2025-02-02,Hyderabad,Books,Dictionary,12.0,858555.6,232413.95,4911.0
ORD002110,2025-01-15,Nashik,Beauty,Lipstick,19.0,719655.59,231774.3,4930.0
ORD002125,2025-01-16,Nagpur,Clothing,Kurta,17.0,381013.86,114734.24,4947.0
ORD002138,2025-01-23,Madurai,Sports,Yoga Mat,6.0,458165.76,120912.7,4953.0
ORD002139,2025-02-07,Gurugram,Groceries,Rice,6.0,803185.08,218748.14,4959.0
ORD002142,2025-01-23,Hubballi,Beauty,Perfume,8.0,446643.12,136763.27,4967.0
ORD002147,2025-03-27,Kanpur,Furniture,Sofa,16.0,161094.4,36242.01,4983.0
ORD002151,2025-02-04,Hubballi,Electronics,Smart Watch,6.0,75797.04,20258.77,4989.0
ORD002159,2025-03-15,Kanpur,Electronics,Headphones,24.0,3358243.2,604485.39,5013.0
ORD002164,2025-03-15,Lucknow,Books,Exam Guide,15.0,1207718.4,214051.77,5028.0
ORD002165,2025-01-11,Hubballi,Appliances,Washing Machine,9.0,1190721.87,213592.98,5037.0
ORD002171,2025-03-14,Guwahati,Books,Dictionary,12.0,1159627.32,159621.19,5049.0
ORD002189,2025-03-28,Thiruvananthapuram,Furniture,Chair,1.0,93317.14,22338.92,5050.0
ORD002198,2025-03-07,Visakhapatnam,Furniture,Bookshelf,17.0,2284515.93,196952.72,5067.0
ORD002201,2025-02-24,Gurugram,Furniture,Dining Table,21.0,2751480.48,804135.42,5088.0
ORD002217,2025-03-20,Vijayawada,Books,Notebook,15.0,1954732.2,401474.62,5103.0
ORD002220,2025-03-18,Nagpur,Clothing,Jeans,7.0,100222.15,18606.12,5110.0
ORD002227,2025-01-10,Jaipur,Beauty,Face Wash,12.0,1018111.44,211615.71,5122.0
ORD002242,2025-03-25,Nashik,Appliances,Mixer Grinder,7.0,741817.16,150143.82,5129.0
ORD002246,2025-03-09,Bengaluru,Appliances,Microwave,17.0,144045.93,39420.04,5146.0
ORD002250,2025-03-01,Goa,Sports,Football,3.0,366519.57,73705.07,5149.0
ORD002251,2025-01-27,Ludhiana,Appliances,Washing Machine,2.0,193498.62,44615.91,5151.0
ORD002252,2025-03-20,Bengaluru,Groceries,Cooking Oil,2.0,65856.48,9405.6,5153.0
ORD002268,2025-03-23,Mumbai,Electronics,Tablet,10.0,668145.9,184917.41,5163.0
ORD002270,2025-01-18,Nashik,Beauty,Lipstick,14.0,1373099.42,220131.02,5177.0
ORD002274,2025-01-16,Lucknow,Furniture,Bookshelf,7.0,69070.05,18169.93,5184.0
ORD002289,2025-03-01,Patna,Clothing,Shoes,22.0,2342823.34,399270.81,5206.0
ORD002299,2025-01-20,Mysuru,Furniture,Bed,22.0,1619139.28,141478.12,5228.0
ORD002307,2025-01-03,Lucknow,Furniture,Bookshelf,3.0,89845.65,18983.2,5231.0
ORD002309,2025-03-26,Noida,Books,Engineering Book,23.0,3270861.51,364191.38,5254.0
ORD002312,2025-02-03,Nashik,Books,Novel,14.0,1170911.14,227167.2,5268.0
ORD002316,2025-03-17,Guwahati,Clothing,Saree,4.0,335976.08,47946.15,5272.0
ORD002317,2025-01-07,Vijayawada,Appliances,Washing Machine,1.0,55841.6,12159.67,5273.0
ORD002326,2025-02-08,Ludhiana,Sports,Football,20.0,1564733.0,335206.56,5293.0
ORD002339,2025-03-05,Coimbatore,Books,Dictionary,5.0,191416.9,19037.09,5298.0
ORD002342,2025-02-25,Hyderabad,Groceries,Milk,14.0,1319557.4,279985.13,5312.0
ORD002344,2025-03-07,Ahmedabad,Electronics,Laptop,9.0,145876.5,32750.75,5321.0
ORD002345,2025-01-31,Chandigarh,Furniture,Bookshelf,7.0,42606.27,11004.35,5328.0
ORD002347,2025-01-12,Nashik,Groceries,Wheat Flour,18.0,955752.48,137454.25,5346.0
ORD002358,2025-01-13,Vadodara,Groceries,Sugar,8.0,455829.28,144492.07,5354.0
ORD002369,2025-02-21,Indore,Electronics,Smart Watch,20.0,2138162.2,209952.92,5374.0
ORD002374,2025-02-26,Nashik,Beauty,Moisturizer,15.0,554156.4,70538.1,5389.0
ORD002378,2025-03-06,Madurai,Sports,Badminton Racket,14.0,351646.96,109587.34,5403.0
ORD002379,2025-03-01,Ahmedabad,Electronics,Smartphone,20.0,2984154.4,917106.52,5423.0
ORD002384,2025-03-16,Jaipur,Groceries,Cooking Oil,14.0,2015255.06,294728.68,5437.0
ORD002386,2025-01-21,Vadodara,Sports,Cricket Bat,12.0,1478184.24,338406.36,5449.0
ORD002387,2025-03-26,Mysuru,Books,Novel,11.0,320128.05,105301.65,5460.0
ORD002388,2025-01-13,Lucknow,Electronics,Laptop,24.0,2560671.36,391256.05,5484.0
ORD002394,2025-03-10,Patna,Appliances,Mixer Grinder,2.0,13395.22,1115.43,5486.0
ORD002402,2025-01-27,Surat,Beauty,Moisturizer,16.0,2334670.4,811658.63,5502.0
ORD002409,2025-02-12,Kanpur,Clothing,Jacket,20.0,982774.4,178618.13,5522.0
ORD002411,2025-03-10,Lucknow,Furniture,Bookshelf,2.0,825.76,105.65,5524.0
ORD002413,2025-01-21,Kolkata,Appliances,Microwave,2.0,298895.4,30557.08,5526.0
ORD002420,2025-03-02,Lucknow,Clothing,Shoes,2.0,24020.04,5732.97,5528.0
ORD002429,2025-01-05,Indore,Books,Notebook,24.0,651813.36,58911.71,5552.0
ORD002441,2025-03-01,Bhopal,Electronics,Smart TV,18.0,1786088.88,281559.81,5570.0
ORD002445,2025-02-19,Kanpur,Appliances,Mixer Grinder,14.0,429710.26,53393.64,5584.0
ORD002446,2025-03-21,Tirupati,Appliances,Microwave,23.0,1893986.29,186594.09,5607.0
ORD002449,2025-02-12,Pune,Books,Dictionary,16.0,1603727.36,248804.11,5623.0
ORD002458,2025-03-01,Jaipur,Books,Novel,4.0,356951.24,82663.24,5627.0
ORD002461,2025-03-12,Bengaluru,Sports,Badminton Racket,4.0,33325.84,5367.31,5631.0
ORD002462,2025-02-08,Lucknow,Appliances,Mixer Grinder,9.0,459514.71,87881.29,5640.0
ORD002463,2025-01-14,Thiruvananthapuram,Beauty,Lipstick,10.0,1108204.0,210398.22,5650.0
ORD002468,2025-01-21,Surat,Appliances,Air Conditioner,4.0,537237.36,152103.46,5654.0
ORD002469,2025-03-12,Chennai,Appliances,Mixer Grinder,22.0,1101246.52,308454.16,5676.0
ORD002473,2025-03-28,Delhi,Furniture,Bookshelf,16.0,525453.44,142504.87,5692.0
ORD002477,2025-03-05,Vadodara,Sports,Yoga Mat,9.0,336867.3,104818.89,5701.0
ORD002481,2025-02-27,Vijayawada,Furniture,Bookshelf,5.0,723932.3,111969.34,5706.0
ORD002493,2025-02-20,Nashik,Clothing,T-Shirt,24.0,1336512.72,198871.78,5730.0
ORD002501,2025-02-09,Patna,Beauty,Shampoo,14.0,2010813.28,169785.98,5744.0
ORD002504,2025-01-06,Bhopal,Clothing,Jeans,7.0,389861.22,35043.18,5751.0
ORD002508,2025-02-21,Thiruvananthapuram,Electronics,Smart Watch,7.0,835651.39,267087.92,5758.0
ORD002515,2025-03-31,Hubballi,Clothing,Kurta,1.0,25789.14,2307.74,5759.0
ORD002524,2025-03-06,Madurai,Clothing,T-Shirt,6.0,485399.4,69211.21,5765.0
ORD002527,2025-03-13,Bengaluru,Clothing,Jeans,14.0,1030780.8,315659.49,5779.0
ORD002536,2025-01-22,Nagpur,Furniture,Dining Table,25.0,1085442.0,269023.37,5804.0
ORD002537,2025-01-23,Kochi,Beauty,Shampoo,2.0,152241.68,31388.34,5806.0
ORD002538,2025-02-15,Agra,Electronics,Laptop,8.0,453972.56,114355.84,5814.0
ORD002539,2025-03-04,Nashik,Beauty,Moisturizer,17.0,383839.6,69852.94,5831.0
ORD002541,2025-01-22,Surat,Electronics,Tablet,6.0,706754.82,128161.43,5837.0
ORD002544,2025-03-04,Ahmedabad,Clothing,Jeans,2.0,80489.64,7460.29,5839.0
ORD002567,2025-01-16,Nagpur,Electronics,Laptop,7.0,861492.03,300885.6,5846.0
ORD002571,2025-01-30,Mangalore,Groceries,Cooking Oil,20.0,2376663.4,276073.46,5866.0
ORD002584,2025-03-15,Thiruvananthapuram,Furniture,Bed,14.0,1602740.86,406969.16,5880.0
ORD002589,2025-01-10,Kolkata,Furniture,Sofa,22.0,1224242.14,326381.85,5902.0
ORD002598,2025-03-02,Delhi,Electronics,Smart TV,18.0,1277987.94,239569.47,5920.0
ORD002602,2025-03-14,Mysuru,Appliances,Refrigerator,14.0,1863451.52,208347.72,5934.0
ORD002617,2025-01-30,Noida,Electronics,Smart TV,15.0,1347982.05,250049.66,5949.0
ORD002620,2025-02-04,Hyderabad,Books,Exam Guide,6.0,509139.96,168917.87,5955.0
ORD002623,2025-02-25,Kanpur,Beauty,Face Wash,7.0,362436.83,123037.82,5962.0
ORD002625,2025-02-27,Kolkata,Clothing,Shoes,3.0,271436.34,21748.95,5965.0
ORD002627,2025-02-08,Mysuru,Books,Dictionary,13.0,237607.63,33010.47,5978.0
ORD002634,2025-03-29,Indore,Clothing,T-Shirt,9.0,701655.57,240592.9,5987.0
ORD002637,2025-01-12,Patna,Electronics,Tablet,19.0,2138747.54,725328.84,6006.0
ORD002640,2025-01-08,Madurai,Groceries,Cooking Oil,25.0,3029002.25,945737.15,6031.0
ORD002641,2025-03-29,Hubballi,Beauty,Lipstick,18.0,389341.08,100413.34,6049.0
ORD002656,2025-01-20,Madurai,Clothing,Jacket,19.0,560564.98,195318.67,6068.0
ORD002679,2025-01-19,Kolkata,Clothing,Shoes,10.0,1425629.8,419081.92,6078.0
ORD002680,2025-03-04,Gurugram,Beauty,Perfume,13.0,1201151.12,403530.67,6091.0
ORD002688,2025-03-02,Varanasi,Appliances,Washing Machine,5.0,228754.0,56246.78,6096.0
ORD002689,2025-01-04,Chandigarh,Furniture,Bookshelf,11.0,42975.02,14258.9,6107.0
ORD002699,2025-02-02,Tirupati,Clothing,Shoes,4.0,442332.88,58128.91,6111.0
ORD002700,2025-02-17,Lucknow,Clothing,Jeans,21.0,24400.53,3960.57,6132.0
ORD002705,2025-01-17,Jaipur,Appliances,Mixer Grinder,13.0,302870.88,70941.17,6145.0
ORD002712,2025-03-15,Ahmedabad,Beauty,Moisturizer,21.0,956538.66,219379.11,6166.0
ORD002718,2025-01-29,Nagpur,Books,Novel,19.0,498410.85,49277.02,6185.0
ORD002719,2025-02-27,Gurugram,Beauty,Perfume,25.0,1977432.75,423920.54,6210.0
ORD002721,2025-02-20,Lucknow,Groceries,Wheat Flour,1.0,121866.88,34517.85,6211.0
ORD002728,2025-03-27,Chennai,Clothing,Jeans,1.0,116863.83,29635.05,6212.0
ORD002730,2025-02-12,Indore,Groceries,Rice,1.0,86524.72,30100.93,6213.0
ORD002732,2025-03-02,Lucknow,Electronics,Camera,24.0,548470.32,74568.0,6237.0
ORD002740,2025-03-18,Mumbai,Clothing,Jacket,19.0,1895668.57,654262.78,6256.0
ORD002742,2025-01-01,Hubballi,Beauty,Face Wash,3.0,364765.95,101665.92,6259.0
ORD002750,2025-02-24,Jaipur,Groceries,Wheat Flour,10.0,797039.8,267160.69,6269.0
ORD002762,2025-02-10,Ludhiana,Books,Novel,2.0,138691.46,19677.69,6271.0
ORD002764,2025-01-09,Vijayawada,Appliances,Washing Machine,6.0,103316.76,13748.31,6277.0
ORD002766,2025-01-03,Agra,Sports,Gym Gloves,16.0,72794.24,8191.83,6293.0
ORD002769,2025-01-17,Ludhiana,Furniture,Wardrobe,5.0,524758.2,109281.38,6298.0
ORD002774,2025-02-03,Mumbai,Appliances,Air Conditioner,11.0,412155.15,143974.43,6309.0
ORD002777,2025-03-03,Ahmedabad,Groceries,Sugar,7.0,486785.88,96643.88,6316.0
ORD002782,2025-01-27,Chandigarh,Appliances,Washing Machine,22.0,462462.66,63760.84,6338.0
ORD002783,2025-03-23,Kanpur,Books,Dictionary,4.0,53778.08,5099.73,6342.0
ORD002792,2025-02-16,Hubballi,Clothing,Jeans,19.0,244353.11,58848.46,6361.0
ORD002804,2025-03-06,Ludhiana,Beauty,Moisturizer,21.0,1282133.58,290412.62,6382.0
ORD002826,2025-02-21,Ludhiana,Sports,Badminton Racket,14.0,2049348.7,522290.85,6396.0
ORD002827,2025-01-26,Mangalore,Appliances,Microwave,20.0,169322.4,35741.79,6416.0
ORD002833,2025-03-08,Indore,Beauty,Perfume,17.0,2053755.89,180321.12,6433.0
ORD002838,2025-03-10,Kochi,Books,Exam Guide,23.0,2266212.08,371356.0,6456.0
ORD002841,2025-02-25,Mumbai,Sports,Cricket Bat,25.0,3391878.5,763001.78,6481.0
ORD002845,2025-03-26,Chandigarh,Appliances,Washing Machine,3.0,66529.44,7314.58,6484.0
ORD002854,2025-02-13,Thiruvananthapuram,Appliances,Air Conditioner,22.0,3102412.28,862559.82,6506.0
ORD002870,2025-01-19,Noida,Furniture,Chair,22.0,455747.38,82830.89,6528.0
ORD002871,2025-03-31,Tirupati,Furniture,Bookshelf,24.0,3468712.32,942891.75,6552.0
ORD002872,2025-03-25,Bhopal,Appliances,Washing Machine,18.0,1752115.5,420413.25,6570.0
ORD002874,2025-03-30,Vijayawada,Books,Novel,6.0,849365.1,197882.48,6576.0
ORD002876,2025-02-02,Nagpur,Furniture,Sofa,8.0,211534.4,17043.41,6584.0
ORD002894,2025-01-12,Gurugram,Clothing,Jacket,3.0,256336.56,82574.69,6587.0
ORD002900,2025-02-19,Vadodara,Clothing,Kurta,13.0,1174657.38,342642.57,6600.0
ORD002901,2025-03-12,Chennai,Clothing,Jacket,20.0,2138884.8,403734.81,6620.0
ORD002905,2025-01-02,Bengaluru,Beauty,Shampoo,11.0,718565.54,155616.4,6631.0
ORD002906,2025-01-10,Mangalore,Clothing,Jeans,16.0,1993482.08,541794.12,6647.0
ORD002912,2025-01-31,Tirupati,Furniture,Bed,25.0,1400848.25,294173.91,6672.0
ORD002913,2025-01-01,Hyderabad,Beauty,Moisturizer,3.0,52541.04,9477.69,6675.0
ORD002914,2025-02-11,Kolkata,Clothing,Kurta,22.0,286383.46,37287.42,6697.0
ORD002921,2025-03-14,Chennai,Furniture,Bed,20.0,2379508.6,521019.6,6717.0
ORD002931,2025-02-10,Vijayawada,Appliances,Refrigerator,12.0,808835.4,137989.06,6729.0
ORD002932,2025-01-05,Kanpur,Beauty,Shampoo,7.0,593104.4,164218.96,6736.0
ORD002934,2025-02-21,Kolkata,Appliances,Refrigerator,8.0,120396.08,12340.64,6744.0
ORD002935,2025-03-14,Hubballi,Books,Dictionary,4.0,360775.8,95751.01,6748.0
ORD002938,2025-02-12,Chennai,Beauty,Face Wash,22.0,586327.72,47009.12,6770.0
ORD002940,2025-01-26,Kanpur,Electronics,Laptop,14.0,1595384.42,429001.63,6784.0
ORD002942,2025-01-17,Agra,Beauty,Moisturizer,15.0,1426411.65,351983.49,6799.0
ORD002945,2025-01-05,Patna,Beauty,Lipstick,22.0,2478835.04,242320.93,6821.0
ORD002948,2025-02-02,Varanasi,Sports,Cricket Bat,20.0,2096791.6,598184.48,6841.0
ORD002951,2025-01-18,Coimbatore,Beauty,Moisturizer,5.0,34755.6,6420.72,6846.0
ORD002952,2025-01-10,Thiruvananthapuram,Electronics,Smart TV,19.0,2680738.12,223903.34,6865.0
ORD002958,2025-03-08,Thiruvananthapuram,Electronics,Laptop,7.0,1034646.83,170238.69,6872.0
ORD002960,2025-03-18,Nagpur,Electronics,Camera,22.0,3125298.88,842778.23,6894.0
ORD002964,2025-03-01,Agra,Sports,Yoga Mat,8.0,17522.24,5595.33,6902.0
ORD002971,2025-03-24,Noida,Clothing,T-Shirt,4.0,54864.12,9488.65,6906.0
ORD002974,2025-02-18,Thiruvananthapuram,Furniture,Wardrobe,24.0,17783.04,3180.17,6930.0
ORD002977,2025-01-26,Kolkata,Clothing,Shoes,13.0,1084802.42,99805.52,6943.0
ORD002992,2025-02-19,Gurugram,Groceries,Cooking Oil,15.0,801648.75,259602.09,6958.0
ORD002994,2025-01-21,Ahmedabad,Furniture,Bed,16.0,717613.44,225044.34,6974.0
ORD002996,2025-03-25,Tirupati,Groceries,Sugar,9.0,91128.96,16814.83,6983.0
ORD002997,2025-01-08,Chennai,Clothing,Saree,7.0,985873.07,190614.5,6990.0
ORD002999,2025-03-20,Bengaluru,Sports,Gym Gloves,13.0,457038.4,85182.97,7003.0
ORD003004,2025-03-02,Kanpur,Groceries,Wheat Flour,13.0,263769.74,83920.28,7016.0
ORD003005,2025-03-12,Lucknow,Furniture,Chair,9.0,292902.12,55930.43,7025.0
ORD003008,2025-02-13,Ludhiana,Sports,Football,24.0,1121738.88,338292.18,7049.0
ORD003021,2025-01-07,Noida,Sports,Badminton Racket,6.0,102089.82,33599.01,7055.0
ORD003022,2025-03-02,Jaipur,Books,Notebook,8.0,442036.88,120985.14,7063.0
ORD003035,2025-03-20,Bengaluru,Electronics,Camera,25.0,2360801.0,416491.75,7088.0
ORD003047,2025-01-26,Mysuru,Furniture,Wardrobe,2.0,140968.82,14765.39,7090.0
ORD003048,2025-03-03,Varanasi,Books,Novel,6.0,350547.54,75162.73,7096.0
ORD003049,2025-03-21,Hubballi,Clothing,Jeans,2.0,29781.36,6333.78,7098.0
ORD003056,2025-01-30,Nagpur,Clothing,Shoes,6.0,660986.7,116009.46,7104.0
ORD003061,2025-02-06,Goa,Appliances,Refrigerator,11.0,245956.92,78678.97,7115.0
ORD003068,2025-03-12,Nagpur,Books,Notebook,2.0,143252.68,11480.63,7117.0
ORD003069,2025-02-06,Kanpur,Electronics,Tablet,14.0,2050461.28,533118.19,7131.0
ORD003070,2025-02-07,Jaipur,Books,Novel,24.0,2382688.8,286902.44,7155.0
ORD003081,2025-01-01,Gurugram,Appliances,Air Conditioner,10.0,720427.0,195928.0,7165.0
ORD003089,2025-03-24,Nagpur,Books,Novel,12.0,630356.52,77917.26,7177.0
ORD003098,2025-03-07,Patna,Clothing,Jeans,2.0,178077.62,38310.93,7179.0
ORD003105,2025-01-28,Ahmedabad,Appliances,Mixer Grinder,5.0,542789.1,76169.83,7184.0
ORD003108,2025-01-02,Coimbatore,Beauty,Moisturizer,21.0,2134930.77,442497.27,7205.0
ORD003116,2025-03-20,,Beauty,Perfume,13.0,1469184.08,498055.0,7218.0
ORD003122,2025-02-25,Jaipur,Groceries,Rice,1.0,20252.86,3814.5,7219.0
ORD003139,2025-03-03,Kolkata,Furniture,Dining Table,5.0,63860.0,21994.54,7224.0
ORD003141,2025-02-07,Hyderabad,Sports,Yoga Mat,22.0,3024075.56,1038828.78,7246.0
ORD003146,2025-01-11,Ludhiana,Sports,Badminton Racket,8.0,669421.52,86410.76,7254.0
ORD003148,2025-01-01,Hubballi,Beauty,Face Wash,7.0,954274.09,267015.66,7261.0
ORD003157,2025-01-15,Tirupati,Sports,Badminton Racket,3.0,64049.43,15579.28,7264.0
ORD003160,2025-03-20,Chandigarh,Sports,Football,8.0,556356.24,152694.43,7272.0
ORD003172,2025-03-02,Vadodara,Sports,Gym Gloves,13.0,1460748.38,422549.39,7285.0
ORD003173,2025-03-14,Bhopal,Sports,Football,10.0,988097.5,108872.66,7295.0
ORD003184,2025-02-01,Kanpur,Clothing,Kurta,22.0,2569053.96,737762.21,7317.0
ORD003189,2025-02-25,Ludhiana,Books,Novel,14.0,1160141.92,395127.75,7331.0
ORD003192,2025-02-02,Nagpur,Groceries,Milk,15.0,1659033.75,458967.02,7346.0
ORD003196,2025-03-01,Jaipur,Groceries,Rice,15.0,1365662.25,461950.38,7361.0
ORD003210,2025-02-24,Vijayawada,Beauty,Perfume,24.0,2094494.16,624736.0,7385.0
ORD003212,2025-03-29,Varanasi,Clothing,Shoes,13.0,,287293.51,7398.0
ORD003220,2025-02-22,Mysuru,Electronics,Camera,24.0,1406821.44,370391.88,7422.0
ORD003237,2025-02-16,Ludhiana,Electronics,Laptop,13.0,250199.3,32502.24,7435.0
ORD003243,2025-01-27,Chennai,Books,Notebook,15.0,151160.4,25805.62,7450.0
ORD003248,2025-01-19,Agra,Books,Engineering Book,10.0,1271260.7,308686.68,7460.0
ORD003249,2025-03-05,Thiruvananthapuram,Beauty,Perfume,17.0,1363296.47,190870.09,7477.0
ORD003251,2025-03-31,Bengaluru,Clothing,Kurta,17.0,1210700.9,271724.78,7494.0
ORD003256,2025-02-14,Indore,Sports,Gym Gloves,10.0,419545.3,76780.69,7504.0
ORD003270,2025-02-23,Kanpur,Sports,Gym Gloves,17.0,2537038.86,875662.75,7521.0
ORD003274,2025-03-17,Noida,Clothing,T-Shirt,15.0,1299091.8,233849.21,7536.0
ORD003281,2025-03-11,Pune,Furniture,Wardrobe,2.0,85165.44,8215.83,7538.0
ORD003283,2025-02-10,Hubballi,Books,Engineering Book,25.0,1509208.5,493591.78,7563.0
ORD003312,2025-03-10,Bengaluru,Groceries,Rice,24.0,2349376.56,473532.74,7587.0
ORD003320,2025-01-27,Guwahati,Groceries,Wheat Flour,4.0,65086.24,19765.26,7591.0
ORD003331,2025-03-27,Guwahati,Beauty,Face Wash,4.0,599276.64,65895.87,7595.0
ORD003332,2025-01-28,Mumbai,Furniture,Bed,15.0,578994.15,84600.99,7610.0
ORD003333,2025-03-09,Surat,Clothing,Jeans,10.0,1285386.0,425825.07,7620.0
ORD003338,2025-02-10,Kolkata,Beauty,Face Wash,8.0,1107600.72,229259.71,7628.0
ORD003340,2025-02-27,Mysuru,Clothing,Jacket,23.0,1240335.72,280084.52,7651.0
ORD003344,2025-01-05,Bhopal,Sports,Football,15.0,854511.6,81924.25,7666.0
ORD003351,2025-03-27,Lucknow,Sports,Football,23.0,2952438.24,370255.2,7689.0
ORD003352,2025-01-08,Thiruvananthapuram,Groceries,Sugar,22.0,3098175.96,371978.74,7711.0
ORD003353,2025-01-11,Mumbai,Beauty,Face Wash,7.0,799597.68,64394.92,7718.0
ORD003360,2025-01-21,Chandigarh,Furniture,Wardrobe,16.0,2399939.84,443741.98,7734.0
ORD003361,2025-03-02,Varanasi,Electronics,Laptop,9.0,924084.99,136063.31,7743.0
ORD003365,2025-01-07,Indore,Clothing,T-Shirt,21.0,819843.36,253268.79,7764.0
ORD003368,2025-01-28,Nashik,Appliances,Air Conditioner,13.0,843026.21,101190.85,7777.0
ORD003369,2025-01-09,Goa,Furniture,Sofa,5.0,200613.9,50929.82,7782.0
ORD003370,2025-03-12,Tirupati,Clothing,Shoes,3.0,310016.64,37541.79,7785.0
ORD003371,2025-01-01,Noida,Groceries,Tea Powder,20.0,2767482.6,437334.79,7805.0
ORD003372,2025-02-05,Lucknow,Clothing,Kurta,2.0,159357.36,34296.13,7807.0
ORD003377,2025-01-10,Nagpur,Furniture,Bookshelf,21.0,3069894.87,532341.03,7828.0
ORD003398,2025-03-30,Mysuru,Sports,Badminton Racket,6.0,321611.34,75644.48,7834.0
ORD003399,2025-03-05,Nashik,Electronics,Smart TV,10.0,964584.3,100070.01,7844.0
ORD003403,2025-01-12,Madurai,Furniture,Wardrobe,9.0,792398.7,153201.87,7853.0
ORD003412,2025-02-20,Ludhiana,Books,Novel,4.0,450227.4,96359.08,7857.0
ORD003414,2025-01-27,Mysuru,Sports,Football,22.0,2361080.04,812206.12,7879.0
ORD003417,2025-03-27,Kanpur,Beauty,Moisturizer,23.0,413885.92,85917.76,7902.0
ORD003423,2025-02-24,Bengaluru,Beauty,Perfume,15.0,1976372.55,456754.94,7917.0
ORD003426,2025-03-25,Jaipur,Appliances,Washing Machine,7.0,920242.47,313142.29,7924.0
ORD003434,2025-02-03,Jaipur,Groceries,Tea Powder,10.0,813202.1,129352.34,7934.0
ORD003439,2025-01-09,Surat,Beauty,Perfume,18.0,246567.78,19934.48,7952.0
ORD003445,2025-03-20,Gurugram,Electronics,Smart Watch,6.0,204838.2,37588.86,7958.0
ORD003448,2025-03-04,Gurugram,Furniture,Sofa,7.0,64860.67,13945.75,7965.0
ORD003459,2025-01-30,Madurai,Appliances,Air Conditioner,13.0,1153608.69,165097.68,7978.0
ORD003464,2025-02-09,Coimbatore,Books,Exam Guide,12.0,459338.28,90861.81,7990.0
ORD003468,2025-02-24,Thiruvananthapuram,Books,Notebook,14.0,1274719.88,435383.43,8004.0
ORD003489,2025-02-09,Kanpur,Furniture,Wardrobe,20.0,141279.4,18403.92,8024.0
ORD003492,2025-02-04,Nagpur,Groceries,Wheat Flour,1.0,143614.93,20976.86,8025.0
ORD003493,2025-01-31,Mangalore,Electronics,Smartphone,21.0,2537294.76,438683.46,8046.0
ORD003496,2025-03-25,Indore,Appliances,Washing Machine,25.0,2909678.75,384199.77,8071.0
ORD003502,2025-02-03,Gurugram,Furniture,Bed,10.0,882409.2,136791.87,8081.0
ORD003503,2025-02-17,Nagpur,Electronics,Smart TV,20.0,2325072.2,354374.62,8101.0
ORD003504,2025-03-09,Coimbatore,Groceries,Cooking Oil,20.0,2957979.0,314737.86,8121.0
ORD003510,2025-02-24,Jaipur,Appliances,Microwave,9.0,83308.95,10403.47,8130.0
ORD003513,2025-03-13,Noida,Electronics,Headphones,16.0,2201713.28,450181.63,8146.0
ORD003514,2025-03-09,Jaipur,Appliances,Mixer Grinder,12.0,1246732.56,184338.83,8158.0
ORD003516,2025-01-04,Pune,Beauty,Moisturizer,19.0,515505.53,170359.71,8177.0
ORD003519,2025-03-26,Kolkata,Sports,Badminton Racket,12.0,1570845.6,525517.17,8189.0
ORD003520,2025-01-30,Tirupati,Beauty,Shampoo,22.0,958021.46,188719.28,8211.0
ORD003528,2025-03-25,Mumbai,Appliances,Washing Machine,3.0,383031.42,48174.75,8214.0
ORD003529,2025-01-06,Chennai,Groceries,Milk,10.0,,108802.99,8224.0
ORD003530,2025-01-21,Guwahati,Electronics,Headphones,13.0,333048.56,89016.72,8237.0
ORD003538,2025-03-08,Guwahati,Furniture,Bookshelf,2.0,142305.68,28133.85,8239.0
ORD003539,2025-01-06,Bhopal,Sports,Badminton Racket,23.0,1814830.18,605492.86,8262.0
ORD003541,2025-02-26,Chandigarh,Furniture,Bed,22.0,485700.82,68091.12,8284.0
ORD003549,2025-03-30,Chennai,Books,Novel,16.0,1487942.56,345873.17,8300.0
ORD003561,2025-02-12,Bhopal,Appliances,Microwave,15.0,116689.2,32263.42,8315.0
ORD003562,2025-03-09,Guwahati,Books,Notebook,9.0,1209825.0,374140.21,8324.0
ORD003589,2025-03-25,Mumbai,,Engineering Book,12.0,466124.28,113715.54,8336.0
ORD003598,2025-03-26,Ahmedabad,Electronics,Headphones,15.0,359762.55,43373.01,8351.0
ORD003601,2025-02-15,Nagpur,Beauty,Moisturizer,21.0,2038305.99,510521.02,8372.0
ORD003602,2025-02-27,Tirupati,Furniture,Bed,1.0,63505.05,15236.82,8373.0
ORD003604,2025-01-30,Jaipur,Electronics,Headphones,1.0,36092.15,4057.21,8374.0
ORD003617,2025-03-07,Vijayawada,Beauty,Face Wash,14.0,320954.2,42798.63,8388.0
ORD003627,2025-02-18,Madurai,Clothing,T-Shirt,9.0,1208631.6,362029.38,8397.0
ORD003628,2025-02-13,Madurai,Beauty,Perfume,24.0,684502.8,196040.01,8421.0
ORD003633,2025-01-17,Lucknow,Books,Notebook,21.0,2657720.31,549937.81,8442.0
ORD003635,2025-03-19,Mumbai,Clothing,Jacket,11.0,1025206.6,278388.35,8453.0
ORD003639,2025-02-13,Mangalore,Electronics,Camera,13.0,1041804.66,330693.41,8466.0
ORD003641,2025-03-20,Madurai,Sports,Cricket Bat,14.0,1201528.44,413453.27,8480.0
ORD003645,2025-02-01,Kanpur,Books,Engineering Book,3.0,223499.19,76455.5,8483.0
ORD003646,2025-01-24,Chennai,Groceries,Cooking Oil,25.0,2159556.25,559487.13,8508.0
ORD003648,2025-01-21,Indore,Furniture,Wardrobe,17.0,1235788.82,168921.39,8525.0
ORD003658,2025-01-25,Ludhiana,Sports,Badminton Racket,20.0,1999883.6,657747.49,8545.0
ORD003661,2025-03-18,Ludhiana,Electronics,Smart Watch,20.0,2769512.0,753854.75,8565.0
ORD003664,2025-03-19,Delhi,Sports,Badminton Racket,22.0,1469114.24,331918.34,8587.0
ORD003668,2025-01-28,Agra,Books,Notebook,1.0,75520.32,16384.27,8588.0
ORD003678,2025-02-07,Noida,Groceries,Rice,25.0,240554.0,44600.73,8613.0
ORD003685,2025-02-14,Bengaluru,Electronics,Tablet,5.0,548335.05,175202.29,8618.0
ORD003691,2025-01-23,Bengaluru,Clothing,Kurta,2.0,187059.64,41907.06,8620.0
ORD003694,2025-01-09,Coimbatore,Appliances,Microwave,8.0,616942.64,70069.91,8628.0
ORD003696,2025-03-22,Vadodara,Groceries,Milk,25.0,1239817.0,427358.4,8653.0
ORD003697,2025-01-27,Mangalore,Clothing,Saree,5.0,92949.3,22908.6,8658.0
ORD003698,2025-02-22,Hubballi,Beauty,Shampoo,1.0,35286.59,10555.52,8659.0
ORD003702,2025-02-16,Noida,Electronics,Laptop,8.0,815525.36,205021.66,8667.0
ORD003729,2025-01-27,Delhi,Appliances,Mixer Grinder,15.0,9255.15,2136.07,8682.0
ORD003733,2025-03-12,Mangalore,Sports,Gym Gloves,17.0,427277.49,86493.63,8699.0
ORD003734,2025-01-21,Mumbai,Beauty,Moisturizer,14.0,1744091.02,146022.66,8713.0
ORD003746,2025-03-24,Surat,Appliances,Mixer Grinder,6.0,744143.76,246214.0,8719.0
ORD003754,2025-01-26,Noida,Groceries,Rice,5.0,151397.3,44976.49,8724.0
ORD003755,2025-01-04,Lucknow,Electronics,Headphones,14.0,176998.36,33312.78,8738.0
ORD003758,2025-03-30,Mysuru,Beauty,Face Wash,16.0,845992.8,294086.96,8754.0
ORD003761,2025-02-24,Ahmedabad,Electronics,Tablet,14.0,804354.88,119805.1,8768.0
ORD003767,2025-01-25,Nagpur,Sports,Cricket Bat,2.0,239234.62,40634.44,8770.0
ORD003770,2025-03-20,Thiruvananthapuram,Books,Dictionary,5.0,630604.4,107764.96,8775.0
ORD003771,2025-01-07,Bhopal,Appliances,Refrigerator,12.0,701366.04,107296.02,8787.0
ORD003782,2025-02-24,Vijayawada,Beauty,Moisturizer,23.0,1775462.23,591479.5,8810.0
ORD003791,2025-03-19,Noida,Books,Novel,20.0,1508755.6,356674.82,8830.0
ORD003793,2025-01-29,Nashik,Sports,Badminton Racket,23.0,1871480.33,471979.49,8853.0
ORD003795,2025-02-09,Thiruvananthapuram,Books,Exam Guide,11.0,518647.69,124581.29,8864.0
ORD003799,2025-01-09,Bhopal,Books,Exam Guide,17.0,59939.28,7312.58,8881.0
ORD003800,2025-02-25,Chennai,Books,Exam Guide,5.0,178727.6,33559.68,8886.0
ORD003810,2025-01-22,Bhopal,Furniture,Dining Table,4.0,194013.6,33345.35,8890.0
ORD003813,2025-02-02,Tirupati,Beauty,Moisturizer,7.0,110530.91,11121.01,8897.0
ORD003814,2025-03-20,Hyderabad,Appliances,Mixer Grinder,21.0,2897369.16,311898.13,8918.0
ORD003816,2025-01-20,Vijayawada,Furniture,Chair,25.0,2002971.75,200607.44,8943.0
ORD003830,2025-03-24,Ahmedabad,Furniture,Bed,15.0,8104.65,677.1,8958.0
ORD003831,2025-02-06,Varanasi,Clothing,T-Shirt,22.0,312336.2,72595.33,8980.0
ORD003835,2025-03-19,Ludhiana,Sports,Badminton Racket,7.0,809343.64,71012.93,8987.0
ORD003837,2025-03-05,Goa,Clothing,T-Shirt,7.0,436806.02,88301.81,8994.0
ORD003839,2025-03-10,Nashik,Sports,Football,6.0,730290.18,240166.32,9000.0
ORD003840,2025-02-07,Patna,Clothing,Jeans,9.0,828867.69,188102.26,9009.0
ORD003842,2025-02-06,Delhi,Beauty,Moisturizer,4.0,284822.04,57571.55,9013.0
ORD003844,2025-02-02,Kanpur,Electronics,Headphones,7.0,258107.15,80465.84,9020.0
ORD003846,2025-03-07,Pune,Sports,Cricket Bat,18.0,1037180.52,220085.96,9038.0
ORD003849,2025-01-24,Hubballi,Books,Exam Guide,9.0,1096224.57,176086.83,9047.0
ORD003854,2025-02-12,Mangalore,Furniture,Chair,9.0,510820.02,142780.85,9056.0
ORD003855,2025-02-17,Vadodara,Beauty,Shampoo,19.0,2364281.15,284140.64,9075.0
ORD003860,2025-02-17,Chennai,Books,Engineering Book,10.0,309989.5,31855.48,9085.0
ORD003862,2025-01-24,Thiruvananthapuram,Furniture,Sofa,18.0,211224.06,42909.97,9103.0
ORD003868,2025-03-20,Vadodara,Clothing,Jeans,24.0,346245.84,54743.04,9127.0
ORD003890,2025-03-22,Lucknow,Sports,Gym Gloves,10.0,155783.4,32434.37,9137.0
ORD003896,2025-02-15,Vijayawada,Furniture,Sofa,17.0,1672820.74,447567.06,9154.0
ORD003898,2025-02-18,Kanpur,Electronics,Smart TV,25.0,3113291.0,252481.89,9179.0
ORD003899,2025-01-10,Chandigarh,Appliances,Air Conditioner,16.0,2301487.84,745764.24,9195.0
ORD003900,2025-03-04,Nashik,Clothing,Kurta,19.0,594323.04,68697.82,9214.0
ORD003908,2025-02-26,Goa,Electronics,Smart TV,8.0,262766.24,36677.41,9222.0
ORD003920,2025-01-31,Coimbatore,Appliances,Air Conditioner,10.0,830722.3,265666.57,9232.0
ORD003922,2025-02-10,Kolkata,Furniture,Bed,7.0,966875.21,177114.66,9239.0
ORD003923,2025-03-01,Kolkata,Beauty,Shampoo,23.0,3049238.11,894930.76,9262.0
ORD003929,2025-01-20,Ahmedabad,Sports,Football,8.0,665286.0,226380.58,9270.0
ORD003932,2025-01-27,Ludhiana,Electronics,Laptop,3.0,414060.54,57473.53,9273.0
ORD003947,2025-03-14,Nashik,Electronics,Camera,25.0,378339.0,44116.38,9298.0
ORD003948,2025-03-04,Guwahati,Electronics,Smart TV,6.0,173441.28,47597.67,9304.0
ORD003949,2025-03-31,Jaipur,Beauty,Perfume,8.0,172076.0,20646.1,9312.0
ORD003950,2025-03-21,Mumbai,Clothing,Jacket,18.0,751138.74,126356.85,9330.0
ORD003954,2025-03-26,Visakhapatnam,Beauty,Perfume,25.0,3538937.25,1169492.45,9355.0
ORD003958,2025-02-09,Vadodara,Furniture,Wardrobe,23.0,3254247.46,473486.16,9378.0
ORD003969,2025-01-25,Tirupati,Clothing,Saree,14.0,32401.88,3175.48,9392.0
ORD003975,2025-01-05,Thiruvananthapuram,Appliances,Mixer Grinder,6.0,291203.94,92206.42,9398.0
ORD003980,2025-03-25,Nagpur,Electronics,Smart TV,16.0,1352138.08,246470.95,9414.0
ORD004004,2025-02-14,Jaipur,Sports,Cricket Bat,1.0,117584.65,14490.27,9415.0
ORD004010,2025-02-12,Mangalore,Appliances,Air Conditioner,14.0,464498.58,99613.88,9429.0
ORD004016,2025-03-13,Ahmedabad,Sports,Badminton Racket,11.0,1477717.56,485023.07,9440.0
ORD004025,2025-03-06,Lucknow,Beauty,Lipstick,22.0,181061.54,35100.48,9462.0
ORD004032,2025-03-10,Delhi,Electronics,Smart TV,7.0,242226.04,59335.77,9469.0
ORD004037,2025-03-12,Chandigarh,Clothing,Saree,7.0,5258.47,516.32,9476.0
ORD004043,2025-01-13,Vadodara,Appliances,Air Conditioner,14.0,1841259.56,445283.53,9490.0
ORD004046,2025-02-09,Hyderabad,Groceries,Milk,21.0,3052803.6,965135.67,9511.0
ORD004050,2025-02-08,Mysuru,Groceries,Rice,13.0,751475.66,163387.51,9524.0
ORD004059,2025-02-03,Madurai,Books,Notebook,7.0,697430.58,85891.69,9531.0
ORD004064,2025-01-23,Gurugram,Clothing,T-Shirt,25.0,2627245.5,447921.17,9556.0
ORD004066,2025-01-04,Bhopal,Books,Dictionary,1.0,122236.61,35402.08,9557.0
ORD004069,2025-03-06,Mangalore,Beauty,Lipstick,24.0,2557129.2,318218.77,9581.0
ORD004071,2025-03-06,Mumbai,Books,Engineering Book,18.0,2473614.18,814911.36,9599.0
ORD004075,2025-01-05,Hubballi,Books,Dictionary,7.0,1850.8,449.16,9606.0
ORD004078,2025-02-18,Kochi,Electronics,Tablet,23.0,2285419.15,790921.9,9629.0
ORD004081,2025-01-09,Ludhiana,Sports,Yoga Mat,7.0,302449.35,45919.03,9636.0
ORD004083,2025-03-07,Gurugram,Beauty,Perfume,20.0,602471.6,161179.55,9656.0
ORD004086,2025-02-28,Pune,Sports,Cricket Bat,11.0,813746.78,205833.78,9667.0
ORD004093,2025-01-12,Vadodara,Sports,Gym Gloves,22.0,2745159.78,821693.64,9689.0
ORD004097,2025-02-14,Lucknow,Electronics,Camera,1.0,81961.04,21252.43,9690.0
ORD004102,2025-01-27,Chennai,Groceries,Rice,2.0,17247.96,1555.48,9692.0
ORD004108,2025-02-12,Tirupati,Sports,Football,21.0,79955.61,23426.58,9713.0
ORD004113,2025-02-18,Noida,Groceries,Tea Powder,20.0,1512506.8,520692.01,9733.0
ORD004118,2025-01-13,Tirupati,Groceries,Cooking Oil,17.0,2310592.4,600817.38,9750.0
ORD004124,2025-03-19,Visakhapatnam,Furniture,Dining Table,11.0,1027518.58,215443.43,9761.0
ORD004133,2025-03-05,Delhi,Groceries,Sugar,25.0,532006.25,70739.69,9786.0
ORD004135,2025-01-12,Thiruvananthapuram,Sports,Cricket Bat,9.0,231481.89,65658.34,9795.0
ORD004137,2025-03-28,Bhopal,Groceries,Cooking Oil,4.0,380539.16,32053.91,9799.0
ORD004149,2025-01-16,Vijayawada,Groceries,Cooking Oil,10.0,776860.2,112560.16,9809.0
ORD004160,2025-02-18,Coimbatore,Electronics,Tablet,1.0,98724.25,33471.84,9810.0
ORD004163,2025-03-14,Chennai,Beauty,Perfume,24.0,2610240.72,279697.73,9834.0
ORD004164,2025-03-27,Mysuru,Groceries,Sugar,19.0,85043.05,29621.76,9853.0
ORD004171,2025-02-25,Guwahati,Electronics,Smart Watch,5.0,355692.75,80681.93,9858.0
ORD004183,2025-02-24,Lucknow,Beauty,Lipstick,18.0,475885.08,130885.05,9876.0
ORD004185,2025-01-13,Ahmedabad,Books,Engineering Book,4.0,431114.0,68571.8,9880.0
ORD004187,2025-02-13,Chandigarh,Appliances,Washing Machine,20.0,1118791.4,366006.91,9900.0
ORD004188,2025-03-02,Kanpur,Electronics,Camera,22.0,3238404.84,682100.11,9922.0
ORD004191,2025-03-14,Bhopal,Furniture,Bed,6.0,458604.72,140929.36,9928.0
ORD004197,2025-01-06,Indore,Furniture,Chair,2.0,76437.8,12673.76,9930.0
ORD004203,2025-02-19,Lucknow,Furniture,Wardrobe,8.0,946738.16,214208.93,9938.0
ORD004204,2025-02-06,Ludhiana,Electronics,Laptop,18.0,1796185.98,360189.08,9956.0
ORD004205,2025-01-31,Visakhapatnam,Electronics,Smart Watch,4.0,146513.16,22829.78,9960.0
ORD004226,2025-03-31,Gurugram,Furniture,Sofa,14.0,1636493.32,433234.45,9974.0
ORD004230,2025-01-02,Hubballi,Electronics,Smartphone,18.0,1509372.54,512505.36,9992.0
ORD004244,2025-02-18,Ludhiana,Beauty,Shampoo,4.0,595894.8,79868.61,9996.0
ORD004261,2025-01-27,Patna,Appliances,Microwave,4.0,188645.2,26176.33,10000.0
ORD004268,2025-01-06,Kochi,Clothing,T-Shirt,22.0,748699.6,119274.02,10022.0
ORD004271,2025-02-18,Ludhiana,Groceries,Wheat Flour,14.0,657571.88,212713.06,10036.0
ORD004277,2025-03-10,Gurugram,Furniture,Dining Table,2.0,96111.72,29248.8,10038.0
ORD004279,2025-01-14,Ahmedabad,Clothing,Kurta,22.0,2976215.0,864808.95,10060.0
ORD004293,2025-02-19,Chandigarh,Sports,Yoga Mat,10.0,490812.0,82031.03,10070.0
ORD004309,2025-03-08,Noida,Clothing,Jacket,4.0,180677.36,16078.29,10074.0
ORD004314,2025-03-14,Chennai,Groceries,Rice,1.0,115490.1,35748.98,10075.0
ORD004316,2025-03-17,Vadodara,Groceries,Rice,21.0,2900247.84,905186.74,10096.0
ORD004324,2025-03-11,Gurugram,Beauty,Shampoo,14.0,364582.26,69868.05,10110.0
ORD004327,2025-03-12,Ludhiana,Appliances,Microwave,10.0,1259126.9,343077.8,10120.0
ORD004334,2025-03-18,Guwahati,Appliances,Refrigerator,12.0,717892.32,198147.31,10132.0
ORD004345,2025-01-09,Hubballi,Sports,Gym Gloves,18.0,2390889.24,648423.13,10150.0
ORD004353,2025-03-07,Agra,Beauty,Perfume,15.0,674323.8,109011.39,10165.0
ORD004361,2025-02-08,Madurai,Electronics,Smart Watch,10.0,1059116.8,278444.45,10175.0
ORD004364,2025-02-16,Patna,Groceries,Rice,10.0,799207.7,269924.69,10185.0
ORD004366,2025-03-30,Agra,Sports,Football,5.0,527831.3,182179.91,10190.0
ORD004370,2025-01-28,Coimbatore,Groceries,Rice,21.0,1123880.73,149318.62,10211.0
ORD004385,2025-01-26,Jaipur,Beauty,Shampoo,25.0,499678.0,124604.83,10236.0
ORD004398,2025-01-27,Ludhiana,Sports,Yoga Mat,3.0,92939.82,23972.02,10239.0
ORD004399,2025-02-20,Jaipur,Sports,Football,19.0,67491.99,7006.33,10258.0
ORD004404,2025-01-25,Pune,Furniture,Wardrobe,9.0,620948.34,144126.21,10267.0
ORD004409,2025-03-27,Hubballi,Sports,Badminton Racket,23.0,2280642.05,547605.69,10290.0
ORD004424,2025-02-13,Pune,Clothing,T-Shirt,13.0,1529633.04,468103.47,10303.0
ORD004428,2025-01-18,Hyderabad,Appliances,Mixer Grinder,3.0,362067.63,114430.05,10306.0
ORD004429,2025-02-06,Bhopal,Appliances,Refrigerator,7.0,955551.8,219259.17,10313.0
ORD004432,2025-01-21,Mysuru,Sports,Cricket Bat,8.0,703256.08,225726.9,10321.0
ORD004443,2025-02-05,Varanasi,Furniture,Wardrobe,3.0,205401.36,37209.27,10324.0
ORD004450,2025-03-14,Coimbatore,Books,Novel,14.0,1681755.46,213876.85,10338.0
ORD004455,2025-03-10,Ahmedabad,Groceries,Sugar,22.0,867592.0,195096.37,10360.0
ORD004477,2025-02-24,Chennai,Groceries,Milk,7.0,242546.78,42023.56,10367.0
ORD004483,2025-03-31,Goa,Sports,Badminton Racket,5.0,292679.0,25404.91,10372.0
ORD004487,2025-03-23,Agra,Clothing,T-Shirt,21.0,2072394.66,346117.39,10393.0
ORD004492,2025-01-10,Bhopal,Beauty,Lipstick,13.0,1796766.66,234741.57,10406.0
ORD004496,2025-02-08,Hubballi,Furniture,Chair,22.0,446015.02,39041.19,10428.0
ORD004497,2025-01-31,Ludhiana,Appliances,Air Conditioner,7.0,255610.74,38873.28,10435.0
ORD004501,2025-03-15,Kolkata,Books,Exam Guide,18.0,641916.54,131951.51,10453.0
ORD004502,2025-02-03,Kochi,Beauty,Lipstick,14.0,1374316.02,365625.2,10467.0
ORD004509,2025-02-28,Patna,Books,Novel,10.0,196901.9,59045.9,10477.0
ORD004515,2025-01-06,Varanasi,Electronics,Headphones,15.0,826336.2,127762.31,10492.0
ORD004519,2025-02-11,Mysuru,Groceries,Sugar,4.0,15988.6,1982.42,10496.0
ORD004520,2025-02-14,Chennai,Appliances,Refrigerator,5.0,683206.15,99766.37,10501.0
ORD004529,2025-01-23,Chennai,Books,Engineering Book,21.0,2402557.92,685406.88,10522.0
ORD004535,2025-02-25,Surat,Beauty,Moisturizer,16.0,993474.08,110960.22,10538.0
ORD004543,2025-03-15,Bhopal,Books,Novel,19.0,1611078.78,487934.4,10557.0
ORD004547,2025-03-25,Tirupati,Electronics,Smart TV,,2886478.77,454918.58,10578.0
ORD004556,2025-03-15,Kanpur,Electronics,Tablet,12.0,630893.76,103450.75,10590.0
ORD004557,2025-03-09,Ludhiana,Electronics,Tablet,15.0,923828.1,321683.07,10605.0
ORD004560,2025-01-18,Pune,Clothing,Jeans,8.0,1065346.32,349012.1,10613.0
ORD004569,2025-02-04,Thiruvananthapuram,Electronics,Laptop,12.0,536446.32,180096.39,10625.0
ORD004576,2025-01-06,Goa,Clothing,Jeans,7.0,418212.76,113314.25,10632.0
ORD004577,2025-03-20,Chennai,Sports,Cricket Bat,9.0,453621.51,156051.37,10641.0
ORD004581,2025-03-08,Delhi,Books,Engineering Book,20.0,389121.4,38863.8,10661.0
ORD004582,2025-03-06,Goa,Electronics,Laptop,5.0,412506.65,113288.78,10666.0
ORD004597,2025-01-26,Vadodara,Appliances,Washing Machine,16.0,1395507.84,269424.63,10682.0
ORD004599,2025-03-27,,Beauty,Shampoo,16.0,997414.88,157347.83,10698.0
ORD004601,2025-02-13,Guwahati,Electronics,Smartphone,20.0,694324.8,167170.39,10718.0
ORD004602,2025-02-25,Kolkata,Appliances,Refrigerator,22.0,1097358.9,,10740.0
ORD004604,2025-01-06,Guwahati,Books,Notebook,19.0,2763584.2,230599.06,10759.0
ORD004606,2025-03-25,Madurai,Beauty,Moisturizer,24.0,984175.68,291615.57,10783.0
ORD004609,2025-03-28,Mysuru,Books,Novel,8.0,1035763.04,88420.35,10791.0
ORD004615,2025-03-15,Ludhiana,Appliances,Washing Machine,4.0,240571.2,51249.25,10795.0
ORD004620,2025-02-20,Indore,Beauty,Shampoo,8.0,992820.8,300843.33,10803.0
ORD004624,2025-01-23,Gurugram,Groceries,Sugar,6.0,50035.26,7112.06,10809.0
ORD004627,2025-03-19,Nashik,Books,Novel,21.0,3142655.67,295813.01,10830.0
ORD004640,2025-01-13,Indore,Furniture,Chair,22.0,713772.62,242950.44,10852.0
ORD004648,2025-01-01,Kochi,Electronics,Laptop,5.0,536044.5,65547.58,10857.0
ORD004653,2025-01-19,Chennai,Sports,Gym Gloves,9.0,523714.32,79147.68,10866.0
ORD004654,2025-02-05,Madurai,Sports,Gym Gloves,17.0,1844675.78,371423.44,10883.0
ORD004655,2025-01-24,Kolkata,Beauty,Shampoo,3.0,191416.47,33625.62,10886.0
ORD004667,2025-01-16,Madurai,Appliances,Washing Machine,8.0,927118.48,89048.36,10894.0
ORD004671,2025-03-22,Mysuru,Books,Engineering Book,4.0,313312.64,92609.19,10898.0
ORD004672,2025-01-29,Lucknow,Clothing,Jacket,15.0,1750808.55,438745.31,10913.0
ORD004676,2025-03-26,Agra,Electronics,Smart Watch,4.0,553847.44,171541.49,10917.0
ORD004682,2025-02-06,Tirupati,Clothing,Jacket,18.0,2258553.24,297397.41,10935.0
ORD004688,2025-03-15,Visakhapatnam,Clothing,Shoes,13.0,1865062.16,489888.79,10948.0
ORD004697,2025-03-20,Nashik,Beauty,Shampoo,11.0,782350.91,262493.44,10959.0
ORD004702,2025-01-09,Vijayawada,Furniture,Dining Table,10.0,107141.8,32681.79,10969.0
ORD004706,2025-01-20,Guwahati,Beauty,Face Wash,4.0,99779.88,14067.17,10973.0
ORD004713,2025-02-07,Noida,Groceries,Rice,17.0,264846.23,87803.38,10990.0
ORD004714,2025-01-13,Chandigarh,Books,Novel,2.0,297811.6,46181.24,10992.0
ORD004717,2025-03-24,Guwahati,Appliances,Air Conditioner,23.0,3193552.53,577991.22,11015.0
ORD004720,2025-02-27,Vijayawada,Clothing,Kurta,12.0,386938.92,71273.2,11027.0
ORD004722,2025-03-19,Lucknow,Appliances,Mixer Grinder,9.0,684309.24,187341.54,11036.0
ORD004725,2025-03-05,Chennai,Furniture,Chair,8.0,328756.72,44120.7,11044.0
ORD004733,2025-01-29,Visakhapatnam,Clothing,Jacket,5.0,453450.4,140617.71,11049.0
ORD004741,2025-02-05,Guwahati,Books,Engineering Book,12.0,1745005.44,481015.32,11061.0
ORD004747,2025-03-17,Gurugram,Furniture,Bed,14.0,576238.18,176261.07,11075.0
ORD004753,2025-03-01,Chandigarh,Sports,Yoga Mat,17.0,289570.35,99160.06,11092.0
ORD004764,2025-02-13,Lucknow,Furniture,Wardrobe,9.0,971997.93,148469.51,11101.0
ORD004768,2025-01-22,Bhopal,Appliances,Washing Machine,7.0,32839.24,2754.94,11108.0
ORD004769,2025-03-16,Ludhiana,Beauty,Shampoo,2.0,222986.0,48433.48,11110.0
ORD004773,2025-01-04,Mysuru,Appliances,Air Conditioner,5.0,138327.05,28692.18,11115.0
ORD004779,2025-01-25,Jaipur,Appliances,Washing Machine,14.0,1842110.34,250817.38,11129.0
ORD004790,2025-03-29,Lucknow,Sports,Badminton Racket,19.0,2694410.71,819468.9,11148.0
ORD004792,2025-02-20,Guwahati,Electronics,Camera,20.0,1720290.8,465117.39,11168.0
ORD004801,2025-01-11,Nashik,Furniture,Bed,18.0,1587157.2,542379.02,11186.0
ORD004808,2025-03-15,Surat,Electronics,Camera,25.0,1244265.25,237844.83,11211.0
ORD004810,2025-01-20,Mysuru,Electronics,Headphones,17.0,1455352.66,474622.81,11228.0
ORD004814,2025-03-01,Thiruvananthapuram,Groceries,Rice,9.0,527610.06,57284.41,11237.0
ORD004815,2025-03-06,Kochi,Groceries,Sugar,19.0,2519212.66,776731.24,11256.0
ORD004820,2025-01-05,Ludhiana,Books,Exam Guide,2.0,213586.92,68789.33,11258.0
ORD004831,2025-02-20,Bhopal,Electronics,Smart TV,2.0,298824.4,76523.48,11260.0
ORD004837,2025-03-23,Jaipur,Groceries,Rice,22.0,2644274.38,436481.05,11282.0
ORD004838,2025-03-02,Visakhapatnam,Books,Engineering Book,23.0,2315609.41,392203.87,11305.0
ORD004846,2025-02-22,Guwahati,Electronics,Smart Watch,11.0,50012.49,13925.21,11316.0
ORD004854,2025-03-14,Hubballi,Groceries,Cooking Oil,24.0,2379296.4,716873.97,11340.0
ORD004855,2025-02-01,Delhi,Sports,Yoga Mat,6.0,852283.2,110469.22,11346.0
ORD004859,2025-03-25,Bengaluru,Appliances,Air Conditioner,15.0,982798.5,204833.18,11361.0
ORD004861,2025-02-07,Patna,Groceries,Sugar,19.0,2094375.51,651131.82,11380.0
ORD004885,2025-03-02,Delhi,Appliances,Air Conditioner,17.0,1122931.77,372094.38,11397.0
ORD004908,2025-03-16,Nagpur,Sports,Football,9.0,505308.78,73644.39,11406.0
ORD004909,2025-01-30,Kolkata,Books,Dictionary,4.0,540856.76,56488.64,11410.0
ORD004916,2025-02-22,Madurai,Clothing,Saree,16.0,2211458.24,504160.36,11426.0
ORD004924,2025-02-05,Varanasi,Appliances,Microwave,9.0,1192799.7,339700.72,11435.0
ORD004925,2025-03-11,Mumbai,Groceries,Milk,4.0,550873.16,181829.56,11439.0
ORD004931,2025-02-01,Jaipur,Sports,Football,23.0,3179685.83,999404.1,11462.0
ORD004935,2025-03-24,Thiruvananthapuram,Clothing,Shoes,3.0,241742.01,60834.31,11465.0
ORD004950,2025-01-15,Kochi,Beauty,Perfume,5.0,397123.6,110984.48,11470.0
ORD004957,2025-03-06,Gurugram,Electronics,Smartphone,8.0,894760.48,233248.3,11478.0
ORD004961,2025-02-23,Noida,Groceries,Tea Powder,15.0,1461313.95,232577.4,11493.0
ORD004967,2025-03-24,Delhi,Books,Exam Guide,1.0,98919.4,19217.56,11494.0
ORD005000,2025-03-25,Vadodara,Electronics,Laptop,19.0,2449265.49,566589.89,11513.0
ORD005002,2025-02-25,Mangalore,Sports,Badminton Racket,6.0,169917.36,51419.61,11519.0
ORD005007,2025-01-19,Pune,Furniture,Wardrobe,17.0,2022969.57,423541.2,11536.0
ORD005008,2025-01-12,Pune,Beauty,Lipstick,8.0,866834.64,252305.07,11544.0
ORD005022,2025-03-29,Madurai,Appliances,Air Conditioner,18.0,521737.38,165037.7,11562.0
ORD005024,2025-03-14,Madurai,Clothing,Jeans,11.0,1507096.8,461753.62,11573.0
ORD005031,2025-02-20,Chandigarh,Appliances,Air Conditioner,24.0,1727837.76,470251.84,11597.0
ORD005036,2025-02-05,Surat,Furniture,Bookshelf,23.0,740714.31,135103.36,11620.0
ORD005038,2025-03-27,,Electronics,Smart Watch,13.0,149650.67,32837.43,11633.0
ORD005041,not-a-date,Thiruvananthapuram,Appliances,Washing Machine,15.0,202751.7,30831.99,11648.0
ORD005052,2025-03-30,Kochi,Appliances,Washing Machine,15.0,77782.95,20735.18,11663.0
ORD005056,2025-01-04,Chandigarh,Books,Notebook,5.0,356250.65,44713.07,11668.0
ORD005064,2025-03-30,Vadodara,Appliances,Air Conditioner,3.0,314573.25,97631.14,11671.0
ORD005076,2025-03-03,Mumbai,Books,Exam Guide,2.0,140733.1,32556.86,11673.0
ORD005077,2025-02-14,Ludhiana,Clothing,Jacket,6.0,301300.26,31816.65,11679.0
ORD005079,2025-03-17,Guwahati,Electronics,Headphones,22.0,1340665.7,370779.17,11701.0
ORD005086,2025-03-21,Varanasi,Electronics,Headphones,8.0,328136.56,50289.02,11709.0
ORD005090,2025-02-22,Chennai,Beauty,Face Wash,25.0,2243815.0,276534.75,11734.0
ORD005092,2025-02-01,Surat,Electronics,Smartphone,11.0,1262037.26,358159.78,11745.0
ORD005093,2025-01-30,Nagpur,Clothing,Kurta,13.0,1192845.03,409990.47,11758.0
ORD005094,2025-03-29,Hubballi,Groceries,Wheat Flour,22.0,3141821.76,468244.76,11780.0
ORD005103,2025-02-22,Nagpur,Groceries,Cooking Oil,6.0,303714.54,71836.73,11786.0
ORD005108,2025-02-12,Nashik,Groceries,Tea Powder,12.0,718244.28,206015.27,11798.0
ORD005111,2025-01-09,Kochi,Beauty,Lipstick,14.0,1200470.46,221034.76,11812.0
ORD005116,2025-03-09,Madurai,Sports,Yoga Mat,12.0,1110592.56,167732.76,11824.0
ORD005118,2025-01-12,Bhopal,Books,Dictionary,22.0,698784.02,186724.98,11846.0
ORD005120,2025-01-16,Mangalore,Sports,Badminton Racket,25.0,304912.75,80782.36,11871.0
ORD005124,2025-02-15,Lucknow,Sports,Football,18.0,1576402.2,434334.97,11889.0
ORD005128,2025-01-04,Agra,Groceries,Tea Powder,20.0,1011777.0,243886.92,11909.0
ORD005131,2025-03-16,Lucknow,Electronics,Laptop,24.0,3068175.6,258460.19,11933.0
ORD005132,2025-03-27,Hubballi,Books,Engineering Book,22.0,1242314.92,328445.7,11955.0
ORD005133,2025-03-29,Gurugram,Beauty,Shampoo,7.0,756003.36,229253.49,11962.0
ORD005134,2025-02-03,Varanasi,Groceries,Milk,15.0,603877.05,83173.99,11977.0
ORD005135,2025-01-06,Mumbai,Sports,Gym Gloves,4.0,348324.08,31005.73,11981.0
ORD005136,2025/99/99,Madurai,Appliances,Air Conditioner,14.0,833139.02,284892.16,11995.0
ORD005148,2025-03-22,Visakhapatnam,Sports,Yoga Mat,20.0,644536.8,58624.32,12015.0
ORD005156,2025-02-11,Pune,Books,Exam Guide,22.0,2448104.34,249995.56,12037.0
ORD005161,2025-01-01,Kolkata,Sports,Cricket Bat,8.0,619137.44,102297.87,12045.0
ORD005162,2025-02-24,Coimbatore,Electronics,Smartphone,16.0,464546.08,102217.67,12061.0
ORD005163,2025-02-18,Nagpur,Electronics,Laptop,10.0,1216159.5,378421.0,12071.0
ORD005170,2025-03-20,Thiruvananthapuram,Beauty,Lipstick,23.0,351942.32,68309.33,12094.0
ORD005176,2025-01-31,Jaipur,Clothing,Kurta,24.0,120491.04,17107.22,12118.0
ORD005177,2025-02-17,Mangalore,Sports,Yoga Mat,3.0,193368.0,41072.21,12121.0
ORD005178,2025-02-02,Pune,Clothing,T-Shirt,18.0,1166401.62,355163.28,12139.0
ORD005181,2025-02-28,Jaipur,Books,Dictionary,2.0,128871.48,15551.4,12141.0
ORD005184,2025-03-14,Mysuru,Electronics,Tablet,1.0,51632.61,5372.09,12142.0
ORD005204,2025-03-17,Bhopal,Books,Engineering Book,3.0,322644.27,38662.39,12145.0
ORD005213,2025-02-08,Kolkata,Appliances,Washing Machine,9.0,1226926.17,310390.62,12154.0
ORD005232,2025-03-04,Agra,Appliances,Refrigerator,9.0,297523.53,74858.11,12163.0
ORD005233,2025-03-14,Hubballi,Electronics,Smart Watch,3.0,125030.13,19662.5,12166.0
ORD005236,2025-03-26,Ludhiana,Groceries,Wheat Flour,9.0,1060605.9,351978.99,12175.0
ORD005250,2025-03-26,Bhopal,Clothing,T-Shirt,17.0,1060106.06,359126.24,12192.0
ORD005257,2025-01-15,Kolkata,Sports,Badminton Racket,5.0,725170.2,93514.48,12197.0
ORD005262,2025-02-23,Ludhiana,Clothing,T-Shirt,16.0,1377821.76,183636.17,12213.0
ORD005285,2025-01-27,Indore,Appliances,Washing Machine,14.0,576010.68,183517.68,12227.0
ORD005294,2025-01-04,Goa,Beauty,Face Wash,2.0,231901.1,48734.17,12229.0
ORD005300,2025-03-14,Visakhapatnam,Appliances,Refrigerator,4.0,27915.4,7796.37,12233.0
ORD005310,2025-01-12,Kochi,Beauty,Face Wash,17.0,1505304.27,467929.12,12250.0
ORD005314,2025-03-07,Vijayawada,Clothing,Jeans,4.0,517672.16,121081.47,12254.0
ORD005317,2025-02-03,Varanasi,Electronics,Tablet,25.0,3672094.25,778870.58,12279.0
ORD005323,2025-01-06,Jaipur,Appliances,Air Conditioner,16.0,444591.2,42500.27,12295.0
ORD005330,2025-01-20,Mangalore,Electronics,Laptop,6.0,186526.32,60856.42,12301.0
ORD005333,2025-01-31,Pune,Electronics,Smart TV,12.0,496191.12,146182.64,12313.0
ORD005334,2025-03-16,Gurugram,Clothing,Shoes,7.0,970663.96,84403.23,12320.0
ORD005335,2025-01-12,Chennai,Beauty,Perfume,18.0,2636301.42,443206.15,12338.0
ORD005352,2025-02-09,Bhopal,Beauty,Moisturizer,12.0,1549863.72,336695.41,12350.0
ORD005356,2025-01-09,Ludhiana,Clothing,Jacket,16.0,1431370.4,352457.27,12366.0
ORD005362,2025-03-20,Surat,Electronics,Smart TV,4.0,469430.16,153053.94,12370.0
ORD005370,2025-01-27,Chennai,Electronics,Tablet,1.0,75461.04,21503.81,12371.0
ORD005373,2025-01-24,Patna,Books,Dictionary,8.0,469650.08,86229.26,12379.0
ORD005376,2025-03-30,Chennai,Groceries,Tea Powder,3.0,48879.69,15012.38,12382.0
ORD005378,2025-01-22,Bhopal,Groceries,Sugar,19.0,1236349.38,265739.75,12401.0
ORD005379,2025-03-28,Ludhiana,Clothing,T-Shirt,18.0,1514185.02,304105.11,12419.0
ORD005388,2025-02-15,Kanpur,Appliances,Microwave,10.0,582867.4,116796.91,12429.0
ORD005403,2025-03-26,Agra,Appliances,Microwave,7.0,1016543.29,332594.55,12436.0
ORD005405,2025-02-14,Agra,Groceries,Milk,6.0,38654.46,6138.2,12442.0
ORD005406,2025-03-12,Agra,Sports,Gym Gloves,15.0,1609984.35,505010.06,12457.0
ORD005426,2025-01-28,Lucknow,Beauty,Face Wash,14.0,960256.22,112818.96,12471.0
ORD005433,2025-02-11,Madurai,Beauty,Face Wash,10.0,1101379.9,296527.79,12481.0
ORD005438,2025-02-20,Surat,Furniture,Chair,18.0,1362837.6,395693.93,12499.0
ORD005449,2025-02-12,Mysuru,Furniture,Sofa,24.0,1308629.76,396296.2,12523.0
ORD005456,2025-02-26,Lucknow,Beauty,Shampoo,21.0,2966767.02,383358.83,12544.0
ORD005458,2025-01-11,Pune,Sports,Cricket Bat,18.0,1178512.02,368167.23,12562.0
ORD005459,2025-02-04,Patna,Furniture,Sofa,14.0,1760944.5,420269.58,12576.0
ORD005460,2025-01-26,Mumbai,Appliances,Air Conditioner,18.0,183235.5,37780.49,12594.0
ORD005461,2025-01-13,Thiruvananthapuram,Groceries,Wheat Flour,23.0,1402812.09,175890.02,12617.0
ORD005466,2025-02-27,Mangalore,Beauty,Moisturizer,13.0,1356355.91,314662.77,12630.0
ORD005467,2025-03-03,Bengaluru,Clothing,Jeans,12.0,1557738.84,503813.66,12642.0
ORD005469,2025-01-25,Madurai,Books,Notebook,22.0,2013236.28,352236.97,12664.0
ORD005475,2025-02-11,Nagpur,Books,Novel,12.0,261298.08,23450.47,12676.0
ORD005476,2025-03-18,Hubballi,Groceries,Rice,9.0,575327.52,135800.92,12685.0
ORD005478,2025-02-09,Mangalore,Groceries,Wheat Flour,8.0,814150.0,111929.04,12693.0
ORD005482,2025-03-22,Kochi,Books,Notebook,17.0,317409.04,41358.42,12710.0
ORD005487,2025-03-06,Chennai,Books,Exam Guide,15.0,677524.05,67768.87,12725.0
ORD005489,2025-03-14,Coimbatore,Furniture,Sofa,16.0,845161.44,263185.95,12741.0
ORD005496,2025-02-28,Indore,Books,Notebook,12.0,501995.16,119386.9,12753.0
ORD005503,2025-03-05,Guwahati,Beauty,Face Wash,6.0,3519.9,450.63,12759.0
ORD005504,2025-03-15,Agra,Groceries,Milk,13.0,1215307.99,325528.72,12772.0
ORD005506,2025-02-01,Vadodara,Books,Engineering Book,8.0,332012.88,60896.71,12780.0
ORD005508,2025-01-27,Ludhiana,Electronics,Smart Watch,19.0,1498546.53,518536.49,12799.0
ORD005509,2025-02-08,Mysuru,Books,Dictionary,4.0,234953.28,40193.5,12803.0
ORD005515,2025-03-01,Chandigarh,Furniture,Chair,23.0,2619165.94,435471.71,12826.0
ORD005516,2025-03-29,Kolkata,Books,Dictionary,22.0,1232973.06,256248.63,12848.0
ORD005518,2025-03-23,Pune,Clothing,T-Shirt,21.0,2160217.5,552174.62,12869.0
ORD005519,2025-02-13,Pune,Appliances,Air Conditioner,10.0,166127.6,13597.01,12879.0
ORD005521,2025-03-20,Pune,Groceries,Tea Powder,10.0,1282226.3,245278.05,12889.0
ORD005534,2025-01-21,Kanpur,Groceries,Milk,8.0,644646.08,128331.68,12897.0
ORD005549,2025-02-11,Chandigarh,Furniture,Sofa,22.0,1910299.38,249319.51,12919.0
ORD005551,2025-01-04,Kochi,Electronics,Smart Watch,21.0,12477.15,2613.48,12940.0
ORD005568,2025-03-24,Kolkata,Groceries,Wheat Flour,1.0,149447.11,32287.23,12941.0
ORD005571,2025-02-17,Guwahati,Electronics,Smartphone,10.0,821165.3,148220.52,12951.0
ORD005577,2025-02-23,Bhopal,Books,Notebook,24.0,739658.88,120170.56,12975.0
ORD005579,2025-03-04,Ahmedabad,Sports,Cricket Bat,1.0,94388.03,10367.75,12976.0
ORD005585,2025-03-07,Bhopal,Beauty,Lipstick,17.0,1225859.97,315286.38,12993.0
ORD005592,2025-01-17,Visakhapatnam,Furniture,Wardrobe,8.0,794280.48,218013.33,13001.0
ORD005596,2025-01-29,Indore,Furniture,Chair,15.0,1258236.3,195477.51,13016.0
ORD005600,2025-01-20,Jaipur,Clothing,Shoes,4.0,457466.68,40461.36,13020.0
ORD005603,2025-02-18,Tirupati,Beauty,Shampoo,23.0,56167.38,18803.05,13043.0
ORD005607,2025-01-08,Delhi,Furniture,Sofa,,301447.56,62060.31,13047.0
ORD005621,2025-01-14,Ahmedabad,Furniture,Bookshelf,4.0,355286.84,116691.27,13051.0
ORD005629,2025-01-31,Madurai,Clothing,Kurta,5.0,540017.55,134309.83,13056.0
ORD005631,2025-01-29,Mangalore,Beauty,Moisturizer,19.0,656934.12,114247.08,13075.0
ORD005637,2025-01-28,Ludhiana,Appliances,Air Conditioner,2.0,91974.52,14368.64,13077.0
ORD005641,2025-01-12,Hubballi,Beauty,Face Wash,1.0,87463.16,10296.4,13078.0
ORD005647,2025-03-21,Varanasi,Appliances,Washing Machine,17.0,660834.71,100584.43,13095.0
ORD005648,2025-02-16,Mysuru,Books,Dictionary,5.0,514416.45,74876.09,13100.0
ORD005656,2025-02-10,Chennai,Beauty,Lipstick,6.0,497456.82,70877.49,13106.0
ORD005663,2025-01-22,Nagpur,Sports,Yoga Mat,3.0,371244.84,64252.23,13109.0
ORD005664,2025-02-04,Hubballi,Electronics,Smartphone,1.0,73508.59,20896.98,13110.0
ORD005678,2025-01-16,Pune,Books,Notebook,15.0,812710.35,238271.37,13125.0
ORD005680,2025-02-04,Chandigarh,Electronics,Smart Watch,1.0,132909.81,20788.76,13126.0
ORD005681,2025-03-04,Mumbai,Books,Notebook,6.0,859296.42,239095.95,13132.0
ORD005684,2025-01-23,Coimbatore,Electronics,Headphones,19.0,2146681.37,347737.5,13151.0
ORD005688,2025-01-24,Goa,Groceries,Sugar,9.0,1033545.6,173085.02,13160.0
ORD005696,2025-03-23,Visakhapatnam,Books,Dictionary,7.0,477621.62,44965.17,13167.0
ORD005698,2025-01-02,Ludhiana,Clothing,Jacket,15.0,1230489.3,188277.1,13182.0
ORD005699,2025-02-04,Kochi,Appliances,Refrigerator,21.0,1856781.36,343549.36,13203.0
ORD005707,2025-02-07,Bhopal,Electronics,Camera,1.0,30407.48,9904.05,13204.0
ORD005710,2025-01-23,Delhi,Books,Exam Guide,24.0,1795210.08,164706.15,13228.0
ORD005712,2025-02-10,Bengaluru,Groceries,Cooking Oil,2.0,235223.44,65387.18,13230.0
ORD005714,2025-02-10,Varanasi,Sports,Football,23.0,1582834.7,206312.7,13253.0
ORD005719,2025-03-30,Guwahati,Books,Engineering Book,7.0,744446.01,197451.9,13260.0
ORD005731,2025-03-15,Jaipur,Books,Dictionary,19.0,1592027.48,336977.54,13279.0
ORD005742,2025-02-07,Gurugram,Appliances,Microwave,23.0,3290366.66,450788.95,13302.0
ORD005747,2025-02-26,Pune,Sports,Cricket Bat,20.0,1844954.2,438087.39,13322.0
ORD005754,2025-02-21,Indore,Clothing,T-Shirt,18.0,2578870.98,522564.55,13340.0
ORD005766,2025-03-08,Coimbatore,Clothing,Jeans,23.0,2379350.0,793393.6,13363.0
ORD005772,2025-02-05,Gurugram,Appliances,Washing Machine,23.0,178147.65,20929.8,13386.0
ORD005780,2025-02-15,Vijayawada,Electronics,Smart Watch,21.0,2273764.92,381548.42,13407.0
ORD005785,2025-01-25,Varanasi,Books,Exam Guide,8.0,383512.8,78501.31,13415.0
ORD005787,2025-01-23,Tirupati,Groceries,Wheat Flour,25.0,1397068.5,126662.31,13440.0
ORD005803,2025-01-24,Bhopal,Sports,Badminton Racket,2.0,55628.66,17160.81,13442.0
ORD005804,2025-03-04,Thiruvananthapuram,Furniture,Dining Table,5.0,134613.9,31106.91,13447.0
ORD005806,2025-02-14,Lucknow,Groceries,Tea Powder,6.0,546855.6,98273.11,13453.0
ORD005825,2025-03-04,Ludhiana,Groceries,Sugar,4.0,326860.2,74198.24,13457.0
ORD005828,2025-03-22,Goa,Groceries,Sugar,1.0,13749.74,3600.11,13458.0
ORD005844,2025-01-07,Bhopal,Furniture,Dining Table,6.0,102462.42,26623.6,13464.0
ORD005853,2025-01-21,Noida,Clothing,Kurta,8.0,935832.64,117981.04,13472.0
ORD005860,2025-01-21,Noida,Groceries,Rice,13.0,532518.87,84889.45,13485.0
ORD005861,2025-02-13,Patna,Beauty,Moisturizer,11.0,541400.2,174258.03,13496.0
ORD005864,2025-02-02,Mumbai,Groceries,Wheat Flour,12.0,195362.52,55264.1,13508.0
ORD005870,2025-01-13,Agra,Furniture,Dining Table,2.0,134459.74,34726.37,13510.0
ORD005874,2025-01-15,Coimbatore,Sports,Cricket Bat,5.0,201346.75,37804.58,13515.0
ORD005882,2025-01-09,Coimbatore,Groceries,Wheat Flour,23.0,1631675.43,432075.23,13538.0
ORD005889,2025-02-23,Mumbai,Groceries,Milk,13.0,1230478.99,117216.22,13551.0
ORD005895,2025-02-23,Nashik,Appliances,Washing Machine,10.0,1401089.0,143883.76,13561.0
ORD005908,2025-02-06,Bhopal,Clothing,Jacket,24.0,173091.12,52074.8,13585.0
ORD005911,2025-03-17,Noida,Groceries,Sugar,10.0,911096.7,289598.5,13595.0
ORD005913,2025-02-12,Chandigarh,Beauty,Lipstick,3.0,382322.07,58070.99,13598.0
ORD005914,2025-01-02,Mumbai,Beauty,Moisturizer,4.0,64845.68,8071.1,13602.0
ORD005917,2025-01-31,Patna,Sports,Yoga Mat,21.0,422861.67,139496.09,13623.0
ORD005918,2025-03-14,Agra,Sports,Cricket Bat,24.0,2527973.52,576274.08,13647.0
ORD005920,2025-02-04,Agra,Books,Dictionary,6.0,29758.8,2876.09,13653.0
ORD005933,2025-02-14,Thiruvananthapuram,Sports,Cricket Bat,11.0,1394850.05,411820.54,13664.0
ORD005934,2025-03-12,Varanasi,Electronics,Laptop,10.0,195166.4,24318.23,13674.0
ORD005935,2025-03-08,Vadodara,Sports,Badminton Racket,4.0,316027.64,100067.39,13678.0
ORD005938,2025-01-20,Gurugram,Groceries,Cooking Oil,25.0,2737785.75,655676.75,13703.0
ORD005946,2025-01-20,Hyderabad,Electronics,Smartphone,8.0,797996.32,136970.6,13711.0
ORD005950,2025-02-06,Ludhiana,Books,Exam Guide,11.0,266614.04,41796.14,13722.0
ORD005960,2025-02-04,Tirupati,Books,Dictionary,2.0,219402.14,58080.45,13724.0
ORD005968,2025-02-05,Chennai,Groceries,Wheat Flour,7.0,383928.93,107963.08,13731.0
ORD005969,2025-01-12,Visakhapatnam,Appliances,Air Conditioner,11.0,1232353.32,108068.52,13742.0
ORD005971,2025-03-05,Noida,Electronics,Smart TV,10.0,1076234.7,179034.95,13752.0
ORD005973,2025-03-11,Goa,Sports,Badminton Racket,8.0,881924.88,131268.69,13760.0
ORD005974,2025-01-28,Gurugram,Books,Dictionary,8.0,66194.48,15717.6,13768.0
ORD005985,2025-01-23,Pune,Beauty,Lipstick,22.0,995699.1,201016.98,13790.0
ORD006001,2025-03-16,Vijayawada,Sports,Yoga Mat,3.0,267178.47,27255.29,13793.0
ORD006006,2025-03-10,Mysuru,Clothing,Jeans,19.0,2086067.57,404547.32,13812.0
ORD006028,2025-02-20,Noida,Beauty,Perfume,23.0,1140118.05,230234.92,13835.0
ORD006031,2025-03-23,Vadodara,Clothing,Jacket,18.0,1630521.18,350781.01,13853.0
ORD006032,2025-02-07,Varanasi,Groceries,Tea Powder,6.0,818445.06,265890.22,13859.0
ORD006035,2025-03-10,Jaipur,Sports,Badminton Racket,17.0,2300842.73,287516.39,13876.0
ORD006044,2025-02-24,Lucknow,Appliances,Refrigerator,21.0,1449109.62,278328.26,13897.0
ORD006045,2025-01-22,Guwahati,Beauty,Perfume,2.0,211700.88,45099.72,13899.0
ORD006047,2025-02-04,Bhopal,Groceries,Sugar,18.0,2537618.4,271660.74,13917.0
ORD006053,2025-01-03,Ludhiana,Books,Engineering Book,3.0,176793.78,48789.22,13920.0
ORD006055,2025-03-05,Mysuru,Electronics,Smart Watch,17.0,2468725.55,483287.24,13937.0
ORD006058,2025-01-08,Bengaluru,Electronics,Camera,19.0,935448.09,87906.1,13956.0
ORD006063,2025-02-24,Bengaluru,Groceries,Tea Powder,18.0,1632544.92,176725.14,13974.0
ORD006064,2025-02-25,Hubballi,Beauty,Moisturizer,16.0,163932.32,22809.46,13990.0
ORD006074,2025-03-24,Madurai,Groceries,Rice,4.0,306515.84,58242.94,13994.0
ORD006077,2025-02-23,Visakhapatnam,Furniture,Wardrobe,4.0,133788.2,40500.88,13998.0
ORD006085,2025-02-18,Guwahati,Sports,Badminton Racket,16.0,2275344.16,610847.2,14014.0
ORD006087,2025-03-13,Madurai,Appliances,Microwave,18.0,396321.66,123310.99,14032.0
ORD006092,2025-02-04,Tirupati,Electronics,Headphones,7.0,529552.31,72320.98,14039.0
ORD006109,2025-02-13,Tirupati,Clothing,Jacket,17.0,2264124.09,741299.62,14056.0
ORD006116,2025-01-26,Vadodara,Beauty,Shampoo,21.0,664188.42,131727.54,14077.0
ORD006128,2025-02-23,Kanpur,Sports,Football,19.0,1004417.9,287492.59,14096.0
ORD006137,2025-01-08,Gurugram,Appliances,Refrigerator,3.0,360173.73,91269.66,14099.0
ORD006145,2025-03-03,Pune,Beauty,Perfume,15.0,1964304.45,447540.6,14114.0
ORD006157,2025-01-27,Gurugram,Clothing,Jeans,16.0,410276.48,39397.02,14130.0
ORD006162,2025-01-03,Nashik,Books,Notebook,20.0,1136325.0,206583.91,14150.0
ORD006164,2025-01-01,Kolkata,Books,Notebook,5.0,5506.7,597.58,14155.0
ORD006171,2025-03-22,Coimbatore,Furniture,Dining Table,8.0,585391.68,186932.91,14163.0
ORD006177,2025-01-21,Bengaluru,Books,Exam Guide,9.0,1027364.22,346474.85,14172.0
ORD006186,2025-03-02,Patna,Books,Engineering Book,14.0,520272.62,148830.92,14186.0
ORD006198,2025-03-04,Guwahati,Books,Notebook,2.0,44869.36,12969.08,14188.0
ORD006208,2025-01-11,Kolkata,Electronics,Smart Watch,16.0,695878.72,97832.05,14204.0
ORD006209,2025-01-24,Kanpur,Appliances,Refrigerator,12.0,679384.68,199862.96,14216.0
ORD006211,2025-02-26,Lucknow,Books,Notebook,16.0,1863744.16,149400.34,14232.0
ORD006215,2025-03-27,Guwahati,Furniture,Bed,15.0,895591.95,297237.2,14247.0
ORD006216,2025-02-06,Lucknow,Books,Novel,24.0,1253432.16,183722.03,14271.0
ORD006220,2025-01-17,Kolkata,Electronics,Smart TV,11.0,1171867.18,316161.44,14282.0
ORD006222,2025-01-29,Chennai,Books,Engineering Book,5.0,116469.35,33556.74,14287.0
ORD006229,2025-02-26,Mysuru,Sports,Badminton Racket,11.0,1373246.71,159315.07,14298.0
ORD006240,2025-02-15,Pune,Sports,Football,7.0,984856.74,189640.82,14305.0
ORD006243,2025-01-02,Bengaluru,Appliances,Mixer Grinder,24.0,2436204.96,257240.64,14329.0
ORD006252,2025-02-24,Chandigarh,Beauty,Moisturizer,19.0,1683130.39,423115.74,14348.0
ORD006255,2025-03-18,Chandigarh,Sports,Gym Gloves,25.0,970399.75,210134.67,14373.0
ORD006258,2025-03-18,Ahmedabad,Beauty,Moisturizer,-250.0,350280.3,109544.72,14379.0
ORD006273,2025-03-14,Mangalore,Groceries,Wheat Flour,22.0,3020897.66,579989.54,14401.0
ORD006274,2025-02-12,Kanpur,Books,Exam Guide,5.0,180374.5,40673.65,14406.0
ORD006276,2025-01-17,Kochi,Beauty,Face Wash,18.0,2217537.54,643865.6,14424.0
ORD006277,2025-02-11,Varanasi,Clothing,Jeans,1.0,13280.78,2691.68,14425.0
ORD006278,2025-01-10,Jaipur,Electronics,Smart TV,19.0,845508.74,265690.7,14444.0
ORD006292,2025-01-18,Kolkata,Clothing,T-Shirt,10.0,789971.1,155334.79,14454.0
ORD006296,2025-01-29,Varanasi,Groceries,Milk,20.0,934598.0,264734.63,14474.0
ORD006300,2025-02-04,Noida,Appliances,Mixer Grinder,21.0,1425756.36,369864.98,14495.0
ORD006307,2025-03-20,Chennai,Books,Exam Guide,23.0,1652682.25,412016.86,14518.0
ORD006322,2025-02-08,Chennai,Books,Dictionary,-1.0,2261.88,738.2,14527.0
ORD006337,2025-03-16,Delhi,Sports,Football,2.0,195653.3,26262.52,14529.0
ORD006342,2025-02-01,Tirupati,Beauty,Moisturizer,13.0,860027.35,177664.08,14542.0
ORD006343,2025-01-19,Surat,Beauty,Face Wash,17.0,1512139.46,412574.18,14559.0
ORD006350,2025-02-02,Nashik,Furniture,Wardrobe,6.0,630525.96,160443.52,14565.0
ORD006359,2025-03-04,Ludhiana,Clothing,Saree,4.0,455011.4,149831.32,14569.0
ORD006371,2025-01-14,Mumbai,Electronics,Tablet,9.0,639345.51,180882.47,14578.0
ORD006381,2025-02-07,Gurugram,Appliances,Air Conditioner,15.0,831625.05,269168.32,14593.0
ORD006390,2025-03-03,Vijayawada,Electronics,Headphones,6.0,453689.94,125746.4,14599.0
ORD006399,2025-03-23,Lucknow,Clothing,Shoes,13.0,694437.77,139674.04,14612.0
ORD006407,2025-02-12,Gurugram,Electronics,Smart Watch,24.0,2514296.88,217460.44,14636.0
ORD006412,2025-01-02,Chennai,Clothing,Jacket,8.0,568182.08,119005.51,14644.0
ORD006420,2025-03-19,Tirupati,Furniture,Sofa,11.0,1329988.66,296217.2,14655.0
ORD006422,2025-01-09,Madurai,Clothing,T-Shirt,1.0,23022.11,7692.24,14656.0
ORD006428,2025-01-12,Goa,Appliances,Refrigerator,19.0,394308.33,98211.24,14675.0
ORD006433,2025-02-03,Bengaluru,Furniture,Bed,17.0,1860811.33,267291.35,14692.0
ORD006438,2025-02-26,Kolkata,Clothing,Jacket,10.0,16358.1,3849.8,14702.0
ORD006439,2025-01-08,Varanasi,Books,Novel,15.0,475386.6,101927.84,14717.0
ORD006446,2025-01-31,Surat,Beauty,Shampoo,16.0,673386.88,60620.77,14733.0
ORD006449,2025-01-19,Agra,Furniture,Chair,15.0,198386.55,38228.3,14748.0
ORD006459,2025-03-04,Lucknow,Clothing,Kurta,3.0,93757.44,13976.84,14751.0
ORD006461,2025-01-04,Mangalore,Clothing,Shoes,25.0,532258.25,111739.94,14776.0
ORD006466,2025-03-06,Noida,Books,Engineering Book,8.0,293216.24,92998.96,14784.0
ORD006470,2025-03-22,Guwahati,Furniture,Dining Table,16.0,832832.64,265592.78,14800.0
ORD006475,2025-02-22,Goa,Electronics,Smartphone,22.0,1763263.7,231236.4,14822.0
ORD006477,2025-03-03,Ludhiana,Electronics,Smartphone,14.0,285071.92,27294.7,14836.0
ORD006484,2025-03-16,Surat,Clothing,Jeans,16.0,1325983.84,322722.81,14852.0
ORD006486,2025-01-31,Coimbatore,Furniture,Dining Table,-5.0,286649.34,32635.2,14854.0
ORD006488,2025-02-02,Vijayawada,Books,Novel,5.0,531968.05,169567.05,14859.0
ORD006491,2025-01-22,Goa,Furniture,Bed,22.0,3078571.1,340803.59,14881.0
ORD006498,2025-03-11,Lucknow,Beauty,Perfume,20.0,2354441.2,320080.48,14901.0
ORD006505,2025-01-20,Coimbatore,Electronics,Tablet,18.0,660184.38,140662.97,14919.0
ORD006510,2025-02-16,Pune,Appliances,Refrigerator,2.0,25202.16,4776.83,14921.0
ORD006511,2025-03-27,Visakhapatnam,Groceries,Wheat Flour,6.0,7016.82,2334.53,14927.0
ORD006513,2025-03-01,Hubballi,Appliances,Washing Machine,13.0,1634075.43,230753.03,14940.0
ORD006516,2025-02-26,Gurugram,Appliances,Microwave,24.0,901975.2,153607.51,14964.0
ORD006517,2025-01-03,Goa,Beauty,Lipstick,3.0,269228.13,73131.21,14967.0
ORD006524,2025-03-07,Kochi,Electronics,Tablet,3.0,224419.56,29565.84,14970.0
ORD006525,2025-03-25,Thiruvananthapuram,Books,Dictionary,23.0,2734188.25,786016.43,14993.0
ORD006528,2025-03-22,Ahmedabad,Furniture,Sofa,9.0,220104.36,33243.57,15002.0
ORD006536,2025-03-25,Madurai,Furniture,Bookshelf,21.0,2609351.43,270639.16,15023.0
ORD006544,2025-02-10,Chandigarh,Electronics,Camera,10.0,190317.7,18991.32,15033.0
ORD006552,2025-01-24,Mumbai,Furniture,Bookshelf,16.0,1304703.2,403041.12,15049.0
ORD006554,2025-01-08,Pune,Sports,Cricket Bat,18.0,2162324.88,480597.8,15067.0
ORD006563,2025-02-04,Mysuru,Electronics,Headphones,16.0,2212207.04,268459.07,15083.0
ORD006565,2025-02-18,Nagpur,Groceries,Sugar,10.0,116370.2,38841.48,15093.0
ORD006567,2025-01-14,Thiruvananthapuram,Sports,Football,17.0,1648107.67,528982.83,15110.0
ORD006572,2025-03-01,Pune,Beauty,Shampoo,14.0,368367.86,75269.82,15124.0
ORD006575,2025-03-19,Nagpur,Books,Notebook,4.0,405869.96,66388.15,15128.0
ORD006584,2025-01-16,Ahmedabad,Furniture,Sofa,8.0,786998.88,73738.42,15136.0
ORD006598,2025-01-08,Surat,Beauty,Face Wash,1.0,65999.22,13980.94,15137.0
ORD006603,2025-02-05,Varanasi,Clothing,Jacket,16.0,1767592.48,246011.91,15153.0
ORD006606,2025-02-21,Vijayawada,Books,Novel,7.0,803992.28,114882.9,15160.0
ORD006612,2025-03-15,Vadodara,Electronics,Laptop,12.0,931826.76,85888.91,15172.0
ORD006613,2025-03-07,Nagpur,Furniture,Bed,9.0,606330.09,161919.61,15181.0
ORD006619,2025-01-06,Patna,Electronics,Smart Watch,11.0,1147618.78,309241.56,15192.0
ORD006624,2025-01-25,Kochi,Beauty,Shampoo,9.0,13878.0,4059.42,15201.0
ORD006629,2025-01-21,Madurai,Beauty,Face Wash,9.0,8397.45,782.95,15210.0
ORD006633,2025-01-31,Vijayawada,Clothing,Jacket,14.0,283769.36,56680.22,15224.0
ORD006641,2025-01-30,Ludhiana,Clothing,Shoes,4.0,350529.48,66088.88,15228.0
ORD006667,2025-01-14,Nagpur,Beauty,Face Wash,1.0,106316.49,36718.31,15229.0
ORD006670,2025-01-31,Visakhapatnam,Sports,Yoga Mat,22.0,1675865.84,385790.54,15251.0
ORD006678,2025-01-19,Kochi,Beauty,Lipstick,6.0,309190.74,39422.32,15257.0
ORD006679,2025-02-01,Ahmedabad,Furniture,Bed,12.0,769452.6,160536.0,15269.0
ORD006680,2025-01-24,Varanasi,Books,Dictionary,5.0,156515.7,32731.69,15274.0
ORD006683,2025-02-20,Nagpur,Sports,Yoga Mat,25.0,2925694.75,726595.72,15299.0
ORD006687,2025-02-12,Chandigarh,Furniture,Chair,12.0,1062714.12,112530.61,15311.0
ORD006688,2025-01-31,Indore,Clothing,T-Shirt,8.0,675808.64,219368.43,15319.0
ORD006692,2025-01-28,Surat,Books,Engineering Book,21.0,1733107.95,502697.46,15340.0
ORD006695,2025-03-16,Indore,Beauty,Face Wash,6.0,382412.04,94339.17,15346.0
ORD006702,2025-01-26,Visakhapatnam,Appliances,Refrigerator,16.0,530211.36,137719.49,15362.0
ORD006703,2025-01-05,Vadodara,Clothing,T-Shirt,1.0,39654.49,10713.8,15363.0
ORD006706,2025-02-10,Vijayawada,Furniture,Chair,8.0,960596.48,159285.67,15371.0
ORD006707,2025-02-28,Bhopal,Groceries,Milk,3.0,297876.42,26271.1,15374.0
ORD006711,2025-01-04,Guwahati,Books,Notebook,1.0,120306.26,42072.3,15375.0
ORD006716,2025-01-28,Nashik,Sports,Badminton Racket,23.0,2048722.01,676417.11,15398.0
ORD006723,2025-01-05,Coimbatore,Appliances,Air Conditioner,13.0,292960.2,60787.1,15411.0
ORD006724,2025-01-30,Nagpur,Appliances,Washing Machine,10.0,601666.3,90522.82,15421.0
ORD006728,2025-02-08,Hyderabad,Furniture,Bed,12.0,1736159.88,148765.53,15433.0
ORD006731,2025-03-16,Jaipur,Appliances,Microwave,20.0,2918820.4,438861.47,15453.0
ORD006744,2025-02-17,Bengaluru,Books,Exam Guide,14.0,899327.1,103810.48,15467.0
ORD006745,2025-03-02,Goa,Clothing,Jeans,25.0,874005.5,208251.53,15492.0
ORD006753,2025-02-05,Mysuru,Electronics,Smartphone,16.0,1977408.0,178739.71,15508.0
ORD006756,2025-02-09,Pune,Furniture,Chair,13.0,855047.96,155851.21,15521.0
ORD006768,2025-01-27,Mumbai,Books,Notebook,10.0,424697.0,135294.02,15531.0
ORD006776,2025-01-29,Mangalore,Clothing,Saree,3.0,144025.41,25902.16,15534.0
ORD006780,2025-02-17,Nashik,Furniture,Wardrobe,3.0,230943.03,40851.79,15537.0
ORD006781,2025-01-02,Jaipur,Appliances,Refrigerator,1.0,145169.26,48313.32,15538.0
ORD006785,2025-03-19,Gurugram,Groceries,Tea Powder,20.0,610788.4,142426.56,15558.0
ORD006788,2025-02-14,Kochi,Furniture,Dining Table,7.0,640504.34,102615.74,15565.0
ORD006802,2025-03-17,Hyderabad,Groceries,Tea Powder,18.0,2091904.92,718668.41,15583.0
ORD006806,2025-03-31,Vijayawada,Sports,Football,15.0,1187362.8,410830.94,15598.0
ORD006816,2025-02-05,Jaipur,Sports,Gym Gloves,13.0,117987.48,12623.35,15611.0
ORD006822,2025-03-27,Noida,Furniture,Dining Table,7.0,750325.52,117501.3,15618.0
ORD006826,2025-01-08,Chandigarh,Books,Exam Guide,5.0,24503.55,4004.01,15623.0
ORD006827,2025-01-07,Nashik,Books,Dictionary,23.0,3158657.16,468517.25,15646.0
ORD006828,2025-03-13,Noida,Furniture,Chair,15.0,663239.1,226855.34,15661.0
ORD006831,2025-01-29,Gurugram,Sports,Gym Gloves,6.0,549353.1,128872.48,15667.0
ORD006832,2025-01-23,Jaipur,Books,Engineering Book,23.0,1450415.19,357223.87,15690.0
ORD006848,2025-02-25,Hyderabad,Books,Engineering Book,16.0,1857312.32,248024.87,15706.0
ORD006849,2025-02-24,Mangalore,Sports,Gym Gloves,25.0,3378921.75,789919.55,15731.0
ORD006851,2025-01-01,Thiruvananthapuram,Furniture,Sofa,3.0,96265.53,31427.93,15734.0
ORD006854,2025-02-01,Jaipur,Sports,Badminton Racket,14.0,1415235.64,462677.16,15748.0
ORD006867,2025-02-08,Noida,Electronics,Smart TV,21.0,2828567.91,729653.07,15769.0
ORD006869,2025-03-04,Ludhiana,Clothing,Saree,3.0,170857.83,25647.78,15772.0
ORD006879,2025-02-06,Madurai,Furniture,Dining Table,6.0,66547.86,7134.17,15778.0
ORD006882,2025-01-15,Gurugram,Groceries,Cooking Oil,2.0,146380.38,26330.74,15780.0
ORD006890,2025-03-20,Mangalore,Groceries,Tea Powder,15.0,2189501.85,701471.97,15795.0
ORD006897,2025-03-29,Pune,Electronics,Smartphone,1.0,120285.5,35146.44,15796.0
ORD006911,2025-01-31,Guwahati,Groceries,Sugar,17.0,846240.45,215541.95,15813.0
ORD006912,2025-03-02,Tirupati,Beauty,Lipstick,5.0,262506.25,66809.05,15818.0
ORD006913,2025-01-10,Chennai,Electronics,Smartphone,21.0,1674432.06,338723.19,15839.0
ORD006916,2025-01-01,Coimbatore,Electronics,Laptop,2.0,214970.8,30813.8,15841.0
ORD006927,2025-01-26,Mysuru,Sports,Cricket Bat,2.0,143805.06,44842.23,15843.0
ORD006931,2025-01-25,Bengaluru,Sports,Gym Gloves,19.0,2650878.1,489234.02,15862.0
ORD006939,2025-02-14,Hubballi,Groceries,Wheat Flour,15.0,1930477.8,533279.58,15877.0
ORD006940,2025-02-03,Hubballi,Furniture,Chair,15.0,1720967.55,380176.06,15892.0
ORD006951,2025-01-28,Kanpur,Furniture,Wardrobe,14.0,1658468.0,372200.61,15906.0
ORD006958,2025-01-31,Nagpur,Beauty,Shampoo,10.0,1497699.3,133355.27,15916.0
ORD006963,2025-01-06,Mangalore,Groceries,Wheat Flour,3.0,269707.95,24336.47,15919.0
ORD006964,2025-03-10,Patna,Clothing,Kurta,7.0,275991.73,68486.28,15926.0
ORD006973,2025-03-16,Patna,Clothing,Shoes,5.0,209430.65,30954.09,15931.0
ORD006978,2025-03-23,Vadodara,Clothing,Saree,2.0,142861.58,37609.68,15933.0
ORD006980,2025-03-22,Noida,Groceries,Sugar,1.0,114946.27,36402.95,15934.0
ORD006981,2025-01-31,Gurugram,Beauty,Moisturizer,24.0,785186.4,66942.44,15958.0
ORD006982,2025-03-15,Tirupati,Beauty,Face Wash,5.0,619901.75,72335.34,15963.0
ORD006983,2025-01-11,Chennai,Groceries,Sugar,14.0,2086604.52,377225.56,15977.0
ORD006994,2025-03-09,Guwahati,Groceries,Milk,9.0,913710.78,270453.96,15986.0
ORD007000,2025-01-07,Hyderabad,Books,Novel,8.0,506273.92,66562.74,15994.0
ORD007002,2025-02-07,Bengaluru,Clothing,Jacket,22.0,1919113.9,471421.25,16016.0
ORD007005,2025-02-20,Ahmedabad,Electronics,Headphones,3.0,398012.79,32230.64,16019.0
ORD007013,2025-03-02,Hubballi,Books,Notebook,17.0,1826206.47,274997.29,16036.0
ORD007030,2025-01-04,Hyderabad,Appliances,Microwave,23.0,2460523.21,831901.89,16059.0
ORD007031,2025-01-14,Mysuru,Sports,Football,8.0,289780.24,39363.31,16067.0
ORD007032,2025-01-19,Nagpur,Furniture,Bed,14.0,278513.48,95534.62,16081.0
ORD007033,2025-01-19,Nashik,Appliances,Air Conditioner,13.0,1829884.81,386186.9,16094.0
ORD007034,2025-01-16,Coimbatore,Beauty,Lipstick,4.0,124481.36,32057.95,16098.0
ORD007037,2025-01-26,Guwahati,Beauty,Moisturizer,14.0,709538.9,102070.97,16112.0
ORD007042,2025-01-03,Ludhiana,Sports,Yoga Mat,21.0,383868.03,71268.45,16133.0
ORD007044,2025-03-24,Vadodara,Beauty,Moisturizer,13.0,1677860.08,264506.37,16146.0
ORD007045,2025-01-11,Varanasi,Electronics,Laptop,4.0,457761.12,149693.14,16150.0
ORD007046,2025-02-23,Kanpur,Clothing,Jeans,1.0,14328.85,4928.2,16151.0
ORD007062,2025-02-27,Lucknow,Books,Novel,7.0,439666.78,87368.99,16158.0
ORD007067,2025-03-26,Bengaluru,Books,Dictionary,12.0,1388720.88,211646.27,16170.0
ORD007072,2025-03-28,Agra,Books,Exam Guide,15.0,1249425.9,219914.84,16185.0
ORD007075,2025-03-29,Gurugram,Clothing,Jacket,1.0,132106.44,31218.98,16186.0
ORD007085,2025-02-21,Delhi,Furniture,Bookshelf,11.0,22044.22,4677.65,16197.0
ORD007087,2025-03-01,Delhi,Beauty,Face Wash,14.0,1241877.56,430745.52,16211.0
ORD007092,2025-01-22,Kanpur,Books,Engineering Book,9.0,1279536.66,271309.62,16220.0
ORD007096,2025-01-18,Goa,Books,Exam Guide,3.0,288530.94,81396.05,16223.0
ORD007099,2025-02-08,Ludhiana,Groceries,Cooking Oil,18.0,123918.3,17202.44,16241.0
ORD007104,2025-02-02,Surat,Beauty,Shampoo,15.0,2031250.65,705354.9,16256.0
ORD007112,N/A,Ahmedabad,Clothing,Kurta,15.0,462949.35,123593.6,16271.0
ORD007114,2025-03-19,Chennai,Furniture,Wardrobe,7.0,474378.24,55074.38,16278.0
ORD007115,2025-01-02,Mumbai,Groceries,Tea Powder,10.0,509704.9,130220.49,16288.0
ORD007119,2025-02-08,Thiruvananthapuram,Clothing,Shoes,23.0,2694778.44,290716.93,16311.0
ORD007133,2025-02-03,Hyderabad,Clothing,Jeans,23.0,1342775.42,307745.27,16334.0
ORD007134,2025-02-09,Thiruvananthapuram,Appliances,Mixer Grinder,2.0,298492.82,46199.72,16336.0
ORD007140,2025-01-26,Ludhiana,Beauty,Lipstick,14.0,1171016.42,365532.0,16350.0
ORD007147,2025-03-27,Vadodara,Groceries,Cooking Oil,10.0,812448.8,189060.22,16360.0
ORD007149,2025-03-03,Mysuru,Electronics,Smartphone,13.0,968891.69,93792.96,16373.0
ORD007159,2025-01-06,Hubballi,Appliances,Air Conditioner,7.0,666587.6,153259.09,16380.0
ORD007169,2025-03-22,Mangalore,Sports,Cricket Bat,7.0,247775.5,54936.92,16387.0
ORD007173,2025-03-03,Coimbatore,Books,Notebook,4.0,83212.92,23353.38,16391.0
ORD007190,2025-01-20,Pune,Furniture,Chair,18.0,1870847.1,,16409.0
ORD007210,2025-01-05,Ludhiana,Clothing,Saree,9.0,1239222.6,153850.0,16418.0
ORD007213,2025-02-15,Chennai,Electronics,Laptop,20.0,509884.2,70868.38,16438.0
ORD007214,2025-03-04,Surat,Beauty,Perfume,1.0,142444.3,45714.98,16439.0
ORD007215,2025-03-16,Visakhapatnam,Beauty,Shampoo,17.0,1758780.9,470828.35,16456.0
ORD007221,2025-01-08,Mangalore,Clothing,Saree,2.0,219461.02,34227.65,16458.0
ORD007226,2025-02-08,Nagpur,Sports,Gym Gloves,14.0,547684.9,143610.56,16472.0
ORD007239,2025-02-25,Kanpur,Electronics,Laptop,25.0,3416526.75,969033.51,16497.0
ORD007249,2025-02-06,Noida,Groceries,Tea Powder,17.0,507733.39,134128.96,16514.0
ORD007251,2025-03-22,Noida,Electronics,Smart Watch,25.0,1098017.25,345500.77,16539.0
ORD007255,2025-01-25,Agra,Clothing,T-Shirt,13.0,1546910.82,368262.94,16552.0
ORD007259,2025-03-03,Tirupati,Books,Novel,21.0,1966838.79,514559.48,16573.0
ORD007267,2025-01-24,Chennai,Groceries,Wheat Flour,11.0,262183.57,61235.56,16584.0
ORD007270,2025-03-08,Ludhiana,Clothing,Saree,4.0,238933.88,28165.44,16588.0
ORD007271,2025-01-25,Agra,Appliances,Mixer Grinder,9.0,640637.46,57847.59,16597.0
ORD007275,2025-02-18,Tirupati,Appliances,Mixer Grinder,24.0,169642.56,18368.52,16621.0
ORD007285,2025-02-11,Chennai,Sports,Badminton Racket,14.0,443824.78,52222.85,16635.0
ORD007295,2025-02-07,Kochi,Clothing,Kurta,7.0,869649.69,175610.0,16642.0
ORD007304,2025-03-14,Hubballi,Furniture,Wardrobe,24.0,2403542.64,670839.92,16666.0
ORD007319,2025-02-22,Jaipur,Clothing,Kurta,15.0,1073532.15,145514.92,16681.0
ORD007321,2025-02-23,Vijayawada,Books,Exam Guide,8.0,319730.32,47687.28,16689.0
ORD007324,2025-02-23,Nagpur,Furniture,Bed,3.0,214655.88,21354.09,16692.0
ORD007334,2025-02-25,Kolkata,Furniture,Chair,4.0,386979.92,91423.64,16696.0
ORD007337,2025-01-05,Agra,Beauty,Moisturizer,10.0,840520.1,270390.07,16706.0
ORD007346,2025-01-07,Guwahati,Sports,Badminton Racket,6.0,891628.08,81862.14,16712.0
ORD007357,2025-03-14,Visakhapatnam,Books,Notebook,12.0,1096681.68,103432.92,16724.0
ORD007365,2025-02-06,Coimbatore,Furniture,Chair,9.0,1244956.05,126782.4,16733.0
ORD007367,2025-03-31,Agra,Books,Notebook,2.0,252531.88,59497.92,16735.0
ORD007373,2025-01-07,Goa,Electronics,Camera,9.0,573387.12,138727.51,16744.0
ORD007376,2025-03-01,Bengaluru,Appliances,Mixer Grinder,1.0,20399.41,6650.72,16745.0
ORD007393,2025-01-19,Vadodara,Books,Novel,4.0,413784.6,67889.4,16749.0
ORD007395,2025-03-03,Ahmedabad,Beauty,Lipstick,17.0,267864.75,49917.51,16766.0
ORD007400,2025-01-27,Gurugram,Sports,Gym Gloves,10.0,1411310.3,186706.11,16776.0
ORD007404,2025-02-16,Varanasi,Groceries,Sugar,14.0,172426.8,43210.23,16790.0
ORD007407,2025-01-19,Ahmedabad,Beauty,Perfume,23.0,1543508.38,358686.61,16813.0
ORD007409,2025-03-13,Visakhapatnam,Electronics,Tablet,23.0,2918693.33,469272.7,16836.0
ORD007415,2025-02-09,Nagpur,Electronics,Camera,10.0,521945.7,159667.19,16846.0
ORD007419,2025-01-02,Madurai,Electronics,Smartphone,24.0,269583.84,91609.6,16870.0
ORD007423,2025-03-29,Goa,Clothing,Saree,22.0,3110728.06,280547.09,16892.0
ORD007429,2025-02-09,Mangalore,Electronics,Tablet,8.0,55313.84,10482.73,16900.0
ORD007437,2025-03-06,Mumbai,Groceries,Tea Powder,15.0,1403997.15,390711.05,16915.0
ORD007443,2025-02-23,Hyderabad,Groceries,Rice,13.0,467192.18,45457.78,16928.0
ORD007449,2025-03-29,Jaipur,Beauty,Face Wash,5.0,196305.2,47220.73,16933.0
ORD007457,2025-01-02,Mangalore,Books,Exam Guide,7.0,395199.0,128194.0,16940.0
ORD007459,2025-03-04,Hyderabad,Groceries,Cooking Oil,5.0,364123.25,47582.13,16945.0
ORD007473,2025-01-12,Chennai,Beauty,Moisturizer,24.0,3260552.16,1076246.02,16969.0
ORD007476,2025-01-08,Patna,Books,Engineering Book,6.0,667107.3,176012.82,16975.0
ORD007484,2025-03-15,Guwahati,Beauty,Face Wash,6.0,588217.32,202454.58,16981.0
ORD007496,2025-01-19,Varanasi,Appliances,Washing Machine,14.0,1317757.98,414642.77,16995.0
ORD007497,2025-02-05,Gurugram,Books,Novel,17.0,203860.43,18499.14,17012.0
ORD007499,2025-02-23,Vijayawada,Electronics,Tablet,20.0,1921228.8,642574.29,17032.0
ORD007500,2025-01-11,Varanasi,Furniture,Bookshelf,16.0,738845.28,176089.93,17048.0
ORD007503,2025-01-09,Nagpur,Appliances,Air Conditioner,1.0,42556.07,10309.48,17049.0
ORD007511,2025-03-02,Hubballi,Groceries,Tea Powder,4.0,63188.64,10769.72,17053.0
ORD007512,2025-02-19,Chandigarh,Furniture,Bookshelf,6.0,778598.88,161277.64,17059.0
ORD007515,2025-01-19,Visakhapatnam,Books,Engineering Book,12.0,388753.2,120251.77,17071.0
ORD007516,2025-03-16,Thiruvananthapuram,Books,Engineering Book,3.0,84345.6,6904.7,17074.0
ORD007518,2025-01-18,Delhi,Clothing,Jacket,18.0,1398281.58,383390.41,17092.0
ORD007521,2025-01-31,Kolkata,Groceries,Rice,25.0,2645162.25,403652.62,17117.0
ORD007535,2025-02-12,Chennai,Sports,Gym Gloves,23.0,1337853.19,166259.58,17140.0
ORD007537,2025-02-26,Goa,Sports,Cricket Bat,14.0,1997389.38,388058.59,17154.0
ORD007538,2025-01-14,Goa,Furniture,Sofa,9.0,3120.03,451.25,17163.0
ORD007543,2025-01-23,Hyderabad,Electronics,Tablet,22.0,2008636.74,458105.09,17185.0
ORD007545,2025-02-09,Mangalore,Electronics,Tablet,14.0,1949166.66,319936.09,17199.0
ORD007546,2025-01-25,Jaipur,Appliances,Refrigerator,9.0,285806.34,27944.64,17208.0
ORD007558,2025-01-30,Jaipur,Appliances,Washing Machine,16.0,4092.16,443.0,17224.0
ORD007568,2025-02-16,Mysuru,Appliances,Mixer Grinder,24.0,1193535.6,141279.97,17248.0
ORD007570,2025-02-02,Noida,Groceries,Wheat Flour,9.0,476157.15,150819.19,17257.0
ORD007571,2025-02-13,Patna,Electronics,Smartphone,18.0,795168.0,158271.48,17275.0
ORD007576,2025-03-26,Delhi,Appliances,Washing Machine,1.0,23851.34,7913.19,17276.0
ORD007588,2025-02-23,Kochi,Groceries,Rice,1.0,69997.71,16956.9,17277.0
ORD007591,2025-03-18,Nashik,Groceries,Wheat Flour,11.0,117247.46,28569.49,17288.0
ORD007626,2025-02-27,Kanpur,Clothing,Kurta,10.0,659355.2,135592.75,17298.0
ORD007628,2025-02-03,Guwahati,Furniture,Chair,4.0,503402.28,95136.7,17302.0
ORD007633,2025-03-12,Vijayawada,Sports,Gym Gloves,6.0,842179.74,84655.15,17308.0
ORD007634,2025-03-06,Gurugram,Clothing,Jacket,19.0,2774969.0,694016.84,17327.0
ORD007638,2025-01-29,Indore,Beauty,Perfume,11.0,1644373.72,396897.5,17338.0
ORD007658,2025-03-31,Jaipur,Clothing,Saree,25.0,288693.0,70970.97,17363.0
ORD007668,2025-02-22,Mumbai,Groceries,Cooking Oil,12.0,889088.52,118184.79,17375.0
ORD007670,2025-02-25,Chennai,Clothing,Saree,25.0,2563527.75,617075.55,17400.0
ORD007672,2025-01-10,Guwahati,Furniture,Bed,11.0,1574584.77,367862.95,17411.0
ORD007673,2025-01-13,Surat,Beauty,Moisturizer,18.0,1713751.02,500873.86,17429.0
ORD007685,2025-01-14,Vijayawada,Furniture,Bookshelf,25.0,1502913.75,299026.17,17454.0
ORD007695,2025-01-20,Hubballi,Furniture,Dining Table,3.0,222571.68,19817.79,17457.0
ORD007697,2025-01-05,Indore,Clothing,Shoes,22.0,829410.78,273552.25,17479.0
ORD007699,2025-02-21,Visakhapatnam,Sports,Football,12.0,777136.44,119152.86,17491.0
ORD007700,2025-01-30,Tirupati,Clothing,Shoes,15.0,139210.8,45394.17,17506.0
ORD007701,2025-02-25,Jaipur,Groceries,Sugar,4.0,200262.8,47858.71,17510.0
ORD007715,2025-01-26,Gurugram,Books,Engineering Book,10.0,1430290.3,161657.7,17520.0
ORD007718,2025-03-12,Chandigarh,Beauty,Perfume,9.0,333882.72,55326.64,17529.0
ORD007720,2025-03-21,Tirupati,Books,Engineering Book,2.0,199013.74,17129.83,17531.0
ORD007724,2025-03-12,Mangalore,Sports,Football,8.0,73420.0,7072.17,17539.0
ORD007725,2025-02-03,Patna,Appliances,Refrigerator,1.0,2379.68,263.06,17540.0
ORD007727,2025-03-12,Delhi,Books,Dictionary,12.0,605267.64,196865.3,17552.0
ORD007728,2025-01-28,Kochi,Clothing,Kurta,1.0,,16152.79,17553.0
ORD007733,2025-02-27,Guwahati,Groceries,Wheat Flour,17.0,68692.41,6238.38,17570.0
ORD007751,2025-02-04,Pune,Sports,Gym Gloves,4.0,323324.2,32502.4,17574.0
ORD007767,2025-03-22,Vijayawada,Appliances,Air Conditioner,2.0,137391.3,24938.94,17576.0
ORD007768,2025-01-25,Kolkata,Electronics,Smart Watch,24.0,1004668.56,205513.64,17600.0
ORD007775,2025-01-18,Tirupati,Clothing,T-Shirt,19.0,1070784.33,202438.25,17619.0
ORD007782,2025-03-26,Indore,Beauty,Moisturizer,24.0,1442208.48,478449.42,17643.0
ORD007786,2025-03-26,Lucknow,Clothing,Shoes,7.0,556441.55,99218.9,17650.0
ORD007801,2025-02-06,Nagpur,Sports,Football,6.0,606155.04,127904.15,17656.0
ORD007806,2025-03-24,Chennai,Books,Exam Guide,16.0,973466.24,256510.07,17672.0
ORD007812,2025-01-26,Mangalore,Electronics,Smart TV,14.0,706322.96,66203.55,17686.0
ORD007825,2025-03-11,Jaipur,Appliances,Microwave,6.0,435823.26,105739.14,17692.0
ORD007841,2025-03-21,Nashik,Electronics,Camera,7.0,931815.92,137931.34,17699.0
ORD007843,2025-03-16,Nashik,Books,Exam Guide,23.0,3107582.21,372713.65,17722.0
ORD007846,2025-02-21,Agra,Electronics,Smartphone,15.0,460199.55,93190.12,17737.0
ORD007848,2025-02-21,Varanasi,Beauty,Lipstick,24.0,742747.44,93169.3,17761.0
ORD007850,2025-02-03,Indore,Beauty,Shampoo,22.0,2340229.98,816696.14,17783.0
ORD007855,2025-03-30,Agra,Clothing,Saree,11.0,1274867.99,338722.78,17794.0
ORD007860,2025-02-11,Guwahati,Furniture,Dining Table,15.0,1558208.1,481719.7,17809.0
ORD007866,2025-03-28,Lucknow,Sports,Gym Gloves,2.0,82001.1,18839.35,17811.0
ORD007875,2025-01-29,Mysuru,Electronics,Headphones,13.0,384455.76,101054.33,17824.0
ORD007882,2025-02-19,Indore,Books,Exam Guide,14.0,851849.32,183743.3,17838.0
ORD007886,2025-02-01,Agra,Clothing,Saree,18.0,1116171.72,324900.6,17856.0
ORD007887,2025-03-04,Madurai,Books,Engineering Book,11.0,537439.32,134104.82,17867.0
ORD007890,2025-01-17,Agra,Furniture,Chair,10.0,1083593.2,373053.4,17877.0
ORD007899,2025-01-27,Hyderabad,Furniture,Bed,17.0,391437.24,47331.5,17894.0
ORD007900,2025-01-03,Chennai,Clothing,Jacket,25.0,2625727.0,648317.79,17919.0
ORD007908,2025-03-02,Goa,Groceries,Rice,5.0,221294.0,30158.49,17924.0
ORD007913,2025-02-21,Goa,Books,Novel,24.0,2944553.04,897002.38,17948.0
ORD007923,2025-02-08,Patna,Clothing,T-Shirt,3.0,213855.48,37029.31,17951.0
ORD007939,2025-02-28,Coimbatore,Books,Engineering Book,15.0,736156.95,129890.21,17966.0
ORD007945,2025-02-02,Mangalore,Clothing,Shoes,13.0,1826716.58,342318.55,17979.0
ORD007954,2025-03-26,Guwahati,Clothing,Jacket,17.0,1164662.69,190783.15,17996.0
ORD007960,2025-01-07,Nagpur,Clothing,T-Shirt,25.0,2908352.5,408732.69,18021.0
ORD007963,2025-02-16,Gurugram,Appliances,Air Conditioner,9.0,797019.3,165181.23,18030.0
ORD007969,2025-02-15,Mumbai,Furniture,Dining Table,19.0,1975643.75,193120.15,18049.0
ORD007975,2025-02-15,Vadodara,Groceries,Milk,12.0,1081255.08,166068.91,18061.0
ORD007979,2025-03-03,Mangalore,Electronics,Camera,10.0,180026.7,62651.74,18071.0
ORD007981,2025-01-16,Noida,Electronics,Smart Watch,19.0,2836635.21,730403.79,18090.0
ORD007985,2025-03-11,Guwahati,Electronics,Camera,19.0,1765960.89,203929.56,18109.0
ORD007996,2025-02-11,Indore,Clothing,Jeans,4.0,159863.28,19972.47,18113.0
ORD007999,2025-03-30,Varanasi,Electronics,Smart Watch,24.0,249166.08,65348.24,18137.0
ORD008000,2025-01-28,Hyderabad,Clothing,Shoes,17.0,2392603.12,308366.67,18154.0
ORD008002,2025-02-20,Thiruvananthapuram,Beauty,Lipstick,17.0,1979965.35,574470.72,18171.0
ORD008010,2025-02-11,Guwahati,Furniture,Dining Table,17.0,417817.5,51729.32,18188.0
ORD008015,2025-03-01,Bhopal,Appliances,Microwave,13.0,298215.06,70158.28,18201.0
ORD008021,2025-03-06,Thiruvananthapuram,Electronics,Tablet,9.0,1062484.92,172963.4,18210.0
ORD008022,2025-01-01,Mangalore,Furniture,Bed,14.0,486035.06,72625.94,18224.0
ORD008032,2025-02-20,Bhopal,Electronics,Camera,17.0,1727917.91,266556.73,18241.0
ORD008037,2025-01-01,Bhopal,Books,Exam Guide,8.0,1147286.56,141128.74,18249.0
ORD008049,2025-03-29,Madurai,Groceries,Rice,21.0,2508926.07,538031.07,18270.0
ORD008050,2025-01-15,Kochi,Appliances,Microwave,17.0,611041.88,143390.7,18287.0
ORD008057,2025-01-11,Tirupati,Electronics,Laptop,2.0,15981.76,2469.7,18289.0
ORD008058,2025-03-06,Noida,Clothing,Kurta,13.0,116459.33,30238.66,18302.0
ORD008059,2025-02-17,Hubballi,Groceries,Rice,5.0,254958.95,52843.96,18307.0
ORD008062,2025-02-16,Nashik,Groceries,Tea Powder,15.0,2185991.1,657112.17,18322.0
ORD008063,2025-01-25,Varanasi,Appliances,Microwave,3.0,389641.32,55038.91,18325.0
ORD008065,2025-03-13,Kochi,Sports,Football,5.0,247987.35,27419.28,18330.0
ORD008068,2025-03-20,Nagpur,Appliances,Air Conditioner,22.0,1157857.58,362661.82,18352.0
ORD008070,2025-02-17,Hubballi,Appliances,Mixer Grinder,8.0,974244.64,191706.16,18360.0
ORD008072,2025-03-23,Mysuru,Beauty,Perfume,24.0,3331693.68,1066577.46,18384.0
ORD008077,2025-01-27,Lucknow,Sports,Badminton Racket,12.0,521007.36,104968.2,18396.0
ORD008095,not-a-date,Coimbatore,Clothing,Kurta,6.0,195195.78,63034.8,18402.0
ORD008104,2025-02-21,Ludhiana,Electronics,Smart Watch,23.0,1672843.13,413458.86,18425.0
ORD008109,2025-01-29,Vadodara,Books,Exam Guide,2.0,685.52,182.38,18427.0
ORD008112,2025-01-11,Gurugram,Beauty,Perfume,2.0,2140.66,207.3,18429.0
ORD008113,2025-03-28,Lucknow,Furniture,Sofa,25.0,528902.75,145830.88,18454.0
ORD008115,2025-02-04,Ahmedabad,Electronics,Laptop,25.0,3429443.75,779975.33,18479.0
ORD008117,2025-02-03,Chandigarh,Sports,Gym Gloves,20.0,1555449.4,324701.24,18499.0
ORD008119,2025-02-27,Nagpur,Sports,Football,18.0,406042.74,49126.45,18517.0
ORD008127,2025-03-01,Bhopal,Clothing,Kurta,8.0,1157851.92,148723.88,18525.0
ORD008132,2025-01-23,Mumbai,Books,Dictionary,16.0,2188987.84,538565.73,18541.0
ORD008139,2025-02-26,Ludhiana,Books,Novel,23.0,2812943.47,706008.25,18564.0
ORD008147,2025-03-11,Goa,Beauty,Perfume,18.0,466432.92,160544.42,18582.0
ORD008152,2025-02-09,Gurugram,Groceries,Sugar,21.0,1250933.25,367688.34,18603.0
ORD008153,2025-02-15,Kochi,Beauty,Shampoo,1.0,14984.87,2455.88,18604.0
ORD008161,2025-01-08,Jaipur,Electronics,Laptop,15.0,1099041.9,128970.47,18619.0
ORD008164,2025-02-21,Noida,Clothing,Kurta,14.0,1547205.24,414099.51,18633.0
ORD008176,2025-01-17,Mangalore,Beauty,Face Wash,7.0,594468.35,181775.78,18640.0
ORD008182,2025-03-01,Pune,Books,Novel,8.0,1199775.92,335078.46,18648.0
ORD008184,2025-03-05,Lucknow,Groceries,Cooking Oil,10.0,1248628.1,312948.89,18658.0
ORD008198,2025-02-20,Delhi,Beauty,Face Wash,6.0,348524.34,107212.52,18664.0
ORD008200,2025-03-29,Mangalore,Clothing,Jeans,24.0,442766.16,74314.39,18688.0
ORD008209,2025-01-12,Hyderabad,Electronics,Smart TV,6.0,744664.86,233763.99,18694.0
ORD008218,2025-03-16,Bhopal,Furniture,Wardrobe,23.0,2336401.64,585220.13,18717.0
ORD008239,2025-02-03,Mysuru,Electronics,Smart Watch,2.0,65538.1,6395.44,18719.0
ORD008242,2025-03-26,Kochi,Appliances,Microwave,16.0,189185.12,30863.53,18735.0
ORD008256,2025-02-20,Mysuru,Books,Dictionary,15.0,1576732.8,329244.19,18750.0
ORD008273,2025-01-17,Ahmedabad,Beauty,Perfume,6.0,783206.64,255566.52,18756.0
ORD008277,2025-03-05,Surat,Appliances,Washing Machine,3.0,131772.15,32823.77,18759.0
ORD008279,2025-03-11,Nagpur,Appliances,Washing Machine,4.0,21423.76,2313.26,18763.0
ORD008296,2025-03-27,Nagpur,Groceries,Sugar,1.0,31507.09,7465.7,18764.0
ORD008304,2025-03-19,Noida,Beauty,Face Wash,8.0,118375.28,34083.28,18772.0
ORD008315,2025-03-10,Tirupati,Groceries,Cooking Oil,16.0,560053.76,140342.08,18788.0
ORD008318,2025-03-20,Tirupati,Beauty,Lipstick,13.0,904908.81,316130.27,18801.0
ORD008323,2025-01-22,Bengaluru,Groceries,Wheat Flour,12.0,388900.08,82133.78,18813.0
ORD008329,2025-01-18,Lucknow,Beauty,Shampoo,13.0,1288455.87,285157.37,18826.0
ORD008331,2025-01-14,Mysuru,Groceries,Tea Powder,17.0,1976069.97,580691.19,18843.0
ORD008338,2025-03-17,Visakhapatnam,Sports,Cricket Bat,8.0,284941.68,25421.95,18851.0
ORD008343,2025-01-13,Bengaluru,Furniture,Dining Table,16.0,821951.04,67175.55,18867.0
ORD008352,2025-01-22,Ahmedabad,Furniture,Bookshelf,5.0,389412.35,82113.12,18872.0
ORD008357,2025-02-24,Hubballi,Electronics,Tablet,2.0,167978.0,22045.67,18874.0
ORD008370,2025-01-22,Gurugram,Appliances,Washing Machine,5.0,657317.85,202256.44,18879.0
ORD008374,2025-01-26,Chennai,Groceries,Wheat Flour,4.0,44932.12,11265.98,18883.0
ORD008377,2025-03-25,Tirupati,Groceries,Rice,8.0,118008.32,17825.98,18891.0
ORD008398,2025-02-09,Chennai,Groceries,Wheat Flour,22.0,1191938.66,298087.2,18913.0
ORD008405,2025-01-15,Mumbai,Books,Notebook,17.0,1141879.8,229159.27,18930.0
ORD008425,2025-01-09,Delhi,Clothing,Jeans,20.0,1813216.2,368141.28,18950.0
ORD008428,2025-01-15,Chennai,Electronics,Headphones,17.0,1223376.1,167566.8,18967.0
ORD008436,2025-02-01,Lucknow,Sports,Badminton Racket,14.0,125713.56,22950.03,18981.0
ORD008438,2025-02-28,Visakhapatnam,Electronics,Camera,3.0,116486.79,31310.34,18984.0
ORD008441,2025-01-21,Mangalore,Clothing,Shoes,10.0,1327944.2,168383.62,18994.0
ORD008449,2025-03-27,Hyderabad,Beauty,Shampoo,7.0,84942.34,6869.99,19001.0
ORD008454,2025-03-07,Chandigarh,Groceries,Tea Powder,17.0,2475039.52,573517.39,19018.0
ORD008466,2025-01-17,Tirupati,Sports,Gym Gloves,15.0,1111679.25,239023.47,19033.0
ORD008472,2025-03-12,Goa,Clothing,Jeans,4.0,212662.84,36577.65,19037.0
ORD008487,2025-02-03,Chennai,Appliances,Washing Machine,1.0,51052.99,10134.83,19038.0
ORD008500,2025-01-07,Coimbatore,Clothing,Jacket,7.0,629967.24,173526.14,19045.0
ORD008508,2025-02-21,Chandigarh,Electronics,Headphones,22.0,816220.02,256318.98,19067.0
ORD008522,2025-03-28,Coimbatore,Sports,Football,3.0,336175.92,54258.78,19070.0
ORD008527,2025-01-04,Thiruvananthapuram,Furniture,Bookshelf,1.0,146894.76,27122.91,19071.0
ORD008530,2025-03-14,Noida,Groceries,Rice,11.0,25066.03,4711.6,19082.0
ORD008531,2025-02-22,Indore,Books,Novel,21.0,849964.08,94394.69,19103.0
ORD008533,2025-02-07,Surat,Groceries,Cooking Oil,6.0,418334.52,50724.09,19109.0
ORD008543,2025-03-22,Delhi,Clothing,Kurta,14.0,1083091.94,140433.26,19123.0
ORD008544,2025-02-13,Visakhapatnam,Books,Dictionary,23.0,1395074.66,227186.87,19146.0
ORD008549,2025-01-13,Chennai,Books,Novel,6.0,44910.0,9276.75,19152.0
ORD008551,2025-01-19,Jaipur,Beauty,Lipstick,19.0,1785173.88,615918.75,19171.0
ORD008553,2025-02-04,Patna,Clothing,Jeans,19.0,1542559.46,404846.93,19190.0
ORD008555,2025-03-22,Ludhiana,Books,Exam Guide,18.0,2224324.26,452844.89,19208.0
ORD008558,2025-02-23,Hubballi,Clothing,Saree,25.0,3179798.0,604757.82,19233.0
ORD008561,2025-01-26,Pune,Appliances,Air Conditioner,19.0,1442294.18,286355.37,19252.0
ORD008562,2025-01-03,Varanasi,Clothing,Saree,3.0,28609.17,2366.73,19255.0
ORD008563,2025-02-13,Bhopal,Appliances,Washing Machine,19.0,342647.71,54201.95,19274.0
ORD008564,2025-01-11,Noida,Furniture,Sofa,19.0,1170221.78,375714.06,19293.0
ORD008567,2025-01-04,Kanpur,Furniture,Wardrobe,19.0,1592419.45,406902.17,19312.0
ORD008572,2025-01-20,Visakhapatnam,Books,Novel,16.0,1709078.08,272508.5,19328.0
ORD008580,2025-03-03,Kolkata,Beauty,Lipstick,18.0,993762.36,101292.7,19346.0
ORD008598,2025-02-24,Ahmedabad,Sports,Gym Gloves,16.0,11565.12,3119.89,19362.0
ORD008601,2025-03-13,Kolkata,Furniture,Wardrobe,18.0,1052031.24,195849.17,19380.0
ORD008602,2025-03-14,Agra,Groceries,Milk,9.0,76115.79,13690.83,19389.0
ORD008604,2025-02-08,Vijayawada,Sports,Football,5.0,19688.4,6742.01,19394.0
ORD008605,2025-02-26,Nashik,Sports,Cricket Bat,19.0,1930145.59,307910.97,19413.0
ORD008612,2025-02-18,Chandigarh,Appliances,Refrigerator,11.0,652483.81,126118.71,19424.0
ORD008630,2025-02-10,Jaipur,Groceries,Cooking Oil,14.0,1232753.9,414424.32,19438.0
ORD008631,2025-02-04,Hubballi,Sports,Football,15.0,1511972.25,314873.85,19453.0
ORD008634,2025-02-19,Tirupati,Books,Dictionary,24.0,318735.36,80277.79,19477.0
ORD008645,2025-01-06,Patna,Clothing,Kurta,8.0,57671.04,14903.81,19485.0
ORD008647,2025-01-22,Nagpur,Appliances,Washing Machine,3.0,439447.98,146883.32,19488.0
ORD008649,2025-02-08,Kochi,Groceries,Rice,19.0,2656212.16,623365.06,19507.0
ORD008652,2025-01-30,Visakhapatnam,Sports,Football,16.0,1663975.36,192869.03,19523.0
ORD008660,2025-03-20,Gurugram,Electronics,Camera,6.0,4925.76,1502.51,19529.0
ORD008663,2025-03-01,Tirupati,Sports,Gym Gloves,11.0,338309.84,44076.35,19540.0
ORD008677,2025-02-05,Tirupati,Beauty,Shampoo,10.0,605756.4,72051.81,19550.0
ORD008685,2025-03-10,Kanpur,Beauty,Face Wash,6.0,349259.64,35281.73,19556.0
ORD008689,2025-02-11,Gurugram,Clothing,Jeans,23.0,430981.82,59417.08,19579.0
ORD008690,2025-01-27,Lucknow,Electronics,Laptop,3.0,336099.69,81405.07,19582.0
ORD008698,2025-03-15,Kolkata,Clothing,Kurta,21.0,598812.06,56527.67,19603.0
ORD008701,2025-03-17,Madurai,Appliances,Mixer Grinder,7.0,1022348.18,307135.64,19610.0
ORD008704,2025-03-13,Lucknow,Groceries,Rice,24.0,1908849.36,297094.1,19634.0
ORD008706,2025-01-20,Madurai,Electronics,Headphones,3.0,308539.68,36615.79,19637.0
ORD008718,2025-03-18,Coimbatore,Sports,Badminton Racket,20.0,2879374.0,556533.19,19657.0
ORD008721,2025-03-03,Kanpur,Groceries,Sugar,23.0,712535.17,148805.99,19680.0
ORD008746,2025-01-28,Chandigarh,Groceries,Rice,1.0,35869.8,12431.83,19681.0
ORD008751,2025-03-26,Guwahati,Sports,Badminton Racket,20.0,2571038.2,289058.59,19701.0
ORD008767,2025-01-09,Agra,Appliances,Microwave,13.0,1045790.85,263868.78,19714.0
ORD008773,2025-01-20,Nagpur,Books,Novel,16.0,1386924.32,140542.3,19730.0
ORD008776,2025-02-13,Mangalore,Sports,Cricket Bat,13.0,786486.09,241460.95,19743.0
ORD008794,2025-01-10,Ahmedabad,Furniture,Bed,17.0,694824.34,154727.28,19760.0
ORD008807,2025-03-02,Hubballi,Furniture,Dining Table,13.0,803051.47,198018.15,19773.0
ORD008817,2025-02-11,Mumbai,Appliances,Mixer Grinder,24.0,2676958.8,473924.36,19797.0
ORD008819,2025-03-26,Kanpur,Books,Dictionary,21.0,1600973.85,511609.25,19818.0
ORD008822,2025-01-06,Ahmedabad,Electronics,Smart TV,23.0,2320214.01,676573.31,19841.0
ORD008826,2025-03-23,Pune,Sports,Gym Gloves,4.0,422075.4,119746.59,19845.0
ORD008830,2025-03-25,Nagpur,Sports,Gym Gloves,9.0,15518.97,,19854.0
ORD008832,2025-02-09,Noida,Sports,Gym Gloves,2.0,19094.6,5991.1,19856.0
ORD008836,2025-02-25,Visakhapatnam,Sports,Cricket Bat,2.0,57402.36,9434.65,19858.0
ORD008856,2025-03-19,Bhopal,Furniture,Bed,8.0,680205.76,189316.43,19866.0
ORD008861,2025-03-01,Bhopal,Furniture,Wardrobe,21.0,1961970.99,299060.2,19887.0
ORD008863,2025-03-14,Thiruvananthapuram,Sports,Cricket Bat,20.0,2429590.6,256612.02,19907.0
ORD008867,2025-01-15,Nashik,Electronics,Smart Watch,23.0,3207145.07,1045256.15,19930.0
ORD008869,2025-02-09,Kanpur,Sports,Yoga Mat,18.0,1799318.52,405440.7,19948.0
ORD008870,2025-02-19,Vadodara,Clothing,Jacket,13.0,1068018.64,319813.92,19961.0
ORD008874,2025-02-23,Varanasi,Groceries,Cooking Oil,24.0,285161.76,49022.02,19985.0
ORD008877,2025-01-02,Chandigarh,Furniture,Bed,10.0,323030.0,49291.24,19995.0
ORD008880,2025-03-02,Tirupati,Appliances,Microwave,25.0,871686.5,240807.37,20020.0
ORD008882,2025-03-03,Agra,Books,Notebook,16.0,328480.16,74502.81,20036.0
ORD008888,2025-01-27,Visakhapatnam,Groceries,Rice,25.0,1595103.5,185107.74,20061.0
ORD008890,2025-01-19,Varanasi,Electronics,Headphones,17.0,2289130.58,288848.59,20078.0
ORD008899,2025-02-24,Patna,Electronics,Laptop,16.0,1853634.08,200398.49,20094.0
ORD008900,2025-01-07,Hubballi,Beauty,Lipstick,18.0,886169.34,141162.6,20112.0
ORD008912,2025-02-12,Bengaluru,Books,Novel,15.0,2216014.8,536390.55,20127.0
ORD008919,2025-03-17,Agra,Beauty,Moisturizer,20.0,2128992.2,236239.13,20147.0
ORD008923,2025-03-26,Kolkata,Electronics,Laptop,1.0,134575.21,19777.77,20148.0
ORD008926,2025-02-27,Coimbatore,Books,Dictionary,11.0,108375.52,21841.55,20159.0
ORD008927,2025-01-21,Ludhiana,Beauty,Face Wash,13.0,1129810.89,365843.12,20172.0
ORD008946,2025-02-20,Pune,Furniture,Sofa,6.0,664110.12,136214.47,20178.0
ORD008962,2025-03-29,Gurugram,Clothing,Jeans,4.0,458504.84,88482.86,20182.0
ORD008963,2025-02-13,Patna,Groceries,Tea Powder,12.0,325362.12,62882.82,20194.0
ORD008968,2025-01-23,Kanpur,Electronics,Laptop,11.0,1422847.8,376623.63,20205.0
ORD008969,2025-02-18,Kochi,Appliances,Mixer Grinder,24.0,1113586.8,323863.48,20229.0
ORD008973,2025-03-18,Hubballi,Groceries,Wheat Flour,10.0,844505.7,92814.99,20239.0
ORD008975,2025-03-24,Bhopal,Groceries,Sugar,23.0,164843.76,57461.51,20262.0
ORD008976,2025-01-02,Goa,Furniture,Bed,23.0,2696541.62,249465.92,20285.0
ORD008978,2025-02-14,Thiruvananthapuram,Beauty,Face Wash,9.0,1308034.08,395432.13,20294.0
ORD008980,2025-02-07,Mumbai,Groceries,Milk,21.0,247487.31,58224.31,20315.0
ORD008985,2025-03-08,Nagpur,Sports,Badminton Racket,7.0,1044169.14,96870.82,20322.0
ORD008986,2025-02-16,Nagpur,Clothing,Jacket,5.0,173613.2,58872.68,20327.0
ORD008988,2025-02-03,Noida,Beauty,Lipstick,21.0,2343192.81,768138.92,20348.0
ORD008989,2025-01-05,Jaipur,Furniture,Chair,20.0,486751.8,137764.78,20368.0
ORD008992,2025-01-16,Bengaluru,Groceries,Rice,3.0,18342.69,5768.2,20371.0
ORD009000,2025-02-21,Mysuru,Appliances,Washing Machine,20.0,2865002.0,657846.95,20391.0
ORD009008,2025-03-09,Jaipur,Beauty,Shampoo,20.0,2229328.4,234355.25,20411.0
ORD009009,2025-02-13,Kochi,Sports,Cricket Bat,3.0,98972.04,29009.79,20414.0
ORD009017,2025-02-12,Kanpur,Groceries,Tea Powder,17.0,2383974.09,554027.74,20431.0
ORD009026,2025-03-06,Visakhapatnam,Appliances,Microwave,10.0,501131.7,40537.44,20441.0
ORD009029,2025-01-13,Goa,Groceries,Rice,19.0,1484053.14,404216.04,20460.0
ORD009033,2025-01-10,Guwahati,Clothing,Kurta,15.0,652491.9,172644.91,20475.0
ORD009035,2025-01-10,Mangalore,Sports,Football,22.0,2736528.96,477552.5,20497.0
ORD009036,2025-01-27,Chennai,Furniture,Dining Table,7.0,382900.91,125395.24,20504.0
ORD009049,2025-02-22,Nagpur,Electronics,Tablet,22.0,699060.12,243880.37,20526.0
ORD009052,2025-01-03,Nagpur,Beauty,Lipstick,21.0,1955487.03,580883.41,20547.0
ORD009060,2025-01-08,Ahmedabad,Electronics,Camera,13.0,1082194.36,168959.81,20560.0
ORD009066,2025-02-04,Noida,Sports,Football,4.0,226995.88,32657.75,20564.0
ORD009070,2025-01-14,Visakhapatnam,Groceries,Wheat Flour,3.0,4827.69,1496.83,20567.0
ORD009072,2025-01-24,Ahmedabad,Furniture,Chair,2.0,25634.5,7183.11,20569.0
ORD009073,2025-02-17,Gurugram,Furniture,Bookshelf,10.0,701655.7,188796.32,20579.0
ORD009076,2025-01-05,Lucknow,Beauty,Moisturizer,9.0,1155515.31,,20588.0
ORD009078,2025-03-25,Nashik,Beauty,Shampoo,24.0,697011.12,186352.08,20612.0
ORD009081,2025-01-01,Chandigarh,Sports,Gym Gloves,20.0,1878311.6,617773.95,20632.0
ORD009085,2025-01-11,Bengaluru,Books,Notebook,18.0,466940.88,150011.57,20650.0
ORD009086,2025-01-24,Visakhapatnam,Groceries,Tea Powder,13.0,1366275.95,328860.01,20663.0
ORD009096,2025-01-11,Jaipur,Clothing,T-Shirt,17.0,1397146.53,262181.29,20680.0
ORD009098,2025-03-12,Kanpur,Clothing,Jeans,16.0,346100.64,56186.63,20696.0
ORD009102,2025-02-11,Vijayawada,Appliances,Mixer Grinder,4.0,361190.44,84196.98,20700.0
ORD009110,2025-01-27,Hyderabad,Groceries,Wheat Flour,25.0,3392508.75,1182981.17,20725.0
ORD009123,2025-01-23,Gurugram,Sports,Gym Gloves,10.0,720395.3,129282.67,20735.0
ORD009127,2025-03-03,Mumbai,Clothing,Jeans,1.0,84052.9,11815.83,20736.0
ORD009155,2025-01-02,Delhi,Groceries,Cooking Oil,11.0,399199.13,121070.19,20747.0
ORD009166,2025-03-26,Kochi,Furniture,Dining Table,14.0,1280028.4,286222.75,20761.0
ORD009172,2025-02-22,Kanpur,Sports,Football,23.0,1121534.51,343306.89,20784.0
ORD009175,2025-01-30,Kolkata,Appliances,Refrigerator,6.0,319739.28,85763.71,20790.0
ORD009178,2025-02-19,Gurugram,Sports,Gym Gloves,17.0,527232.39,69616.72,20807.0
ORD009191,2025-01-07,Mangalore,Appliances,Microwave,11.0,1031986.34,151458.21,20818.0
ORD009196,2025-03-28,Bengaluru,Appliances,Refrigerator,15.0,470593.05,129162.89,20833.0
ORD009197,2025-02-05,Hubballi,Furniture,Bed,9.0,719712.18,99843.0,20842.0
ORD009201,2025-03-10,Patna,Clothing,Saree,11.0,1176965.13,104944.45,20853.0
ORD009204,2025-01-04,Tirupati,Electronics,Tablet,9.0,529293.87,47098.06,20862.0
ORD009207,2025-02-09,Agra,Electronics,Headphones,11.0,655785.35,216118.92,20873.0
ORD009208,2025-01-26,Vijayawada,Appliances,Mixer Grinder,4.0,459964.72,89185.1,20877.0
ORD009212,2025-02-12,Surat,Books,Notebook,23.0,1639171.59,481310.43,20900.0
ORD009216,2025-03-27,Vadodara,Beauty,Shampoo,25.0,3540499.25,504674.63,20925.0
ORD009218,2025-02-13,Mangalore,Beauty,Shampoo,5.0,354851.05,33299.92,20930.0
ORD009226,2025-03-31,Kanpur,Beauty,Moisturizer,17.0,2043293.58,693918.03,20947.0
ORD009233,2025-02-13,Vadodara,Electronics,Smartphone,25.0,608868.5,58972.4,20972.0
ORD009252,2025-03-12,Visakhapatnam,Furniture,Chair,5.0,578066.65,57220.3,20977.0
ORD009256,2025-01-21,Thiruvananthapuram,Sports,Yoga Mat,20.0,1415639.6,168394.05,20997.0
ORD009259,2025-02-15,Visakhapatnam,Electronics,Camera,9.0,382980.69,40423.46,21006.0
ORD009261,2025-01-05,Guwahati,Groceries,Sugar,25.0,2151243.75,191239.76,21031.0
ORD009263,2025-03-13,Coimbatore,Groceries,Tea Powder,3.0,208114.62,37122.29,21034.0
ORD009281,2025-03-30,Nashik,Books,Notebook,5.0,643652.15,184096.62,21039.0
ORD009282,2025-03-31,Hubballi,Furniture,Bed,2.0,184011.38,59003.23,21041.0
ORD009285,2025-01-26,Noida,Books,Exam Guide,20.0,662794.2,84665.75,21061.0
ORD009289,2025-03-15,Chandigarh,Electronics,Smart Watch,11.0,1611220.49,283784.61,21072.0
ORD009301,2025-01-31,Vijayawada,Furniture,Chair,6.0,583537.56,87775.79,21078.0
ORD009302,2025-02-19,Mangalore,Sports,Cricket Bat,21.0,2760818.55,272417.71,21099.0
ORD009305,2025-01-01,Surat,Furniture,Wardrobe,23.0,1545159.09,366407.12,21122.0
ORD009310,2025-01-30,Noida,Groceries,Rice,5.0,581465.2,58859.83,21127.0
ORD009317,2025-02-26,Noida,Appliances,Refrigerator,14.0,534765.98,170571.95,21141.0
ORD009322,2025-01-03,Noida,Clothing,Jeans,24.0,1741720.08,317502.02,21165.0
ORD009337,2025-03-18,Bengaluru,Clothing,Shoes,2.0,220233.62,18344.75,21167.0
ORD009350,2025-02-28,Mysuru,Electronics,Smart Watch,22.0,3255170.82,846522.63,21189.0
ORD009353,2025-02-21,Delhi,Books,Notebook,15.0,803013.0,113163.96,21204.0
ORD009360,2025-03-26,Bhopal,Sports,Yoga Mat,17.0,1497764.43,270105.54,21221.0
ORD009365,2025-02-19,Jaipur,Books,Engineering Book,1.0,68681.11,15357.9,21222.0
ORD009366,2025-03-15,Agra,Sports,Yoga Mat,9.0,1130271.39,292801.74,21231.0
ORD009369,2025-02-03,Delhi,Books,Notebook,12.0,1353054.24,136463.84,21243.0
ORD009371,2025-03-14,Vadodara,Furniture,Bed,6.0,351794.34,57731.61,21249.0
ORD009375,2025-01-16,Chennai,Appliances,Washing Machine,18.0,1530384.66,170601.86,21267.0
ORD009376,2025-03-03,Nagpur,Appliances,Air Conditioner,9.0,543262.5,165812.03,21276.0
ORD009383,2025-02-10,Varanasi,Appliances,Air Conditioner,16.0,957132.48,237568.26,21292.0
ORD009384,2025-03-31,Madurai,Sports,Badminton Racket,23.0,3216168.89,323171.26,21315.0
ORD009388,2025-01-30,Ludhiana,Furniture,Sofa,17.0,2028481.99,454585.13,21332.0
ORD009394,2025-03-12,Noida,Sports,Gym Gloves,17.0,1539204.14,219060.08,21349.0
ORD009411,2025-01-08,Lucknow,Clothing,Saree,1.0,10282.44,1403.19,21350.0
ORD009420,2025-02-08,Visakhapatnam,Sports,Cricket Bat,18.0,292364.46,32167.67,21368.0
ORD009431,2025-02-05,Hyderabad,Groceries,Rice,20.0,199127.6,39542.09,21388.0
ORD009433,2025-03-20,Surat,Clothing,Jeans,3.0,12958.32,3651.79,21391.0
ORD009439,2025-01-25,Chennai,Furniture,Sofa,23.0,3332445.85,544258.4,21414.0
ORD009441,2025-03-24,Mysuru,Electronics,Smart TV,4.0,69836.56,13385.15,21418.0
ORD009465,2025-03-12,Coimbatore,Sports,Yoga Mat,22.0,197733.58,24164.88,21440.0
ORD009469,2025-01-23,Kolkata,Beauty,Moisturizer,9.0,587445.48,146828.9,21449.0
ORD009471,2025-02-08,Delhi,Groceries,Milk,1.0,67512.06,13509.31,21450.0
ORD009476,2025-03-23,Hubballi,Clothing,Saree,4.0,477591.84,158816.35,21454.0
ORD009478,2025-01-24,Chennai,Beauty,Moisturizer,18.0,616905.0,55732.37,21472.0
ORD009480,2025-03-11,Thiruvananthapuram,Books,Notebook,23.0,1784076.42,268539.44,21495.0
ORD009482,2025-03-13,Surat,Clothing,Kurta,6.0,100027.2,16146.97,21501.0
ORD009485,2025-01-03,Indore,Sports,Yoga Mat,20.0,2015863.4,607253.13,21521.0
ORD009498,2025-01-15,Visakhapatnam,Books,Novel,22.0,1701889.42,529742.64,21543.0
ORD009510,2025-03-18,Indore,Furniture,Bookshelf,5.0,222493.65,20093.75,21548.0
ORD009521,2025-01-28,Pune,Groceries,Cooking Oil,6.0,88825.2,16558.58,21554.0
ORD009534,2025-03-03,Hubballi,Furniture,Bed,15.0,493435.2,144990.84,21569.0
ORD009537,2025-02-21,Hubballi,Groceries,Cooking Oil,19.0,2236934.6,454589.04,21588.0
ORD009544,2025-01-25,Patna,Books,Exam Guide,11.0,1221007.92,136300.69,21599.0
ORD009554,2025-03-18,Hyderabad,Groceries,Tea Powder,4.0,40172.6,6656.27,21603.0
ORD009562,2025-03-02,Madurai,Clothing,Jeans,9.0,35022.6,8266.61,21612.0
ORD009569,2025-02-28,Tirupati,Sports,Gym Gloves,2.0,147137.1,46718.76,21614.0
ORD009575,2025-01-14,Mangalore,Electronics,Smartphone,9.0,1349849.16,343686.56,21623.0
ORD009583,2025-01-11,Bengaluru,Appliances,Mixer Grinder,20.0,1977516.0,592448.38,21643.0
ORD009585,2025-02-19,Hyderabad,Books,Novel,9.0,410083.02,39321.58,21652.0
ORD009586,2025-01-28,Chandigarh,Furniture,Dining Table,9.0,572786.1,193722.5,21661.0
ORD009587,2025-01-14,Madurai,Sports,Yoga Mat,15.0,1158909.45,261343.2,21676.0
ORD009604,2025-01-20,Patna,Appliances,Refrigerator,11.0,1050878.51,142037.27,21687.0
ORD009613,2025-03-12,Gurugram,Clothing,Saree,7.0,810279.12,138107.3,21694.0
ORD009615,2025-03-03,Tirupati,Beauty,Face Wash,13.0,974135.76,267480.46,21707.0
ORD009621,2025-02-23,Goa,Sports,Gym Gloves,22.0,1114997.18,,21729.0
ORD009631,2025-02-23,Surat,Beauty,Moisturizer,2.0,103743.74,26331.82,21731.0
ORD009632,2025-01-27,Mumbai,Electronics,Smartphone,25.0,1865177.75,400393.04,21756.0
ORD009635,2025-03-15,Patna,Clothing,Jacket,18.0,831712.14,224916.53,21774.0
ORD009638,2025-03-12,Chennai,Electronics,Tablet,14.0,364042.56,56179.86,21788.0
ORD009646,2025-02-08,Vadodara,Appliances,Refrigerator,10.0,1386573.9,149334.23,21798.0
ORD009653,2025-02-13,Kolkata,Appliances,Air Conditioner,14.0,1066241.26,187402.88,21812.0
ORD009654,2025-02-04,Madurai,Electronics,Camera,16.0,2271653.76,680281.28,21828.0
ORD009668,2025-01-25,Chennai,Sports,Football,20.0,1328448.2,276766.11,21848.0
ORD009669,2025-03-16,Hyderabad,Appliances,Microwave,10.0,221559.4,24218.67,21858.0
ORD009670,2025-01-29,Hubballi,Sports,Badminton Racket,5.0,317090.35,99925.38,21863.0
ORD009672,2025-01-06,Gurugram,Clothing,Jacket,13.0,1741814.75,596372.3,21876.0
ORD009676,2025-02-06,Kanpur,Clothing,Jacket,16.0,,356746.68,21892.0
ORD009679,2025-02-07,Vadodara,Books,Exam Guide,22.0,3269096.6,1004065.69,21914.0
ORD009691,2025-01-10,Mangalore,Appliances,Washing Machine,21.0,2933179.41,363491.81,21935.0
ORD009702,2025-02-14,Goa,Beauty,Face Wash,23.0,650603.07,119489.79,21958.0
ORD009704,2025-01-27,Indore,Appliances,Microwave,10.0,700024.5,109297.66,21968.0
ORD009706,2025-02-25,Vijayawada,Appliances,Microwave,14.0,1537261.32,482669.37,21982.0
ORD009709,2025-02-08,Guwahati,Books,Exam Guide,1.0,114387.48,31759.9,21983.0
ORD009710,2025-02-19,Kanpur,Books,Dictionary,22.0,3135703.34,573308.21,22005.0
ORD009712,2025-03-10,Gurugram,Electronics,Smartphone,20.0,1495061.2,407271.04,22025.0
ORD009726,2025-02-14,Noida,Sports,Cricket Bat,25.0,2366176.25,409200.44,22050.0
ORD009735,2025-01-08,Surat,Furniture,Bookshelf,24.0,2569377.36,764534.36,22074.0
ORD009739,2025-01-17,Kanpur,Sports,Badminton Racket,18.0,896603.04,120195.56,22092.0
ORD009743,2025-02-12,Pune,Books,Notebook,10.0,408936.5,103217.46,22102.0
ORD009751,2025-03-20,Guwahati,Groceries,Cooking Oil,23.0,566666.41,161839.59,22125.0
ORD009761,2025-02-22,Chennai,Books,Exam Guide,2.0,229257.48,26673.18,22127.0
ORD009762,2025-03-18,Varanasi,Sports,Badminton Racket,23.0,18134.81,4174.23,22150.0
ORD009763,2025-02-28,Bengaluru,Sports,Gym Gloves,23.0,1146888.33,115190.64,22173.0
ORD009764,2025-01-10,Tirupati,Groceries,Tea Powder,7.0,976486.0,94416.52,22180.0
ORD009766,2025-03-08,Chennai,Clothing,Saree,20.0,2825992.8,233565.59,22200.0
ORD009767,2025-03-23,Goa,Electronics,Laptop,12.0,1054779.36,304194.16,22212.0
ORD009777,2025-02-01,Kochi,Furniture,Sofa,6.0,251836.08,45811.35,22218.0
ORD009779,2025-02-26,Noida,Sports,Cricket Bat,17.0,7055.51,1506.32,22235.0
ORD009787,2025-03-16,Kochi,Furniture,Bed,6.0,735697.62,69479.73,22241.0
ORD009810,2025-02-16,Vadodara,Books,Notebook,14.0,1219937.6,422461.7,22255.0
ORD009819,2025-03-24,Coimbatore,Beauty,Perfume,18.0,1766230.74,408331.19,22273.0
ORD009824,2025-01-28,Thiruvananthapuram,Groceries,Sugar,16.0,1157414.72,141929.35,22289.0
ORD009835,2025-03-05,Kanpur,Beauty,Shampoo,22.0,671469.48,131461.37,22311.0
ORD009836,2025-02-25,Ahmedabad,Sports,Cricket Bat,18.0,2218282.38,219308.14,22329.0
ORD009847,2025-03-13,Guwahati,Books,Dictionary,22.0,171314.0,29099.92,22351.0
ORD009854,2025-02-15,Jaipur,Electronics,Laptop,21.0,1658866.65,414474.4,22372.0
ORD009855,2025-03-10,Mumbai,Appliances,Refrigerator,4.0,54226.56,12942.38,22376.0
ORD009860,2025-03-06,Mysuru,Groceries,Milk,24.0,947638.8,265271.98,22400.0
ORD009868,2025-02-04,Mangalore,Books,Exam Guide,12.0,771843.36,244691.08,22412.0
ORD009872,2025-03-11,Delhi,Appliances,Washing Machine,4.0,89015.76,9746.43,22416.0
ORD009885,2025-02-21,Coimbatore,Groceries,Cooking Oil,23.0,1677123.66,443404.83,22439.0
ORD009890,2025-02-20,Goa,Beauty,,8.0,1091883.36,103330.65,22447.0
ORD009902,2025-01-14,Indore,Books,Exam Guide,24.0,3480669.84,1138782.33,22471.0
ORD009903,2025-02-18,Thiruvananthapuram,Electronics,Smart TV,18.0,1624479.84,490394.92,22489.0
ORD009913,2025-01-06,Bhopal,Electronics,Laptop,6.0,756039.78,67687.77,22495.0
ORD009916,2025-02-17,Mysuru,Beauty,Face Wash,2.0,103814.66,25850.46,22497.0
ORD009917,2025-03-12,Chennai,Books,Exam Guide,10.0,239668.1,70381.17,22507.0
ORD009918,2025-01-02,Patna,Appliances,Microwave,14.0,1039106.6,296965.3,22521.0
ORD009921,2025-03-13,Madurai,Books,Notebook,19.0,1024717.88,193915.76,22540.0
ORD009925,2025-01-31,Surat,Appliances,Washing Machine,18.0,1494715.32,149516.02,22558.0
ORD009929,2025-03-31,Jaipur,Furniture,Sofa,24.0,1811768.4,390152.0,22582.0
ORD009932,2025-02-05,Chennai,Books,Dictionary,7.0,454567.75,49953.95,22589.0
ORD009950,2025-02-10,Kochi,Books,Novel,7.0,60142.32,6417.7,22596.0
ORD009955,2025-02-17,Vijayawada,Furniture,Bed,12.0,605170.08,158350.39,22608.0
ORD009962,2025-03-23,Mumbai,Groceries,Tea Powder,22.0,2188991.86,336594.21,22630.0
ORD009970,2025-01-31,Madurai,Beauty,Perfume,12.0,843231.36,135512.72,22642.0
ORD009971,2025-01-10,Vadodara,Furniture,Chair,23.0,289796.09,51954.38,22665.0
ORD009985,2025-03-19,Chandigarh,Clothing,Shoes,5.0,678294.25,230314.89,22670.0
ORD009987,2025-03-08,Goa,Electronics,Camera,12.0,359664.72,98276.99,22682.0
ORD009997,2025-01-02,Noida,Clothing,Jeans,19.0,2619222.96,772896.67,22701.0
ORD010002,2025-02-25,Thiruvananthapuram,Appliances,Washing Machine,1.0,119033.27,26071.83,22702.0
ORD010013,2025-02-21,Chennai,Beauty,Lipstick,3.0,195002.67,17590.24,22705.0
ORD010015,2025-02-21,Guwahati,Furniture,Sofa,2.0,136999.32,17566.32,22707.0
ORD010017,2025-01-10,Hubballi,Clothing,T-Shirt,18.0,733676.94,94470.52,22725.0
ORD010021,2025-03-30,Vijayawada,Clothing,Saree,24.0,446365.2,147177.42,22749.0
ORD010023,2025-01-09,Chandigarh,Books,Novel,2.0,92747.38,17168.63,22751.0
ORD010025,2025-03-17,Chandigarh,Furniture,Bookshelf,22.0,1574860.76,245716.4,22773.0
ORD010027,2025-03-09,Chandigarh,Furniture,Dining Table,22.0,1256736.36,206544.03,22795.0
ORD010040,2025-02-26,Bhopal,Appliances,Refrigerator,6.0,271999.68,32174.76,22801.0
ORD010044,2025-01-30,Mangalore,,Cooking Oil,3.0,343693.23,64644.28,22804.0
ORD010047,2025-01-19,Chennai,Groceries,Milk,1.0,81484.28,17473.75,22805.0
ORD010048,2025-02-27,Bhopal,Beauty,Lipstick,11.0,450237.37,153005.09,22816.0
ORD010051,2025-02-21,Visakhapatnam,Beauty,Moisturizer,1.0,141462.71,49151.22,22817.0
ORD010053,2025-02-26,Nagpur,Beauty,Moisturizer,9.0,95483.52,25543.39,22826.0
ORD010055,2025-01-01,Tirupati,Electronics,Laptop,0.0,49395.9,10225.28,22829.0
ORD010060,2025-03-30,Pune,Clothing,Kurta,4.0,296376.76,61977.6,22833.0
ORD010072,2025-01-02,Noida,Appliances,Refrigerator,12.0,200966.88,17672.25,22845.0
ORD010076,2025-01-22,Mumbai,Books,Dictionary,11.0,8572.63,2565.29,22856.0
ORD010078,2025-02-20,Ludhiana,Beauty,Shampoo,13.0,831600.38,165766.77,22869.0
ORD010082,2025-03-29,Patna,Groceries,Tea Powder,19.0,741182.21,239185.13,22888.0
ORD010087,2025-01-23,Vadodara,Clothing,Jacket,5.0,174225.7,29231.53,22893.0
ORD010103,2025-01-15,Noida,Appliances,Washing Machine,4.0,383619.76,83206.21,22897.0
ORD010126,2025-03-01,Jaipur,Sports,Cricket Bat,13.0,1222081.12,247896.62,22910.0
ORD010137,2025-02-28,Nagpur,Books,Dictionary,,34241.52,7846.96,22912.0
ORD010143,2025-01-28,Goa,Books,Novel,2.0,115335.88,9537.19,22914.0
ORD010146,2025-01-11,Vadodara,Furniture,Bookshelf,24.0,1011351.6,204971.56,22938.0
ORD010149,2025-02-11,Mysuru,Furniture,Chair,6.0,140086.14,35832.32,22944.0
ORD010152,2025-03-31,Tirupati,Sports,Badminton Racket,23.0,757844.48,254233.45,22967.0
ORD010155,2025-01-27,Vijayawada,Appliances,Microwave,17.0,1605441.75,247133.74,22984.0
ORD010159,2025-02-01,Varanasi,Beauty,Shampoo,9.0,338778.54,86651.12,22993.0
ORD010163,2025-02-07,Guwahati,Groceries,Cooking Oil,20.0,2999156.0,265501.55,23013.0
ORD010164,2025-01-23,Patna,Furniture,Bookshelf,16.0,1268040.64,139973.2,23029.0
ORD010166,2025-03-10,Visakhapatnam,Appliances,Microwave,8.0,929797.2,286031.27,23037.0
ORD010190,2025-03-21,Bhopal,Books,Engineering Book,18.0,78577.02,15954.79,23055.0
ORD010192,2025-01-31,Patna,Clothing,Kurta,9.0,229044.78,53188.72,23064.0
ORD010205,2025-01-06,Thiruvananthapuram,Furniture,Bookshelf,2.0,150340.16,32603.37,23066.0
ORD010207,2025-03-19,Goa,Electronics,Smart Watch,23.0,1535409.62,314332.0,23089.0
ORD010209,2025-02-01,Visakhapatnam,Groceries,Milk,17.0,1776388.65,519412.41,23106.0
ORD010211,2025-02-04,Ahmedabad,Beauty,Face Wash,23.0,1006305.66,186163.75,23129.0
ORD010220,2025-02-11,Ludhiana,Beauty,Perfume,1.0,51605.53,15109.11,23130.0
ORD010225,2025-01-09,Chandigarh,Beauty,Perfume,13.0,1508762.58,242478.7,23143.0
ORD010226,2025-01-30,Ahmedabad,Furniture,Wardrobe,18.0,1295805.24,230696.36,23161.0
ORD010227,2025-02-08,Surat,Groceries,Cooking Oil,25.0,2675390.0,491980.23,23186.0
ORD010229,2025-02-02,Madurai,Sports,Cricket Bat,20.0,2030666.6,233966.73,23206.0
ORD010240,2025-03-17,Chennai,Furniture,Chair,8.0,903052.0,251799.22,23214.0
ORD010249,2025-01-10,Goa,Furniture,Bookshelf,14.0,1726310.6,147895.01,23228.0
ORD010254,2025-01-27,Bengaluru,,Yoga Mat,15.0,918562.2,196234.78,23243.0
ORD010257,2025-03-16,Nagpur,Appliances,Refrigerator,22.0,2549753.58,224138.44,23265.0
ORD010265,2025-01-30,Indore,Clothing,Kurta,7.0,274123.92,72434.71,23272.0
ORD010269,2025-02-19,Pune,Beauty,Shampoo,2.0,145121.66,26661.71,23274.0
ORD010271,2025-03-30,Hubballi,Sports,Cricket Bat,12.0,938412.0,291459.24,23286.0
ORD010279,2025-01-28,Surat,Groceries,Wheat Flour,1.0,85037.65,22463.28,23287.0
ORD010284,2025-01-25,Lucknow,Appliances,Refrigerator,13.0,1744122.25,528606.43,23300.0
ORD010287,2025-03-14,Kochi,Beauty,Shampoo,17.0,1753876.4,273528.69,23317.0
ORD010288,2025-02-16,Vadodara,Electronics,Tablet,5.0,14372.8,3854.63,23322.0
ORD010304,2025-01-17,Mangalore,Clothing,Jeans,19.0,2143801.16,704303.73,23341.0
ORD010306,2025-02-04,Vadodara,Appliances,Air Conditioner,2.0,252897.64,39538.1,23343.0
ORD010320,2025-02-18,Surat,Clothing,Jeans,8.0,794460.88,249229.89,23351.0
ORD010321,2025-01-31,Vadodara,Appliances,Washing Machine,7.0,710233.72,183273.24,23358.0
ORD010327,2025-02-13,Patna,Books,Novel,6.0,577014.9,201464.58,23364.0
ORD010328,2025-01-31,Indore,Groceries,Sugar,15.0,1203264.3,384730.51,23379.0
ORD010329,2025-03-17,Surat,Sports,Yoga Mat,1.0,92450.49,17605.09,23380.0
ORD010331,2025-03-10,Mumbai,Groceries,Wheat Flour,2.0,206709.7,57292.53,23382.0
ORD010334,2025-01-01,Nashik,Books,Novel,4.0,347426.04,66024.42,23386.0
ORD010335,2025-03-05,Kolkata,Sports,Badminton Racket,12.0,1512257.4,516356.24,23398.0
ORD010340,2025-03-12,Nagpur,Furniture,Chair,16.0,561516.8,50413.04,23414.0
ORD010341,2025-01-27,Nashik,Furniture,Bookshelf,20.0,256284.4,79191.4,23434.0
ORD010342,2025-01-01,Coimbatore,Furniture,Wardrobe,8.0,819319.76,278779.06,23442.0
ORD010348,2025-02-28,Mysuru,Furniture,Sofa,9.0,1082681.46,147711.51,23451.0
ORD010363,2025-02-28,Kanpur,Sports,Football,11.0,1315774.68,198303.85,23462.0
ORD010365,2025-01-19,Noida,Clothing,Shoes,18.0,177134.04,57229.53,23480.0
ORD010372,2025-01-27,Madurai,Appliances,Microwave,1.0,147328.14,22057.87,23481.0
ORD010389,2025-01-07,Bengaluru,Groceries,Milk,3.0,156978.9,47397.84,23484.0
ORD010390,2025-02-16,Coimbatore,Books,Notebook,23.0,1392849.41,218876.44,23507.0
ORD010391,2025-03-16,Noida,Appliances,Mixer Grinder,7.0,357677.74,120839.89,23514.0
ORD010401,2025-01-28,Ludhiana,Groceries,Wheat Flour,14.0,1553179.88,147654.47,23528.0
ORD010409,2025-03-14,Thiruvananthapuram,Clothing,Jeans,4.0,549422.16,187543.74,23532.0
ORD010417,2025-02-14,Noida,Appliances,Microwave,6.0,240439.38,36280.06,23538.0
ORD010418,2025-02-19,Nashik,Books,Exam Guide,18.0,1938547.26,251321.67,23556.0
ORD010433,2025-02-04,Surat,Electronics,Smartphone,25.0,2213086.5,476826.82,23581.0
ORD010445,2025-03-05,Nagpur,Sports,Football,7.0,763473.41,144587.92,23588.0
ORD010447,2025-02-05,Visakhapatnam,Clothing,T-Shirt,16.0,745333.6,85541.23,23604.0
ORD010451,2025-01-16,Vijayawada,Electronics,Smart TV,21.0,1842201.48,175056.38,23625.0
ORD010455,2025-02-11,Ludhiana,Sports,Football,13.0,38107.42,10033.77,23638.0
ORD010458,2025-01-22,Bengaluru,Books,,18.0,234799.38,56482.05,23656.0
ORD010459,2025-03-07,Delhi,Groceries,Milk,7.0,760978.82,116729.45,23663.0
ORD010466,2025-01-14,Madurai,Sports,Gym Gloves,5.0,461998.4,43752.86,23668.0
ORD010468,2025-01-09,Chandigarh,Books,Notebook,9.0,314171.46,81430.98,23677.0
ORD010476,2025-01-05,Noida,Beauty,Shampoo,25.0,2860556.0,556070.55,23702.0
ORD010485,2025-02-20,Nagpur,Beauty,Moisturizer,4.0,390633.28,91694.52,23706.0
ORD010490,2025-01-17,Nagpur,Clothing,Kurta,9.0,571384.35,189477.5,23715.0
ORD010495,2025-02-21,Varanasi,Books,Dictionary,10.0,1348527.4,358875.19,23725.0
ORD010498,2025-03-26,Pune,Groceries,Cooking Oil,1.0,56119.74,10835.13,23726.0
ORD010514,2025-03-08,Coimbatore,Furniture,Chair,21.0,671142.15,160910.19,23747.0
ORD010517,2025-03-16,,Appliances,Microwave,19.0,2741448.44,787732.5,23766.0
ORD010527,2025-02-04,Indore,Books,Novel,15.0,2185339.5,434354.67,23781.0
ORD010530,2025-02-22,Agra,Books,Dictionary,23.0,712075.4,74848.0,23804.0
ORD010535,2025-01-30,Ludhiana,Sports,Football,20.0,617744.6,135875.26,23824.0
ORD010539,2025-01-03,Bengaluru,Beauty,Moisturizer,2.0,58268.2,11649.82,23826.0
ORD010540,2025-01-28,Surat,Sports,Cricket Bat,14.0,1778352.52,425113.41,23840.0
ORD010543,2025-01-10,Mumbai,Appliances,Mixer Grinder,3.0,437213.61,81460.85,23843.0
ORD010544,2025-03-25,Kanpur,Beauty,Shampoo,20.0,388181.4,71689.39,23863.0
ORD010547,2025-03-09,Lucknow,Groceries,Rice,23.0,2043842.56,380924.62,23886.0
ORD010553,2025-03-22,Lucknow,Furniture,Bed,7.0,800010.68,183587.2,23893.0
ORD010557,2025-01-21,Pune,Clothing,Jacket,7.0,442471.96,135042.75,23900.0
ORD010566,2025-01-24,Ludhiana,Furniture,Chair,14.0,1255236.64,413753.75,23914.0
ORD010577,2025-02-08,Kanpur,Beauty,Shampoo,15.0,2200062.75,705279.65,23929.0
ORD010578,2025-02-20,Mangalore,Electronics,Camera,2.0,17647.56,5084.59,23931.0
ORD010579,2025-02-19,Mangalore,Books,Novel,8.0,529449.04,121846.99,23939.0
ORD010593,2025-01-03,Vijayawada,Clothing,Saree,7.0,758122.96,165232.79,23946.0
ORD010594,2025-03-20,Surat,Clothing,Kurta,25.0,2237125.0,574319.1,23971.0
ORD010595,2025-03-28,Ahmedabad,Electronics,Smartphone,12.0,194212.68,62212.95,23983.0
ORD010596,2025-03-31,Madurai,Sports,Badminton Racket,3.0,315160.14,62795.2,23986.0
ORD010602,2025-02-18,Guwahati,Groceries,Sugar,12.0,1699669.2,571823.96,23998.0
ORD010614,2025-02-03,Tirupati,Groceries,Milk,24.0,863743.2,286167.74,24022.0
ORD010626,2025-03-01,Gurugram,Electronics,Laptop,21.0,2685144.21,493303.8,24043.0
ORD010635,2025-01-30,Guwahati,Beauty,Moisturizer,4.0,550433.16,102334.14,24047.0
ORD010638,2025-01-30,Kanpur,Books,Dictionary,19.0,2433820.39,233104.04,24066.0
ORD010640,2025-01-14,Mumbai,Electronics,Headphones,14.0,1982914.5,497744.81,24080.0
ORD010654,2025-01-18,Tirupati,Clothing,Kurta,5.0,619980.15,63305.29,24085.0
ORD010661,2025-02-25,Lucknow,Appliances,Air Conditioner,22.0,696545.08,174697.25,24107.0
ORD010662,2025-02-10,Goa,Furniture,Sofa,3.0,362975.94,79271.23,24110.0
ORD010675,2025-03-09,Vadodara,Sports,Badminton Racket,8.0,534347.36,57975.31,24118.0
ORD010676,2025-03-10,Nagpur,Sports,Yoga Mat,17.0,1554144.08,396315.53,24135.0
ORD010678,2025-01-23,Tirupati,Groceries,Milk,16.0,1139055.68,300548.84,24151.0
ORD010685,2025-02-07,Chandigarh,Books,Engineering Book,10.0,545319.2,116613.65,24161.0
ORD010689,2025-03-28,Ludhiana,Sports,Yoga Mat,19.0,2483119.5,792899.86,24180.0
ORD010702,2025-02-15,Kanpur,Books,Novel,2.0,11118.54,1585.81,24182.0
ORD010712,2025-02-06,Thiruvananthapuram,Sports,Football,1.0,139550.41,27713.57,24183.0
ORD010720,2025-03-05,Pune,Clothing,Saree,5.0,617754.4,133186.84,24188.0
ORD010721,2025-01-24,Goa,Furniture,Bookshelf,16.0,668292.32,171239.03,24204.0
ORD010722,2025-03-26,Thiruvananthapuram,Electronics,Smart Watch,9.0,302362.83,35895.27,24213.0
ORD010728,2025-02-21,Jaipur,Groceries,Wheat Flour,5.0,494061.85,83588.18,24218.0
ORD010749,2025-03-07,Jaipur,Books,Engineering Book,1.0,140227.37,35261.39,24219.0
ORD010750,2025-03-31,Chennai,Clothing,T-Shirt,15.0,515311.05,155181.22,24234.0
ORD010752,2025-01-09,Guwahati,Sports,Yoga Mat,14.0,484839.88,136973.8,24248.0
ORD010758,2025-01-29,Vijayawada,Appliances,Air Conditioner,7.0,916297.55,236688.53,24255.0
ORD010764,2025-01-27,Kochi,Beauty,Moisturizer,18.0,410142.42,97559.7,24273.0
ORD010773,2025-02-19,Jaipur,Clothing,T-Shirt,24.0,2943725.76,310609.93,24297.0
ORD010781,2025-03-20,Mysuru,Clothing,Shoes,1.0,72329.45,13168.68,24298.0
ORD010782,2025-01-21,Jaipur,Groceries,Wheat Flour,25.0,1720134.75,585984.86,24323.0
ORD010791,2025-03-14,Chandigarh,Beauty,Moisturizer,5.0,161144.55,55601.47,24328.0
ORD010792,2025-02-08,Vadodara,Clothing,Jeans,25.0,493898.75,95225.11,24353.0
ORD010795,2025-03-05,Vijayawada,Sports,Cricket Bat,4.0,379519.04,45866.21,24357.0
ORD010812,2025-01-20,Hyderabad,Groceries,Rice,5.0,541236.05,50453.6,24362.0
ORD010816,2025-03-24,Coimbatore,Beauty,Face Wash,1.0,139329.85,27295.22,24363.0
ORD010819,2025-01-17,Chandigarh,Sports,Badminton Racket,5.0,477464.85,140745.19,24368.0
ORD010825,2025-03-01,Ludhiana,Books,Exam Guide,22.0,684696.76,214207.8,24390.0
ORD010835,2025-02-24,Coimbatore,Beauty,Face Wash,15.0,1998690.6,635391.47,24405.0
ORD010838,2025-03-05,Hubballi,Furniture,Bookshelf,3.0,409865.55,95397.21,24408.0
ORD010841,2025-02-18,Nashik,Sports,Badminton Racket,9.0,1099719.54,320661.51,24417.0
ORD010846,2025-02-20,Delhi,Electronics,Smart TV,22.0,2422048.86,548663.15,24439.0
ORD010848,2025-02-04,Agra,Clothing,Jeans,18.0,1578895.74,424760.73,24457.0
ORD010854,2025-03-14,Coimbatore,Sports,Football,14.0,2094944.88,363769.46,24471.0
ORD010855,2025-03-31,Chandigarh,Beauty,Lipstick,5.0,376675.0,94172.5,24476.0
ORD010861,2025-03-10,Chennai,Books,Engineering Book,15.0,230392.2,26168.65,24491.0
ORD010863,2025-03-28,Indore,Appliances,Refrigerator,13.0,1235276.9,339417.11,24504.0
ORD010865,2025-03-23,Delhi,Appliances,Mixer Grinder,15.0,1153035.0,316269.49,24519.0
ORD010875,2025-01-04,Nashik,Books,Exam Guide,6.0,397993.02,32325.5,24525.0
ORD010883,2025-01-26,Patna,Beauty,Face Wash,9.0,1316726.1,435096.6,24534.0
ORD010889,2025-03-16,Delhi,Groceries,Rice,10.0,1014375.8,156334.01,24544.0
ORD010892,2025-03-22,Hyderabad,Books,Novel,3.0,373984.89,115419.9,24547.0
ORD010894,2025-03-01,Mysuru,Sports,Badminton Racket,22.0,2968459.34,616856.09,24569.0
ORD010895,2025-02-05,Kochi,Beauty,Face Wash,6.0,510560.46,67162.81,24575.0
ORD010898,2025-03-22,Indore,Electronics,Smart TV,12.0,1102883.76,153454.29,24587.0
ORD010902,2025-01-30,Delhi,Beauty,Moisturizer,15.0,1047507.15,278322.04,24602.0
ORD010918,2025-03-28,Kanpur,Clothing,Kurta,12.0,461908.92,142681.65,24614.0
ORD010921,2025-01-19,Noida,Appliances,Washing Machine,4.0,582267.56,202713.83,24618.0
ORD010923,2025-03-04,Hyderabad,Clothing,Shoes,2.0,263090.24,42545.51,24620.0
ORD010924,2025-03-31,Agra,Books,Exam Guide,20.0,1902830.0,202370.13,24640.0
ORD010925,2025-01-04,Vadodara,Groceries,Wheat Flour,19.0,1055962.24,112095.3,24659.0
ORD010934,2025-02-19,Mangalore,Sports,Football,17.0,2172137.26,442956.17,24676.0
ORD010953,2025-03-24,Thiruvananthapuram,Beauty,Moisturizer,2.0,16488.32,2277.13,24678.0
ORD010954,2025-02-13,Noida,Furniture,Dining Table,3.0,300601.89,98890.75,24681.0
ORD010964,2025-03-02,Varanasi,Groceries,Cooking Oil,14.0,1902831.42,288864.84,24695.0
ORD010965,2025-02-04,Chennai,Beauty,Lipstick,24.0,483134.4,143789.87,24719.0
ORD010972,2025-03-14,Ahmedabad,Electronics,Smart TV,23.0,2559681.73,721655.55,24742.0
ORD010974,2025-03-02,Chandigarh,Appliances,Air Conditioner,1.0,96160.47,17660.03,24743.0
ORD010975,2025-01-23,Delhi,Groceries,Rice,13.0,784345.64,255795.99,24756.0
ORD010981,2025-03-23,Lucknow,Appliances,Washing Machine,6.0,648145.86,53613.51,24762.0
ORD010984,2025-03-15,Madurai,Appliances,Microwave,16.0,2034880.0,192675.21,24778.0
ORD010987,2025-03-09,Madurai,Furniture,Chair,13.0,966240.99,160316.54,24791.0
ORD010992,2025-02-08,Mangalore,Groceries,Cooking Oil,10.0,1116874.3,113245.06,24801.0
ORD010994,2025-03-10,Thiruvananthapuram,Beauty,Shampoo,20.0,1856730.8,359062.08,24821.0
ORD010997,2025-03-19,Goa,Sports,Badminton Racket,13.0,202685.73,38508.16,24834.0
ORD010999,2025-03-30,Kochi,Books,Notebook,9.0,1331746.92,167817.63,24843.0
ORD011002,2025-03-13,Bengaluru,Electronics,Tablet,18.0,142868.52,46762.13,24861.0
ORD011009,2025-02-05,Lucknow,Electronics,Camera,17.0,1398278.73,412134.86,24878.0
ORD011010,2025-01-18,Pune,Furniture,Sofa,21.0,416436.51,43419.34,24899.0
ORD011012,2025-02-03,Noida,Clothing,Kurta,22.0,2929944.38,745133.24,24921.0
ORD011015,2025-01-15,Agra,Electronics,Camera,20.0,2080915.0,254247.93,24941.0
ORD011017,2025-02-24,Indore,Appliances,Refrigerator,16.0,350011.68,100419.27,24957.0
ORD011026,2025-01-05,Indore,Sports,Cricket Bat,13.0,182646.88,53715.58,24970.0
ORD011037,2025-01-01,Varanasi,Groceries,Rice,15.0,1828357.5,264151.18,24985.0
ORD011044,2025-01-26,Chennai,Groceries,Milk,15.0,1816170.6,182907.89,25000.0
ORD011055,2025-03-17,Ludhiana,Groceries,Tea Powder,2.0,18922.36,5638.74,25002.0
ORD011059,2025-01-21,Ludhiana,Clothing,Kurta,14.0,16403.52,3914.8,25016.0
ORD011062,2025-01-05,Coimbatore,Sports,Football,20.0,886219.2,104565.72,25036.0
ORD011065,2025-02-26,Mangalore,Groceries,Tea Powder,3.0,195777.63,66065.04,25039.0
ORD011082,2025-03-22,Kochi,Beauty,Perfume,16.0,1550041.28,448604.51,25055.0
ORD011086,2025-02-20,Tirupati,Beauty,Face Wash,17.0,863412.32,202311.53,25072.0
ORD011093,2025-03-14,Kolkata,Groceries,Wheat Flour,5.0,328082.85,108806.08,25077.0
ORD011101,2025-02-14,Gurugram,Beauty,Lipstick,7.0,158383.05,32481.78,25084.0
ORD011106,2025-03-24,Kochi,Appliances,Refrigerator,12.0,1686337.44,371161.27,25096.0
ORD011116,2025-02-07,Mangalore,Clothing,Saree,22.0,765879.62,125877.54,25118.0
ORD011130,2025-02-28,Vijayawada,Groceries,Wheat Flour,5.0,551951.6,146391.78,25123.0
ORD011148,2025-01-28,Ludhiana,Clothing,Kurta,24.0,10251.36,3500.87,25147.0
ORD011151,2025-03-26,Tirupati,Beauty,Shampoo,22.0,2180198.24,671574.23,25169.0
ORD011157,2025-03-12,Jaipur,Groceries,Wheat Flour,8.0,331349.36,59884.42,25177.0
ORD011161,2025-03-03,Chandigarh,Electronics,Smart TV,5.0,51135.35,7604.48,25182.0
ORD011173,2025-01-01,Agra,Beauty,Perfume,18.0,1556569.26,229472.01,25200.0
ORD011186,2025-01-10,Indore,Groceries,Milk,2.0,179808.16,35293.28,25202.0
ORD011188,2025-02-04,Noida,Clothing,T-Shirt,25.0,779573.25,85584.52,25227.0
ORD011196,2025-02-01,Coimbatore,Sports,Gym Gloves,22.0,1815819.5,436813.57,25249.0
ORD011203,2025-02-25,Mangalore,Furniture,Sofa,8.0,758280.16,258658.7,25257.0
ORD011207,2025-02-03,Chandigarh,Electronics,Smart Watch,16.0,625118.56,52291.27,25273.0
ORD011208,2025-03-10,Patna,Sports,Football,19.0,443785.47,142335.68,25292.0
ORD011213,2025-01-05,Gurugram,Groceries,Tea Powder,6.0,797790.66,160621.96,25298.0
ORD011215,2025-03-08,Indore,Appliances,Washing Machine,18.0,810373.5,186078.62,25316.0
ORD011221,2025-01-04,Mangalore,Appliances,Refrigerator,18.0,2370398.94,486543.57,25334.0
ORD011230,2025-03-10,Coimbatore,Furniture,Chair,14.0,1025835.58,193789.89,25348.0
ORD011232,2025-03-13,Nashik,Books,Novel,17.0,1221982.78,194670.05,25365.0
ORD011235,2025-02-28,Delhi,Groceries,Tea Powder,9.0,1052924.49,307210.53,25374.0
ORD011237,2025-01-11,Kolkata,,Wardrobe,24.0,1776524.16,413157.37,25398.0
ORD011246,2025-01-05,Bengaluru,Furniture,Bookshelf,12.0,360298.32,113681.61,25410.0
ORD011256,2025-01-15,Madurai,Groceries,Milk,4.0,471972.72,102353.6,25414.0
ORD011258,2025-03-01,Bhopal,Books,Dictionary,12.0,560041.8,55612.05,25426.0
ORD011267,2025-02-08,Vadodara,Clothing,Saree,17.0,2503305.59,233096.87,25443.0
ORD011274,2025-03-30,Chandigarh,Books,Dictionary,5.0,10136.45,2837.56,25448.0
ORD011275,2025-03-31,Thiruvananthapuram,Books,Dictionary,20.0,577420.6,132924.6,25468.0
ORD011279,2025-01-08,Gurugram,Furniture,Chair,7.0,449177.82,73656.77,25475.0
ORD011286,2025-03-22,Guwahati,Clothing,Saree,1.0,107000.68,16793.79,25476.0
ORD011297,2025-03-12,Patna,Electronics,Camera,5.0,476178.1,121732.0,25481.0
ORD011309,2025-02-26,Thiruvananthapuram,Beauty,Perfume,1.0,133376.45,19721.96,25482.0
ORD011312,2025-02-06,Ludhiana,Books,Novel,18.0,1606131.0,422430.91,25500.0
ORD011321,2025-01-26,Vijayawada,Beauty,Shampoo,5.0,695007.6,205252.8,25505.0
ORD011322,2025-03-04,Hubballi,Books,Engineering Book,14.0,1718815.98,417508.96,25519.0
ORD011328,2025-02-27,Agra,Groceries,Milk,10.0,841947.3,68810.97,25529.0
ORD011334,2025-03-10,Bengaluru,Beauty,Face Wash,-1.0,385005.66,80314.75,25535.0
ORD011335,2025-01-24,Agra,Groceries,Rice,14.0,1430315.74,419515.81,25549.0
ORD011338,2025-03-28,Gurugram,Appliances,Microwave,15.0,1878210.75,343038.35,25564.0
ORD011351,2025-01-09,Visakhapatnam,Books,Dictionary,3.0,135106.35,13395.35,25567.0
ORD011355,2025-01-05,Kochi,Appliances,Air Conditioner,25.0,717766.25,226784.32,25592.0
ORD011356,2025-03-14,Pune,Electronics,Headphones,3.0,372742.68,65695.14,25595.0
ORD011364,2025-03-13,Tirupati,Beauty,Shampoo,18.0,39181.86,7975.28,25613.0
ORD011365,2025-03-21,Indore,Electronics,Headphones,11.0,271426.65,48411.51,25624.0
ORD011369,2025-03-03,Indore,Books,Novel,9.0,135467.46,47201.94,25633.0
ORD011374,2025-02-24,Hubballi,Appliances,Refrigerator,5.0,651784.6,107016.06,25638.0
ORD011378,2025-03-06,Madurai,Beauty,Perfume,20.0,697398.2,117405.24,25658.0
ORD011389,2025-01-11,Visakhapatnam,Groceries,Milk,21.0,1502119.29,344381.56,25679.0
ORD011391,2025-01-09,Tirupati,Groceries,Sugar,6.0,398038.02,136223.3,25685.0
ORD011399,2025-02-04,Kanpur,Clothing,Kurta,6.0,102725.34,14932.13,25691.0
ORD011403,2025-03-13,Jaipur,Clothing,Jeans,13.0,1523055.04,481075.14,25704.0
ORD011411,2025-03-22,Chennai,Books,Notebook,23.0,2699426.05,856334.52,25727.0
ORD011412,2025-01-11,Coimbatore,Groceries,Tea Powder,18.0,1553092.38,187555.01,25745.0
ORD011419,2025-02-01,Hubballi,Groceries,Sugar,10.0,500923.9,157578.13,25755.0
ORD011426,2025-03-06,Noida,Books,Novel,7.0,866550.65,139411.0,25762.0
ORD011440,2025-03-18,Nagpur,Books,Notebook,9.0,1073388.78,373646.37,25771.0
ORD011445,2025-03-06,Surat,Books,Dictionary,4.0,416509.6,136050.08,25775.0
ORD011448,2025-03-06,Lucknow,Electronics,Camera,12.0,269234.52,22380.8,25787.0
ORD011449,2025-01-24,Kanpur,Electronics,Tablet,22.0,1368967.82,366407.95,25809.0
ORD011451,2025-01-19,Noida,Electronics,Headphones,22.0,1665424.2,281243.86,25831.0
ORD011456,2025-02-16,Vadodara,Groceries,Tea Powder,10.0,1459189.4,274229.83,25841.0
ORD011459,2025-03-04,Ahmedabad,Appliances,Microwave,12.0,1678324.2,309250.63,25853.0
ORD011461,2025-02-26,Patna,Groceries,Rice,5.0,71473.25,18937.67,25858.0
ORD011463,2025-02-01,Mumbai,Sports,Cricket Bat,2.0,277317.6,31762.97,25860.0
ORD011478,2025-01-07,Lucknow,Books,Exam Guide,4.0,130553.52,25737.5,25864.0
ORD011487,2025-03-14,Chennai,Books,Notebook,17.0,719039.99,218544.11,25881.0
ORD011491,2025-02-17,Coimbatore,Sports,Badminton Racket,22.0,731647.18,188397.16,25903.0
ORD011497,2025-01-25,Ludhiana,Beauty,Shampoo,8.0,1103845.04,343753.64,25911.0
ORD011498,2025-02-13,Lucknow,Books,Exam Guide,25.0,2039911.0,251864.41,25936.0
ORD011510,2025-01-19,Goa,Appliances,Air Conditioner,15.0,762344.85,205432.84,25951.0
ORD011512,2025-02-14,Jaipur,Groceries,Wheat Flour,17.0,167930.25,54636.1,25968.0
ORD011513,2025-03-03,Nagpur,Electronics,Headphones,5.0,701947.35,214241.56,25973.0
ORD011524,2025-01-28,Jaipur,Electronics,Camera,7.0,454478.43,47314.35,25980.0
ORD011525,2025-01-10,Patna,Appliances,Mixer Grinder,13.0,1302117.31,153903.52,25993.0
ORD011528,2025-03-03,Indore,Sports,Gym Gloves,4.0,398298.28,59841.28,25997.0
ORD011530,2025-01-29,Tirupati,Furniture,Sofa,11.0,1154530.52,390689.97,26008.0
ORD011532,2025-03-21,Tirupati,Clothing,T-Shirt,1.0,85449.33,16313.29,26009.0
ORD011544,2025-01-07,Noida,Sports,Gym Gloves,21.0,795698.4,64794.59,26030.0
ORD011548,2025-03-31,Lucknow,Sports,Badminton Racket,1.0,115053.02,19986.64,26031.0
ORD011550,2025-01-31,Vadodara,Furniture,Bookshelf,21.0,2650455.99,538560.08,26052.0
ORD011553,2025-01-05,Lucknow,Books,Notebook,6.0,731933.34,148610.3,26058.0
ORD011554,2025-02-05,Thiruvananthapuram,Sports,Gym Gloves,15.0,1862460.45,576887.75,26073.0
ORD011561,2025-01-30,Bengaluru,Groceries,Tea Powder,6.0,354089.16,101199.27,26079.0
ORD011562,2025-02-14,Ahmedabad,Appliances,Mixer Grinder,18.0,1150785.36,302813.68,26097.0
ORD011563,2025-01-27,Ahmedabad,Sports,Badminton Racket,17.0,316912.47,104066.26,26114.0
ORD011565,2025-03-27,Lucknow,Groceries,Wheat Flour,17.0,76931.29,21467.27,26131.0
ORD011570,2025-02-13,Nagpur,Electronics,Smartphone,16.0,725187.68,245056.12,26147.0
ORD011578,2025-03-08,Surat,Groceries,Tea Powder,1.0,80465.43,18843.41,26148.0
ORD011584,2025-02-26,Guwahati,Books,Novel,11.0,88266.53,26279.05,26159.0
ORD011590,2025-03-17,Bengaluru,Clothing,Shoes,3.0,127273.14,43611.46,26162.0
ORD011592,2025-01-14,Guwahati,Sports,Yoga Mat,22.0,1063093.02,193979.78,26184.0
ORD011595,2025-01-29,Goa,Beauty,Face Wash,4.0,480991.76,109105.65,26188.0
ORD011597,2025-01-10,Nagpur,Books,Exam Guide,21.0,332488.59,113106.4,26209.0
ORD011598,2025-01-18,Nashik,Electronics,Headphones,24.0,2594142.72,357297.29,26233.0
ORD011608,2025-03-15,Visakhapatnam,Electronics,Laptop,6.0,530709.9,152209.6,26239.0
ORD011612,2025-03-11,Delhi,Groceries,Wheat Flour,7.0,420311.71,41909.6,26246.0
ORD011614,2025-01-07,Surat,Books,Notebook,16.0,2161062.88,679761.42,26262.0
ORD011626,2025-01-14,Jaipur,Clothing,Kurta,15.0,304957.35,67011.77,26277.0
ORD011631,2025-03-24,Ahmedabad,Furniture,Bed,7.0,920192.77,82983.98,26284.0
ORD011634,2025-03-26,Hyderabad,Groceries,Rice,21.0,160479.69,44555.08,26305.0
ORD011636,2025-03-28,Coimbatore,Electronics,Headphones,17.0,1251306.08,161802.36,26322.0
ORD011655,2025-01-08,Indore,Books,Novel,5.0,698530.3,153526.98,26327.0
ORD011657,2025-01-05,Patna,Appliances,Washing Machine,22.0,2810855.08,693652.0,26349.0
ORD011665,2025-01-29,Kolkata,Appliances,Mixer Grinder,15.0,504511.2,71219.73,26364.0
ORD011669,2025-01-28,Kolkata,Books,Novel,1.0,64399.56,10303.59,26365.0
ORD011673,2025-03-15,Ahmedabad,Furniture,Bookshelf,6.0,250008.9,68365.03,26371.0
ORD011679,2025-02-26,Mysuru,Books,Dictionary,11.0,973534.1,194761.86,26382.0
ORD011683,2025-02-03,Hubballi,Groceries,Wheat Flour,24.0,1869178.32,267801.81,26406.0
ORD011687,2025-03-15,Nashik,Sports,Football,3.0,288462.9,94844.86,26409.0
ORD011688,2025-02-07,Kolkata,Appliances,Microwave,24.0,466483.92,122642.11,26433.0
ORD011689,2025-03-17,Nashik,Appliances,Refrigerator,6.0,74184.3,12975.05,26439.0
ORD011691,2025-01-29,Bhopal,Groceries,Milk,18.0,2520702.18,436672.29,26457.0
ORD011697,2025-03-30,Bengaluru,Furniture,Bed,8.0,937145.92,108293.0,26465.0
ORD011700,2025-02-18,Visakhapatnam,Clothing,Jacket,20.0,1181497.0,292698.05,26485.0
ORD011711,2025-02-17,Indore,Beauty,Face Wash,4.0,139769.0,47017.88,26489.0
ORD011714,2025-01-21,Kochi,Electronics,Tablet,20.0,2141249.4,181766.62,26509.0
ORD011719,2025-03-21,Lucknow,Electronics,Smart TV,13.0,44500.56,7696.11,26522.0
ORD011721,2025-02-08,Noida,Beauty,Lipstick,10.0,399037.4,63176.92,26532.0
ORD011725,2025-01-06,Bhopal,Electronics,Tablet,18.0,1873258.2,611829.9,26550.0
ORD011728,2025-01-31,Gurugram,Sports,Yoga Mat,4.0,517057.8,101908.86,26554.0
ORD011736,2025-03-11,Gurugram,Beauty,Perfume,11.0,538410.51,115293.44,26565.0
ORD011737,2025-01-15,Coimbatore,Books,Novel,20.0,397912.0,100356.76,26585.0
ORD011741,2025-01-21,Bhopal,Appliances,Air Conditioner,20.0,1490322.2,119834.42,26605.0
ORD011746,2025-02-15,Agra,Appliances,Refrigerator,7.0,918845.55,207693.45,26612.0
ORD011769,2025-03-11,Vijayawada,Clothing,Shoes,1.0,81579.98,14344.47,26613.0
ORD011774,2025-02-19,Indore,Groceries,Cooking Oil,13.0,430211.21,129382.82,26626.0
ORD011782,2025-01-01,Indore,Beauty,Perfume,22.0,2247802.48,651870.8,26648.0
ORD011785,2025-02-06,Tirupati,Books,Novel,13.0,689336.96,226540.66,26661.0
ORD011794,2025-01-10,Delhi,Groceries,Cooking Oil,23.0,1064883.9,165846.99,26684.0
ORD011811,2025-03-16,Visakhapatnam,Beauty,Shampoo,5.0,630185.75,204755.65,26689.0
ORD011812,2025-03-02,Chennai,Sports,Gym Gloves,2.0,63101.88,7697.1,26691.0
ORD011817,2025-03-11,Hubballi,Appliances,Microwave,6.0,65586.18,11609.76,26697.0
ORD011822,2025-02-07,Varanasi,Electronics,Camera,17.0,988150.16,193121.19,26714.0
ORD011824,2025-01-17,Guwahati,Electronics,Laptop,3.0,247816.53,30055.15,26717.0
ORD011835,2025-02-06,Varanasi,Beauty,Perfume,10.0,289115.4,91617.76,26727.0
ORD011838,2025-01-19,Ludhiana,Groceries,Rice,19.0,557652.47,102028.88,26746.0
ORD011841,2025-03-09,Ludhiana,Sports,Football,17.0,2160828.86,382254.3,26763.0
ORD011847,2025-01-04,Goa,Furniture,Bookshelf,3.0,73563.96,23283.4,26766.0
ORD011866,2025-02-13,Goa,Furniture,Chair,9.0,1051563.87,182687.14,26775.0
ORD011870,2025-02-17,Noida,Electronics,Headphones,4.0,437698.36,136913.27,26779.0
ORD011872,2025-03-01,Madurai,Books,Notebook,24.0,384132.96,78916.8,26803.0
ORD011873,2025-03-25,Visakhapatnam,Books,Dictionary,5.0,444557.6,87427.48,26808.0
ORD011874,2025-02-03,Goa,Appliances,Mixer Grinder,11.0,205982.37,24991.43,26819.0
ORD011876,2025-03-03,Hyderabad,Appliances,Washing Machine,21.0,169181.04,41853.05,26840.0
ORD011877,2025-02-24,Bengaluru,Sports,Cricket Bat,5.0,384155.9,41964.47,26845.0
ORD011879,2025-03-02,Kochi,Books,Engineering Book,10.0,766139.8,138580.32,26855.0
ORD011884,2025-01-27,Ahmedabad,Books,Notebook,22.0,1329259.14,462043.88,26877.0
ORD011896,2025-01-06,Nagpur,Beauty,Moisturizer,17.0,2230897.42,563160.9,26894.0
ORD011901,2025-03-06,Kanpur,Books,Novel,3.0,345621.06,62689.63,26897.0
ORD011910,2025-03-01,Surat,Sports,Cricket Bat,16.0,1551101.6,505726.91,26913.0
ORD011914,2025-01-12,Varanasi,Beauty,Perfume,9.0,797266.71,234778.53,26922.0
ORD011915,2025-03-20,Gurugram,Appliances,Mixer Grinder,5.0,351913.7,117347.35,26927.0
ORD011916,2025-02-07,Jaipur,Electronics,Headphones,16.0,2343618.56,658974.87,26943.0
ORD011919,2025-03-18,Varanasi,Sports,Cricket Bat,17.0,860705.24,242636.55,26960.0
ORD011921,2025-03-28,Chennai,Electronics,Camera,4.0,441192.92,41298.04,26964.0
ORD011931,2025-01-21,Surat,Electronics,Tablet,23.0,1176645.73,117843.35,26987.0
ORD011938,2025-03-06,Visakhapatnam,Sports,Yoga Mat,10.0,610401.5,58775.05,26997.0
ORD011939,2025-02-05,Noida,Clothing,T-Shirt,14.0,577364.34,102790.12,27011.0
ORD011941,2025-03-04,Jaipur,Books,Notebook,7.0,243867.4,81519.36,27018.0
ORD011944,2025-02-03,Mangalore,Sports,Yoga Mat,16.0,856144.64,285714.8,27034.0
ORD011946,2025-02-15,Jaipur,Groceries,Wheat Flour,16.0,940248.64,312575.05,27050.0
ORD011953,2025-02-20,Bhopal,Appliances,Air Conditioner,11.0,1268361.6,103716.76,27061.0
ORD011963,2025-02-10,Bengaluru,Groceries,Milk,12.0,1760346.24,569132.81,27073.0
ORD011978,2025-03-02,Hyderabad,Clothing,T-Shirt,10.0,811018.0,264859.3,27083.0
ORD011982,2025-02-27,Nashik,Clothing,Shoes,20.0,592110.2,166918.52,27103.0
ORD011986,2025-01-11,Jaipur,Books,Exam Guide,4.0,66687.64,21702.86,27107.0
ORD011991,2025-01-10,Vadodara,Sports,Gym Gloves,22.0,262935.2,79376.87,27129.0
ORD011997,2025-03-27,Patna,Books,Novel,19.0,271160.78,44963.17,27148.0
ORD011999,2025-01-21,Patna,Appliances,Refrigerator,-5.0,560229.15,158405.49,27161.0
ORD012005,2025-01-01,Delhi,Groceries,Rice,3.0,331498.26,59466.37,27164.0
ORD012018,2025-03-20,Hubballi,Sports,Badminton Racket,10.0,452905.4,155356.3,27174.0
ORD012030,2025-02-23,Jaipur,Clothing,Shoes,12.0,1198104.84,289355.48,27186.0
ORD012034,2025-03-11,Hyderabad,Groceries,Wheat Flour,20.0,1724386.6,431763.43,27206.0
ORD012037,not-a-date,Lucknow,Sports,Gym Gloves,15.0,1150513.35,241015.25,27221.0
ORD012040,2025-02-27,Lucknow,Electronics,Headphones,4.0,145971.64,29115.9,27225.0
ORD012047,2025-02-15,Guwahati,Furniture,Bed,25.0,3625903.25,790963.8,27250.0
ORD012055,2025-03-25,Patna,Furniture,Bookshelf,21.0,2553355.14,358665.55,27271.0
ORD012058,2025-02-21,Jaipur,Sports,Cricket Bat,13.0,928047.77,152384.8,27284.0
ORD012060,2025-03-15,Kanpur,Sports,Football,8.0,1094775.6,275658.21,27292.0
ORD012068,2025-03-29,Coimbatore,Appliances,Air Conditioner,1.0,105690.74,17565.26,27293.0
ORD012069,2025-03-04,Guwahati,Electronics,Laptop,9.0,1129523.67,371387.09,27302.0
ORD012084,2025-01-16,Hubballi,Groceries,Tea Powder,10.0,34044.9,7004.32,27312.0
ORD012087,2025-03-08,,Appliances,Washing Machine,23.0,2403421.8,708577.25,27335.0
ORD012097,2025-01-20,Kolkata,Clothing,T-Shirt,14.0,1679976.48,361426.19,27349.0
ORD012099,2025-02-27,Varanasi,Furniture,Dining Table,14.0,848240.4,121916.26,27363.0
ORD012110,2025-03-29,Goa,Sports,Gym Gloves,-5.0,3162009.18,692785.05,27386.0
ORD012112,2025-01-29,Kolkata,Electronics,Camera,4.0,316659.44,42755.31,27390.0
ORD012117,2025-01-18,Mysuru,Clothing,Jeans,25.0,1931368.5,293880.52,27415.0
ORD012120,2025-01-18,Surat,Furniture,Bed,11.0,832203.46,228166.69,27426.0
ORD012121,2025-02-21,Vijayawada,Furniture,Sofa,23.0,783109.75,132744.17,27449.0
ORD012123,2025-03-11,Goa,Sports,Badminton Racket,6.0,261747.0,50457.61,27455.0
ORD012124,2025-01-25,Agra,Beauty,Moisturizer,12.0,1061064.96,122986.75,27467.0
ORD012125,2025-03-13,Pune,Beauty,Lipstick,22.0,285220.76,24486.57,27489.0
ORD012130,2025-03-26,Hubballi,Groceries,Cooking Oil,15.0,1979696.25,207334.15,27504.0
ORD012137,2025-02-13,Agra,Electronics,Smart TV,12.0,443911.56,60942.3,27516.0
ORD012148,2025-01-09,Coimbatore,Sports,Cricket Bat,4.0,394493.68,77600.87,27520.0
ORD012150,2025-01-18,Mumbai,Beauty,Lipstick,2.0,125161.02,38383.27,27522.0
ORD012155,2025-03-03,Vadodara,Electronics,Headphones,8.0,947796.16,210343.85,27530.0
ORD012158,2025-02-07,Nashik,Sports,Gym Gloves,11.0,1128367.02,246544.82,27541.0
ORD012167,2025-02-04,Varanasi,Furniture,Dining Table,7.0,880981.36,229830.67,27548.0
ORD012173,2025-03-23,Guwahati,Groceries,Wheat Flour,10.0,1080912.0,110905.97,27558.0
ORD012175,2025/99/99,Pune,Beauty,Lipstick,18.0,491434.2,116963.8,27576.0
ORD012180,2025-01-25,Gurugram,Furniture,Wardrobe,6.0,730184.22,175702.64,27582.0
ORD012185,2025-01-19,Ludhiana,Clothing,Jeans,6.0,82070.4,,27588.0
ORD012206,2025-01-07,Hyderabad,Furniture,Chair,3.0,239637.78,20564.06,27591.0
ORD012216,2025-01-13,Gurugram,Furniture,Sofa,3.0,113901.84,35468.44,27594.0
ORD012218,2025-01-25,Indore,Sports,Gym Gloves,23.0,392856.79,42716.79,27617.0
ORD012227,2025-02-08,Hubballi,Groceries,Tea Powder,22.0,1800537.2,270960.5,27639.0
ORD012243,2025-02-15,Madurai,Electronics,Laptop,16.0,2328487.04,637980.67,27655.0
ORD012249,2025-01-05,,Appliances,Mixer Grinder,12.0,282813.0,80362.24,27667.0
ORD012256,2025-01-13,Vijayawada,Groceries,Milk,4.0,426625.92,134015.44,27671.0
ORD012263,2025-01-27,Ahmedabad,Books,Novel,12.0,227890.44,56410.89,27683.0
ORD012273,2025-03-22,Madurai,Sports,Football,5.0,279318.45,67525.39,27688.0
ORD012275,2025-03-01,Varanasi,Furniture,Dining Table,19.0,2849939.01,898965.77,27707.0
ORD012276,2025-03-31,Bengaluru,Electronics,Smartphone,18.0,1349336.16,221432.8,27725.0
ORD012282,2025-03-18,Hubballi,Furniture,Sofa,19.0,153151.21,37393.48,27744.0
ORD012288,2025-02-23,Lucknow,Sports,Gym Gloves,17.0,455704.55,142581.35,27761.0
ORD012295,2025-01-30,Varanasi,Beauty,Moisturizer,8.0,78959.76,10580.7,27769.0
ORD012299,2025-03-30,Thiruvananthapuram,Electronics,Smart TV,4.0,362522.2,77242.81,27773.0
ORD012307,2025-02-12,Hubballi,Appliances,Washing Machine,8.0,1008083.28,223872.27,27781.0
ORD012310,2025-01-09,Agra,Groceries,Tea Powder,3.0,90156.81,31434.53,27784.0
ORD012313,2025-03-27,Chandigarh,Sports,Cricket Bat,23.0,151598.75,28028.49,27807.0
ORD012315,2025-01-01,Coimbatore,Books,Novel,16.0,1914103.2,618366.46,27823.0
ORD012316,2025-01-19,Hyderabad,Beauty,Lipstick,18.0,103237.74,8517.43,27841.0
ORD012322,2025-02-02,Mysuru,Appliances,Washing Machine,20.0,425818.4,35829.74,27861.0
ORD012325,2025-03-05,Varanasi,Furniture,Bookshelf,7.0,723267.65,149595.2,27868.0
ORD012329,2025-03-29,Kolkata,Groceries,Cooking Oil,16.0,1624112.96,294627.91,27884.0
ORD012331,2025-01-08,Chennai,Beauty,Lipstick,21.0,932042.16,,27905.0
ORD012340,2025-03-01,Lucknow,Beauty,Moisturizer,21.0,2089324.02,246189.29,27926.0
ORD012347,2025-03-03,Ludhiana,Clothing,Jeans,21.0,2292552.78,202090.5,27947.0
ORD012351,2025-03-04,Goa,Electronics,Smart TV,25.0,259285.0,79373.14,27972.0
ORD012354,2025-03-18,Patna,Books,Engineering Book,13.0,1534948.87,393755.96,27985.0
ORD012355,2025-02-24,Vadodara,Beauty,Moisturizer,21.0,2509080.84,569818.12,28006.0
ORD012358,2025-02-08,Pune,Beauty,Lipstick,11.0,294630.71,60367.87,28017.0
ORD012359,2025-01-01,Delhi,Books,Novel,21.0,123544.26,35191.2,28038.0
ORD012364,2025-02-06,Mysuru,Appliances,Microwave,24.0,1960812.24,583664.93,28062.0
ORD012369,2025-02-14,Tirupati,Appliances,Microwave,16.0,1406727.36,344149.58,28078.0
ORD012370,2025-03-31,Indore,Books,Engineering Book,5.0,97889.25,18612.27,28083.0
ORD012374,2025-03-25,Jaipur,Groceries,Milk,2.0,289615.32,49028.62,28085.0
ORD012377,2025-03-30,Nagpur,Beauty,Lipstick,21.0,1210868.82,351321.24,28106.0
ORD012382,2025-03-24,Vadodara,Books,Notebook,11.0,157519.56,49141.19,28117.0
ORD012389,2025-02-21,Nashik,Electronics,Tablet,5.0,150040.6,15050.34,28122.0
ORD012403,2025-02-09,Ludhiana,Sports,Badminton Racket,12.0,1785544.56,460514.26,28134.0
ORD012409,2025-02-11,Thiruvananthapuram,Books,Engineering Book,23.0,959534.93,80412.76,28157.0
ORD012419,2025-02-23,Mumbai,Groceries,Rice,24.0,1480042.8,471379.48,28181.0
ORD012425,2025-02-24,Visakhapatnam,Books,Engineering Book,19.0,992632.39,298148.33,28200.0
ORD012426,2025-01-09,Goa,Sports,Yoga Mat,7.0,893307.8,233036.09,28207.0
ORD012427,2025-03-28,Goa,Furniture,Chair,4.0,452383.56,41809.62,28211.0
ORD012429,2025-03-13,Ahmedabad,Books,Exam Guide,24.0,2266739.28,207776.84,28235.0
ORD012431,2025-01-29,Surat,Groceries,Milk,16.0,1158072.48,391625.15,28251.0
ORD012439,2025-02-28,Bhopal,Clothing,Kurta,15.0,1580061.6,136403.62,28266.0
ORD012440,2025-03-03,Indore,Sports,Yoga Mat,20.0,2085342.0,261318.5,28286.0
ORD012447,2025-02-08,Tirupati,Clothing,T-Shirt,6.0,317677.02,102990.43,28292.0
ORD012452,2025-02-25,Guwahati,Groceries,Wheat Flour,19.0,212377.06,36254.59,28311.0
ORD012457,2025-02-14,Delhi,Groceries,Sugar,24.0,2699103.12,876548.4,28335.0
ORD012458,2025-01-04,Ludhiana,Beauty,Shampoo,21.0,2912060.34,972431.51,28356.0
ORD012460,2025-02-14,Kochi,Clothing,Saree,19.0,824981.71,117896.09,28375.0
ORD012462,2025-03-30,Kolkata,Furniture,Bed,3.0,85331.22,16711.28,28378.0
ORD012482,2025-01-22,Hyderabad,Clothing,Shoes,5.0,741596.6,173800.09,28383.0
ORD012486,2025-01-10,Coimbatore,Appliances,Mixer Grinder,21.0,26580.12,3851.25,28404.0
ORD012488,2025-01-20,Jaipur,Furniture,Chair,15.0,1789753.65,339328.93,28419.0
ORD012493,2025-01-20,Thiruvananthapuram,Groceries,Tea Powder,3.0,78489.33,15051.29,28422.0
ORD012500,2025-02-02,Gurugram,Appliances,Washing Machine,4.0,457219.68,151566.93,28426.0
ORD012504,2025-01-07,Varanasi,Electronics,Headphones,21.0,3067921.5,816713.61,28447.0
ORD012508,2025-03-10,Kanpur,Furniture,Sofa,6.0,30592.5,4296.12,28453.0
ORD012509,2025-03-18,Delhi,Furniture,Bed,21.0,2777013.12,919817.7,28474.0
ORD012520,2025-03-24,Goa,Clothing,Kurta,6.0,738336.78,182349.82,28480.0
ORD012523,2025-03-15,Bengaluru,Appliances,Air Conditioner,18.0,930454.38,147919.06,28498.0
ORD012524,2025-03-16,Coimbatore,Electronics,Smart TV,20.0,2893020.8,408431.53,28518.0
ORD012533,2025-01-07,Madurai,,Engineering Book,21.0,2432310.51,595923.43,28539.0
ORD012536,2025-03-23,Delhi,Appliances,Refrigerator,6.0,735114.6,60550.92,28545.0
ORD012537,2025-02-22,Goa,Sports,Gym Gloves,18.0,2147485.68,510974.91,28563.0
ORD012540,2025-01-07,Hyderabad,Clothing,T-Shirt,1.0,100568.38,13962.21,28564.0
ORD012541,2025-03-30,Hyderabad,Furniture,Sofa,18.0,133935.12,31231.74,28582.0
ORD012553,2025-02-20,Kolkata,Electronics,Laptop,24.0,1052565.84,306471.46,28606.0
ORD012554,2025-01-14,Chandigarh,Electronics,Laptop,21.0,192811.5,38404.74,28627.0
ORD012556,2025-01-07,Bhopal,Furniture,Wardrobe,12.0,57516.24,15554.79,28639.0
ORD012558,2025-03-04,Pune,Furniture,Chair,18.0,2048535.72,703115.6,28657.0
ORD012562,2025-03-18,Mysuru,Furniture,Bookshelf,22.0,2955237.56,893961.34,28679.0
ORD012565,2025-03-02,Lucknow,Groceries,Cooking Oil,9.0,316510.65,50271.63,28688.0
ORD012567,2025-01-15,Mangalore,Clothing,Saree,10.0,400256.1,131867.88,28698.0
ORD012568,2025-03-13,Nashik,Beauty,Face Wash,25.0,2370380.5,340919.12,28723.0
ORD012570,2025-01-22,Chandigarh,Sports,Football,18.0,2263892.22,239030.19,28741.0
ORD012582,2025-01-02,Visakhapatnam,Appliances,Washing Machine,17.0,1678663.64,468489.1,28758.0
ORD012586,2025-02-26,Coimbatore,Furniture,Bookshelf,2.0,278068.86,49363.41,28760.0
ORD012589,2025-02-26,Ludhiana,Books,Novel,21.0,1455161.4,197249.57,28781.0
ORD012597,2025-02-03,Vijayawada,Groceries,Sugar,9.0,377046.99,52705.69,28790.0
ORD012598,2025-01-04,Patna,Sports,Football,1.0,147860.51,45323.3,28791.0
ORD012599,2025-01-23,Mysuru,Electronics,Tablet,25.0,2435275.25,764842.45,28816.0
ORD012605,2025-01-04,Guwahati,Appliances,Washing Machine,24.0,16207.92,1957.78,28840.0
ORD012609,2025-03-19,Nagpur,Electronics,Laptop,22.0,862887.3,134418.13,28862.0
ORD012620,2025-02-20,Indore,Furniture,Bookshelf,20.0,2948169.2,462807.5,28882.0
ORD012626,2025-02-25,Mumbai,,Face Wash,17.0,719910.22,158163.0,28899.0
ORD012627,2025-01-30,Nashik,Electronics,Smartphone,,615357.9,93528.09,28909.0
ORD012632,2025-01-20,,Clothing,T-Shirt,6.0,807284.7,243241.64,28915.0
ORD012636,2025-03-08,Agra,Appliances,Mixer Grinder,23.0,2707026.86,807898.28,28938.0
ORD012639,2025-03-22,Vijayawada,Beauty,Shampoo,19.0,512256.91,119124.83,28957.0
ORD012640,2025-01-10,Surat,Beauty,Moisturizer,25.0,1782977.75,449405.11,28982.0
ORD012646,2025-01-04,Visakhapatnam,Books,Engineering Book,4.0,466429.32,135486.87,28986.0
ORD012651,2025-02-18,Mumbai,Furniture,Wardrobe,16.0,563529.76,69477.6,29002.0
ORD012653,2025-02-15,Madurai,Groceries,Milk,13.0,63946.22,16915.39,29015.0
ORD012663,2025-01-15,Delhi,Appliances,Refrigerator,12.0,1343454.12,227211.76,29027.0
ORD012668,2025-01-10,Bhopal,Books,Dictionary,7.0,196489.02,24100.47,29034.0
ORD012669,2025-03-08,Tirupati,Electronics,Smartphone,11.0,839146.11,127486.15,29045.0
ORD012671,2025-02-11,Lucknow,Groceries,Cooking Oil,7.0,958982.85,83921.1,29052.0
ORD012672,2025-02-15,Vijayawada,Books,Engineering Book,1.0,140711.65,29541.05,29053.0
ORD012675,2025-03-03,Nashik,Appliances,Air Conditioner,21.0,176988.0,57782.03,29074.0
ORD012691,2025-01-05,Madurai,Groceries,Wheat Flour,17.0,2427980.29,811889.95,29091.0
ORD012692,2025-03-07,Gurugram,Sports,Yoga Mat,8.0,929561.84,124121.93,29099.0
ORD012701,2025-02-16,Ahmedabad,Furniture,Sofa,25.0,2005971.75,493808.87,29124.0
ORD012704,2025-02-24,Ludhiana,Furniture,Chair,18.0,1828891.08,626494.15,29142.0
ORD012706,2025-01-29,Coimbatore,Groceries,Wheat Flour,20.0,2849989.2,874218.23,29162.0
ORD012713,2025-01-10,Vijayawada,Electronics,Camera,20.0,434989.8,131291.05,29182.0
ORD012720,2025-01-16,Chennai,Clothing,Jeans,2.0,278967.8,31368.23,29184.0
ORD012721,2025-02-25,Gurugram,Appliances,Microwave,12.0,1192908.96,175772.15,29196.0
ORD012723,2025-01-11,Varanasi,Groceries,Milk,4.0,50046.4,14312.77,29200.0
ORD012737,2025-02-09,Guwahati,Electronics,Laptop,17.0,677045.23,193186.43,29217.0
ORD012742,2025-02-23,Jaipur,Electronics,Camera,6.0,302822.58,28001.93,29223.0
ORD012753,2025-02-20,Mysuru,Beauty,Lipstick,12.0,1777275.24,276704.57,29235.0
ORD012754,2025-01-06,Thiruvananthapuram,Electronics,Headphones,21.0,2728206.18,457210.25,29256.0
ORD012759,2025-03-22,Hubballi,Books,Engineering Book,22.0,1509214.3,340213.93,29278.0
ORD012770,2025-02-08,Agra,Sports,Yoga Mat,10.0,207351.1,20289.77,29288.0
ORD012773,2025-01-17,Kolkata,Furniture,Chair,21.0,3015564.3,616665.78,29309.0
ORD012779,2025-03-23,Chandigarh,Appliances,Refrigerator,8.0,126208.16,30617.42,29317.0
ORD012791,2025-03-04,Mumbai,Sports,Gym Gloves,6.0,292283.94,65117.97,29323.0
ORD012792,2025-03-22,Kolkata,Clothing,Kurta,16.0,1156196.64,390162.92,29339.0
ORD012794,2025-02-02,Mysuru,Furniture,Sofa,24.0,465574.08,111828.85,29363.0
ORD012810,2025-03-19,Delhi,Groceries,Wheat Flour,4.0,564710.76,194600.24,29367.0
ORD012819,2025-01-13,Coimbatore,Beauty,Lipstick,16.0,1431305.92,437644.22,29383.0
ORD012826,2025-02-18,Hyderabad,Furniture,Bookshelf,13.0,675292.28,111205.31,29396.0
ORD012833,2025-02-11,Madurai,Books,Novel,17.0,2040154.87,491099.22,29413.0
ORD012834,2025-02-20,Mumbai,Books,Dictionary,25.0,1864463.0,346623.03,29438.0
ORD012841,2025-01-19,Visakhapatnam,Beauty,Perfume,9.0,1104764.67,166235.14,29447.0
ORD012843,2025-02-24,Indore,Groceries,Cooking Oil,5.0,244864.8,72772.42,29452.0
ORD012849,2025-03-15,Lucknow,Furniture,Bed,17.0,769419.32,232565.6,29469.0
ORD012853,2025-03-08,Jaipur,Clothing,Shoes,1.0,104717.26,12729.33,29470.0
ORD012862,2025-03-29,Chandigarh,Beauty,Lipstick,23.0,855590.57,222338.06,29493.0
ORD012863,2025-01-07,Tirupati,Clothing,Saree,6.0,778871.58,96305.59,29499.0
ORD012864,2025-03-08,Varanasi,Beauty,Perfume,13.0,624528.97,82095.26,29512.0
ORD012865,2025-02-01,Goa,Groceries,Milk,9.0,701022.33,106344.07,29521.0
ORD012871,2025-02-13,Nagpur,Beauty,Shampoo,20.0,137263.6,45168.25,29541.0
ORD012873,2025-03-12,Indore,Books,Engineering Book,15.0,846740.7,78822.89,29556.0
ORD012876,2025-02-18,Mysuru,Books,Novel,1.0,132961.56,35499.31,29557.0
ORD012881,2025-03-24,Surat,Groceries,Milk,7.0,187894.42,21710.63,29564.0
ORD012888,2025-03-16,Ludhiana,Appliances,Microwave,16.0,2387396.8,777402.99,29580.0
ORD012891,2025-01-02,Agra,Books,Exam Guide,4.0,579142.76,192728.83,29584.0
ORD012897,2025-03-14,Hyderabad,Furniture,Dining Table,19.0,1164376.43,361044.84,29603.0
ORD012902,2025-03-04,Coimbatore,Appliances,Refrigerator,17.0,1177914.87,180567.9,29620.0
ORD012903,2025-02-04,Nagpur,Beauty,Lipstick,5.0,118112.95,28467.38,29625.0
ORD012908,2025-03-21,Bengaluru,Sports,Yoga Mat,17.0,1693379.52,530906.04,29642.0
ORD012922,2025-01-26,Madurai,Groceries,Milk,2.0,109716.36,35409.44,29644.0
ORD012924,2025-03-06,Vijayawada,Appliances,Washing Machine,1.0,21296.15,3305.04,29645.0
ORD012928,2025-01-13,Nagpur,Appliances,Washing Machine,8.0,389717.52,64524.37,29653.0
ORD012929,2025-01-27,Delhi,Appliances,Microwave,12.0,900320.04,244277.02,29665.0
ORD012930,2025-01-02,Bengaluru,Sports,Football,17.0,2253012.89,200245.26,29682.0
ORD012933,2025-03-05,Bengaluru,Clothing,Jacket,20.0,503022.4,133374.62,29702.0
ORD012934,2025-02-13,Tirupati,Furniture,Wardrobe,17.0,830331.85,103096.28,29719.0
ORD012935,2025-03-07,Madurai,Books,Engineering Book,25.0,2605514.5,552879.54,29744.0
ORD012942,2025-03-21,Varanasi,Appliances,Mixer Grinder,22.0,1951030.4,395227.52,29766.0
ORD012960,2025-02-18,Visakhapatnam,Clothing,Saree,17.0,19922.3,5340.04,29783.0
ORD012966,2025-02-12,Thiruvananthapuram,Furniture,Bed,22.0,2657424.0,330988.6,29805.0
ORD012968,2025-03-10,Mumbai,Groceries,Milk,4.0,12191.2,2486.67,29809.0
ORD012981,2025-01-11,Jaipur,Appliances,Refrigerator,20.0,2815681.0,647711.46,29829.0
ORD012983,2025-03-08,Patna,Clothing,Jacket,3.0,214430.1,18515.34,29832.0
ORD012985,2025-03-20,Goa,Books,Dictionary,21.0,2838115.35,604113.69,29853.0
ORD012990,2025-03-21,Ahmedabad,Electronics,Smartphone,11.0,556134.81,96825.05,29864.0
ORD012996,2025-01-12,Patna,Furniture,Sofa,5.0,669708.9,95446.95,29869.0
ORD013000,2025-01-25,Hubballi,Sports,Yoga Mat,20.0,8595.2,2031.03,29889.0
ORD013008,2025-02-07,Delhi,Sports,Gym Gloves,12.0,1592571.12,186454.98,29901.0
ORD013018,2025-02-27,Lucknow,Clothing,Jeans,25.0,2851764.0,917036.54,29926.0
ORD013019,2025-01-17,Hubballi,Furniture,Chair,15.0,2199511.35,300298.16,29941.0
ORD013020,2025-01-19,Thiruvananthapuram,Furniture,Chair,2.0,99179.5,19937.34,29943.0
ORD013026,2025-03-04,Ludhiana,Clothing,Kurta,24.0,824960.16,112647.19,29967.0
ORD013027,2025-03-30,Mysuru,Groceries,Wheat Flour,14.0,1732570.42,178363.5,29981.0
ORD013043,2025-02-23,Gurugram,Furniture,Chair,24.0,2481749.04,383830.69,30005.0
ORD013051,2025-03-19,Varanasi,Beauty,Moisturizer,20.0,735705.6,110551.32,30025.0
ORD013055,2025-03-06,Mangalore,Beauty,Lipstick,8.0,821102.08,251773.85,30033.0
ORD013068,2025-03-04,Delhi,Furniture,Bookshelf,6.0,708175.56,73345.21,30039.0
ORD013076,2025-03-08,Thiruvananthapuram,Books,Dictionary,24.0,1214580.24,207470.33,30063.0
ORD013081,2025-03-03,Hyderabad,Appliances,Air Conditioner,9.0,817295.4,139617.99,30072.0
ORD013091,2025-01-24,Chennai,Books,Engineering Book,19.0,2632117.5,582248.42,30091.0
ORD013099,2025-01-06,Agra,Books,Dictionary,7.0,923232.17,109478.04,30098.0
ORD013112,2025-01-20,Guwahati,Sports,Gym Gloves,23.0,1023601.89,319788.27,30121.0
ORD013114,2025-01-27,Bengaluru,Furniture,Dining Table,14.0,1252654.2,262836.65,30135.0
ORD013115,2025-03-21,Patna,Books,Novel,1.0,111928.66,9838.15,30136.0
ORD013119,2025-03-16,Ahmedabad,Clothing,Jeans,8.0,1157158.64,130037.58,30144.0
ORD013129,2025-02-05,Ahmedabad,Clothing,T-Shirt,17.0,522650.04,171703.94,30161.0
ORD013132,2025-03-06,Lucknow,Furniture,Wardrobe,2.0,230055.6,74929.84,30163.0
ORD013136,2025-02-19,Nashik,Books,Novel,24.0,3140225.28,317532.04,30187.0
ORD013138,2025-03-11,Tirupati,Clothing,T-Shirt,4.0,508220.68,55474.62,30191.0
ORD013139,2025-01-25,Agra,Appliances,Mixer Grinder,22.0,1726424.7,445425.48,30213.0
ORD013142,2025-01-04,Nagpur,Clothing,Jeans,17.0,372391.63,93661.59,30230.0
ORD013150,2025-03-03,Chandigarh,Sports,Gym Gloves,22.0,710515.3,200414.4,30252.0
ORD013155,2025-01-19,Madurai,Beauty,Shampoo,17.0,1694666.25,498560.17,30269.0
ORD013159,2025-02-18,Jaipur,Books,Engineering Book,7.0,501282.53,118616.75,30276.0
ORD013167,2025-02-22,Indore,Beauty,Moisturizer,20.0,2899101.0,353129.79,30296.0
ORD013176,2025-03-04,Guwahati,Appliances,Microwave,1.0,33977.71,6424.02,30297.0
ORD013187,2025-02-22,Tirupati,Clothing,T-Shirt,24.0,1441324.32,129919.45,30321.0
ORD013199,2025-01-13,Pune,Furniture,Bed,8.0,844832.8,253285.5,30329.0
ORD013204,2025-01-08,Pune,Sports,Football,16.0,2190894.08,731695.89,30345.0
ORD013220,2025-03-25,Bengaluru,Groceries,Wheat Flour,22.0,3043296.74,921733.12,30367.0
ORD013221,2025-01-21,Goa,Groceries,Wheat Flour,20.0,734663.4,212161.12,30387.0
ORD013227,2025-02-25,Vadodara,Beauty,Face Wash,3.0,109316.16,9687.81,30390.0
ORD013228,2025-01-21,Ahmedabad,Beauty,Lipstick,21.0,719164.74,64975.49,30411.0
ORD013245,2025-03-10,Nagpur,Beauty,Lipstick,4.0,184011.48,19676.43,30415.0
ORD013258,2025-01-28,Vijayawada,Sports,Football,21.0,904386.63,315145.41,30436.0
ORD013259,2025-02-02,Madurai,Electronics,Smart TV,15.0,286825.65,29802.13,30451.0
ORD013261,2025-01-05,Kanpur,Electronics,Smartphone,16.0,629537.12,155647.8,30467.0
ORD013267,2025-03-11,Delhi,Beauty,Moisturizer,13.0,855395.45,266895.11,30480.0
ORD013273,2025-01-27,Hubballi,Furniture,Bookshelf,25.0,2031914.25,382945.52,30505.0
ORD013274,2025-02-06,Visakhapatnam,Sports,Football,7.0,1044216.18,308156.24,30512.0
ORD013276,2025-02-08,Hubballi,Books,Dictionary,16.0,2013599.2,413717.59,30528.0
ORD013281,2025-02-17,Tirupati,Furniture,Chair,21.0,476754.6,41579.15,30549.0
ORD013293,2025-03-20,Gurugram,Books,Dictionary,22.0,555269.66,128656.25,30571.0
ORD013297,2025-03-28,Vadodara,Clothing,Jacket,13.0,1459915.47,195320.78,30584.0
ORD013302,2025-03-05,Visakhapatnam,Beauty,Lipstick,13.0,400259.08,55730.23,30597.0
ORD013303,2025-03-13,Patna,Groceries,Rice,20.0,1809914.0,549235.52,30617.0
ORD013304,2025-01-26,Ahmedabad,Electronics,Camera,7.0,910234.5,,30624.0
ORD013308,2025-01-04,Mangalore,Sports,Badminton Racket,12.0,759121.08,181898.45,30636.0
ORD013312,2025-03-02,Nashik,Sports,Cricket Bat,8.0,207842.4,52976.37,30644.0
ORD013315,2025-13-01,Indore,Appliances,Washing Machine,25.0,1734303.5,200348.26,30669.0
ORD013316,2025-03-25,Bengaluru,Books,Notebook,20.0,2504623.2,498830.6,30689.0
ORD013317,2025-02-27,Tirupati,Books,Exam Guide,4.0,560196.72,148750.18,30693.0
ORD013320,2025-03-02,Varanasi,Books,Exam Guide,10.0,1422481.1,164704.76,30703.0
ORD013323,2025-02-10,Thiruvananthapuram,Books,Notebook,15.0,768295.5,106411.77,30718.0
ORD013330,2025-02-17,Bhopal,Beauty,Moisturizer,19.0,1898373.41,422278.59,30737.0
ORD013332,2025-01-02,Mysuru,Sports,Football,13.0,857364.04,118265.45,30750.0
ORD013338,2025-01-16,Lucknow,Books,Exam Guide,18.0,2685162.6,434012.95,30768.0
ORD013339,2025-02-15,Bhopal,Sports,Football,11.0,1199795.85,384261.11,30779.0
ORD013346,2025-03-07,Mumbai,Appliances,Microwave,1.0,92628.77,13112.11,30780.0
ORD013353,2025-03-01,Mangalore,Furniture,Bed,20.0,1386788.0,112333.52,30800.0
ORD013355,2025-02-14,Surat,Books,Dictionary,19.0,2185963.49,200656.08,30819.0
ORD013358,2025-03-04,Kanpur,Clothing,Kurta,11.0,1331271.48,288743.86,30830.0
ORD013368,2025-02-25,Goa,Sports,Yoga Mat,9.0,1074719.79,140572.09,30839.0
ORD013378,2025-01-27,Ludhiana,Appliances,Air Conditioner,16.0,1893566.08,196167.94,30855.0
ORD013392,2025-02-25,Ahmedabad,Furniture,Wardrobe,5.0,26839.65,6957.66,30860.0
ORD013399,2025-02-01,Kanpur,Books,Notebook,12.0,1561832.76,329217.42,30872.0
ORD013401,2025-03-09,Gurugram,Appliances,Microwave,5.0,499531.35,53241.45,30877.0
ORD013412,2025-03-14,Chandigarh,Furniture,Bed,16.0,2150124.8,480665.76,30893.0
ORD013413,2025-01-04,Gurugram,Groceries,Tea Powder,18.0,2568226.68,789740.28,30911.0
ORD013416,2025-02-16,Hyderabad,Furniture,Bed,13.0,52257.27,6177.11,30924.0
ORD013426,2025-02-10,Nagpur,Clothing,Saree,8.0,923938.16,270766.63,30932.0
ORD013429,2025-02-23,Hubballi,Sports,Badminton Racket,18.0,836114.22,163912.31,30950.0
ORD013438,2025-02-09,Kochi,Electronics,Camera,2.0,181290.02,56144.18,30952.0
ORD013444,2025-02-10,Goa,Furniture,Chair,5.0,256517.0,38622.89,30957.0
ORD013445,2025-02-27,Kochi,Sports,Cricket Bat,3.0,97265.25,20704.84,30960.0
ORD013465,2025-02-27,Surat,Beauty,Moisturizer,19.0,181277.1,28237.63,30979.0
ORD013468,2025-03-14,Bhopal,Beauty,Lipstick,2.0,155760.66,33654.45,30981.0
ORD013472,2025-01-04,Indore,Appliances,Microwave,9.0,1070422.74,333141.89,30990.0
ORD013473,2025-01-25,Gurugram,Furniture,Sofa,21.0,914910.36,228694.96,31011.0
ORD013476,2025-02-25,Vadodara,Appliances,Mixer Grinder,20.0,2721998.2,316516.48,31031.0
ORD013499,2025-03-10,Guwahati,Books,Engineering Book,25.0,1245977.0,123353.92,31056.0
ORD013504,2025-01-23,Kanpur,Appliances,Air Conditioner,22.0,2597781.56,784697.0,31078.0
ORD013511,2025-02-19,Indore,Electronics,Camera,1.0,95112.13,15591.12,31079.0
ORD013513,2025-01-20,Chennai,Sports,Gym Gloves,13.0,147619.42,30975.6,31092.0
ORD013515,2025-03-03,Kanpur,Beauty,Face Wash,16.0,1234751.68,221239.25,31108.0
ORD013527,2025-02-10,Kanpur,Groceries,Rice,16.0,1520220.64,314135.94,31124.0
ORD013529,2025-02-23,Kolkata,Groceries,Cooking Oil,24.0,3377379.36,811508.27,31148.0
ORD013531,2025-02-08,Kanpur,Beauty,Lipstick,18.0,915291.0,201167.67,31166.0
ORD013535,2025-03-06,Vadodara,Sports,Gym Gloves,3.0,178015.41,37739.18,31169.0
ORD013542,2025-02-09,Mumbai,Groceries,Sugar,18.0,902847.78,143278.98,31187.0
ORD013547,2025-03-08,Bhopal,Appliances,Refrigerator,12.0,419904.24,125431.1,31199.0
ORD013549,2025-03-09,Patna,Books,Dictionary,15.0,1754860.95,565718.15,31214.0
ORD013550,2025-01-25,Pune,Appliances,Mixer Grinder,2.0,251486.5,77030.34,31216.0
ORD013551,2025-02-11,Ludhiana,Groceries,Tea Powder,21.0,2607381.21,363913.89,31237.0
ORD013560,2025-02-18,Goa,Beauty,Face Wash,22.0,2148108.6,412425.3,31259.0
ORD013562,2025-03-07,Chandigarh,Clothing,Shoes,17.0,2398375.3,287856.76,31276.0
ORD013568,2025-02-25,Tirupati,Electronics,Headphones,15.0,529577.1,74873.71,31291.0
ORD013569,2025-01-02,Coimbatore,Clothing,Shoes,14.0,1630931.12,440090.87,31305.0
ORD013575,2025-03-26,Goa,Electronics,Laptop,25.0,304871.75,31063.7,31330.0
ORD013576,2025-01-15,Nagpur,Electronics,Laptop,24.0,2431137.6,828277.99,31354.0
ORD013579,2025-03-10,Madurai,Groceries,Wheat Flour,6.0,94180.02,25485.36,31360.0
ORD013580,2025-03-08,Nagpur,Beauty,Face Wash,24.0,3187982.16,1044603.36,31384.0
ORD013591,2025-02-28,Lucknow,Electronics,Laptop,23.0,1670357.52,134179.13,31407.0
ORD013594,2025-03-12,Thiruvananthapuram,Books,Exam Guide,3.0,263159.28,78626.83,31410.0
ORD013600,2025-02-16,Gurugram,Clothing,Jeans,20.0,459473.2,138892.44,31430.0
ORD013610,2025-02-13,Ludhiana,Clothing,Shoes,19.0,1089896.81,326494.0,31449.0
ORD013613,2025-02-08,Kanpur,Books,Novel,7.0,684552.26,172005.24,31456.0
ORD013614,2025-02-23,Surat,Sports,Gym Gloves,8.0,1194452.16,144989.47,31464.0
ORD013617,2025-03-05,Hubballi,Clothing,Saree,10.0,1036232.8,198113.44,31474.0
ORD013621,2025-02-14,Visakhapatnam,Groceries,Wheat Flour,23.0,2750477.08,513162.43,31497.0
ORD013623,2025-01-28,Hubballi,Electronics,Smart TV,17.0,1669734.73,304018.65,31514.0
ORD013644,2025-02-01,Tirupati,Groceries,Sugar,20.0,2600312.6,762000.82,31534.0
ORD013652,2025-02-20,Bhopal,Sports,Football,6.0,748128.06,151841.88,31540.0
ORD013654,2025-03-16,Ahmedabad,Beauty,Shampoo,14.0,160919.22,13518.98,31554.0
ORD013655,2025-03-10,Thiruvananthapuram,Books,Engineering Book,5.0,41851.1,14523.33,31559.0
ORD013658,2025-01-26,Noida,Appliances,Refrigerator,12.0,1607738.4,198254.15,31571.0
ORD013660,2025-03-10,Mangalore,Sports,Badminton Racket,3.0,209389.47,28984.77,31574.0
ORD013679,2025-03-13,Bhopal,Sports,Gym Gloves,19.0,358111.24,38035.28,31593.0
ORD013681,2025-02-26,Ahmedabad,Electronics,Laptop,1.0,20705.33,2689.78,31594.0
ORD013686,2025-02-11,Coimbatore,Sports,Badminton Racket,2.0,118827.9,36345.74,31596.0
ORD013691,2025-03-12,Mumbai,Appliances,Microwave,9.0,614729.79,172196.31,31605.0
ORD013698,2025-01-04,Agra,Clothing,Jacket,21.0,2244727.59,455150.11,31626.0
ORD013699,2025-03-16,Goa,Clothing,Kurta,20.0,552698.2,142832.27,31646.0
ORD013701,2025-02-20,Nashik,Clothing,Shoes,6.0,501810.3,66949.26,31652.0
ORD013705,2025-03-02,Tirupati,Beauty,Moisturizer,21.0,2187390.45,256117.29,31673.0
ORD013712,2025-01-24,Indore,Electronics,Camera,24.0,1900982.16,353864.69,31697.0
ORD013725,2025-01-17,Nagpur,Appliances,Refrigerator,22.0,495076.34,152094.57,31719.0
ORD013733,2025-02-20,Vijayawada,Appliances,Microwave,11.0,536903.29,50526.14,31730.0
ORD013735,2025-01-21,Kolkata,Groceries,Cooking Oil,23.0,2835131.57,861138.32,31753.0
ORD013741,2025-01-21,Chandigarh,Clothing,Kurta,16.0,572235.84,200133.02,31769.0
ORD013747,2025-03-09,Kolkata,Beauty,Perfume,16.0,2118321.6,413589.67,31785.0
ORD013758,2025-01-06,Pune,Electronics,Smart Watch,10.0,1085632.8,139305.07,31795.0
ORD013763,2025-03-13,Visakhapatnam,Appliances,Washing Machine,8.0,435535.36,74765.78,31803.0
ORD013773,2025-02-13,Jaipur,Electronics,Camera,10.0,1427904.8,388188.76,31813.0
ORD013774,2025-03-09,Surat,Books,Novel,19.0,784803.93,234742.68,31832.0
ORD013776,2025-03-06,Kolkata,Sports,Cricket Bat,22.0,108863.92,13815.83,31854.0
ORD013782,2025-02-11,Jaipur,Groceries,Sugar,5.0,609781.45,109391.34,31859.0
ORD013785,2025-01-18,Madurai,Books,Dictionary,10.0,341315.7,98700.44,31869.0
ORD013793,2025-01-01,Lucknow,Groceries,Wheat Flour,3.0,279761.58,87187.53,31872.0
ORD013795,2025-02-06,Mysuru,Electronics,Smartphone,23.0,1977085.75,199778.08,31895.0
ORD013803,2025-02-24,Vijayawada,Beauty,Lipstick,22.0,86865.46,19434.83,31917.0
ORD013815,2025-03-21,Nagpur,Clothing,Kurta,11.0,1060131.05,225042.68,31928.0
ORD013822,2025-03-15,Gurugram,Clothing,Jeans,19.0,1993066.37,354061.0,31947.0
ORD013826,2025-01-17,Chennai,Clothing,Saree,4.0,12037.96,2784.18,31951.0
ORD013827,2025-03-14,Varanasi,Furniture,Dining Table,21.0,2043099.45,363166.55,31972.0
ORD013830,2025-01-31,Chennai,Electronics,Smartphone,15.0,1877300.85,375874.36,31987.0
ORD013831,2025-03-13,Surat,Books,Notebook,16.0,314528.48,80863.53,32003.0
ORD013833,2025-03-03,Patna,Clothing,Saree,25.0,2810096.0,563120.93,32028.0
ORD013840,2025-02-10,Chennai,Books,Dictionary,13.0,1405439.62,295718.82,32041.0
ORD013847,2025-02-28,Mysuru,Sports,Badminton Racket,2.0,131944.5,28181.97,32043.0
ORD013848,2025-03-23,Nashik,Furniture,Chair,24.0,3440839.92,341796.6,32067.0
ORD013854,2025-01-30,Ahmedabad,Electronics,Smartphone,22.0,1589362.72,464467.88,32089.0
ORD013856,2025-01-09,Thiruvananthapuram,Sports,Yoga Mat,25.0,1693595.25,181148.15,32114.0
ORD013858,2025-02-23,Mangalore,Clothing,Shoes,3.0,212454.21,33156.84,32117.0
ORD013879,2025-03-27,Surat,Books,Exam Guide,10.0,311341.2,32324.66,32127.0
ORD013880,2025-01-12,Thiruvananthapuram,Beauty,Face Wash,22.0,1238871.48,105069.88,32149.0
ORD013882,2025-01-28,Ahmedabad,Furniture,Chair,20.0,1617929.8,175371.73,32169.0
ORD013892,2025-02-11,Chennai,Sports,Yoga Mat,14.0,894714.8,299938.53,32183.0
ORD013893,2025-01-22,Goa,Books,Notebook,19.0,165555.36,39782.48,32202.0
ORD013902,2025-02-03,Kochi,Electronics,Tablet,19.0,1834088.62,439694.1,32221.0
ORD013915,2025-02-07,Mangalore,Electronics,Smartphone,13.0,854440.6,166256.47,32234.0
ORD013918,2025-03-04,Madurai,Furniture,Bookshelf,4.0,578674.08,166392.59,32238.0
ORD013921,2025-02-20,Agra,Furniture,Dining Table,17.0,1591592.7,325141.61,32255.0
ORD013922,2025-03-20,Bhopal,Groceries,Cooking Oil,18.0,1468042.2,311464.17,32273.0
ORD013924,2025-02-20,Bengaluru,Electronics,Tablet,23.0,2691843.18,633609.74,32296.0
ORD013928,2025-01-28,Agra,Sports,Badminton Racket,18.0,1444869.72,159696.96,32314.0
ORD013930,2025-02-02,Indore,Groceries,Sugar,9.0,1290323.34,260131.17,32323.0
ORD013931,2025-03-30,Chandigarh,Appliances,Washing Machine,22.0,2524454.9,472566.6,32345.0
ORD013939,2025-01-31,Ahmedabad,Beauty,Moisturizer,2.0,132361.94,35367.29,32347.0
ORD013941,2025-02-04,Kochi,Electronics,Camera,22.0,1597305.16,207561.36,32369.0
ORD013942,2025-01-18,Agra,Appliances,Mixer Grinder,25.0,1354715.75,223921.62,32394.0
ORD013948,2025-01-27,Jaipur,Books,Dictionary,25.0,1939014.25,281771.51,32419.0
ORD013949,2025-01-10,Patna,Clothing,Jacket,21.0,1955567.46,601575.46,32440.0
ORD013955,2025-02-23,Indore,Sports,Gym Gloves,17.0,29623.01,4001.82,32457.0
ORD013957,2025-02-26,Noida,Books,Exam Guide,15.0,1496187.45,337792.72,32472.0
ORD013966,2025-01-14,Visakhapatnam,Groceries,Tea Powder,5.0,242783.9,23429.44,32477.0
ORD013969,2025-01-26,Patna,Beauty,Moisturizer,15.0,491940.9,157757.45,32492.0
ORD013990,2025-03-07,Lucknow,Appliances,Microwave,21.0,2171003.31,599465.83,32513.0
ORD014016,2025-01-19,Vadodara,Groceries,Rice,25.0,2655441.75,799789.66,32538.0
ORD014022,2025-03-21,Bengaluru,Groceries,Milk,25.0,636762.75,183133.32,32563.0
ORD014023,2025-01-03,Bengaluru,Books,Dictionary,11.0,1617108.24,325159.79,32574.0
ORD014028,2025-03-09,Pune,Groceries,Tea Powder,13.0,706034.55,105884.07,32587.0
ORD014029,2025-03-23,Lucknow,Appliances,Washing Machine,20.0,826663.0,271705.2,32607.0
ORD014040,2025-02-10,Guwahati,Appliances,Air Conditioner,21.0,284881.59,30359.7,32628.0
ORD014065,2025-01-22,Mysuru,Appliances,Refrigerator,3.0,108813.84,17029.4,32631.0
ORD014070,2025-02-22,Kochi,Groceries,Tea Powder,21.0,1769093.55,323419.95,32652.0
ORD014076,2025-03-28,Nagpur,Furniture,Wardrobe,1.0,89633.32,11760.04,32653.0
ORD014077,2025-03-29,Mangalore,Sports,Football,11.0,1248600.1,397008.94,32664.0
ORD014078,2025-01-08,Thiruvananthapuram,Beauty,Moisturizer,18.0,2449891.62,807587.92,32682.0
ORD014082,2025-03-02,Nashik,Electronics,Smart TV,3.0,97189.59,23187.42,32685.0
ORD014084,2025-03-20,Bhopal,Books,Notebook,24.0,927357.84,174513.09,32709.0
ORD014089,2025-01-07,Varanasi,Books,Engineering Book,22.0,2256015.74,517357.74,32731.0
ORD014098,2025-02-25,Delhi,Clothing,Saree,7.0,160904.17,22158.51,32738.0
ORD014104,2025-02-12,Bengaluru,Sports,Yoga Mat,18.0,1024124.04,137581.3,32756.0
ORD014106,2025-01-20,Hubballi,Appliances,Mixer Grinder,6.0,728371.5,206794.55,32762.0
ORD014108,2025-01-26,Thiruvananthapuram,Sports,Yoga Mat,18.0,1571494.86,465348.67,32780.0
ORD014109,2025-03-10,Kochi,Electronics,Tablet,20.0,1240309.8,149932.54,32800.0
ORD014114,2025-03-29,Varanasi,Sports,Badminton Racket,18.0,1023341.58,87482.87,32818.0
ORD014117,2025-02-19,Chandigarh,Books,Exam Guide,6.0,817530.12,150973.21,32824.0
ORD014119,2025-01-05,Tirupati,Books,Novel,16.0,150330.08,22567.34,32840.0
ORD014123,2025-01-27,Mumbai,Beauty,Shampoo,25.0,2229781.75,220355.42,32865.0
ORD014127,2025-02-14,Coimbatore,Appliances,Microwave,8.0,181023.12,22168.33,32873.0
ORD014135,2025-01-19,Mysuru,Sports,Badminton Racket,5.0,29955.9,5582.01,32878.0
ORD014136,2025-02-07,Chandigarh,Books,Exam Guide,19.0,2252856.6,261955.79,32897.0
ORD014138,2025-02-02,Mysuru,Appliances,Mixer Grinder,15.0,2073660.0,387966.44,32912.0
ORD014139,2025-01-20,Kolkata,Electronics,Headphones,21.0,1289266.44,366589.79,32933.0
ORD014143,2025-03-31,Hubballi,Beauty,Lipstick,17.0,1279626.72,383330.01,32950.0
ORD014144,2025-02-16,Bhopal,Electronics,Tablet,21.0,1425782.4,312541.62,32971.0
ORD014151,2025-01-06,Indore,Appliances,Mixer Grinder,10.0,294368.1,52871.37,32981.0
ORD014153,2025-03-27,Chennai,Clothing,Jacket,25.0,1573437.25,443014.04,33006.0
ORD014167,2025-03-30,Visakhapatnam,Sports,Badminton Racket,11.0,278642.54,50566.9,33017.0
ORD014170,2025-03-10,Indore,Books,Novel,17.0,1217798.74,383306.4,33034.0
ORD014173,2025-03-14,Hubballi,Appliances,Mixer Grinder,20.0,1977804.4,286273.23,33054.0
ORD014175,2025-03-06,Jaipur,Electronics,Headphones,12.0,1213681.08,352953.6,33066.0
ORD014176,2025-01-01,Bengaluru,Electronics,Smartphone,19.0,1600104.19,465508.37,33085.0
ORD014190,2025-01-03,Visakhapatnam,Clothing,T-Shirt,24.0,3588045.84,796600.47,33109.0
ORD014205,2025-01-02,Tirupati,Books,Notebook,9.0,1114862.31,229351.95,33118.0
ORD014206,2025-01-09,Thiruvananthapuram,Clothing,Shoes,21.0,2452470.72,851925.25,33139.0
ORD014213,2025-02-09,Ahmedabad,Furniture,Wardrobe,4.0,64381.8,7592.64,33143.0
ORD014214,2025-02-06,Lucknow,Books,Notebook,14.0,1295017.5,143873.07,33157.0
ORD014217,2025-01-29,Kolkata,Furniture,Bed,17.0,2487227.84,259345.24,33174.0
ORD014223,2025-02-09,Mangalore,Books,Engineering Book,12.0,926077.68,292406.02,33186.0
ORD014234,2025-03-16,Chennai,,Moisturizer,10.0,345554.8,113605.59,33196.0
ORD014244,2025-01-11,Mysuru,Clothing,Jeans,4.0,353279.8,120328.83,33200.0
ORD014249,2025-02-01,Jaipur,Electronics,Smart Watch,17.0,1505211.96,159273.19,33217.0
ORD014259,2025-03-01,Guwahati,Appliances,Refrigerator,12.0,1755921.48,449398.01,33229.0
ORD014262,2025-01-27,Ludhiana,Sports,Yoga Mat,20.0,1449623.6,288989.33,33249.0
ORD014268,2025-02-24,Nagpur,Beauty,Moisturizer,1.0,23175.43,6326.12,33250.0
ORD014271,2025-02-24,Visakhapatnam,Books,Engineering Book,8.0,787648.8,117453.13,33258.0
ORD014282,2025-01-04,Kolkata,Electronics,Laptop,,2634870.72,502723.12,33282.0
ORD014283,2025-02-11,Chennai,Sports,Badminton Racket,13.0,1700933.52,370365.71,33295.0
ORD014284,2025-02-06,Thiruvananthapuram,Groceries,Milk,22.0,1414259.22,204322.69,33317.0
ORD014285,2025-03-03,Noida,Furniture,Wardrobe,19.0,486510.39,164672.48,33336.0
ORD014301,2025-02-07,Nagpur,Clothing,Jacket,14.0,585250.26,96564.86,33350.0
ORD014302,2025-02-21,Coimbatore,Books,Dictionary,17.0,1437357.31,141911.76,33367.0
ORD014304,2025-02-22,Thiruvananthapuram,Clothing,T-Shirt,11.0,1594654.27,455130.39,33378.0
ORD014305,2025-01-27,Guwahati,Books,Exam Guide,14.0,653807.98,173925.52,33392.0
ORD014306,2025-03-20,Delhi,Books,Engineering Book,7.0,1007714.05,272274.18,33399.0
ORD014308,2025-02-28,Visakhapatnam,Clothing,Saree,21.0,1941451.89,209203.62,33420.0
ORD014325,2025-02-05,Surat,Electronics,Camera,5.0,203814.15,53771.99,33425.0
ORD014327,2025-01-16,Indore,Furniture,Chair,1.0,116883.47,17853.11,33426.0
ORD014333,2025-03-24,Tirupati,Books,Notebook,13.0,1898056.29,405047.65,33439.0
ORD014336,2025-01-27,Agra,Groceries,Sugar,3.0,83752.02,20971.11,33442.0
ORD014337,2025-02-22,Mysuru,Groceries,Milk,16.0,2038976.8,167065.34,33458.0
ORD014343,2025-01-25,Kolkata,Clothing,Kurta,7.0,67549.02,18197.13,33465.0
ORD014351,2025-03-10,Madurai,Beauty,Shampoo,12.0,1655745.72,254267.34,33477.0
ORD014352,2025-02-21,Hyderabad,Groceries,Cooking Oil,9.0,1003801.95,172159.62,33486.0
ORD014362,2025-01-19,Kanpur,Groceries,Cooking Oil,24.0,3470213.76,502080.35,33510.0
ORD014368,2025-01-25,Chennai,Furniture,Dining Table,7.0,754668.04,171586.55,33517.0
ORD014369,2025-03-30,Indore,Groceries,Wheat Flour,7.0,978580.4,192424.9,33524.0
ORD014377,2025-03-03,Kochi,Sports,Yoga Mat,22.0,1641390.3,184369.0,33546.0
ORD014384,2025-03-12,Vadodara,Clothing,Kurta,13.0,1928518.67,610517.34,33559.0
ORD014388,2025-02-17,Indore,Sports,Football,1.0,27378.76,4319.62,33560.0
ORD014398,2025-03-13,Visakhapatnam,Electronics,Camera,20.0,2521443.0,232873.64,33580.0
ORD014402,2025-03-21,Bengaluru,Beauty,Shampoo,11.0,1107323.58,93934.91,33591.0
ORD014408,2025-01-26,Hyderabad,Furniture,Wardrobe,4.0,472376.88,51558.12,33595.0
ORD014413,2025-03-11,Tirupati,Clothing,Jacket,24.0,1966687.44,214237.78,33619.0
ORD014430,2025-03-19,Kolkata,Furniture,Bookshelf,15.0,1814403.0,188813.83,33634.0
ORD014434,2025-03-30,Madurai,Beauty,Face Wash,8.0,142659.84,45526.11,33642.0
ORD014436,2025-01-31,Mangalore,Sports,Yoga Mat,4.0,513049.76,89423.75,33646.0
ORD014440,2025-01-08,Bhopal,Furniture,Chair,17.0,2516249.9,308791.82,33663.0
ORD014441,2025-02-16,Vijayawada,Appliances,Microwave,7.0,335245.47,56984.3,33670.0
ORD014454,2025-03-17,Vijayawada,Beauty,Face Wash,23.0,1393411.99,240825.06,33693.0
ORD014456,2025-03-25,Goa,Sports,Yoga Mat,14.0,130741.8,12115.08,33707.0
ORD014461,2025-03-07,Goa,Groceries,Milk,9.0,4725.63,883.38,33716.0
ORD014470,2025-01-24,Chennai,Electronics,Laptop,2.0,67189.98,7893.07,33718.0
ORD014477,2025-03-15,Mumbai,Books,Dictionary,4.0,48774.6,13278.0,33722.0
ORD014482,2025-02-19,Hyderabad,Furniture,Wardrobe,1.0,110683.09,31942.01,33723.0
ORD014490,2025-02-28,Delhi,Electronics,Camera,4.0,574142.04,103943.04,33727.0
ORD014496,2025-01-27,Nagpur,Clothing,Shoes,25.0,1075056.5,125664.72,33752.0
ORD014506,2025-01-05,Jaipur,Appliances,Microwave,24.0,846667.68,232509.32,33776.0
ORD014507,2025-02-03,Vadodara,Furniture,Bookshelf,3.0,152167.17,49298.52,33779.0
ORD014510,2025-01-26,Noida,Beauty,Moisturizer,13.0,747004.44,139169.75,33792.0
ORD014515,2025-02-20,Ludhiana,Electronics,Smartphone,22.0,2370262.62,275426.43,33814.0
ORD014518,2025-01-21,Kolkata,Electronics,Smart TV,24.0,1048493.52,330919.69,33838.0
ORD014519,2025-02-02,Mysuru,Furniture,Sofa,17.0,1208409.47,183837.8,33855.0
ORD014521,2025-02-19,Bhopal,Groceries,Rice,3.0,363432.24,65342.66,33858.0
ORD014531,2025-03-08,Agra,Furniture,Wardrobe,6.0,856287.9,185937.28,33864.0
ORD014532,2025-01-03,Surat,Clothing,T-Shirt,7.0,245859.95,20220.48,33871.0
ORD014540,2025-01-17,Bhopal,Furniture,Chair,20.0,1127946.8,210852.25,33891.0
ORD014545,2025-02-17,Ludhiana,Furniture,Bookshelf,10.0,929107.7,123913.14,33901.0
ORD014550,2025-03-08,Guwahati,Electronics,Laptop,6.0,155630.28,16447.07,33907.0
ORD014551,2025-01-06,Nagpur,Furniture,Sofa,11.0,399651.67,61173.9,33918.0
ORD014554,2025-02-20,Noida,Sports,Gym Gloves,19.0,2216434.74,388547.91,33937.0
ORD014563,2025-02-28,Chennai,Clothing,T-Shirt,3.0,315514.44,48492.93,33940.0
ORD014564,2025-02-10,Noida,Groceries,Milk,15.0,499360.8,47722.21,33955.0
ORD014566,2025-03-31,Kochi,Beauty,Moisturizer,8.0,579492.24,107211.48,33963.0
ORD014567,2025-02-02,Mangalore,Appliances,Microwave,12.0,210236.88,37647.21,33975.0
ORD014572,2025-01-07,Agra,Books,Novel,21.0,663298.23,66180.81,33996.0
ORD014575,2025-01-16,Kochi,Sports,Yoga Mat,21.0,810395.88,234530.71,34017.0
ORD014577,2025-03-26,Chandigarh,Appliances,Microwave,4.0,375969.52,63793.44,34021.0
ORD014583,2025-01-02,Goa,Beauty,Shampoo,9.0,597704.13,187731.06,34030.0
ORD014594,2025-01-14,Hyderabad,Clothing,Shoes,17.0,341108.4,89682.61,34047.0
ORD014596,2025-03-07,Chandigarh,Furniture,Sofa,1.0,132938.55,36156.07,34048.0
ORD014609,2025-01-19,Bengaluru,Appliances,Washing Machine,13.0,248329.77,37577.52,34061.0
ORD014611,2025-03-02,Kolkata,Appliances,Washing Machine,16.0,1985157.44,219780.48,34077.0
ORD014619,2025-03-09,Pune,Clothing,Saree,15.0,91156.95,29686.56,34092.0
ORD014626,2025-03-26,Goa,Groceries,Wheat Flour,9.0,156851.28,41940.58,34101.0
ORD014636,2025-01-23,Mysuru,Sports,Badminton Racket,22.0,907542.68,160337.44,34123.0
ORD014644,2025-01-26,Ludhiana,Books,Exam Guide,17.0,1501039.14,376390.37,34140.0
ORD014648,2025-01-11,Madurai,Groceries,Milk,16.0,847129.44,126340.61,34156.0
ORD014651,2025-01-02,,Furniture,Bookshelf,24.0,2883217.92,914920.88,34180.0
ORD014659,2025-01-21,Chandigarh,Groceries,Rice,15.0,437983.2,92438.03,34195.0
ORD014664,2025-02-05,Nagpur,Books,Notebook,6.0,725603.4,171684.22,34201.0
ORD014668,2025-01-10,Vijayawada,Beauty,Lipstick,3.0,247112.01,34971.59,34204.0
ORD014675,2025-02-26,Bhopal,Appliances,Microwave,24.0,3432375.6,444281.56,34228.0
ORD014682,2025-03-15,Goa,Beauty,Face Wash,13.0,1625693.81,246509.84,34241.0
ORD014687,2025-03-08,Kolkata,Electronics,Headphones,2.0,289515.82,84858.77,34243.0
ORD014688,2025-02-12,Patna,Groceries,Sugar,7.0,149452.1,45966.02,34250.0
ORD014690,2025-01-19,Bhopal,Appliances,Mixer Grinder,20.0,2203405.4,600700.07,34270.0
ORD014706,2025-01-08,Ahmedabad,Clothing,T-Shirt,14.0,1898288.14,288971.3,34284.0
ORD014708,2025-02-18,Bhopal,Appliances,Washing Machine,21.0,1318153.2,181270.63,34305.0
ORD014714,2025-01-31,Guwahati,Furniture,Sofa,23.0,725886.67,111678.75,34328.0
ORD014721,2025-01-10,Vadodara,Books,Novel,14.0,1468752.74,238093.29,34342.0
ORD014722,2025-01-26,Nashik,Electronics,Laptop,19.0,225657.49,33252.24,34361.0
ORD014735,2025-01-04,Hubballi,Beauty,Shampoo,2.0,122435.08,35913.57,34363.0
ORD014736,2025-01-12,Chennai,Electronics,Smart Watch,6.0,870285.9,198808.82,34369.0
ORD014737,2025-02-12,Indore,Clothing,Jacket,3.0,434801.43,100084.52,34372.0
ORD014760,2025-01-16,Kanpur,Books,Notebook,8.0,595246.32,120207.8,34380.0
ORD014768,2025-01-20,Goa,Beauty,Lipstick,2.0,152738.02,29911.51,34382.0
ORD014771,2025-02-12,Patna,Beauty,Face Wash,19.0,343753.51,29436.62,34401.0
ORD014775,2025-01-05,Mysuru,Groceries,Rice,6.0,220666.44,62631.46,34407.0
ORD014776,2025-03-15,Chennai,Electronics,Tablet,14.0,1657902.4,416059.11,34421.0
ORD014780,2025-02-08,Indore,Furniture,Chair,11.0,718267.88,104031.66,34432.0
ORD014792,2025-03-02,Mangalore,Beauty,Face Wash,19.0,1184099.76,178040.73,34451.0
ORD014808,2025-03-14,Gurugram,Beauty,Lipstick,16.0,648195.84,101807.0,34467.0
ORD014811,2025-03-25,Agra,Sports,Football,3.0,164768.4,54419.84,34470.0
ORD014812,2025-02-18,Goa,Furniture,Dining Table,24.0,1517688.72,382580.57,34494.0
ORD014813,2025-01-05,Agra,Books,Novel,10.0,773539.6,217490.17,34504.0
ORD014815,2025-03-23,Goa,Appliances,Microwave,13.0,174105.49,52148.4,34517.0
ORD014820,2025-01-14,Patna,Sports,Gym Gloves,19.0,1317634.23,242567.16,34536.0
ORD014826,2025-03-03,Madurai,Beauty,Lipstick,11.0,426077.85,65854.92,34547.0
ORD014827,2025-03-18,Nagpur,Clothing,Saree,16.0,462642.4,82969.33,34563.0
ORD014830,2025-03-01,Hyderabad,Beauty,Perfume,19.0,1504661.68,240282.49,34582.0
ORD014831,2025-01-25,Tirupati,Beauty,Face Wash,2.0,195306.44,51798.04,34584.0
ORD014837,2025-01-12,Bengaluru,Sports,Yoga Mat,6.0,214899.36,18645.91,34590.0
ORD014849,2025-01-18,Mumbai,Electronics,Headphones,19.0,80133.26,8880.78,34609.0
ORD014851,2025-02-28,Ludhiana,Furniture,Dining Table,5.0,358035.9,30083.4,34614.0
ORD014854,2025-01-01,Guwahati,Beauty,Face Wash,18.0,495838.26,137092.7,34632.0
ORD014855,2025-01-14,Hyderabad,Sports,Yoga Mat,18.0,1463696.28,467063.29,34650.0
ORD014863,2025-02-28,Varanasi,Electronics,Tablet,9.0,1130097.69,200095.54,34659.0
ORD014872,2025-01-28,Vadodara,Books,Exam Guide,10.0,974954.9,168990.63,34669.0
ORD014879,2025-01-15,Jaipur,Electronics,Camera,20.0,2010437.8,584255.45,34689.0
ORD014881,2025-01-16,Mangalore,Clothing,T-Shirt,14.0,1833257.02,318651.69,34703.0
ORD014885,2025-02-01,Delhi,Books,Exam Guide,14.0,1474811.52,234607.44,34717.0
ORD014888,2025-01-15,Goa,Books,Dictionary,21.0,969442.32,243614.14,34738.0
ORD014890,2025-02-13,Ahmedabad,Groceries,Rice,1.0,35090.97,6490.0,34739.0
ORD014897,2025-03-14,Nashik,Electronics,Smartphone,17.0,495402.61,118405.56,34756.0
ORD014903,2025-01-27,Hubballi,Groceries,Milk,5.0,710657.75,189846.4,34761.0
ORD014906,2025-03-10,Hyderabad,Clothing,Jacket,9.0,847217.52,136476.72,34770.0
ORD014909,2025-01-28,Mangalore,Books,Dictionary,7.0,312508.21,96299.14,34777.0
ORD014911,2025-03-10,Guwahati,Clothing,Jeans,24.0,3578576.4,1216799.22,34801.0
ORD014918,2025-03-25,Madurai,Clothing,Jeans,12.0,868846.2,92905.94,34813.0
ORD014919,2025-03-02,Lucknow,Furniture,Bookshelf,6.0,600390.0,190791.04,34819.0
ORD014924,2025-01-11,Madurai,Books,Novel,2.0,290389.58,64685.01,34821.0
ORD014927,2025-02-11,Patna,Appliances,Washing Machine,3.0,164489.79,40922.89,34824.0
ORD014933,2025-01-05,Ahmedabad,Sports,Yoga Mat,1.0,127865.89,32825.57,34825.0
ORD014936,2025-03-11,Tirupati,Furniture,Sofa,18.0,1103657.04,338122.72,34843.0
ORD014943,2025-01-18,Noida,Electronics,Smart TV,5.0,591468.2,85938.16,34848.0
ORD014948,2025-01-10,Vijayawada,Groceries,Tea Powder,2.0,86950.64,24843.61,34850.0
ORD014952,2025-02-22,Noida,Furniture,Wardrobe,6.0,782901.9,181870.36,34856.0
ORD014953,2025-03-31,Kanpur,Clothing,Jacket,22.0,2565339.7,652449.23,34878.0
ORD014962,2025-02-14,Mumbai,Clothing,Shoes,8.0,383093.84,58863.21,34886.0
ORD014967,2025-03-16,Lucknow,Appliances,Air Conditioner,22.0,1331530.86,154591.97,34908.0
ORD014969,2025-03-14,Mysuru,Sports,Football,25.0,2250069.75,779313.46,34933.0
ORD014970,2025-03-16,Mumbai,Appliances,Mixer Grinder,9.0,986645.88,104879.89,34942.0
ORD014977,2025-01-16,Varanasi,Clothing,Kurta,7.0,616014.98,194469.25,34949.0
ORD014978,2025-02-28,Nashik,Books,Engineering Book,19.0,949746.35,213568.08,34968.0
ORD014981,2025-01-28,Indore,Sports,Cricket Bat,20.0,2938904.2,292335.77,34988.0
ORD014996,2025-02-16,Nagpur,Appliances,Microwave,7.0,252064.19,86708.79,34995.0
ORD014997,2025-03-13,Nagpur,Furniture,Dining Table,15.0,2015201.55,275505.61,35010.0
ORD015020,2025-03-09,Hyderabad,Beauty,Moisturizer,23.0,883293.84,154499.38,35033.0
ORD015031,2025-02-07,Bhopal,Appliances,Refrigerator,25.0,1245714.25,237176.83,35058.0
ORD015037,2025-03-02,Mangalore,Electronics,Tablet,3.0,107776.74,26780.76,35061.0
ORD015044,2025-01-08,Nashik,Books,Dictionary,20.0,1530094.6,402093.55,35081.0
ORD015073,2025-03-26,Jaipur,Beauty,Lipstick,10.0,604621.3,164790.27,35091.0
ORD015079,2025-01-21,Varanasi,Beauty,Face Wash,16.0,750388.48,102248.88,35107.0
ORD015082,2025-03-28,Surat,Appliances,Washing Machine,19.0,808769.39,80281.36,35126.0
ORD015087,2025-01-08,Ahmedabad,Sports,Cricket Bat,15.0,904836.75,138712.52,35141.0
ORD015091,2025-02-16,Nagpur,Furniture,Wardrobe,9.0,1139731.74,385023.65,35150.0
ORD015096,2025-02-04,Lucknow,Sports,Cricket Bat,24.0,1492389.36,309692.88,35174.0
ORD015103,2025-02-11,Chennai,Books,Notebook,2.0,213389.34,54390.11,35176.0
ORD015104,2025-01-12,Hyderabad,Groceries,Tea Powder,4.0,402345.48,65476.22,35180.0
ORD015110,2025-02-09,Nagpur,Electronics,Smart TV,22.0,523249.32,119159.07,35202.0
ORD015160,2025-02-03,Coimbatore,Sports,Badminton Racket,19.0,97010.77,12388.04,35221.0
ORD015164,2025-02-06,Patna,Beauty,Shampoo,20.0,1640822.2,453083.3,35241.0
ORD015167,2025-01-16,Bengaluru,Furniture,Bookshelf,18.0,666458.28,63227.91,35259.0
ORD015176,2025-02-06,Bengaluru,Clothing,Shoes,25.0,3412101.5,1046842.78,35284.0
ORD015178,2025-03-03,Agra,Appliances,Air Conditioner,9.0,1201207.68,153483.97,35293.0
ORD015184,2025-01-15,Jaipur,Appliances,Mixer Grinder,5.0,156443.85,14779.75,35298.0
ORD015185,2025-01-19,Patna,Beauty,Moisturizer,18.0,2408406.66,552898.46,35316.0
ORD015186,2025-01-10,Thiruvananthapuram,Beauty,Shampoo,14.0,1080810.64,132082.39,35330.0
ORD015188,2025-01-30,Chennai,Groceries,Wheat Flour,5.0,122679.05,39030.55,35335.0
ORD015190,2025-01-21,Surat,Electronics,Smartphone,9.0,420456.51,105433.31,35344.0
ORD015200,2025-03-29,Nashik,Books,Exam Guide,6.0,496586.16,160062.81,35350.0
ORD015207,2025-03-31,Nagpur,Clothing,Shoes,21.0,2074926.21,410607.3,35371.0
ORD015208,2025-03-13,Ahmedabad,Sports,Badminton Racket,19.0,1940141.87,400684.29,35390.0
ORD015215,2025-01-16,Vijayawada,Electronics,Camera,1.0,44580.41,7162.99,35391.0
ORD015216,2025-02-03,Nagpur,Sports,Yoga Mat,7.0,684685.54,208242.53,35398.0
ORD015220,2025-01-15,Surat,Books,Novel,23.0,1379478.82,336917.63,35421.0
ORD015221,2025-03-27,Coimbatore,Electronics,Smartphone,25.0,2528657.0,748273.52,35446.0
ORD015222,2025-03-19,Vijayawada,Books,Novel,11.0,48839.89,10025.38,35457.0
ORD015227,2025-02-25,Patna,Appliances,Microwave,16.0,959108.0,105072.15,35473.0
ORD015231,2025-03-16,Guwahati,Books,Notebook,17.0,854271.93,233124.77,35490.0
ORD015252,2025-01-26,Chennai,Furniture,Sofa,8.0,1184392.72,257571.15,35498.0
ORD015262,2025-03-12,Mangalore,Clothing,Saree,20.0,1996165.4,295424.89,35518.0
ORD015266,2025-03-11,Chennai,Furniture,Wardrobe,9.0,49110.12,12510.46,35527.0
ORD015267,2025-01-19,Tirupati,Appliances,Air Conditioner,7.0,70067.69,6827.8,35534.0
ORD015273,2025-02-20,Thiruvananthapuram,Clothing,Shoes,23.0,1630139.26,456163.98,35557.0
ORD015277,2025-02-26,Ahmedabad,Sports,Football,17.0,1895544.71,378373.02,35574.0
ORD015279,2025-01-27,Varanasi,Groceries,Cooking Oil,19.0,939631.89,320580.86,35593.0
ORD015282,2025-03-04,Visakhapatnam,Appliances,Mixer Grinder,18.0,2399638.5,365650.5,35611.0
ORD015286,2025-03-06,Thiruvananthapuram,Sports,Football,18.0,1996693.02,197884.57,35629.0
ORD015287,2025-03-26,Lucknow,Groceries,Milk,20.0,2048800.4,516033.05,35649.0
ORD015292,2025-02-13,Kolkata,Sports,Yoga Mat,15.0,152265.3,37197.59,35664.0
ORD015293,2025-03-07,Vadodara,Clothing,T-Shirt,13.0,598653.12,95470.88,35677.0
ORD015296,2025-01-02,Hyderabad,Sports,Badminton Racket,12.0,1237974.96,204077.61,35689.0
ORD015297,2025-02-24,Surat,Books,Engineering Book,18.0,1754550.72,337200.76,35707.0
ORD015298,2025-02-17,Nashik,Furniture,Dining Table,7.0,233261.77,58881.46,35714.0
ORD015313,2025-03-21,Madurai,Groceries,Wheat Flour,7.0,104911.8,23887.28,35721.0
ORD015314,2025-01-02,Madurai,Sports,Yoga Mat,24.0,3583717.68,744949.09,35745.0
ORD015322,2025-03-25,Chandigarh,Beauty,Shampoo,4.0,566756.88,129926.34,35749.0
ORD015325,2025-02-08,Visakhapatnam,Groceries,Wheat Flour,5.0,244747.0,31626.96,35754.0
ORD015326,2025-02-19,Goa,Beauty,Moisturizer,24.0,673194.96,147266.24,35778.0
ORD015330,2025-01-10,Vadodara,Clothing,Jeans,6.0,748322.76,71039.69,35784.0
ORD015336,2025-02-11,Vijayawada,Beauty,Lipstick,16.0,755898.56,161195.86,35800.0
ORD015341,2025-01-31,Nashik,Groceries,Rice,23.0,1797791.32,575922.7,35823.0
ORD015356,2025-02-02,Noida,Clothing,Kurta,5.0,723788.8,147956.98,35828.0
ORD015360,2025-03-16,Chandigarh,Electronics,Laptop,17.0,637853.94,79019.82,35845.0
ORD015367,2025-01-31,Delhi,Electronics,Smartphone,24.0,3490598.4,742712.75,35869.0
ORD015375,2025-02-01,Lucknow,Appliances,Washing Machine,9.0,666991.98,161336.76,35878.0
ORD015378,not-a-date,Nashik,Clothing,Saree,7.0,903181.65,81424.8,35885.0
ORD015381,2025-02-06,Visakhapatnam,Beauty,Moisturizer,17.0,2464926.22,223045.59,35902.0
ORD015419,2025-03-08,Bhopal,Beauty,Face Wash,18.0,91535.4,27531.89,35920.0
ORD015422,2025-03-20,Chandigarh,Clothing,Jeans,2.0,75632.3,8276.23,35922.0
ORD015428,2025-01-05,Hubballi,Appliances,Mixer Grinder,5.0,425975.6,134385.78,35927.0
ORD015431,2025-02-07,Kochi,Appliances,Refrigerator,23.0,897691.15,214069.06,35950.0
ORD015438,2025-02-14,Mysuru,Electronics,Smart Watch,1.0,45426.84,7404.98,35951.0
ORD015441,2025-01-02,Ludhiana,Sports,Badminton Racket,14.0,1190130.2,301882.78,35965.0
ORD015448,2025-01-08,Bhopal,Furniture,Wardrobe,3.0,338347.17,53040.71,35968.0
ORD015449,2025-03-12,Chennai,Appliances,Refrigerator,21.0,1153754.49,311550.63,35989.0
ORD015450,2025-01-05,Varanasi,Clothing,Jacket,12.0,839825.76,168736.53,36001.0
ORD015452,2025-03-09,Mangalore,Furniture,Wardrobe,14.0,60422.04,19986.02,36015.0
ORD015456,2025-03-11,Lucknow,Beauty,Face Wash,4.0,547216.8,169110.02,36019.0
ORD015460,2025-03-16,Nagpur,Furniture,Chair,24.0,585068.64,202228.4,36043.0
ORD015462,2025-02-10,Coimbatore,Books,Notebook,21.0,1633629.06,489418.27,36064.0
ORD015478,2025-01-29,Ludhiana,Beauty,Lipstick,16.0,483095.52,144014.5,36080.0
ORD015481,2025-01-03,Varanasi,Groceries,Wheat Flour,8.0,103611.44,10144.52,36088.0
ORD015489,2025-02-01,Pune,Books,Dictionary,21.0,1986503.19,204299.32,36109.0
ORD015492,2025-02-11,Nagpur,Furniture,Chair,9.0,422527.05,83212.23,36118.0
ORD015496,2025-03-19,Gurugram,Books,Notebook,9.0,1079430.66,172981.29,36127.0
ORD015497,2025-03-07,Mysuru,Groceries,Rice,12.0,1165606.2,311720.69,36139.0
ORD015501,2025-02-23,Patna,Furniture,Dining Table,12.0,1216727.76,244253.65,36151.0
ORD015515,2025-03-01,Guwahati,Sports,Cricket Bat,2.0,138230.8,32103.86,36153.0
ORD015516,2025-03-15,Hyderabad,Furniture,Sofa,23.0,2431301.94,237628.71,36176.0
ORD015520,2025-02-04,Hyderabad,Beauty,Lipstick,11.0,454322.11,63180.97,36187.0
ORD015521,2025-01-24,Madurai,Sports,Badminton Racket,23.0,1602371.59,179557.71,36210.0
ORD015522,2025-03-11,Pune,Beauty,Lipstick,5.0,110587.3,14943.05,36215.0
ORD015534,2025-02-12,Kochi,Furniture,Sofa,20.0,1863848.6,247243.23,36235.0
ORD015544,2025-03-06,Kanpur,Sports,Football,10.0,1063182.0,165238.87,36245.0
ORD015546,2025-02-03,Nashik,Groceries,Rice,1.0,993.41,169.19,36246.0
ORD015549,2025-01-04,Noida,Beauty,Perfume,2.0,64265.3,16118.18,36248.0
ORD015551,2025-03-18,Nashik,Groceries,Tea Powder,23.0,643742.86,146138.5,36271.0
ORD015554,2025-01-17,Goa,Furniture,Sofa,12.0,77790.48,26237.39,36283.0
ORD015555,2025-03-02,Thiruvananthapuram,Furniture,Bookshelf,13.0,655147.87,157680.65,36296.0
ORD015565,2025-03-12,Noida,Books,Exam Guide,7.0,715023.68,198006.9,36303.0
ORD015577,2025-02-08,Madurai,Groceries,Tea Powder,6.0,522901.68,162278.2,36309.0
ORD015586,2025-03-28,Lucknow,Clothing,Shoes,1.0,110513.73,24312.85,36310.0
ORD015593,2025-02-03,Noida,Sports,Cricket Bat,11.0,1061000.27,204666.73,36321.0
ORD015605,2025-03-18,Mumbai,Sports,Football,8.0,1149184.64,245691.57,36329.0
ORD015607,2025-02-04,Ahmedabad,Appliances,Washing Machine,14.0,1544934.58,362378.13,36343.0
ORD015610,2025-03-10,Vijayawada,Groceries,Cooking Oil,22.0,1343607.54,251103.12,36365.0
ORD015622,2025-01-04,Patna,Sports,Yoga Mat,18.0,1642932.36,138653.59,36383.0
ORD015625,2025-02-08,Chandigarh,Beauty,Moisturizer,4.0,113044.28,23049.81,36387.0
ORD015627,2025-03-30,Vadodara,Electronics,Laptop,8.0,364992.88,81874.76,36395.0
ORD015630,2025-02-14,Kanpur,Beauty,Face Wash,6.0,202280.58,17256.67,36401.0
ORD015632,2025-02-01,Noida,Electronics,Camera,20.0,2423532.6,216351.9,36421.0
ORD015634,2025-03-14,Vijayawada,Groceries,Rice,13.0,461407.18,122925.28,36434.0
ORD015636,2025-02-02,Goa,Appliances,Mixer Grinder,24.0,1115852.64,310829.79,36458.0
ORD015642,2025-01-09,Mysuru,Books,Notebook,22.0,1964649.5,342559.5,36480.0
ORD015646,2025-02-06,Gurugram,Appliances,Washing Machine,16.0,1320594.56,239001.48,36496.0
ORD015650,2025-01-15,Chennai,Books,Novel,8.0,763592.24,137712.65,36504.0
ORD015652,2025-03-19,Ahmedabad,Books,Notebook,6.0,433582.2,116165.19,36510.0
ORD015653,2025-03-26,Indore,Clothing,Jeans,10.0,1401313.5,478583.97,36520.0
ORD015657,2025-03-11,Guwahati,Appliances,Washing Machine,24.0,2948514.24,893959.88,36544.0
ORD015659,2025-03-28,Nashik,Clothing,Saree,7.0,813702.05,170974.66,36551.0
ORD015661,2025-03-27,Bengaluru,Sports,Football,16.0,825832.48,269183.28,36567.0
ORD015662,2025-03-04,Coimbatore,Books,Exam Guide,17.0,1297688.37,289624.62,36584.0
ORD015666,2025-03-09,Ludhiana,Appliances,Air Conditioner,13.0,1447831.84,302919.17,36597.0
ORD015674,2025-02-18,Jaipur,Sports,Yoga Mat,3.0,103902.12,23687.7,36600.0
ORD015679,2025-03-15,Mangalore,Appliances,Microwave,25.0,840334.25,199664.83,36625.0
ORD015680,2025-02-01,Kolkata,Books,Exam Guide,22.0,795420.34,64078.73,36647.0
ORD015683,2025-01-10,Mangalore,Books,Dictionary,10.0,528153.3,91682.76,36657.0
ORD015685,2025-01-21,Nashik,Electronics,Smart Watch,17.0,2053452.1,663518.37,36674.0
ORD015688,2025-01-23,Vijayawada,Electronics,Tablet,18.0,2374799.76,379925.0,36692.0
ORD015691,2025-02-06,Vadodara,Sports,Football,11.0,1518499.18,334281.69,36703.0
ORD015695,2025-01-28,Lucknow,Sports,Football,20.0,1291233.8,265900.83,36723.0
ORD015709,2025-03-21,Delhi,Appliances,Refrigerator,24.0,1943410.32,584315.09,36747.0
ORD015713,2025-02-09,Goa,Clothing,Saree,14.0,400303.54,81570.87,36761.0
ORD015719,2025-03-16,Pune,Furniture,Chair,21.0,2696377.11,573033.37,36782.0
ORD015725,2025-03-18,Ludhiana,Books,Novel,9.0,1159573.14,376905.63,36791.0
ORD015730,2025-01-07,Bengaluru,Electronics,Smartphone,12.0,1252498.2,195379.82,36803.0
ORD015733,2025-01-10,Vijayawada,Electronics,Tablet,8.0,602379.92,96399.06,36811.0
ORD015744,2025-01-18,Mangalore,Appliances,Refrigerator,8.0,587531.44,117131.72,36819.0
ORD015754,2025-01-22,Nagpur,Appliances,Microwave,4.0,173500.56,14934.85,36823.0
ORD015771,2025-01-12,Surat,Beauty,Lipstick,24.0,1432782.96,487839.03,36847.0
ORD015788,2025-01-22,Lucknow,Furniture,Bookshelf,14.0,552929.16,53204.81,36861.0
ORD015799,2025-03-22,Gurugram,Electronics,Smart Watch,9.0,375755.04,39968.44,36870.0
ORD015803,2025-03-12,Goa,Electronics,Headphones,16.0,621441.92,68618.04,36886.0
ORD015804,2025-03-16,Varanasi,Sports,Cricket Bat,20.0,18657.0,6165.01,36906.0
ORD015817,2025-02-23,Tirupati,Books,Dictionary,15.0,1210509.15,119318.03,36921.0
ORD015824,2025-02-03,Mumbai,Beauty,Perfume,5.0,36052.15,4986.14,36926.0
ORD015829,2025-02-01,Vijayawada,Groceries,Cooking Oil,2.0,235703.86,79313.25,36928.0
ORD015841,2025-02-18,Varanasi,Books,Notebook,21.0,2791780.53,831623.55,36949.0
ORD015845,2025-03-30,Hubballi,Groceries,Sugar,22.0,806074.94,265581.53,36971.0
ORD015846,2025-03-27,Noida,Electronics,Tablet,24.0,2491395.12,747792.33,36995.0
ORD015854,2025-01-30,Vijayawada,Beauty,Perfume,17.0,256143.93,73250.12,37012.0
ORD015855,2025-02-12,Chandigarh,Books,Exam Guide,16.0,692983.36,132719.02,37028.0
ORD015862,2025-02-10,Pune,Electronics,Smart TV,10.0,860523.1,205329.89,37038.0
ORD015876,2025-02-08,Gurugram,Clothing,Kurta,4.0,507275.64,158786.31,37042.0
ORD015877,2025-03-18,Noida,Beauty,Lipstick,14.0,1013558.56,340692.71,37056.0
ORD015886,2025-02-03,Vadodara,Furniture,Chair,19.0,2484339.87,556277.47,37075.0
ORD015890,2025-01-19,Visakhapatnam,Furniture,Bed,16.0,2027224.48,303709.62,37091.0
ORD015898,2025-01-25,Coimbatore,Appliances,Microwave,22.0,2201568.38,474485.32,37113.0
ORD015906,2025-02-20,Ludhiana,Furniture,Sofa,18.0,1194832.62,273271.19,37131.0
ORD015907,2025-01-15,Surat,Sports,Badminton Racket,12.0,1737333.96,456766.11,37143.0
ORD015917,2025-01-11,Patna,Appliances,Microwave,2.0,58522.96,14783.39,37145.0
ORD015928,2025-01-26,Bhopal,Beauty,Lipstick,2.0,286564.26,75045.57,37147.0
ORD015935,2025-01-27,Vadodara,Furniture,Sofa,24.0,2494382.64,263926.07,37171.0
ORD015938,2025-03-18,Guwahati,Appliances,Washing Machine,11.0,539836.77,63150.57,37182.0
ORD015942,2025-03-17,Kolkata,Appliances,Air Conditioner,8.0,790674.08,96219.61,37190.0
ORD015945,2025-01-30,Indore,Furniture,Bookshelf,5.0,612461.05,169063.29,37195.0
ORD015954,2025-01-29,Varanasi,Groceries,Cooking Oil,1.0,12127.27,3924.08,37196.0
ORD015967,2025-02-22,Madurai,Furniture,Wardrobe,16.0,691815.04,130015.4,37212.0
ORD015968,2025-02-14,Thiruvananthapuram,Beauty,Perfume,8.0,900841.52,287651.71,37220.0
ORD015972,2025-01-20,Bengaluru,Books,Engineering Book,15.0,1948992.75,233138.49,37235.0
ORD015975,2025-02-20,Delhi,Electronics,Smart TV,22.0,1712227.44,435847.74,37257.0
ORD015984,2025-02-08,Vijayawada,Groceries,Rice,9.0,80952.03,14850.55,37266.0
ORD015998,2025-02-25,Lucknow,Electronics,Smart TV,20.0,2304277.2,633649.29,37286.0
ORD015999,2025-02-16,Varanasi,Clothing,Jeans,25.0,1440473.25,197973.21,37311.0
ORD016001,2025-03-03,Surat,Sports,Football,10.0,288066.8,28038.63,37321.0
ORD016011,2025-01-31,Jaipur,Books,Engineering Book,18.0,2599584.12,890075.48,37339.0
ORD016025,2025-02-15,Tirupati,Electronics,Headphones,12.0,467021.88,115966.34,37351.0
ORD016032,2025-01-07,Tirupati,Sports,Yoga Mat,4.0,556486.52,167361.15,37355.0
ORD016039,2025-03-18,Ludhiana,Clothing,Saree,16.0,1459874.24,134462.59,37371.0
ORD016052,2025-03-05,Delhi,Furniture,Bed,10.0,1186401.5,281808.62,37381.0
ORD016055,2025-02-25,Kolkata,Appliances,Mixer Grinder,22.0,392381.88,64785.19,37403.0
ORD016057,2025-03-21,Hubballi,Books,Notebook,18.0,264675.96,32028.89,37421.0
ORD016074,2025-01-09,Lucknow,Beauty,Lipstick,13.0,1508919.36,212898.77,37434.0
ORD016076,2025-03-30,Bengaluru,Books,Notebook,23.0,542137.37,144089.18,37457.0
ORD016084,2025-03-30,Guwahati,Clothing,Shoes,16.0,2003273.12,656459.43,37473.0
ORD016089,2025-02-08,Bengaluru,Furniture,Bookshelf,4.0,250094.44,31749.0,37477.0
ORD016099,2025-02-17,Guwahati,Groceries,Cooking Oil,21.0,959061.81,301552.42,37498.0
ORD016104,2025-01-22,Visakhapatnam,Electronics,Camera,7.0,602257.53,51831.9,37505.0
ORD016109,2025-03-21,Vijayawada,Electronics,Smart TV,19.0,1167381.66,386010.91,37524.0
ORD016118,2025-03-14,Visakhapatnam,Books,Exam Guide,21.0,2802162.09,506640.75,37545.0
ORD016126,2025-02-15,Guwahati,Clothing,Jacket,15.0,364503.3,86822.11,37560.0
ORD016151,2025-02-19,Hyderabad,Appliances,Microwave,8.0,828035.6,205632.01,37568.0
ORD016155,2025-03-29,Patna,Electronics,Smartphone,14.0,1009712.48,230091.71,37582.0
ORD016158,2025-03-23,Lucknow,Groceries,Sugar,18.0,2012210.82,529248.08,37600.0
ORD016160,2025-02-09,Ludhiana,Sports,Yoga Mat,12.0,964029.48,174389.44,37612.0
ORD016162,2025-01-02,Chandigarh,Books,Dictionary,23.0,1452199.76,164996.55,37635.0
ORD016182,2025-01-26,Jaipur,Books,Novel,5.0,724052.5,210821.78,37640.0
ORD016189,2025-01-15,Mumbai,Electronics,Smart Watch,1.0,123525.78,41575.69,37641.0
ORD016190,2025-02-12,Kochi,Groceries,Tea Powder,21.0,1283722.44,331495.46,37662.0
ORD016191,2025-03-06,Indore,Appliances,Mixer Grinder,7.0,192231.34,60336.45,37669.0
ORD016194,2025-02-24,Mysuru,Appliances,Microwave,23.0,2488818.73,431061.05,37692.0
ORD016196,2025-01-02,Delhi,Groceries,Rice,6.0,121422.24,36084.94,37698.0
ORD016205,2025-01-17,Chennai,Electronics,Headphones,22.0,1181017.42,199037.36,37720.0
ORD016206,2025-01-25,Chandigarh,Books,Dictionary,4.0,472874.64,69569.45,37724.0
ORD016210,2025-03-14,Mumbai,Electronics,Headphones,21.0,1600759.23,284722.99,37745.0
ORD016215,2025-03-08,Lucknow,Clothing,Saree,3.0,193569.69,41061.63,37748.0
ORD016225,2025-03-25,Pune,Electronics,Laptop,16.0,1517566.08,355169.39,37764.0
ORD016235,2025-02-14,Chennai,Groceries,Tea Powder,1.0,59312.62,19161.32,37765.0
ORD016238,2025-02-14,Lucknow,Books,Dictionary,3.0,64437.9,10875.57,37768.0
ORD016242,2025-02-14,Indore,Furniture,Chair,9.0,844145.01,86885.55,37777.0
ORD016244,2025-01-17,Guwahati,Groceries,Milk,6.0,184696.26,34136.64,37783.0
ORD016246,2025-02-26,Mysuru,Appliances,Washing Machine,25.0,2649989.0,252531.89,37808.0
ORD016248,2025-03-03,Varanasi,Books,Novel,22.0,1260709.56,418001.33,37830.0
ORD016249,2025-03-09,Nagpur,Books,Engineering Book,25.0,2044001.25,281552.11,37855.0
ORD016255,2025-02-03,Gurugram,Beauty,Face Wash,5.0,572305.35,88819.35,37860.0
ORD016262,2025-02-12,Jaipur,Sports,Football,15.0,1225869.3,226324.55,37875.0
ORD016263,2025-02-01,Mysuru,Books,Novel,16.0,73933.76,23745.84,37891.0
ORD016268,2025-01-03,Hubballi,Books,Dictionary,20.0,1324361.4,298143.53,37911.0
ORD016269,2025-01-11,Madurai,Beauty,Shampoo,22.0,376467.96,104926.93,37933.0
ORD016275,2025-02-05,Bhopal,Electronics,,19.0,459114.67,137665.86,37952.0
ORD016276,2025-02-14,Chandigarh,Appliances,Air Conditioner,15.0,530298.45,73115.73,37967.0
ORD016281,2025-01-18,Varanasi,Groceries,Sugar,21.0,1294347.39,140970.14,37988.0
ORD016282,2025-01-27,Vijayawada,Appliances,Air Conditioner,19.0,2150760.1,265765.18,38007.0
ORD016290,2025-03-20,Guwahati,Books,Novel,5.0,503164.9,83024.69,38012.0
ORD016292,2025-03-16,Vadodara,Beauty,Shampoo,12.0,1439842.2,314437.32,38024.0
ORD016295,2025-02-23,Lucknow,Books,Novel,14.0,2003068.34,469787.66,38038.0
ORD016299,2025-01-20,Tirupati,Beauty,Shampoo,21.0,799803.06,68291.17,38059.0
ORD016303,2025-01-23,Mysuru,Sports,Gym Gloves,23.0,3275947.73,753040.78,38082.0
ORD016304,2025-03-21,Kanpur,Sports,Gym Gloves,6.0,439544.52,45352.03,38088.0
ORD016318,2025-03-26,Lucknow,Sports,Yoga Mat,1.0,68625.85,15166.33,38089.0
ORD016319,2025-02-20,Ludhiana,Books,Notebook,5.0,557386.1,103526.35,38094.0
ORD016320,2025-02-25,Pune,Groceries,Milk,25.0,2273133.25,614540.09,38119.0
ORD016321,2025-03-25,Gurugram,Groceries,Wheat Flour,22.0,858025.52,147128.22,38141.0
ORD016348,2025-02-05,Indore,Groceries,Milk,16.0,108008.48,17014.4,38157.0
ORD016352,2025-01-07,Kochi,Furniture,Chair,15.0,1238426.85,305458.84,38172.0
ORD016356,2025-02-06,Bhopal,Clothing,Kurta,13.0,479417.64,61712.83,38185.0
ORD016360,2025-02-18,Guwahati,Furniture,Sofa,24.0,699696.48,241043.41,38209.0
ORD016362,2025-01-25,Kochi,Sports,Football,16.0,100822.24,12648.32,38225.0
ORD016371,2025-02-10,Patna,Groceries,Rice,23.0,2377085.88,211737.96,38248.0
ORD016372,2025-01-30,Agra,Clothing,Kurta,16.0,84998.56,14014.56,38264.0
ORD016376,2025-01-26,Varanasi,Appliances,Washing Machine,14.0,860489.7,98586.22,38278.0
ORD016379,2025-01-02,Indore,Groceries,Tea Powder,3.0,,56457.48,38281.0
ORD016381,2025-01-27,Kochi,Appliances,Refrigerator,13.0,621610.47,89207.01,38294.0
ORD016385,2025-03-21,Bengaluru,Books,Notebook,13.0,1437116.2,214951.81,38307.0
ORD016388,2025-02-06,Vadodara,Appliances,Air Conditioner,-250.0,1739142.36,230018.06,38319.0
ORD016390,2025-01-10,Kochi,Electronics,Camera,3.0,317688.54,46049.74,38322.0
ORD016393,2025-03-23,Ahmedabad,Sports,Football,23.0,2160976.04,554233.79,38345.0
ORD016396,2025-02-09,Vadodara,Groceries,Sugar,8.0,388776.16,81394.92,38353.0
ORD016411,2025-01-05,Patna,Electronics,Tablet,7.0,781481.61,98385.45,38360.0
ORD016433,2025-03-05,Guwahati,Furniture,Bookshelf,10.0,1205465.8,238757.24,38370.0
ORD016435,2025-03-17,Hyderabad,Furniture,Sofa,21.0,1246296.66,403109.3,38391.0
ORD016436,2025-01-07,Jaipur,Beauty,Lipstick,21.0,851206.44,217267.73,38412.0
ORD016444,2025-02-22,Patna,Clothing,Jacket,24.0,1568700.72,255898.11,38436.0
ORD016446,2025-03-12,Hyderabad,Electronics,Smart Watch,10.0,954093.2,160307.75,38446.0
ORD016448,2025-01-19,Patna,Appliances,Microwave,16.0,1740556.8,537399.06,38462.0
ORD016455,2025-03-22,Ludhiana,Electronics,Tablet,19.0,2247947.95,444361.71,38481.0
ORD016456,2025-02-27,Noida,Books,Novel,14.0,1215644.08,181580.98,38495.0
ORD016465,2025-03-20,Chennai,Sports,Badminton Racket,18.0,2354532.12,267432.52,38513.0
ORD016472,2025-01-23,Chennai,Groceries,Wheat Flour,15.0,1802122.35,281387.07,38528.0
ORD016476,2025-01-13,Vadodara,Furniture,Bed,24.0,2197804.8,442238.07,38552.0
ORD016479,2025-01-19,Varanasi,Beauty,Shampoo,12.0,990640.68,324324.78,38564.0
ORD016481,2025-02-19,Lucknow,Beauty,Shampoo,8.0,907706.88,261743.63,38572.0
ORD016482,2025-02-27,Thiruvananthapuram,Clothing,Kurta,18.0,718810.02,210705.59,38590.0
ORD016483,2025-03-15,Varanasi,Sports,Yoga Mat,23.0,2126039.73,447883.77,38613.0
ORD016492,2025-02-18,Lucknow,Appliances,Air Conditioner,7.0,708038.03,172393.16,38620.0
ORD016493,2025-02-13,Thiruvananthapuram,Groceries,Milk,17.0,461985.71,128930.01,38637.0
ORD016497,2025-01-12,Varanasi,Furniture,Bed,24.0,186211.68,57939.72,38661.0
ORD016509,2025-02-07,Bhopal,,Face Wash,5.0,60092.6,18625.01,38666.0
ORD016524,2025-02-20,Bhopal,Electronics,Smart TV,13.0,1250023.58,395622.67,38679.0
ORD016532,2025-03-08,Lucknow,Electronics,Headphones,18.0,1386220.86,432675.03,38697.0
ORD016535,2025-02-23,Nagpur,Appliances,Mixer Grinder,14.0,153361.32,19168.07,38711.0
ORD016536,2025-02-11,Nagpur,Sports,Yoga Mat,18.0,39541.14,10375.52,38729.0
ORD016537,2025-03-23,Kolkata,Sports,Football,16.0,577562.56,48860.02,38745.0
ORD016542,2025-03-29,Mysuru,Books,Exam Guide,2.0,5523.06,1277.6,38747.0
ORD016544,2025-03-31,Ahmedabad,Electronics,Camera,9.0,1309579.29,176738.52,38756.0
ORD016553,2025-01-08,Hubballi,Books,Dictionary,16.0,317388.96,65144.33,38772.0
ORD016556,2025-01-05,Mysuru,Books,Engineering Book,14.0,1386836.92,294680.78,38786.0
ORD016560,2025-03-24,Gurugram,Appliances,Mixer Grinder,15.0,529132.5,135918.28,38801.0
ORD016561,2025-03-18,Nagpur,Groceries,Milk,21.0,1104703.32,284137.63,38822.0
ORD016566,2025-01-22,Bengaluru,Beauty,Face Wash,12.0,1375363.32,170086.71,38834.0
ORD016570,2025-01-16,Vijayawada,Furniture,Bookshelf,5.0,573936.0,73491.18,38839.0
ORD016594,2025-03-11,Madurai,Furniture,Sofa,9.0,1109386.62,241921.73,38848.0
ORD016596,2025-03-30,Mysuru,Clothing,Jeans,13.0,775456.76,189719.09,38861.0
ORD016600,2025-03-24,Coimbatore,Sports,Cricket Bat,17.0,2423271.63,706150.05,38878.0
ORD016606,2025-01-17,Bengaluru,Appliances,Washing Machine,3.0,39478.71,7823.04,38881.0
ORD016610,2025-02-27,Chennai,Electronics,Smartphone,2.0,13242.2,2236.02,38883.0
ORD016611,2025-02-24,Kanpur,Furniture,Bookshelf,16.0,1726363.36,341115.31,38899.0
ORD016617,2025-03-17,Delhi,Furniture,Sofa,21.0,1385094.69,358451.41,38920.0
ORD016626,2025-03-01,Mumbai,Furniture,Sofa,11.0,12048.08,2656.43,38931.0
ORD016633,2025-02-04,Kochi,Books,Notebook,13.0,1633366.41,321685.48,38944.0
ORD016640,2025-03-26,Chennai,Clothing,Saree,9.0,1094263.83,350069.5,38953.0
ORD016666,2025-01-20,Guwahati,Appliances,Refrigerator,19.0,2407447.63,562805.48,38972.0
ORD016677,2025-02-02,Vadodara,Books,Dictionary,14.0,2026226.3,278629.48,38986.0
ORD016689,2025-02-27,Mangalore,Appliances,Air Conditioner,6.0,441995.7,105038.19,38992.0
ORD016694,2025-01-28,Tirupati,Groceries,Wheat Flour,18.0,644533.56,111636.58,39010.0
ORD016697,2025-02-20,Gurugram,Electronics,Smart TV,22.0,2343557.04,456704.0,39032.0
ORD016698,2025-02-10,Guwahati,Groceries,Wheat Flour,24.0,1931416.56,276048.26,39056.0
ORD016715,2025-02-24,Mangalore,Groceries,Rice,23.0,1304106.44,345136.67,39079.0
ORD016720,2025-02-24,Mangalore,Electronics,Smartphone,24.0,3542188.56,1182021.65,39103.0
ORD016723,2025-03-05,Kolkata,Groceries,Sugar,1.0,26567.92,4790.92,39104.0
ORD016725,2025-03-08,Chennai,Books,Exam Guide,6.0,278519.94,68203.36,39110.0
ORD016728,2025-01-07,Nashik,Books,Notebook,8.0,645528.24,132790.92,39118.0
ORD016731,2025-03-05,Ludhiana,Electronics,Smartphone,25.0,2094888.5,299544.77,39143.0
ORD016738,2025-02-22,Nashik,Clothing,Jacket,16.0,438616.0,69384.48,39159.0
ORD016740,2025-01-14,Jaipur,Beauty,Shampoo,18.0,1018231.38,173521.0,39177.0
ORD016745,2025-03-21,Ahmedabad,Groceries,Sugar,7.0,251781.25,72500.22,39184.0
ORD016760,2025-02-14,Jaipur,Sports,Yoga Mat,1.0,66289.67,8124.51,39185.0
ORD016765,2025-01-25,Bengaluru,Electronics,Tablet,9.0,1053415.53,187728.42,39194.0
ORD016782,2025-03-15,Nashik,Electronics,Laptop,24.0,1383884.64,171349.45,39218.0
ORD016784,2025-03-07,Tirupati,Books,Engineering Book,23.0,1900094.86,221271.66,39241.0
ORD016785,2025-03-24,Varanasi,Clothing,Kurta,13.0,1102347.61,132424.45,39254.0
ORD016786,2025-02-18,Bengaluru,Groceries,,2.0,74771.36,19816.03,39256.0
ORD016790,2025-03-30,Ludhiana,Beauty,Perfume,18.0,1737373.86,579746.99,39274.0
ORD016793,2025-01-06,Ludhiana,Beauty,Shampoo,13.0,388975.73,86767.0,39287.0
ORD016795,2025-01-03,Guwahati,Electronics,Headphones,13.0,320544.9,104557.98,39300.0
ORD016799,2025-03-08,Hyderabad,Groceries,Tea Powder,21.0,1390045.86,460320.85,39321.0
ORD016804,2025-01-12,Mangalore,Beauty,Moisturizer,4.0,94929.92,23084.53,39325.0
ORD016816,2025-03-06,Nashik,Groceries,Cooking Oil,6.0,836471.58,246463.75,39331.0
ORD016818,2025-02-16,Tirupati,Appliances,Washing Machine,8.0,211172.72,55942.13,39339.0
ORD016824,2025-02-12,Kanpur,Electronics,Headphones,4.0,126836.84,21102.59,39343.0
ORD016825,2025-01-05,Kanpur,Clothing,Saree,23.0,2646337.91,298352.55,39366.0
ORD016833,2025-02-14,Nashik,Groceries,Milk,1.0,8991.48,1107.77,39367.0
ORD016843,2025-02-07,Mumbai,Electronics,Headphones,3.0,318963.15,109974.71,39370.0
ORD016846,2025-02-04,Kanpur,Sports,Cricket Bat,14.0,1032146.5,257235.37,39384.0
ORD016847,2025-02-15,Goa,Beauty,Lipstick,22.0,214499.34,31240.59,39406.0
ORD016849,2025-02-17,Chennai,Furniture,Dining Table,14.0,1693374.2,367876.68,39420.0
ORD016857,2025-01-06,Delhi,Appliances,Washing Machine,9.0,768903.84,66419.59,39429.0
ORD016859,2025-02-05,Chandigarh,Electronics,Tablet,12.0,657472.68,114325.94,39441.0
ORD016865,2025-02-24,Hyderabad,Appliances,Air Conditioner,23.0,491468.6,127549.84,39464.0
ORD016873,2025-02-27,Mysuru,Electronics,Smart TV,1.0,120003.48,31966.28,39465.0
ORD016887,2025-02-27,Madurai,Groceries,Rice,17.0,440066.76,129652.26,39482.0
ORD016891,2025-03-25,Thiruvananthapuram,Furniture,Bed,10.0,741408.6,229050.03,39492.0
ORD016896,2025-02-22,Hubballi,Beauty,Perfume,10.0,223784.6,39157.48,39502.0
ORD016902,2025-03-18,Indore,Appliances,Microwave,15.0,2041886.7,372460.2,39517.0
ORD016921,2025-03-29,Mangalore,Beauty,Lipstick,8.0,445322.56,79600.32,39525.0
ORD016923,2025-02-12,Delhi,Clothing,Saree,19.0,605422.65,108089.53,39544.0
ORD016927,2025-03-03,Visakhapatnam,Clothing,Kurta,21.0,1206392.67,410402.36,39565.0
ORD016929,2025-01-12,Agra,Electronics,Camera,3.0,61455.06,6425.46,39568.0
ORD016932,2025-02-26,Guwahati,Clothing,Jeans,14.0,1626875.6,431079.2,39582.0
ORD016934,2025-01-23,Kanpur,Clothing,Saree,14.0,694100.82,194745.61,39596.0
ORD016936,2025-03-16,Thiruvananthapuram,Appliances,Mixer Grinder,2.0,266404.06,83446.93,39598.0
ORD016937,2025-02-08,Thiruvananthapuram,Books,Engineering Book,10.0,979023.8,93080.35,39608.0
ORD016938,2025-01-10,Ahmedabad,Clothing,Shoes,14.0,133748.86,41727.56,39622.0
ORD016940,2025-03-21,Hubballi,Appliances,Refrigerator,19.0,2384991.72,702656.25,39641.0
ORD016941,2025-01-06,Tirupati,Clothing,T-Shirt,3.0,101463.18,9865.77,39644.0
ORD016948,2025-01-20,Ludhiana,Sports,Badminton Racket,17.0,2146528.8,222260.53,39661.0
ORD016953,2025-02-26,Thiruvananthapuram,Books,Notebook,11.0,236043.72,66344.35,39672.0
ORD016954,2025-03-21,Mangalore,Beauty,Shampoo,21.0,1344172.2,298015.73,39693.0
ORD016960,2025-03-09,Chandigarh,Beauty,Perfume,18.0,1197194.4,412915.84,39711.0
ORD016970,2025-01-23,Surat,Appliances,Refrigerator,13.0,1478995.57,297319.39,39724.0
ORD016971,2025-01-11,Mumbai,Clothing,Saree,22.0,1005260.52,341673.34,39746.0
ORD016975,2025-03-06,Hubballi,Sports,Gym Gloves,16.0,211631.36,59256.1,39762.0
ORD016977,2025-01-01,Thiruvananthapuram,Clothing,Jeans,3.0,293595.15,26615.01,39765.0
ORD016979,2025-03-10,Pune,Groceries,Tea Powder,17.0,79304.15,11336.73,39782.0
ORD016981,2025-03-24,Chandigarh,Appliances,Mixer Grinder,1.0,64030.24,19073.14,39783.0
ORD016984,2025-01-07,Guwahati,Beauty,Face Wash,8.0,1098070.96,255922.4,39791.0
ORD016996,2025-02-16,Lucknow,Books,Dictionary,24.0,1190413.68,369913.49,39815.0
ORD017007,2025-02-22,Bhopal,Sports,Yoga Mat,10.0,609026.1,191906.89,39825.0
ORD017011,2025-02-10,Guwahati,Clothing,Shoes,4.0,367202.44,56806.04,39829.0
ORD017019,2025-03-20,Patna,Electronics,Smart Watch,21.0,651398.37,102665.6,39850.0
ORD017020,2025-01-14,Coimbatore,Sports,Badminton Racket,6.0,247331.88,20816.79,39856.0
ORD017038,2025-01-10,Coimbatore,Appliances,Refrigerator,3.0,201957.75,66364.45,39859.0
ORD017041,2025-03-09,Kanpur,Sports,Gym Gloves,6.0,725211.06,211584.01,39865.0
ORD017044,2025-03-22,Hubballi,Beauty,Moisturizer,13.0,1629741.62,255817.14,39878.0
ORD017048,2025-03-16,Coimbatore,Sports,Football,19.0,2669212.53,451695.62,39897.0
ORD017050,2025-03-15,Chennai,Groceries,Milk,16.0,658197.6,186693.58,39913.0
ORD017051,2025-02-22,Thiruvananthapuram,Books,Dictionary,19.0,1961004.44,344981.85,39932.0
ORD017052,2025-02-17,Gurugram,Sports,Football,18.0,1131480.72,144649.93,39950.0
ORD017059,2025-01-05,Jaipur,Groceries,Sugar,2.0,77918.8,18027.6,39952.0
ORD017065,2025-01-30,Mysuru,Clothing,Saree,22.0,1226687.44,324189.87,39974.0
ORD017067,2025-02-24,Bengaluru,Clothing,Jacket,9.0,204385.5,55647.63,39983.0
ORD017073,2025-03-16,Ahmedabad,Furniture,Chair,11.0,970270.51,154797.12,39994.0
ORD017077,2025-02-05,Mysuru,Appliances,Microwave,25.0,291515.0,25765.58,40019.0
ORD017078,2025-03-31,Nashik,Furniture,Bed,20.0,2230203.6,762602.45,40039.0
ORD017083,2025-02-07,Ludhiana,Appliances,Washing Machine,16.0,146390.56,26809.3,40055.0
ORD017084,2025-02-19,Noida,Books,Dictionary,6.0,499679.58,63340.2,40061.0
ORD017092,2025-02-28,Kochi,Appliances,Mixer Grinder,10.0,781487.4,174509.19,40071.0
ORD017093,2025-03-24,Indore,Beauty,Lipstick,13.0,433105.27,138775.79,40084.0
ORD017102,2025-01-03,Delhi,Appliances,Air Conditioner,8.0,570990.24,107528.82,40092.0
ORD017103,2025-03-21,Hyderabad,Furniture,Wardrobe,4.0,363702.68,70791.5,40096.0
ORD017109,2025-03-04,Vijayawada,Groceries,Wheat Flour,18.0,1488970.08,280740.63,40114.0
ORD017119,2025-02-27,Coimbatore,Clothing,T-Shirt,21.0,1323550.2,400325.47,40135.0
ORD017126,2025-01-03,Tirupati,Furniture,Bookshelf,22.0,888819.8,83452.53,40157.0
ORD017130,2025-03-28,Tirupati,Books,Engineering Book,18.0,58241.88,17971.01,40175.0
ORD017131,2025-02-28,Guwahati,Beauty,Lipstick,12.0,712224.0,129871.34,40187.0
ORD017140,2025-03-28,Indore,Sports,Yoga Mat,18.0,2478098.88,647716.1,40205.0
ORD017141,2025-03-24,Kanpur,Furniture,Sofa,12.0,160230.0,26589.44,40217.0
ORD017143,2025-03-23,Nashik,Books,Dictionary,6.0,692685.3,145597.9,40223.0
ORD017144,2025-03-21,Noida,Furniture,Bookshelf,21.0,1899927.33,412136.43,40244.0
ORD017146,2025-03-02,Patna,Furniture,Chair,21.0,1484784.21,226082.92,40265.0
ORD017153,2025-01-10,Bengaluru,Clothing,Shoes,6.0,325669.98,40276.67,40271.0
ORD017154,2025-02-14,,Groceries,Rice,1.0,74364.68,24877.1,40272.0
ORD017170,2025-02-28,Vadodara,Groceries,Cooking Oil,14.0,800509.36,151835.99,40286.0
ORD017176,2025-01-19,Tirupati,Furniture,Bed,25.0,3302276.25,644736.92,40311.0
ORD017185,2025-02-14,Mumbai,Books,Exam Guide,12.0,470612.52,136843.26,40323.0
ORD017187,2025-03-02,Madurai,Groceries,Wheat Flour,25.0,3538374.5,1011356.79,40348.0
ORD017192,2025-01-30,Coimbatore,Sports,Gym Gloves,3.0,194669.67,37231.26,40351.0
ORD017193,2025-01-09,Indore,Furniture,Bookshelf,2.0,209019.7,30007.05,40353.0
ORD017194,2025-03-12,Nashik,Groceries,Rice,17.0,324295.06,95073.3,40370.0
ORD017195,2025-02-17,Madurai,Groceries,Cooking Oil,21.0,3005076.48,726303.67,40391.0
ORD017197,2025-01-10,Hubballi,Electronics,Camera,1.0,117337.51,32351.29,40392.0
ORD017200,2025-03-25,Indore,Beauty,Face Wash,6.0,486958.32,146884.88,40398.0
ORD017201,2025-02-26,Hubballi,Clothing,Saree,9.0,357083.19,91846.09,40407.0
ORD017208,2025-03-10,Tirupati,Electronics,Headphones,20.0,2245411.8,676120.21,40427.0
ORD017212,2025-01-14,Mangalore,Appliances,Air Conditioner,25.0,3255062.25,282348.96,40452.0
ORD017214,2025-02-21,Chandigarh,Furniture,Bed,1.0,96839.61,21003.12,40453.0
ORD017219,2025-03-16,Coimbatore,Appliances,Microwave,17.0,379486.24,63499.26,40470.0
ORD017220,2025-02-03,Patna,Sports,Football,24.0,2292794.64,627179.93,40494.0
ORD017224,2025-01-19,Mysuru,Sports,Cricket Bat,3.0,19855.77,1658.32,40497.0
ORD017230,2025-03-25,Guwahati,Beauty,Lipstick,16.0,2393183.52,572685.38,40513.0
ORD017234,2025-03-05,Tirupati,Electronics,Headphones,16.0,995249.44,302753.2,40529.0
ORD017244,2025-02-12,Chennai,Electronics,Smart TV,5.0,538562.1,72626.1,40534.0
ORD017246,2025-02-25,Madurai,Electronics,Smartphone,19.0,1362533.51,192132.44,40553.0
ORD017248,2025-03-20,Guwahati,Appliances,Refrigerator,24.0,827379.6,94957.69,40577.0
ORD017249,2025-03-29,Coimbatore,Beauty,Face Wash,4.0,74027.8,17405.67,40581.0
ORD017251,2025-03-03,Hubballi,Clothing,T-Shirt,12.0,1154020.56,201757.35,40593.0
ORD017252,2025-03-15,Thiruvananthapuram,Appliances,Air Conditioner,7.0,531192.62,70468.89,40600.0
ORD017254,2025-02-27,Visakhapatnam,Books,Engineering Book,6.0,593933.76,196382.94,40606.0
ORD017263,2025-02-09,Mysuru,Clothing,Jacket,4.0,520508.88,56656.65,40610.0
ORD017264,2025-01-22,Tirupati,Electronics,Smart TV,21.0,1800835.89,204841.7,40631.0
ORD017267,2025-01-10,Kochi,Beauty,Shampoo,9.0,410593.5,113188.3,40640.0
ORD017273,2025-01-13,Chennai,Sports,Badminton Racket,3.0,317456.22,37201.84,40643.0
ORD017283,2025-03-17,Pune,Beauty,Moisturizer,6.0,29863.14,9333.78,40649.0
ORD017285,2025-03-18,Noida,Books,Notebook,9.0,989643.96,235581.25,40658.0
ORD017286,2025-02-19,Mumbai,Clothing,T-Shirt,21.0,1719613.14,257421.08,40679.0
ORD017297,2025-01-05,Surat,Books,Exam Guide,3.0,445194.42,93010.83,40682.0
ORD017304,2025-03-23,Guwahati,Clothing,T-Shirt,24.0,1113750.72,147725.88,40706.0
ORD017307,2025-03-19,Ludhiana,Sports,Cricket Bat,25.0,2314884.5,321195.18,40731.0
ORD017313,2025-02-03,Pune,Clothing,T-Shirt,2.0,268294.14,34666.22,40733.0
ORD017315,2025-03-04,Ahmedabad,Sports,Yoga Mat,20.0,591585.8,92712.24,40753.0
ORD017316,2025-03-24,Hubballi,Groceries,Wheat Flour,10.0,71522.9,19015.91,40763.0
ORD017317,2025-02-14,Kanpur,Electronics,Headphones,11.0,799826.28,256782.79,40774.0
ORD017323,2025-02-21,Visakhapatnam,Sports,Football,12.0,466677.84,40512.27,40786.0
ORD017339,2025-01-18,Lucknow,Clothing,Jacket,3.0,33168.87,2857.42,40789.0
ORD017344,2025-02-02,Vijayawada,Furniture,Bookshelf,6.0,337116.84,29626.27,40795.0
ORD017346,2025-02-01,Kanpur,Electronics,Smart Watch,6.0,105324.78,11341.56,40801.0
ORD017347,2025-03-18,Pune,Furniture,Sofa,19.0,383595.56,42598.05,40820.0
ORD017354,2025-03-21,Madurai,Furniture,Bed,17.0,794355.09,150009.51,40837.0
ORD017359,2025-03-16,Agra,Furniture,Dining Table,2.0,162739.74,49705.5,40839.0
ORD017360,2025-02-09,Delhi,Appliances,Refrigerator,19.0,2685462.85,314000.86,40858.0
ORD017370,2025-02-24,Ahmedabad,Books,Notebook,12.0,1157039.52,139729.24,40870.0
ORD017378,2025-02-02,Thiruvananthapuram,Groceries,Tea Powder,24.0,401114.4,130609.14,40894.0
ORD017387,2025-01-13,Chennai,Groceries,Sugar,3.0,198307.77,30557.03,40897.0
ORD017390,2025-02-11,Delhi,Books,Novel,4.0,427201.28,38478.74,40901.0
ORD017391,2025-03-31,Chandigarh,Sports,Football,2.0,253702.24,21791.96,40903.0
ORD017404,2025-03-01,Mumbai,Appliances,Mixer Grinder,13.0,1479078.51,230777.97,40916.0
ORD017411,2025-01-21,Thiruvananthapuram,Sports,Football,24.0,209711.52,42813.36,40940.0
ORD017412,2025-03-23,Ludhiana,Clothing,Jacket,17.0,2339751.31,731865.26,40957.0
ORD017415,2025-03-29,Hyderabad,Groceries,Cooking Oil,20.0,573478.6,177895.97,40977.0
ORD017417,2025-03-24,Hyderabad,Clothing,Saree,21.0,1448054.37,389886.94,40998.0
ORD017422,2025-01-08,Chandigarh,Sports,Yoga Mat,16.0,221171.52,67566.0,41014.0
ORD017434,2025-01-15,Delhi,Sports,Cricket Bat,11.0,135577.86,30821.57,41025.0
ORD017435,2025-02-08,Mysuru,Furniture,Chair,4.0,230238.04,33104.45,41029.0
ORD017436,2025-03-26,Coimbatore,Beauty,Face Wash,4.0,77352.4,22313.72,41033.0
ORD017437,2025-03-02,Guwahati,Clothing,Saree,9.0,221415.3,53455.4,41042.0
ORD017440,2025-03-13,Kanpur,Beauty,Face Wash,18.0,1193452.92,336678.99,41060.0
ORD017442,2025-01-07,Bengaluru,Clothing,Shoes,16.0,2391479.68,646229.13,41076.0
ORD017451,2025-01-06,Mumbai,Clothing,Jacket,24.0,71604.48,5923.34,41100.0
ORD017455,2025-03-24,Jaipur,Furniture,Bed,13.0,1182885.21,384208.55,41113.0
ORD017458,2025-03-26,Kolkata,Sports,Football,6.0,24244.62,3135.07,41119.0
ORD017460,2025-02-02,Vijayawada,Appliances,Mixer Grinder,5.0,268842.45,73333.68,41124.0
ORD017462,2025-02-21,Vadodara,Clothing,Shoes,8.0,987808.96,202101.13,41132.0
ORD017469,2025-03-11,Coimbatore,Clothing,Jeans,25.0,2069823.5,666247.99,41157.0
ORD017471,2025-01-10,Delhi,Books,Notebook,16.0,1838010.4,419943.96,41173.0
ORD017481,2025-02-03,Surat,Beauty,Moisturizer,1.0,143733.75,17027.35,41174.0
ORD017484,2025-03-01,Chandigarh,Clothing,Jacket,7.0,709031.26,151307.01,41181.0
ORD017487,2025-01-24,Hyderabad,Clothing,Kurta,13.0,609813.1,149042.49,41194.0
ORD017491,2025-01-01,Surat,Furniture,Bookshelf,14.0,1621568.2,382236.27,41208.0
ORD017492,2025-02-10,Ludhiana,Clothing,Jeans,1.0,139125.9,24087.15,41209.0
ORD017493,2025-03-20,Mangalore,Books,Dictionary,21.0,1718250.45,570063.65,41230.0
ORD017498,2025-01-24,Coimbatore,Books,Dictionary,7.0,631781.15,142716.32,41237.0
ORD017503,2025-01-22,Delhi,Books,Dictionary,13.0,1567242.82,340614.16,41250.0
ORD017504,2025-02-17,Noida,Sports,Cricket Bat,8.0,246387.84,80726.48,41258.0
ORD017508,2025-01-17,Lucknow,Groceries,Sugar,1.0,40410.29,12781.28,41259.0
ORD017513,2025-03-17,Nagpur,Appliances,Microwave,7.0,277620.14,34670.12,41266.0
ORD017514,2025-01-02,Indore,Groceries,Tea Powder,14.0,1837054.24,177428.26,41280.0
ORD017515,2025-01-29,Delhi,Groceries,Cooking Oil,9.0,1282183.11,161077.72,41289.0
ORD017518,2025-01-28,Kanpur,Sports,Yoga Mat,25.0,1305864.0,379449.49,41314.0
ORD017522,2025-03-25,Jaipur,Groceries,Tea Powder,22.0,107272.44,25990.6,41336.0
ORD017524,2025-03-28,Ludhiana,Clothing,Shoes,12.0,1490858.4,373504.53,41348.0
ORD017534,2025-01-01,Gurugram,Sports,Gym Gloves,12.0,1032291.36,221711.45,41360.0
ORD017536,2025-03-31,Ludhiana,Clothing,Shoes,15.0,549034.65,134913.0,41375.0
ORD017553,2025-02-26,Nashik,Appliances,Mixer Grinder,19.0,493971.88,132649.9,41394.0
ORD017564,2025-01-08,Mangalore,Electronics,Camera,10.0,272973.6,39358.96,41404.0
ORD017566,2025-01-28,Kochi,Electronics,Camera,6.0,462198.6,41280.54,41410.0
ORD017569,2025-03-01,Bengaluru,Clothing,Saree,7.0,778484.07,124292.67,41417.0
ORD017571,2025-02-25,Gurugram,Appliances,Refrigerator,5.0,655494.95,167740.81,41422.0
ORD017581,2025-02-18,Vadodara,Sports,Yoga Mat,15.0,1336912.65,323658.93,41437.0
ORD017586,2025-02-22,Thiruvananthapuram,Sports,Gym Gloves,10.0,1059352.2,273895.62,41447.0
ORD017595,2025-03-15,Agra,Beauty,Perfume,7.0,817885.39,219098.94,41454.0
ORD017600,2025-02-06,Lucknow,Beauty,Shampoo,6.0,662374.44,178384.86,41460.0
ORD017604,2025-02-15,Kochi,Appliances,Refrigerator,19.0,997084.47,179632.73,41479.0
ORD017613,2025-03-31,Coimbatore,Electronics,Tablet,23.0,953222.58,279851.33,41502.0
ORD017617,2025-02-07,Coimbatore,Beauty,Face Wash,22.0,2000823.88,256682.51,41524.0
ORD017621,2025-02-10,Indore,Groceries,Wheat Flour,5.0,171297.25,28908.41,41529.0
ORD017623,2025-01-06,Bhopal,Appliances,Microwave,20.0,2360718.8,684069.9,41549.0
ORD017626,2025-02-23,Thiruvananthapuram,Books,Dictionary,16.0,797996.64,65320.17,41565.0
ORD017627,2025-01-21,Mumbai,Furniture,Bookshelf,6.0,336884.46,85876.06,41571.0
ORD017630,2025-02-08,Hyderabad,Electronics,Smart TV,19.0,242144.17,61437.22,41590.0
ORD017633,2025-02-03,Surat,Electronics,Smart Watch,18.0,589891.68,50870.82,41608.0
ORD017635,2025-01-11,Goa,Furniture,Sofa,25.0,716170.75,112173.26,41633.0
ORD017642,2025-02-21,Tirupati,Clothing,Jacket,7.0,373411.29,111405.16,41640.0
ORD017649,2025-01-06,Madurai,Beauty,Perfume,21.0,2295252.33,279616.79,41661.0
ORD017651,2025-01-31,Varanasi,Electronics,Tablet,2.0,170294.98,42503.23,41663.0
ORD017659,2025-03-28,Visakhapatnam,Beauty,Perfume,7.0,138738.04,44186.16,41670.0
ORD017662,2025-03-04,Mangalore,Sports,Yoga Mat,4.0,354758.68,87509.53,41674.0
ORD017673,2025-03-06,Chandigarh,Groceries,Tea Powder,17.0,1309694.62,303136.93,41691.0
ORD017678,2025-01-28,Mumbai,Sports,Yoga Mat,8.0,438247.28,45057.61,41699.0
ORD017691,2025-01-06,Surat,Sports,Badminton Racket,22.0,332896.74,39162.93,41721.0
ORD017698,2025-02-24,Delhi,Clothing,Saree,7.0,126254.8,28820.29,41728.0
ORD017705,2025-03-14,Gurugram,Groceries,Milk,2.0,172996.48,30167.8,41730.0
ORD017713,2025-03-26,Vijayawada,Beauty,Perfume,18.0,2126834.46,256812.38,41748.0
ORD017715,2025-02-02,Vijayawada,Electronics,Smartphone,15.0,803895.3,173142.28,41763.0
ORD017716,2025-01-16,Nagpur,Groceries,Milk,18.0,1824045.84,318843.0,41781.0
ORD017722,2025-03-28,Noida,Clothing,Saree,1.0,96540.71,29762.2,41782.0
ORD017749,2025-03-08,Nagpur,Furniture,Bookshelf,13.0,811891.47,83942.48,41795.0
ORD017758,2025-03-13,Nagpur,Sports,Cricket Bat,21.0,1757142.87,456375.41,41816.0
ORD017765,2025-01-07,Ludhiana,Appliances,Microwave,23.0,1672438.1,577869.36,41839.0
ORD017769,2025-03-14,Mumbai,Groceries,Cooking Oil,18.0,1074253.14,234507.23,41857.0
ORD017772,2025-01-11,Agra,Furniture,Chair,5.0,300970.45,85423.36,41862.0
ORD017776,2025-03-05,Agra,Books,Notebook,25.0,1740284.0,141743.07,41887.0
ORD017782,2025-01-05,Ludhiana,Groceries,Tea Powder,5.0,741510.5,128563.85,41892.0
ORD017783,2025-03-26,Goa,Books,Novel,14.0,36006.32,5658.49,41906.0
ORD017784,2025-02-07,Mumbai,Books,Exam Guide,7.0,267203.44,28645.56,41913.0
ORD017798,2025-02-26,Mysuru,Electronics,Tablet,20.0,854197.6,100052.8,41933.0
ORD017800,2025-01-05,Jaipur,Groceries,Wheat Flour,2.0,292187.76,33017.21,41935.0
ORD017801,2025-03-20,Vijayawada,Electronics,Camera,21.0,1032529.47,313024.27,41956.0
ORD017807,2025-01-29,Mangalore,Groceries,Cooking Oil,18.0,2554836.66,283279.06,41974.0
ORD017809,2025-02-28,Chandigarh,Furniture,Bookshelf,25.0,3397639.0,406785.35,41999.0
ORD017811,2025-03-03,Chennai,Groceries,Wheat Flour,14.0,1056569.64,233424.81,42013.0
ORD017813,2025-01-21,Guwahati,Clothing,Kurta,21.0,988111.74,183581.23,42034.0
ORD017818,2025-01-08,Gurugram,Appliances,Refrigerator,18.0,1367934.84,425607.96,42052.0
ORD017820,2025-02-09,Delhi,Clothing,T-Shirt,15.0,231585.3,70832.49,42067.0
ORD017834,2025-01-19,Indore,Sports,Yoga Mat,2.0,150307.88,28057.04,42069.0
ORD017841,2025-03-03,Vijayawada,Books,Engineering Book,9.0,167517.0,47315.8,42078.0
ORD017845,2025-02-02,Vijayawada,Appliances,Refrigerator,13.0,1660641.71,424751.07,42091.0
ORD017852,2025-03-22,Bhopal,Clothing,Saree,21.0,469688.73,73603.27,42112.0
ORD017853,2025-01-03,Lucknow,Sports,Yoga Mat,6.0,344516.7,66424.61,42118.0
ORD017855,2025-01-02,Mysuru,Sports,Football,14.0,1493851.38,197349.04,42132.0
ORD017862,2025-01-06,Mysuru,Beauty,Perfume,21.0,1233260.28,391258.31,42153.0
ORD017864,2025-01-29,Goa,Electronics,Laptop,2.0,185780.06,46658.36,42155.0
ORD017870,2025-03-12,Gurugram,Sports,Badminton Racket,9.0,582163.02,73163.68,42164.0
ORD017876,2025-01-16,Kochi,Sports,Badminton Racket,14.0,164838.66,25387.14,42178.0
ORD017879,2025-01-31,Nashik,Sports,Gym Gloves,6.0,230958.36,54635.66,42184.0
ORD017880,2025-01-29,Vadodara,Beauty,Shampoo,3.0,194877.51,50155.63,42187.0
ORD017887,2025-01-17,Kanpur,Furniture,Bed,25.0,3234681.75,375454.67,42212.0
ORD017889,2025-03-30,Chandigarh,Clothing,Saree,14.0,1254876.56,279754.51,42226.0
ORD017898,2025-02-24,Visakhapatnam,Sports,Gym Gloves,24.0,1334959.92,448283.65,42250.0
ORD017903,2025-02-18,Kolkata,Beauty,Moisturizer,22.0,3275545.24,1000069.74,42272.0
ORD017913,2025-03-03,Agra,Appliances,Air Conditioner,16.0,2332578.08,661643.53,42288.0
ORD017914,2025-01-30,Guwahati,Beauty,Shampoo,0.0,3172902.24,934822.01,42312.0
ORD017919,2025-01-19,Goa,Groceries,Sugar,13.0,1713456.94,168798.52,42325.0
ORD017927,2025-01-29,Bhopal,Beauty,Perfume,9.0,1072955.79,171194.58,42334.0
ORD017930,2025-02-04,Nagpur,Appliances,Air Conditioner,22.0,1793965.8,283827.39,42356.0
ORD017931,2025-02-24,Goa,Books,Dictionary,25.0,105436.75,17323.94,42381.0
ORD017932,2025-01-26,Kochi,Groceries,Wheat Flour,23.0,3439941.87,1122375.0,42404.0
ORD017934,2025-03-17,Surat,Beauty,Face Wash,11.0,497739.0,118763.86,42415.0
ORD017936,2025-03-09,Agra,Clothing,Jacket,20.0,1667017.6,441329.84,42435.0
ORD017945,2025-02-09,Hubballi,Clothing,Jacket,12.0,1101721.2,106842.28,42447.0
ORD017949,2025-03-31,Bhopal,Electronics,Headphones,7.0,476009.1,69906.77,42454.0
ORD017952,2025-03-22,Lucknow,Beauty,Face Wash,8.0,155562.08,43560.48,42462.0
ORD017954,2025-02-06,Patna,Furniture,Dining Table,4.0,465637.84,86996.7,42466.0
ORD017957,2025-03-15,Nashik,Clothing,Jacket,2.0,56065.72,8744.86,42468.0
ORD017959,2025-01-26,Thiruvananthapuram,Beauty,Perfume,7.0,237454.98,52831.81,42475.0
ORD017960,2025-02-05,Agra,Clothing,T-Shirt,1.0,111220.72,12655.21,42476.0
ORD017962,2025-02-22,Varanasi,Appliances,Air Conditioner,17.0,1191664.98,294741.44,42493.0
ORD017965,2025-02-23,Bengaluru,Furniture,Chair,16.0,443468.16,120298.52,42509.0
ORD017972,2025-01-22,Chennai,Beauty,Shampoo,13.0,1800749.99,555894.79,42522.0
ORD017977,2025-01-18,Noida,Beauty,Shampoo,3.0,441669.39,146798.76,42525.0
ORD017981,2025-02-01,Guwahati,Electronics,Smartphone,21.0,1464810.27,173894.49,42546.0
ORD017998,2025-02-21,Bhopal,Appliances,Washing Machine,22.0,2853757.28,660834.52,42568.0
ORD018007,2025-03-08,Kolkata,Groceries,Rice,8.0,208551.52,18959.65,42576.0
ORD018009,2025-01-30,Patna,Books,Exam Guide,18.0,235753.2,34652.38,42594.0
ORD018016,2025-01-09,Mangalore,Books,Notebook,13.0,417039.09,132562.07,42607.0
ORD018022,2025-03-19,Patna,Books,Exam Guide,21.0,1859979.03,254601.95,42628.0
ORD018023,2025-01-18,Visakhapatnam,Furniture,Sofa,24.0,2302965.84,242424.33,42652.0
ORD018025,2025-02-02,Visakhapatnam,Beauty,Moisturizer,14.0,319290.02,64902.71,42666.0
ORD018027,2025-02-27,Lucknow,Furniture,Wardrobe,23.0,3135106.77,906550.58,42689.0
ORD018032,2025-02-03,Mysuru,Groceries,Tea Powder,10.0,479029.0,77810.14,42699.0
ORD018033,2025-03-09,Gurugram,Furniture,Chair,24.0,2048030.88,536354.23,42723.0
ORD018045,2025-01-16,Nashik,Books,Notebook,5.0,500026.15,161711.69,42728.0
ORD018053,2025-01-29,Chandigarh,Groceries,Cooking Oil,23.0,571897.3,120837.64,42751.0
ORD018056,2025-02-21,Bengaluru,Books,Novel,13.0,1927145.74,260050.38,42764.0
ORD018057,2025-02-04,Kolkata,Books,Notebook,6.0,365002.92,82951.25,42770.0
ORD018060,2025-02-06,Visakhapatnam,Furniture,Wardrobe,11.0,823621.37,282745.69,42781.0
ORD018061,2025-03-06,Noida,Beauty,Face Wash,7.0,529047.68,135828.56,42788.0
ORD018064,2025-01-26,Kolkata,Electronics,Smart Watch,22.0,2845002.38,338744.28,42810.0
ORD018071,2025-02-23,Thiruvananthapuram,Groceries,Wheat Flour,8.0,696286.96,82671.9,42818.0
ORD018075,2025-01-30,Ahmedabad,Electronics,Headphones,15.0,539216.1,59734.63,42833.0
ORD018078,2025-01-05,Noida,Beauty,Perfume,10.0,1339997.9,128678.09,42843.0
ORD018084,2025-03-11,Nashik,Furniture,Bookshelf,8.0,129261.04,11661.81,42851.0
ORD018087,2025-02-23,Chennai,Appliances,Microwave,9.0,812225.97,258757.55,42860.0
ORD018094,2025-03-05,Vadodara,Beauty,Moisturizer,1.0,59899.95,19687.66,42861.0
ORD018104,2025-03-07,Kolkata,Furniture,Sofa,4.0,481277.72,149020.47,42865.0
ORD018105,2025-01-21,Kochi,Sports,Football,17.0,1584356.31,400399.69,42882.0
ORD018106,2025-01-10,Mumbai,Furniture,Bookshelf,20.0,277350.0,65481.7,42902.0
ORD018108,2025-03-09,Tirupati,Appliances,Air Conditioner,6.0,445585.68,68424.01,42908.0
ORD018118,2025-03-20,Madurai,Sports,Gym Gloves,25.0,1055021.0,115810.24,42933.0
ORD018122,2025-02-06,Tirupati,Furniture,Wardrobe,22.0,3281142.92,275617.52,42955.0
ORD018123,2025-02-19,Surat,Beauty,Shampoo,8.0,988634.64,269685.86,42963.0
ORD018124,2025-02-26,Nagpur,Furniture,Wardrobe,4.0,124490.8,11986.65,42967.0
ORD018136,2025-03-16,Varanasi,Furniture,Chair,2.0,9013.34,1245.13,42969.0
ORD018145,2025-02-28,Vijayawada,Furniture,Bed,20.0,2782165.2,302796.03,42989.0
ORD018160,2025-03-17,Vijayawada,Sports,Badminton Racket,8.0,594147.68,188454.99,42997.0
ORD018163,2025-03-11,Coimbatore,Groceries,Rice,7.0,120610.91,17908.33,43004.0
ORD018167,2025-02-22,Indore,Sports,Football,24.0,1716423.36,248105.48,43028.0
ORD018169,2025-01-15,Patna,Furniture,Bookshelf,17.0,1740276.4,526824.39,43045.0
ORD018173,2025-01-02,Surat,Books,Notebook,13.0,331732.31,27147.21,43058.0
ORD018176,2025-01-22,Lucknow,Clothing,Shoes,16.0,925250.24,239797.9,43074.0
ORD018179,2025-03-28,Ahmedabad,Beauty,Shampoo,6.0,568903.32,121287.37,43080.0
ORD018180,2025-02-02,Kanpur,Electronics,Smart TV,2.0,15119.0,3656.57,43082.0
ORD018187,2025-01-21,Agra,Books,Engineering Book,5.0,656539.25,119732.44,43087.0
ORD018201,2025-01-29,Varanasi,Electronics,Smart Watch,17.0,618290.85,155560.69,43104.0
ORD018203,2025-02-17,Ahmedabad,Sports,Football,19.0,1595213.97,420556.78,43123.0
ORD018215,2025-01-30,Bengaluru,Clothing,Saree,24.0,1690457.52,431347.34,43147.0
ORD018217,2025-01-29,Varanasi,Clothing,Jeans,11.0,1537367.48,505897.46,43158.0
ORD018227,2025-02-03,Pune,Furniture,Chair,18.0,1662876.36,232472.61,43176.0
ORD018232,2025-02-10,Varanasi,Electronics,Smart TV,9.0,1314758.25,326895.11,43185.0
ORD018234,2025-02-05,Pune,Beauty,Lipstick,16.0,554857.76,133653.07,43201.0
ORD018243,2025-01-26,Jaipur,Furniture,Chair,23.0,417509.34,129380.57,43224.0
ORD018244,2025-01-26,Coimbatore,Clothing,Jeans,21.0,224662.83,39619.26,43245.0
ORD018249,2025-01-17,Mumbai,Books,Dictionary,11.0,534992.26,131079.24,43256.0
ORD018256,2025-02-03,Lucknow,Beauty,Perfume,8.0,70509.2,11715.0,43264.0
ORD018265,2025-01-07,Mumbai,Books,Dictionary,17.0,2350336.87,357965.7,43281.0
ORD018268,2025-02-25,Guwahati,Beauty,Moisturizer,15.0,1477653.45,435181.2,43296.0
ORD018278,2025-01-05,Goa,Groceries,Wheat Flour,22.0,3212335.5,663787.31,43318.0
ORD018279,2025-02-12,Bengaluru,Electronics,Smart Watch,16.0,1979712.64,561025.13,43334.0
ORD018280,2025-02-01,Goa,Groceries,Rice,12.0,1469827.8,433424.05,43346.0
ORD018282,2025-02-16,Gurugram,Furniture,Wardrobe,21.0,2123599.8,705191.05,43367.0
ORD018289,2025-03-31,Chandigarh,Clothing,Kurta,20.0,2971619.8,1013242.05,43387.0
ORD018311,2025-01-08,Mangalore,Books,Exam Guide,7.0,612387.37,143628.22,43394.0
ORD018316,2025-01-28,Noida,Appliances,Air Conditioner,1.0,117746.52,23386.72,43395.0
ORD018329,2025-03-27,Madurai,Furniture,Bookshelf,25.0,1860188.75,527858.22,43420.0
ORD018336,2025-02-13,Kochi,Books,Notebook,11.0,571261.79,142552.23,43431.0
ORD018338,2025-02-04,Bengaluru,Furniture,Chair,7.0,472378.41,59972.22,43438.0
ORD018340,2025-03-17,Nashik,Beauty,Perfume,13.0,1164446.53,170152.19,43451.0
ORD018351,2025-01-30,Hubballi,Furniture,Sofa,22.0,1850318.58,645448.53,43473.0
ORD018355,2025-03-12,Mumbai,Clothing,Saree,17.0,1717292.06,175171.57,43490.0
ORD018358,2025-02-08,Mumbai,Clothing,T-Shirt,6.0,472879.14,75423.02,43496.0
ORD018359,2025-02-19,Jaipur,Groceries,Sugar,2.0,89229.34,18417.84,43498.0
ORD018367,2025-03-07,Gurugram,Groceries,Tea Powder,5.0,648545.75,173065.14,43503.0
ORD018368,2025-03-21,Tirupati,Furniture,Bookshelf,1.0,14816.54,4918.03,43504.0
ORD018371,2025-03-04,Kochi,Electronics,Tablet,16.0,948448.48,203970.99,43520.0
ORD018374,2025-02-15,Chennai,Sports,Badminton Racket,19.0,2717831.44,759746.53,43539.0
ORD018377,2025-01-05,Pune,Electronics,Tablet,3.0,139444.77,25511.13,43542.0
ORD018379,2025-02-19,Noida,Beauty,Moisturizer,23.0,2697475.88,770090.11,43565.0
ORD018381,2025-01-11,Nashik,Books,Novel,18.0,2112241.32,300293.19,43583.0
ORD018393,2025-03-05,Vijayawada,Appliances,Air Conditioner,9.0,54457.47,8234.0,43592.0
ORD018396,2025-03-18,Jaipur,Electronics,Smart TV,15.0,685013.7,227815.49,43607.0
ORD018398,2025-02-05,Chandigarh,Beauty,Perfume,9.0,455873.04,116495.19,43616.0
ORD018402,2025-02-11,Surat,Clothing,Kurta,9.0,813897.36,150210.96,43625.0
ORD018408,2025-03-21,Chandigarh,Electronics,Smart TV,24.0,1547949.12,133458.19,43649.0
ORD018410,2025-02-21,Delhi,Sports,Badminton Racket,2.0,47254.98,13828.07,43651.0
ORD018415,2025-01-17,Coimbatore,Beauty,Perfume,14.0,1353550.94,352074.83,43665.0
ORD018430,2025-01-27,Patna,Furniture,Sofa,9.0,1107389.34,201479.04,43674.0
ORD018431,2025-02-05,Thiruvananthapuram,Sports,Cricket Bat,16.0,1691496.32,192290.4,43690.0
ORD018432,2025-03-06,Agra,Groceries,Rice,7.0,497081.83,68534.66,43697.0
ORD018433,2025-03-14,Patna,Beauty,Shampoo,25.0,836403.75,169085.05,43722.0
ORD018436,2025-01-22,Thiruvananthapuram,Electronics,Camera,14.0,929336.24,86170.42,43736.0
ORD018444,2025-03-14,Delhi,Electronics,Laptop,2.0,82771.22,10350.02,43738.0
ORD018449,2025-02-06,Gurugram,Groceries,Tea Powder,4.0,70944.48,14048.05,43742.0
ORD018452,2025-03-19,Varanasi,Groceries,Sugar,18.0,874047.96,248927.85,43760.0
ORD018455,2025-02-04,Delhi,Sports,Yoga Mat,8.0,951145.44,241316.84,43768.0
ORD018457,2025-02-10,Jaipur,Appliances,Refrigerator,23.0,675450.66,73987.42,43791.0
ORD018459,2025-01-24,Vijayawada,Electronics,Smart Watch,24.0,266820.0,65257.13,43815.0
ORD018465,2025-02-27,Hyderabad,Electronics,Tablet,7.0,62995.94,18866.26,43822.0
ORD018466,2025-03-29,Bengaluru,Electronics,Laptop,3.0,5920.92,1775.34,43825.0
ORD018469,2025-03-04,Chennai,Groceries,Wheat Flour,2.0,188027.22,53038.28,43827.0
ORD018470,2025-02-17,Varanasi,Appliances,Mixer Grinder,7.0,775218.5,206999.24,43834.0
ORD018476,2025-02-03,Surat,Groceries,Tea Powder,18.0,1140150.06,248851.33,43852.0
ORD018481,2025-02-27,Pune,Electronics,Camera,15.0,856436.85,183651.79,43867.0
ORD018487,2025-01-23,Hyderabad,Sports,Cricket Bat,17.0,1980882.5,537451.24,43884.0
ORD018493,2025-02-27,Visakhapatnam,Groceries,Cooking Oil,13.0,433185.48,90113.84,43897.0
ORD018502,2025-01-10,Goa,Furniture,Sofa,6.0,341955.96,102107.01,43903.0
ORD018508,2025-03-07,Hyderabad,Electronics,Smart TV,16.0,2003411.84,500897.4,43919.0
ORD018514,2025-01-21,Varanasi,Books,Exam Guide,6.0,541813.74,64059.06,43925.0
ORD018522,2025-03-01,Tirupati,Appliances,Refrigerator,17.0,750894.93,252299.69,43942.0
ORD018528,2025-03-13,Pune,Sports,Cricket Bat,6.0,489688.32,116845.78,43948.0
ORD018534,2025-02-24,Surat,Beauty,Perfume,11.0,1424563.47,473520.13,43959.0
ORD018535,2025-01-20,Ahmedabad,Appliances,Refrigerator,15.0,986755.8,253446.3,43974.0
ORD018536,2025-03-04,Ahmedabad,Beauty,Moisturizer,23.0,826605.97,229584.16,43997.0
ORD018537,2025-02-18,Nagpur,Beauty,Shampoo,1.0,14052.46,2692.08,43998.0
ORD018538,2025-03-08,Pune,Appliances,Microwave,24.0,2826151.68,818543.84,44022.0
ORD018540,2025-02-02,Hyderabad,Groceries,Milk,6.0,899274.06,107725.26,44028.0
ORD018545,2025-01-04,Goa,Groceries,Wheat Flour,8.0,322790.88,50530.6,44036.0
ORD018549,2025-03-20,Indore,Books,Novel,24.0,2293374.0,763755.9,44060.0
ORD018550,2025-02-08,Vadodara,Clothing,Jacket,13.0,732196.53,254498.29,44073.0
ORD018565,2025-03-19,Bhopal,Sports,Badminton Racket,10.0,411180.2,115008.62,44083.0
ORD018571,2025-02-10,Delhi,Appliances,Mixer Grinder,21.0,2141686.05,553440.54,44104.0
ORD018572,2025-03-31,Jaipur,Groceries,Sugar,8.0,390924.24,119079.06,44112.0
ORD018576,2025-02-01,Surat,Sports,Yoga Mat,6.0,30556.32,6923.52,44118.0
ORD018579,2025-03-30,Ludhiana,Groceries,Sugar,25.0,300512.75,105010.13,44143.0
ORD018583,2025-03-31,Hubballi,Electronics,Laptop,18.0,2170292.22,582265.94,44161.0
ORD018593,2025-02-25,Patna,Furniture,Bed,19.0,2184447.67,522291.15,44180.0
ORD018596,2025-03-22,Patna,Beauty,Perfume,12.0,700499.4,145853.54,44192.0
ORD018599,2025-01-07,Kolkata,Electronics,Headphones,10.0,520426.4,155944.54,44202.0
ORD018603,2025-03-22,Kochi,Electronics,Laptop,10.0,80309.7,8926.65,44212.0
ORD018620,2025-03-07,Varanasi,Clothing,T-Shirt,7.0,994690.41,196745.84,44219.0
ORD018624,2025-02-05,Coimbatore,Electronics,Camera,20.0,2943614.2,996466.18,44239.0
ORD018635,2025-03-21,Jaipur,Electronics,Smart Watch,18.0,1315104.48,284756.65,44257.0
ORD018643,2025-01-06,Nagpur,Groceries,Rice,15.0,1611502.95,368906.98,44272.0
ORD018654,2025-01-01,Bhopal,Groceries,Cooking Oil,14.0,245022.54,84466.79,44286.0
ORD018659,2025-02-20,Kochi,Appliances,Refrigerator,21.0,2629448.43,550517.24,44307.0
ORD018662,2025-01-06,Kanpur,Beauty,Perfume,1.0,92393.25,26499.52,44308.0
ORD018665,2025-01-25,Surat,Books,Engineering Book,19.0,150225.59,39737.79,44327.0
ORD018673,2025-02-21,Mangalore,Books,Novel,17.0,176124.42,17630.48,44344.0
ORD018677,2025-01-10,Jaipur,Sports,Cricket Bat,1.0,80422.75,21275.85,44345.0
ORD018689,2025-01-11,Visakhapatnam,Beauty,Shampoo,12.0,964637.16,150927.81,44357.0
ORD018691,2025-03-15,Patna,Groceries,Cooking Oil,7.0,549094.07,101074.2,44364.0
ORD018692,2025-02-17,Ahmedabad,Furniture,Sofa,11.0,611675.46,207612.55,44375.0
ORD018694,2025-01-07,Ludhiana,Electronics,Camera,7.0,705890.29,241048.82,44382.0
ORD018697,2025-01-26,Indore,Clothing,Kurta,5.0,726121.8,83289.61,44387.0
ORD018698,2025-01-29,Vijayawada,Books,Novel,15.0,2082545.4,193712.08,44402.0
ORD018699,2025-02-10,Goa,Electronics,Smart TV,4.0,230489.8,60727.6,44406.0
ORD018700,2025-03-14,Surat,Electronics,Camera,18.0,589862.34,49139.1,44424.0
ORD018714,2025-03-31,Lucknow,Books,Exam Guide,15.0,1912231.95,223543.81,44439.0
ORD018716,2025-01-25,Hubballi,Beauty,Lipstick,15.0,344207.55,31072.1,44454.0
ORD018721,2025-03-03,Thiruvananthapuram,Groceries,Tea Powder,9.0,583617.87,169271.22,44463.0
ORD018728,2025-01-06,Jaipur,Books,Exam Guide,20.0,2250938.4,230096.83,44483.0
ORD018736,2025-01-18,Surat,Beauty,Moisturizer,3.0,22813.35,6222.31,44486.0
ORD018756,2025-01-11,Hubballi,Books,Notebook,10.0,1157553.0,300379.62,44496.0
ORD018760,2025-03-29,Nashik,Groceries,Milk,13.0,954928.26,180897.26,44509.0
ORD018770,2025-03-08,Noida,Furniture,Sofa,20.0,190776.2,61363.27,44529.0
ORD018773,2025-03-09,Bengaluru,Beauty,Perfume,15.0,1635006.6,536558.51,44544.0
ORD018775,2025-03-27,Chennai,Furniture,Wardrobe,11.0,1202223.0,347182.79,44555.0
ORD018779,2025-03-24,Patna,Electronics,Camera,25.0,2592400.5,685231.59,44580.0
ORD018780,2025-01-03,Indore,Electronics,Smartphone,16.0,1269273.92,248455.22,44596.0
ORD018798,2025-03-11,Kochi,Sports,Badminton Racket,14.0,1762933.62,242532.71,44610.0
ORD018806,2025-01-26,Mysuru,Appliances,Washing Machine,25.0,3401564.0,759464.69,44635.0
ORD018812,2025-02-24,Hyderabad,Furniture,Chair,20.0,302422.6,93596.51,44655.0
ORD018816,2025-01-22,Hubballi,Books,Notebook,9.0,781291.98,212645.43,44664.0
ORD018830,2025-02-22,Nagpur,Furniture,Bookshelf,8.0,640128.88,92101.44,44672.0
ORD018839,2025-03-27,Varanasi,Clothing,Jacket,8.0,962666.64,233078.23,44680.0
ORD018847,2025-01-25,Coimbatore,Electronics,Smartphone,19.0,1269020.64,264131.72,44699.0
ORD018852,2025-02-19,Chennai,Clothing,T-Shirt,14.0,589331.82,113226.53,44713.0
ORD018855,2025-02-16,,Groceries,Sugar,6.0,686286.84,55569.26,44719.0
ORD018856,2025-03-16,Pune,Furniture,Bed,10.0,1245234.3,269273.1,44729.0
ORD018860,2025-02-24,Kolkata,Books,Engineering Book,13.0,1811688.32,368193.37,44742.0
ORD018865,2025-01-23,Gurugram,Electronics,Smart Watch,21.0,2735809.65,330008.28,44763.0
ORD018869,2025-02-25,Tirupati,Books,Exam Guide,20.0,1940493.0,568656.99,44783.0
ORD018871,2025-01-26,Hubballi,Clothing,T-Shirt,16.0,1100180.96,184217.19,44799.0
ORD018872,2025-02-07,Lucknow,Electronics,,22.0,298442.32,25092.49,44821.0
ORD018880,2025-03-09,Mangalore,Books,Dictionary,13.0,1839005.48,529800.67,44834.0
ORD018881,2025-03-10,Mumbai,Groceries,Tea Powder,11.0,979021.23,218123.94,44845.0
ORD018891,2025-01-06,Thiruvananthapuram,Appliances,Refrigerator,18.0,1372100.94,473961.49,44863.0
ORD018894,2025-03-30,Thiruvananthapuram,Appliances,Microwave,17.0,1830973.1,532488.96,44880.0
ORD018895,2025-03-19,Agra,Electronics,Laptop,18.0,2067980.94,277117.01,44898.0
ORD018897,2025-01-17,Bhopal,Clothing,T-Shirt,15.0,1143690.15,328989.75,44913.0
ORD018898,2025-03-03,Indore,Groceries,Rice,20.0,2210951.0,476069.86,44933.0
ORD018909,2025-02-28,Thiruvananthapuram,Sports,Gym Gloves,13.0,784779.71,151586.51,44946.0
ORD018911,2025-03-08,Patna,Clothing,Saree,21.0,2454995.76,520661.83,44967.0
ORD018920,2025-03-30,Chandigarh,Groceries,Sugar,21.0,2037808.71,487756.85,44988.0
ORD018931,2025-03-22,Surat,Books,Novel,2.0,129285.9,10896.71,44990.0
ORD018938,2025-02-28,Ahmedabad,Clothing,Jacket,17.0,1910429.57,462156.71,45007.0
ORD018939,2025-03-13,Noida,Appliances,Air Conditioner,15.0,1561220.85,327408.47,45022.0
ORD018949,2025-02-17,Pune,Groceries,Tea Powder,24.0,453123.84,155126.72,45046.0
ORD018956,2025-02-02,Visakhapatnam,Furniture,Bookshelf,10.0,753259.7,83596.54,45056.0
ORD018961,2025-02-18,Pune,Furniture,Bed,12.0,739349.04,172253.97,45068.0
ORD018963,2025-01-20,Delhi,Groceries,Rice,2.0,183422.56,30784.89,45070.0
ORD018964,2025-01-01,Vadodara,Groceries,Sugar,20.0,68098.2,8357.39,45090.0
ORD018965,2025-02-20,Noida,Beauty,Shampoo,7.0,447014.47,115299.2,45097.0
ORD018969,2025-02-13,Bhopal,Books,Notebook,12.0,1705941.96,526422.52,45109.0
ORD018971,2025-02-18,Nashik,Appliances,Refrigerator,8.0,772112.24,108953.36,45117.0
ORD018972,2025-01-28,Ludhiana,Books,Dictionary,15.0,413704.5,82681.98,45132.0
ORD018973,2025-01-15,Thiruvananthapuram,Appliances,Microwave,5.0,706887.85,240217.62,45137.0
ORD018978,2025-02-19,Madurai,Electronics,Smartphone,1.0,22427.22,3406.01,45138.0
ORD018996,2025-03-15,Nagpur,Groceries,Milk,2.0,184396.96,55826.74,45140.0
ORD019002,2025-03-21,Surat,Electronics,Smart Watch,20.0,350850.8,53291.5,45160.0
ORD019006,2025-01-23,Varanasi,Sports,Badminton Racket,5.0,546184.4,140357.24,45165.0
ORD019017,2025-03-16,Thiruvananthapuram,Sports,Yoga Mat,20.0,610288.6,137341.22,45185.0
ORD019023,2025-02-02,Vijayawada,Groceries,Wheat Flour,22.0,562986.38,136711.9,45207.0
ORD019028,2025-01-03,Bengaluru,Appliances,Refrigerator,20.0,626528.8,50726.95,45227.0
ORD019029,2025-02-07,Chennai,Beauty,Lipstick,22.0,134553.1,25024.9,45249.0
ORD019031,2025-03-10,Kolkata,Books,Dictionary,14.0,1068115.58,166662.34,45263.0
ORD019032,2025-03-27,Ahmedabad,Electronics,Headphones,15.0,2126672.55,248080.39,45278.0
ORD019041,2025-01-26,Varanasi,Clothing,T-Shirt,1.0,31261.96,10632.14,45279.0
ORD019044,2025-03-05,Pune,Sports,Football,20.0,93986.4,30905.37,45299.0
ORD019058,2025-03-26,Gurugram,Beauty,Lipstick,11.0,342800.26,55669.2,45310.0
ORD019064,2025-03-10,Indore,Sports,Gym Gloves,22.0,1650310.64,568484.01,45332.0
ORD019066,2025-03-12,Agra,Clothing,Jeans,5.0,725501.35,221813.94,45337.0
ORD019067,2025-01-14,Kolkata,Clothing,Shoes,15.0,283099.05,88901.04,45352.0
ORD019071,2025-02-06,Kolkata,Books,Dictionary,8.0,321933.36,107138.02,45360.0
ORD019077,2025-02-18,Kochi,Books,Exam Guide,17.0,1576851.66,247792.69,45377.0
ORD019078,2025-02-19,Gurugram,Electronics,Laptop,25.0,3165583.5,1045717.82,45402.0
ORD019079,2025-02-02,Noida,Sports,Badminton Racket,21.0,43983.24,6898.42,45423.0
ORD019084,2025-03-26,Gurugram,Furniture,Wardrobe,11.0,331907.51,68877.1,45434.0
ORD019095,2025-02-06,Jaipur,Clothing,Shoes,24.0,605997.36,76937.5,45458.0
ORD019097,2025-01-15,Lucknow,Beauty,Perfume,11.0,432589.3,88884.53,45469.0
ORD019107,2025-01-18,Hubballi,Appliances,Refrigerator,0.0,1481966.08,170683.17,45483.0
ORD019109,2025-02-13,Pune,Electronics,Camera,24.0,1593045.36,246776.66,45507.0
ORD019110,2025-02-21,Varanasi,Electronics,Smartphone,12.0,743479.68,69076.34,45519.0
ORD019136,2025-02-08,Agra,Appliances,Washing Machine,13.0,1508955.5,358414.59,45532.0
ORD019148,2025-02-10,Ahmedabad,Sports,Yoga Mat,11.0,1234681.69,289977.0,45543.0
ORD019158,2025-01-30,Madurai,Sports,Cricket Bat,20.0,2890636.4,555748.79,45563.0
ORD019159,2025-01-21,Chandigarh,Sports,Gym Gloves,14.0,1371564.46,437840.91,45577.0
ORD019164,2025-01-05,Indore,Sports,Yoga Mat,13.0,1386339.76,380583.88,45590.0
ORD019190,2025-01-12,Madurai,Furniture,Chair,13.0,1114314.24,218549.32,45603.0
ORD019191,2025-03-21,Surat,Books,Novel,14.0,208591.46,60511.12,45617.0
ORD019193,2025-03-30,Agra,Sports,Gym Gloves,19.0,322497.26,99168.62,45636.0
ORD019199,2025-01-30,Delhi,Sports,Badminton Racket,17.0,2097578.32,558850.45,45653.0
ORD019201,2025-03-22,Patna,Electronics,Headphones,21.0,1094227.26,202824.73,45674.0
ORD019207,2025-02-26,Madurai,Electronics,Smartphone,12.0,370520.4,78726.82,45686.0
ORD019213,2025-03-16,Agra,Sports,Cricket Bat,8.0,873807.52,182125.87,45694.0
ORD019215,2025-01-05,Indore,Furniture,Wardrobe,2.0,282084.68,66402.16,45696.0
ORD019217,2025-01-08,Noida,Sports,Gym Gloves,7.0,303291.03,71607.8,45703.0
ORD019223,2025-02-09,Ludhiana,Groceries,Cooking Oil,7.0,240503.2,79413.19,45710.0
ORD019233,2025-03-11,Delhi,Sports,Football,4.0,479593.92,55514.95,45714.0
ORD019237,2025-02-14,Lucknow,Beauty,Lipstick,22.0,3007129.62,578112.94,45736.0
ORD019238,2025-02-26,Guwahati,Clothing,Saree,8.0,388097.36,74570.24,45744.0
ORD019242,2025-03-24,Vijayawada,Groceries,Tea Powder,19.0,2567243.14,519963.64,45763.0
ORD019244,2025-03-06,Noida,Groceries,Milk,23.0,134284.12,45821.6,45786.0
ORD019253,2025-01-05,Chennai,Electronics,Smartphone,3.0,237228.9,33689.58,45789.0
ORD019262,2025-03-13,Madurai,Appliances,Mixer Grinder,9.0,1186611.39,376801.77,45798.0
ORD019266,2025-01-23,Coimbatore,Furniture,Bookshelf,19.0,1866413.89,355093.19,45817.0
ORD019268,2025-01-17,Coimbatore,Beauty,Lipstick,11.0,1387495.34,116679.39,45828.0
ORD019274,2025-02-16,Ahmedabad,Furniture,Chair,18.0,2459419.74,382508.94,45846.0
ORD019292,2025-03-31,Lucknow,Beauty,Face Wash,6.0,886839.12,139647.48,45852.0
ORD019302,2025-02-18,Jaipur,Books,Notebook,10.0,1346563.7,260314.86,45862.0
ORD019306,2025-03-22,Noida,Clothing,Shoes,23.0,2058749.32,682459.19,45885.0
ORD019317,2025-01-08,Coimbatore,Sports,Football,12.0,778315.08,76065.24,45897.0
ORD019328,2025-02-10,Guwahati,Appliances,Mixer Grinder,20.0,1785052.4,427612.59,45917.0
ORD019338,2025-03-22,Nashik,Appliances,Refrigerator,5.0,418905.25,89618.14,45922.0
ORD019339,2025-01-21,Vijayawada,Sports,Yoga Mat,21.0,2302131.51,408128.5,45943.0
ORD019340,2025-02-03,Vadodara,Furniture,Bed,23.0,221396.39,54028.02,45966.0
ORD019350,2025-02-12,Madurai,Books,Exam Guide,12.0,1425681.96,226980.8,45978.0
ORD019351,2025-01-16,Delhi,Furniture,Bookshelf,24.0,2743767.84,337735.28,46002.0
ORD019356,2025-01-29,Pune,Electronics,Laptop,22.0,2158389.86,310804.92,46024.0
ORD019366,2025-02-28,Bhopal,Furniture,Bed,14.0,588722.4,86224.04,46038.0
ORD019375,2025-03-30,Ludhiana,Sports,Gym Gloves,14.0,1840583.92,476714.99,46052.0
ORD019376,2025-03-19,Mysuru,Groceries,Tea Powder,8.0,1094251.6,176096.06,46060.0
ORD019379,2025-02-20,Noida,Clothing,T-Shirt,10.0,523484.8,71301.25,46070.0
ORD019381,2025-03-31,Chennai,Electronics,Headphones,10.0,817516.7,254489.67,46080.0
ORD019386,2025-03-28,Tirupati,Clothing,Kurta,25.0,1249532.0,322602.99,46105.0
ORD019391,2025-03-04,Mangalore,Appliances,Microwave,1.0,102960.83,19355.95,46106.0
ORD019393,2025-03-26,Mumbai,Sports,Badminton Racket,25.0,1512537.5,326643.43,46131.0
ORD019402,2025-03-25,Visakhapatnam,Beauty,Perfume,7.0,887103.56,239022.2,46138.0
ORD019412,2025-01-23,Kochi,Appliances,Washing Machine,3.0,9835.44,913.01,46141.0
ORD019414,2025-02-07,Coimbatore,Clothing,Kurta,10.0,241104.9,62212.31,46151.0
ORD019419,2025-02-17,Visakhapatnam,Furniture,Wardrobe,9.0,330090.57,87143.35,46160.0
ORD019422,2025-01-09,Indore,Beauty,Perfume,14.0,1495832.66,271407.54,46174.0
ORD019427,2025-13-01,Vijayawada,Clothing,Saree,3.0,117482.85,14675.15,46177.0
ORD019432,2025-01-24,Vadodara,Beauty,Moisturizer,14.0,1304634.94,451815.27,46191.0
ORD019442,2025-03-30,Pune,Books,Novel,25.0,2483836.5,675563.92,46216.0
ORD019444,2025-03-22,Bengaluru,Groceries,Cooking Oil,8.0,10534.48,1690.34,46224.0
ORD019447,2025-01-07,Jaipur,Groceries,Tea Powder,13.0,406111.55,138770.86,46237.0
ORD019450,2025-03-06,Vadodara,Electronics,Smartphone,19.0,2821384.1,465850.8,46256.0
ORD019452,2025-03-29,Mysuru,Books,Novel,1.0,20826.51,4201.56,46257.0
ORD019459,2025-02-01,Kanpur,Books,Exam Guide,14.0,1836575.16,626117.87,46271.0
ORD019465,2025-03-08,Goa,Beauty,Face Wash,7.0,909863.85,211499.1,46278.0
ORD019468,2025-02-22,Ahmedabad,Appliances,Washing Machine,24.0,1406467.2,329796.36,46302.0
ORD019471,2025-03-24,Gurugram,Furniture,Bookshelf,9.0,1241220.06,376096.51,46311.0
ORD019487,2025-03-07,Visakhapatnam,Groceries,Milk,24.0,3323257.68,485026.34,46335.0
ORD019501,2025-02-28,Jaipur,Beauty,Perfume,15.0,193504.65,33682.95,46350.0
ORD019504,2025-03-08,Ludhiana,Appliances,Microwave,10.0,343480.6,36225.75,46360.0
ORD019505,2025-02-28,Jaipur,Groceries,Rice,5.0,82052.8,27875.48,46365.0
ORD019508,2025-02-16,Delhi,Beauty,Perfume,11.0,971461.15,290407.21,46376.0
ORD019511,2025-02-26,Vadodara,Beauty,Moisturizer,16.0,282777.6,41654.65,46392.0
ORD019514,2025-01-22,Chandigarh,Clothing,Shoes,3.0,410631.84,88608.13,46395.0
ORD019523,2025-02-23,Noida,Groceries,Tea Powder,7.0,457828.7,45498.4,46402.0
ORD019524,2025-02-04,Mangalore,Books,Notebook,15.0,1534916.1,231300.9,46417.0
ORD019526,2025-01-23,Ludhiana,Appliances,Refrigerator,11.0,689825.84,180117.53,46428.0
ORD019543,2025-03-27,Delhi,Books,Engineering Book,19.0,1888084.72,577960.61,46447.0
ORD019561,2025-03-15,Vijayawada,Books,Engineering Book,4.0,382298.4,87406.08,46451.0
ORD019563,2025-03-04,Bengaluru,Clothing,T-Shirt,7.0,702346.4,73910.26,46458.0
ORD019565,2025-03-16,Mysuru,Beauty,Perfume,11.0,103676.21,20719.74,46469.0
ORD019575,2025-02-13,Bengaluru,Groceries,Wheat Flour,1.0,52980.03,13934.11,46470.0
ORD019577,2025-01-16,Pune,Furniture,Sofa,5.0,530848.85,155650.82,46475.0
ORD019588,2025-02-06,Kolkata,Groceries,Cooking Oil,20.0,644119.8,145980.37,46495.0
ORD019589,2025-02-22,Nashik,Appliances,Microwave,21.0,3084072.81,988646.35,46516.0
ORD019591,2025-02-04,Nagpur,Sports,Cricket Bat,6.0,424872.6,148332.0,46522.0
ORD019602,2025-01-17,Ludhiana,Clothing,Shoes,20.0,2628212.6,702859.9,46542.0
ORD019603,2025-03-22,Ahmedabad,Appliances,Washing Machine,23.0,257217.74,77724.5,46565.0
ORD019613,2025-01-29,Bhopal,Clothing,Saree,5.0,279145.6,96416.15,46570.0
ORD019616,2025-03-13,Mysuru,Beauty,Shampoo,13.0,245709.88,29366.6,46583.0
ORD019625,2025-01-23,Nagpur,Books,Notebook,8.0,272748.32,82966.29,46591.0
ORD019629,2025-02-28,Chandigarh,Beauty,Lipstick,6.0,464115.48,152172.87,46597.0
ORD019633,2025-03-20,Hubballi,Electronics,Tablet,12.0,1267114.8,258874.44,46609.0
ORD019639,2025-01-18,Vijayawada,Sports,Football,12.0,606664.92,147536.44,46621.0
ORD019645,2025-03-06,Bengaluru,Groceries,Milk,2.0,209261.38,38724.17,46623.0
ORD019650,2025-02-15,Ahmedabad,Furniture,Dining Table,12.0,362484.24,44505.27,46635.0
ORD019651,2025-03-14,Chandigarh,Beauty,Lipstick,6.0,586742.1,93921.49,46641.0
ORD019653,2025-03-01,Mysuru,Appliances,Washing Machine,1.0,112988.63,31584.83,46642.0
ORD019659,2025-03-24,Jaipur,Sports,Football,22.0,142333.84,30665.07,46664.0
ORD019663,2025-03-04,Mysuru,Books,Dictionary,6.0,264420.84,21593.79,46670.0
ORD019664,2025-01-08,Pune,Furniture,Chair,18.0,2590005.06,854844.44,46688.0
ORD019666,2025-02-22,Thiruvananthapuram,Electronics,Laptop,13.0,1657230.12,488018.85,46701.0
ORD019668,2025-03-21,Bhopal,Books,Notebook,18.0,583288.56,99323.93,46719.0
ORD019675,2025-02-09,Varanasi,Appliances,Microwave,23.0,2672168.29,833704.97,46742.0
ORD019678,2025-03-13,Bengaluru,Furniture,Wardrobe,21.0,954105.18,325578.77,46763.0
ORD019679,2025-03-26,Delhi,Beauty,Shampoo,9.0,1024740.9,344827.26,46772.0
ORD019682,2025-01-18,Hyderabad,Electronics,Smart Watch,2.0,223019.7,30018.12,46774.0
ORD019698,2025-01-20,Bhopal,Appliances,Microwave,24.0,224022.48,39330.42,46798.0
ORD019700,2025-02-11,Hubballi,Furniture,Sofa,13.0,1874391.48,578627.25,46811.0
ORD019701,2025-03-06,Lucknow,Books,Engineering Book,24.0,299624.88,67835.84,46835.0
ORD019707,2025-02-15,Nagpur,Books,Novel,20.0,2463756.6,674231.15,46855.0
ORD019709,2025-02-26,Nagpur,Furniture,Dining Table,21.0,2936674.02,425609.5,46876.0
ORD019712,2025-03-11,Gurugram,Sports,Badminton Racket,13.0,1199399.11,344711.82,46889.0
ORD019713,2025-02-09,Kochi,Beauty,Perfume,18.0,468192.78,45640.86,46907.0
ORD019726,2025-01-14,Mangalore,Groceries,Rice,25.0,1079568.75,107858.92,46932.0
ORD019740,2025-01-21,Nashik,Groceries,Wheat Flour,7.0,467520.48,162907.71,46939.0
ORD019746,2025-03-30,Delhi,Sports,Gym Gloves,23.0,2493283.03,488232.17,46962.0
ORD019752,2025-01-09,Bengaluru,Appliances,Mixer Grinder,10.0,384924.3,52896.86,46972.0
ORD019755,2025-03-25,Tirupati,Groceries,Wheat Flour,21.0,1319915.1,423347.76,46993.0
ORD019768,2025-01-28,Kolkata,Books,Notebook,2.0,266104.54,71532.79,46995.0
ORD019769,2025-03-14,Mangalore,Appliances,Washing Machine,18.0,738495.54,161045.25,47013.0
ORD019775,2025-02-07,Pune,Books,Notebook,10.0,485223.5,104258.89,47023.0
ORD019780,2025-03-14,Hyderabad,Clothing,Saree,11.0,764781.05,75326.87,47034.0
ORD019805,2025-03-13,Mysuru,Clothing,Jeans,25.0,3504988.75,691984.8,47059.0
ORD019813,2025-01-24,Ahmedabad,Electronics,Camera,21.0,217369.95,29832.09,47080.0
ORD019817,2025-03-21,Pune,Beauty,Moisturizer,2.0,233045.78,49226.64,47082.0
ORD019822,2025-01-26,Madurai,Books,Notebook,6.0,629887.44,92571.94,47088.0
ORD019827,2025-02-05,Lucknow,Appliances,Washing Machine,11.0,727363.23,232180.11,47099.0
ORD019840,2025-02-05,Mysuru,Appliances,Mixer Grinder,24.0,528577.2,57331.34,47123.0
ORD019844,2025-01-17,Indore,Furniture,Bookshelf,10.0,538234.1,169897.24,47133.0
ORD019845,2025-01-03,Gurugram,Groceries,Rice,4.0,507860.4,100790.95,47137.0
ORD019846,2025-01-11,Kolkata,Clothing,Jeans,6.0,793711.92,214332.35,47143.0
ORD019853,2025-03-26,Patna,Sports,Football,7.0,34532.61,5645.45,47150.0
ORD019860,2025-03-14,Mysuru,Groceries,Milk,4.0,9680.4,2655.95,47154.0
ORD019863,2025-02-20,Patna,Beauty,Face Wash,13.0,971266.14,249955.33,47167.0
ORD019866,2025-02-18,Kanpur,Books,Notebook,20.0,1015869.4,227869.43,47187.0
ORD019867,2025-02-10,Goa,Beauty,Face Wash,24.0,3547448.16,737440.97,47211.0
ORD019868,2025-03-06,Thiruvananthapuram,Sports,Badminton Racket,4.0,534154.56,98320.52,47215.0
ORD019871,2025-03-11,Pune,Clothing,Saree,14.0,991418.82,255997.39,47229.0
ORD019872,2025-01-05,Vadodara,Appliances,Microwave,6.0,478186.74,82003.39,47235.0
ORD019883,2025-01-22,Ahmedabad,Furniture,Dining Table,20.0,2656124.2,313771.69,47255.0
ORD019888,2025-03-01,Pune,Books,Novel,15.0,1443908.7,369339.86,47270.0
ORD019897,2025-02-03,Mysuru,Beauty,Perfume,14.0,1026548.32,146422.41,47284.0
ORD019902,2025-01-08,Surat,Beauty,Shampoo,5.0,246038.75,57806.92,47289.0
ORD019904,2025-03-12,Ludhiana,Groceries,Milk,13.0,1486732.52,429662.45,47302.0
ORD019907,2025-02-06,Kolkata,Sports,Cricket Bat,14.0,1845733.4,554437.68,47316.0
ORD019913,2025-03-14,Coimbatore,Electronics,Smart TV,16.0,2061268.96,680390.22,47332.0
ORD019914,2025-01-09,Indore,Books,Novel,1.0,81930.06,13141.19,47333.0
ORD019918,2025-03-16,Patna,Groceries,Sugar,12.0,554549.4,155720.81,47345.0
ORD019938,2025-03-22,Pune,Sports,Gym Gloves,2.0,221479.68,53709.36,47347.0
ORD019942,2025-02-20,Vijayawada,Books,Notebook,8.0,605420.56,197611.58,47355.0
ORD019952,2025-03-17,Indore,Clothing,Jeans,11.0,1004462.03,319268.89,47366.0
ORD019961,2025-02-05,Agra,Electronics,Headphones,22.0,1212136.64,143932.72,47388.0
ORD019964,2025-02-20,Mumbai,Appliances,Microwave,9.0,1031381.64,103298.11,47397.0
ORD019966,2025-02-12,Nagpur,Furniture,Wardrobe,11.0,1208055.31,204077.92,47408.0
ORD020006,2025-02-13,Guwahati,Furniture,Sofa,24.0,725377.44,152408.09,47432.0
ORD020007,2025-03-18,Surat,Appliances,Microwave,17.0,2441261.03,481673.51,47449.0
ORD020012,2025-01-30,Noida,Appliances,Air Conditioner,7.0,493033.03,52627.77,47456.0
ORD020026,2025-02-21,Coimbatore,Groceries,Sugar,21.0,1691783.94,442724.59,47477.0
ORD020038,2025-03-06,Mangalore,Groceries,Milk,18.0,2158406.28,752136.05,47495.0
ORD020041,2025-01-26,Chandigarh,Beauty,Moisturizer,24.0,2325384.0,626581.44,47519.0
ORD020044,2025-03-18,Ahmedabad,Groceries,Tea Powder,11.0,549580.02,58145.94,47530.0
ORD020045,2025-01-22,Nashik,Groceries,Milk,5.0,661652.85,129831.12,47535.0
ORD020056,2025-03-04,Thiruvananthapuram,Clothing,Jeans,17.0,137603.78,35925.98,47552.0
ORD020059,2025-02-03,Coimbatore,Groceries,Rice,11.0,843622.56,240152.81,47563.0
ORD020060,2025-02-11,Guwahati,Furniture,Chair,7.0,421803.62,46348.99,47570.0
ORD020089,2025-03-15,Lucknow,Electronics,Tablet,25.0,964182.0,168167.99,47595.0
ORD020093,2025-02-27,Indore,Appliances,Mixer Grinder,20.0,1728926.0,478567.5,47615.0
ORD020101,2025-02-17,Chandigarh,Beauty,Shampoo,21.0,1101105.18,161245.67,47636.0
ORD020102,2025-03-13,Kanpur,Furniture,Dining Table,18.0,1002933.0,142506.76,47654.0
ORD020105,2025-01-05,Nashik,Electronics,Smart Watch,12.0,124441.92,13092.32,47666.0
ORD020106,2025-01-14,Nashik,Furniture,Bookshelf,3.0,193228.5,66432.73,47669.0
ORD020109,2025-01-05,Ludhiana,Furniture,Dining Table,3.0,21554.49,6549.5,47672.0
ORD020110,2025-03-01,Hubballi,Groceries,Sugar,8.0,901171.04,227072.97,47680.0
ORD020127,2025-01-11,Vijayawada,Books,Notebook,14.0,545118.98,132550.45,47694.0
ORD020132,2025-01-13,Vadodara,Beauty,Moisturizer,21.0,2403671.97,675604.98,47715.0
ORD020136,2025-01-07,Vadodara,Clothing,Jacket,17.0,853097.91,138145.91,47732.0
ORD020139,2025-01-28,Bhopal,Furniture,Sofa,4.0,373211.28,82931.38,47736.0
ORD020144,2025-02-01,Vadodara,Furniture,Bookshelf,13.0,1354105.35,465874.8,47749.0
ORD020148,2025-02-01,Thiruvananthapuram,Appliances,Mixer Grinder,6.0,442072.56,111061.02,47755.0
ORD020154,2025-02-15,Bhopal,Beauty,Face Wash,22.0,1210930.16,341744.56,47777.0
ORD020156,2025-03-22,Visakhapatnam,Clothing,Kurta,6.0,829731.48,67746.41,47783.0
ORD020174,2025-02-25,Goa,Furniture,Wardrobe,1.0,81469.61,13254.95,47784.0
ORD020175,2025-01-19,Bhopal,Beauty,Face Wash,15.0,2135810.1,324097.48,47799.0
ORD020177,2025-03-01,Agra,Sports,Football,22.0,2208682.74,641936.65,47821.0
ORD020179,2025-02-16,Nagpur,Furniture,Wardrobe,11.0,1088325.59,119724.81,47832.0
ORD020183,2025-03-22,Bhopal,Sports,Football,2.0,67993.56,16954.68,47834.0
ORD020186,2025-01-04,Madurai,Appliances,Air Conditioner,3.0,170959.83,16165.28,47837.0
ORD020188,2025-02-06,Mysuru,Beauty,Moisturizer,9.0,1246612.77,144570.68,47846.0
ORD020190,2025-02-07,Agra,Books,Exam Guide,8.0,569796.48,82098.03,47854.0
ORD020194,2025-03-28,Surat,Groceries,Wheat Flour,23.0,1143143.93,398754.76,47877.0
ORD020212,2025-03-26,Coimbatore,Clothing,Kurta,15.0,340587.3,53547.07,47892.0
ORD020220,2025-01-29,Indore,Appliances,Air Conditioner,22.0,2394521.8,586282.07,47914.0
ORD020223,2025-03-21,Surat,Books,Novel,4.0,335264.8,104492.52,47918.0
ORD020232,2025-03-27,Bhopal,Groceries,Wheat Flour,23.0,1688391.13,417588.45,47941.0
ORD020233,2025-01-04,Gurugram,Appliances,Microwave,9.0,787922.1,189015.65,47950.0
ORD020235,2025-01-19,Ahmedabad,Furniture,Chair,23.0,2386443.89,675206.98,47973.0
ORD020236,2025-03-06,Chandigarh,Groceries,Sugar,23.0,1221416.38,310661.93,47996.0
ORD020243,2025-03-09,Bengaluru,Furniture,Chair,1.0,117198.72,12654.46,47997.0
ORD020248,2025-03-09,Ludhiana,Books,Novel,18.0,2188251.72,208254.64,48015.0
ORD020259,2025-03-02,Noida,Clothing,Jeans,16.0,1263808.16,113924.14,48031.0
ORD020262,2025-03-05,Bengaluru,Groceries,Cooking Oil,20.0,113682.0,26854.65,48051.0
ORD020266,2025-02-01,Gurugram,Groceries,Milk,20.0,2971748.0,413066.77,48071.0
ORD020272,2025-01-09,Chandigarh,Books,Dictionary,12.0,290074.32,53617.88,48083.0
ORD020278,2025-01-08,Pune,Groceries,Tea Powder,17.0,1217364.9,172026.6,48100.0
ORD020296,2025-01-01,Bhopal,Furniture,Wardrobe,11.0,682862.29,84088.72,48111.0
ORD020297,2025-03-01,Ahmedabad,Furniture,Bookshelf,25.0,977848.0,118305.22,48136.0
ORD020302,2025-03-17,Mumbai,Groceries,Sugar,10.0,1377531.7,237983.34,48146.0
ORD020309,2025-02-15,Bengaluru,Books,Notebook,17.0,545292.34,117646.2,48163.0
ORD020316,2025-02-13,Pune,Sports,Cricket Bat,21.0,1671941.88,513764.88,48184.0
ORD020324,2025-02-03,Indore,Electronics,Smart TV,11.0,217237.79,49901.17,48195.0
ORD020327,2025-13-01,Bhopal,Furniture,Sofa,17.0,1064557.68,286726.68,48212.0
ORD020328,2025-03-03,Vijayawada,Appliances,Washing Machine,14.0,249613.7,40253.1,48226.0
ORD020332,2025-02-16,Gurugram,Appliances,Refrigerator,14.0,1210898.5,346550.63,48240.0
ORD020334,2025-03-28,Bhopal,Appliances,Microwave,8.0,1016950.56,134104.99,48248.0
ORD020336,2025-01-25,Nagpur,Books,Notebook,10.0,1223655.5,109682.37,48258.0
ORD020359,2025-01-06,Surat,Electronics,Smart Watch,16.0,1584368.8,503828.48,48274.0
ORD020362,2025-01-09,Visakhapatnam,Beauty,Perfume,11.0,731667.75,224624.77,48285.0
ORD020364,2025-02-04,Goa,Electronics,Headphones,4.0,93617.96,23730.15,48289.0
ORD020365,2025-01-23,Patna,Appliances,Washing Machine,17.0,626255.52,60879.97,48306.0
ORD020366,2025-01-21,Thiruvananthapuram,Furniture,Chair,4.0,19431.08,2639.74,48310.0
ORD020369,2025-01-15,Bengaluru,Furniture,Dining Table,18.0,2387351.16,261833.26,48328.0
ORD020381,2025-03-01,Nashik,Groceries,Tea Powder,17.0,1057008.15,244582.4,48345.0
ORD020387,2025-01-16,Varanasi,Furniture,Chair,2.0,53202.76,12577.34,48347.0
ORD020393,2025-02-24,Visakhapatnam,Groceries,Tea Powder,19.0,327031.23,78469.81,48366.0
ORD020401,2025-02-23,Nashik,Clothing,Kurta,22.0,1727917.18,361193.77,48388.0
ORD020402,2025-01-30,Agra,Electronics,Smart Watch,17.0,1845701.73,351269.4,48405.0
ORD020405,2025-03-14,Agra,Clothing,T-Shirt,12.0,271671.0,47322.54,48417.0
ORD020407,2025-03-05,Guwahati,Sports,Badminton Racket,12.0,805300.56,117683.5,48429.0
ORD020417,2025-03-18,Ludhiana,Furniture,Chair,21.0,1964492.46,332250.88,48450.0
ORD020418,2025-02-04,Patna,Sports,Badminton Racket,24.0,805612.32,150460.05,48474.0
ORD020423,2025-03-20,Ahmedabad,Groceries,Milk,13.0,976365.0,208200.13,48487.0
ORD020425,2025-03-03,Vadodara,Groceries,Rice,8.0,1108470.16,316569.55,48495.0
ORD020426,2025-02-25,Chandigarh,Books,Dictionary,5.0,10241.3,3033.3,48500.0
ORD020438,2025-02-22,Goa,Groceries,Tea Powder,8.0,226246.08,30734.81,48508.0
ORD020441,2025-02-20,Noida,Electronics,Smart Watch,7.0,37712.92,11037.8,48515.0
ORD020452,2025-03-24,Surat,Beauty,Shampoo,25.0,272169.5,31124.32,48540.0
ORD020459,2025-01-17,Coimbatore,Beauty,Moisturizer,11.0,1633651.69,394367.47,48551.0
ORD020465,2025-01-07,Chennai,Electronics,Headphones,12.0,1012846.08,104552.95,48563.0
ORD020467,2025-02-24,Vadodara,Groceries,Sugar,18.0,460615.14,58090.96,48581.0
ORD020475,2025-03-24,Madurai,Beauty,Face Wash,6.0,400734.9,50785.59,48587.0
ORD020477,2025-03-09,Chennai,Electronics,Laptop,23.0,1396070.1,169749.47,48610.0
ORD020480,2025-03-08,Kanpur,Appliances,Washing Machine,11.0,894981.67,179560.14,48621.0
ORD020484,2025-02-10,Patna,Appliances,Air Conditioner,4.0,555108.92,71693.2,48625.0
ORD020489,2025-03-06,Vijayawada,Furniture,Bed,9.0,96198.84,23182.59,48634.0
ORD020497,2025-01-02,Surat,Clothing,Jeans,13.0,1256177.0,347135.17,48647.0
ORD020498,2025-01-07,Hubballi,Groceries,Tea Powder,3.0,113824.89,14091.04,48650.0
ORD020509,2025-01-14,Visakhapatnam,Groceries,Tea Powder,21.0,1858491.81,482808.82,48671.0
ORD020510,2025-02-05,Guwahati,Electronics,Headphones,3.0,41765.34,11379.07,48674.0
ORD020513,2025-01-22,Kanpur,Beauty,Lipstick,3.0,53498.94,12991.78,48677.0
ORD020529,2025-02-07,Nashik,Clothing,Jacket,17.0,1014741.39,277981.86,48694.0
ORD020530,2025-03-02,Mysuru,Appliances,Mixer Grinder,24.0,2969152.08,912839.88,48718.0
ORD020538,2025-01-22,Guwahati,Clothing,Shoes,10.0,555380.0,157104.03,48728.0
ORD020550,2025-02-02,Ludhiana,Appliances,Microwave,-5.0,2087099.82,465621.63,48746.0
ORD020560,2025-02-13,Madurai,Appliances,Air Conditioner,9.0,689035.5,68229.26,48755.0
ORD020562,2025-01-09,Noida,Books,Notebook,15.0,1140922.8,132450.47,48770.0
ORD020570,2025-02-25,Vadodara,Sports,Football,9.0,450559.26,151039.39,48779.0
ORD020571,2025-01-12,Chandigarh,Clothing,T-Shirt,1.0,85363.08,24514.15,48780.0
ORD020574,2025-01-26,Delhi,Sports,Cricket Bat,15.0,,468895.11,48795.0
ORD020575,2025-01-24,Kochi,Appliances,Microwave,18.0,2095017.66,171806.58,48813.0
ORD020579,2025-03-13,Varanasi,Groceries,Sugar,8.0,856732.88,195365.39,48821.0
ORD020585,2025-01-21,Mumbai,Electronics,Tablet,25.0,1185969.0,236870.06,48846.0
ORD020588,2025-03-30,Kochi,Clothing,Jeans,3.0,74537.46,10670.39,48849.0
ORD020590,2025-02-02,Varanasi,Books,Notebook,16.0,705807.36,177436.31,48865.0
ORD020595,2025-01-16,Lucknow,Furniture,Bed,9.0,429951.51,63305.56,48874.0
ORD020601,2025-01-11,Gurugram,Appliances,Refrigerator,23.0,1732711.67,523937.76,48897.0
ORD020602,2025-03-31,Varanasi,Sports,Gym Gloves,25.0,164585.75,20146.11,48922.0
ORD020603,2025-02-18,Tirupati,Appliances,Washing Machine,2.0,72409.3,19478.39,48924.0
ORD020604,2025-01-08,Kochi,Sports,Gym Gloves,2.0,6662.08,1290.47,48926.0
ORD020607,2025-03-27,Patna,Electronics,Tablet,20.0,1486794.0,159467.91,48946.0
ORD020615,2025-03-03,Vadodara,Groceries,Tea Powder,10.0,1477812.9,127492.88,48956.0
ORD020628,2025-01-27,Nagpur,Groceries,Cooking Oil,9.0,425997.45,132185.93,48965.0
ORD020630,2025-02-14,Agra,Furniture,Bed,15.0,2043601.8,360226.05,48980.0
ORD020634,2025-01-16,Tirupati,Groceries,Sugar,4.0,87122.04,23312.87,48984.0
ORD020636,2025-01-07,Hyderabad,Appliances,Refrigerator,5.0,516664.9,120004.79,48989.0
ORD020637,2025-01-05,Bengaluru,Groceries,Rice,18.0,1554308.82,152386.65,49007.0
ORD020642,2025-01-26,Madurai,Appliances,Mixer Grinder,6.0,89906.52,12600.03,49013.0
ORD020664,2025-03-26,Mangalore,Clothing,Shoes,10.0,531415.2,64547.25,49023.0
ORD020669,2025-01-06,Visakhapatnam,Clothing,Jeans,5.0,302088.45,88286.64,49028.0
ORD020678,2025-02-15,Mangalore,Appliances,Washing Machine,4.0,530791.2,91245.05,49032.0
ORD020680,2025-01-05,Patna,Furniture,Bed,21.0,993446.79,316440.96,49053.0
ORD020682,2025-03-14,Varanasi,Beauty,Face Wash,,2769997.8,778176.23,49073.0
ORD020684,2025-03-21,Surat,Beauty,Lipstick,1.0,148705.08,23973.42,49074.0
ORD020691,2025-03-23,Mysuru,Furniture,Wardrobe,5.0,720131.1,71507.83,49079.0
ORD020695,2025-02-06,Bengaluru,Clothing,Shoes,24.0,909423.36,74909.88,49103.0
ORD020717,2025-01-21,Surat,Electronics,Smart TV,8.0,966703.12,210452.14,49111.0
ORD020721,2025-03-07,Kanpur,Electronics,Smart TV,10.0,1079678.4,170375.96,49121.0
ORD020724,2025-01-04,Kochi,Groceries,Cooking Oil,21.0,2586208.8,665869.84,49142.0
ORD020729,2025-03-17,Nashik,Appliances,Air Conditioner,9.0,461620.98,126851.34,49151.0
ORD020735,2025-02-06,Ludhiana,Sports,Yoga Mat,17.0,77255.65,21060.75,49168.0
ORD020736,2025-03-23,Indore,Appliances,Washing Machine,16.0,1661965.28,222139.04,49184.0
ORD020740,2025-03-31,Goa,Groceries,Tea Powder,2.0,159627.7,40611.19,49186.0
ORD020745,2025-01-29,Bhopal,Groceries,Rice,10.0,237517.5,29697.05,49196.0
ORD020748,2025-03-21,Nagpur,Electronics,Camera,9.0,307353.87,103728.41,49205.0
ORD020752,2025-01-20,Chandigarh,Furniture,Bed,24.0,2541445.92,830915.71,49229.0
ORD020755,2025-01-19,Coimbatore,Groceries,Tea Powder,9.0,1125079.38,197405.29,49238.0
ORD020756,2025-01-09,Agra,Clothing,Kurta,21.0,786207.66,228203.77,49259.0
ORD020757,2025-01-08,Kochi,Sports,Football,2.0,160060.06,35063.64,49261.0
ORD020766,2025-01-18,Pune,Sports,Cricket Bat,7.0,445084.57,141875.38,49268.0
ORD020767,2025-01-05,Pune,Furniture,Bed,14.0,2067377.76,372701.0,49282.0
ORD020772,2025-02-26,Madurai,Appliances,Mixer Grinder,9.0,976310.91,224504.44,49291.0
ORD020773,2025-02-25,Mumbai,Furniture,Sofa,12.0,386649.24,68053.88,49303.0
ORD020776,2025-01-08,Madurai,Beauty,Moisturizer,12.0,1597899.24,231794.36,49315.0
ORD020779,2025-01-03,Mumbai,Clothing,Kurta,9.0,939860.1,124994.78,49324.0
ORD020810,2025-01-28,Mangalore,Books,Notebook,15.0,2042214.0,389499.89,49339.0
ORD020825,2025-01-08,Goa,Electronics,Laptop,17.0,497298.28,162613.59,49356.0
ORD020836,2025-02-20,Vadodara,Beauty,Lipstick,22.0,1314801.62,160871.28,49378.0
ORD020840,2025-02-19,Patna,Furniture,Wardrobe,4.0,505864.4,96430.01,49382.0
ORD020848,2025-03-08,Varanasi,Beauty,Moisturizer,2.0,192576.7,66642.41,49384.0
ORD020853,2025-03-29,Guwahati,Beauty,Face Wash,24.0,2509380.96,731904.43,49408.0
ORD020856,2025-01-21,Kochi,Electronics,Smart Watch,25.0,1786861.75,403873.59,49433.0
ORD020857,2025-02-06,Goa,Groceries,Tea Powder,7.0,198507.05,68285.07,49440.0
ORD020862,2025-01-12,Noida,Clothing,Jeans,15.0,288481.5,44802.67,49455.0
ORD020865,2025-03-29,Ahmedabad,Beauty,Face Wash,4.0,252155.44,79533.06,49459.0
ORD020869,2025-01-13,Chennai,Furniture,Dining Table,6.0,111724.32,36171.35,49465.0
ORD020874,2025-03-15,Mysuru,Books,Engineering Book,6.0,586160.1,71133.12,49471.0
ORD020881,2025-02-12,Vadodara,Furniture,Chair,19.0,618565.9,206839.4,49490.0
ORD020883,2025-01-18,Visakhapatnam,Electronics,Camera,6.0,853798.38,128433.71,49496.0
ORD020885,2025-03-08,Chandigarh,Furniture,Sofa,11.0,1491899.2,399698.31,49507.0
ORD020891,2025-01-06,Bengaluru,Clothing,Saree,21.0,3145299.15,732888.31,49528.0
ORD020893,2025-02-25,Surat,Books,Exam Guide,14.0,536860.52,144614.81,49542.0
ORD020902,2025-03-22,Jaipur,Beauty,Moisturizer,10.0,205891.0,55709.66,49552.0
ORD020909,2025-02-22,Madurai,Appliances,Microwave,1.0,74584.25,9890.61,49553.0
ORD020915,2025-02-26,Bengaluru,Furniture,Dining Table,7.0,1037002.26,320138.96,49560.0
ORD020918,2025-01-27,Thiruvananthapuram,Beauty,Moisturizer,1.0,45289.89,5643.21,49561.0
ORD020923,2025-03-12,Surat,Sports,Badminton Racket,14.0,1701529.34,237370.89,49575.0
ORD020930,2025-01-19,Mumbai,Furniture,Wardrobe,23.0,3343544.5,611672.74,49598.0
ORD020931,2025-03-08,Vijayawada,Groceries,Tea Powder,21.0,3026316.93,986449.49,49619.0
ORD020943,2025-01-15,Madurai,Sports,Badminton Racket,17.0,431625.24,105255.59,49636.0
ORD020944,2025-03-31,Visakhapatnam,Electronics,Tablet,17.0,1406376.17,400774.36,49653.0
ORD020945,2025-02-04,Vijayawada,Furniture,Bed,5.0,317201.25,47244.24,49658.0
ORD020946,2025-01-04,Kochi,Beauty,Shampoo,1.0,103618.33,15811.51,49659.0
ORD020951,2025-01-21,Coimbatore,Furniture,Sofa,2.0,71917.12,16233.04,49661.0
ORD020957,2025-01-31,Agra,Sports,Yoga Mat,11.0,1170241.16,249902.6,49672.0
ORD020965,2025-02-18,Hubballi,Beauty,Shampoo,9.0,929202.84,80409.29,49681.0
ORD020972,2025-01-08,Guwahati,Appliances,Mixer Grinder,19.0,648334.91,199854.29,49700.0
ORD020976,2025-01-07,Noida,Appliances,Refrigerator,6.0,358192.92,88505.28,49706.0
ORD020983,2025-01-28,Chennai,Appliances,Microwave,4.0,252534.32,27784.27,49710.0
ORD020985,2025-03-10,Goa,Appliances,Washing Machine,21.0,822841.11,168650.76,49731.0
ORD020987,2025-01-29,Nashik,Beauty,Perfume,20.0,1492068.2,347391.18,49751.0
ORD020988,2025-03-11,Vijayawada,Electronics,Smartphone,8.0,614538.64,77387.62,49759.0
ORD020995,2025-02-08,Varanasi,Clothing,Saree,5.0,604492.75,188584.77,49764.0
ORD020998,2025-01-19,Mangalore,Clothing,Jeans,23.0,1726321.12,300741.3,49787.0
ORD021000,2025-03-03,Pune,Furniture,Sofa,2.0,289383.38,74218.62,49789.0
ORD021004,2025-01-30,Pune,Clothing,Kurta,18.0,2495143.08,370726.55,49807.0
ORD021005,2025-02-16,Kanpur,Electronics,Laptop,15.0,2140620.9,631308.83,49822.0
ORD021009,2025-03-24,Lucknow,Books,Notebook,20.0,329556.2,111645.38,49842.0
ORD021010,2025-03-28,Nashik,Groceries,Cooking Oil,11.0,1499274.37,274997.64,49853.0
ORD021012,2025-03-26,Hyderabad,Furniture,Bed,1.0,64834.25,20496.95,49854.0
ORD021015,2025-03-03,Kanpur,Groceries,Milk,19.0,404861.88,131509.95,49873.0
ORD021030,2025-02-04,Vadodara,Groceries,Cooking Oil,10.0,552381.7,112512.59,49883.0
ORD021042,2025-02-24,Jaipur,Furniture,Wardrobe,22.0,2774109.58,464056.5,49905.0
ORD021044,2025-01-03,Mangalore,Furniture,Chair,12.0,859141.32,254425.67,49917.0
ORD021056,2025-03-12,Ludhiana,Books,Exam Guide,6.0,25818.96,6993.5,49923.0
ORD021060,2025-03-10,Mangalore,Beauty,Lipstick,6.0,878443.56,271885.53,49929.0
ORD021063,2025-01-13,Chandigarh,Books,Exam Guide,8.0,124823.68,28859.12,49937.0
ORD021068,2025-03-07,Surat,Appliances,Microwave,1.0,66285.0,17742.5,49938.0
ORD021069,2025-03-28,Nashik,Electronics,Headphones,3.0,30711.39,5670.44,49941.0
ORD021082,2025-03-02,Coimbatore,Books,Exam Guide,17.0,1861887.94,232659.41,49958.0
ORD021089,2025-01-29,Varanasi,Groceries,Wheat Flour,15.0,939311.1,308266.53,49973.0
ORD021098,2025-03-08,Hubballi,Furniture,Wardrobe,1.0,53878.07,12237.87,49974.0
ORD021106,2025-01-31,Surat,Groceries,Sugar,8.0,1131351.28,202118.9,49982.0
ORD021121,2025-03-22,Jaipur,Groceries,Tea Powder,15.0,1214979.0,121237.9,49997.0
ORD021138,2025-03-23,Indore,Furniture,Bed,16.0,1622753.6,410010.49,50013.0
ORD021140,2025-01-08,Tirupati,Books,Dictionary,3.0,67333.41,22351.26,50016.0
ORD021144,2025-03-28,Thiruvananthapuram,Sports,Gym Gloves,23.0,2530001.38,753352.57,50039.0
ORD021154,2025-01-25,Bhopal,Electronics,Headphones,9.0,770399.73,73681.45,50048.0
ORD021159,2025-03-05,Bhopal,Beauty,Face Wash,7.0,794145.1,103113.42,50055.0
ORD021161,2025-01-21,Coimbatore,Electronics,Tablet,2.0,180733.16,31071.52,50057.0
ORD021163,2025-02-21,Kolkata,Furniture,Wardrobe,11.0,149954.31,17635.85,50068.0
ORD021185,2025-02-08,Bhopal,Books,Engineering Book,10.0,775413.4,270329.64,50078.0
ORD021186,2025-02-04,Thiruvananthapuram,Appliances,Microwave,8.0,1028705.44,305314.23,50086.0
ORD021191,2025-03-16,Lucknow,Sports,Yoga Mat,5.0,414636.3,45916.46,50091.0
ORD021197,2025-03-03,Vadodara,Appliances,Refrigerator,23.0,3387003.23,988115.71,50114.0
ORD021199,2025-01-12,Guwahati,Electronics,Laptop,22.0,1031993.6,114840.28,50136.0
ORD021200,2025-01-15,Agra,Furniture,Dining Table,23.0,3177460.58,569071.39,50159.0
ORD021212,2025-02-06,Pune,Electronics,Headphones,11.0,268328.72,91479.98,50170.0
ORD021217,2025-01-21,Mangalore,Beauty,Shampoo,18.0,737743.68,147653.27,50188.0
ORD021229,2025-03-16,Lucknow,Appliances,Refrigerator,15.0,1136148.15,259122.65,50203.0
ORD021235,2025-03-14,Ahmedabad,Beauty,Perfume,17.0,1965440.55,472297.14,50220.0
ORD021236,2025-02-18,Kolkata,Books,Engineering Book,21.0,190460.97,21746.76,50241.0
ORD021237,2025-01-01,Vadodara,Beauty,Moisturizer,19.0,2267892.25,537226.36,50260.0
ORD021239,2025-01-21,Thiruvananthapuram,Electronics,Camera,20.0,793352.6,194974.64,50280.0
ORD021240,2025-01-05,Thiruvananthapuram,Electronics,Laptop,9.0,816179.49,229757.92,50289.0
ORD021241,2025-03-25,Vadodara,Groceries,Milk,8.0,1006301.04,198572.58,50297.0
ORD021242,2025-01-17,Visakhapatnam,Groceries,Milk,24.0,1849458.24,207727.87,50321.0
ORD021243,2025-02-26,Lucknow,Furniture,Dining Table,17.0,273509.09,54967.48,50338.0
ORD021245,2025-02-16,Nagpur,Groceries,Milk,22.0,2834199.72,630443.25,50360.0
ORD021248,2025-01-21,Noida,Groceries,Wheat Flour,20.0,1023928.2,135191.98,50380.0
ORD021259,2025-03-14,Nashik,Electronics,Camera,10.0,461621.7,114831.54,50390.0
ORD021269,2025-02-11,Indore,Appliances,Microwave,13.0,1690334.49,295754.2,50403.0
ORD021277,2025-01-30,Agra,Furniture,Sofa,21.0,2123476.74,176647.82,50424.0
ORD021289,2025-01-28,Gurugram,Groceries,Tea Powder,10.0,532226.5,52862.4,50434.0
ORD021306,2025-01-11,Kanpur,Beauty,Moisturizer,24.0,15913.44,2529.09,50458.0
ORD021321,2025-01-27,Delhi,Clothing,Jacket,14.0,993315.4,166589.71,50472.0
ORD021324,2025-01-19,Thiruvananthapuram,Clothing,Kurta,24.0,1886456.88,579070.5,50496.0
ORD021328,2025-03-28,Nagpur,Electronics,Headphones,3.0,386489.79,123921.15,50499.0
ORD021338,2025-01-19,Chandigarh,Furniture,Dining Table,2.0,56490.9,19191.73,50501.0
ORD021343,2025-03-30,Chennai,Electronics,Smart Watch,5.0,142118.8,24709.24,50506.0
ORD021344,2025-02-03,Visakhapatnam,Sports,Cricket Bat,4.0,67848.48,14173.12,50510.0
ORD021345,2025-03-09,Bengaluru,Books,Exam Guide,3.0,141857.34,29744.9,50513.0
ORD021355,2025-03-13,Coimbatore,Beauty,Lipstick,17.0,479107.94,167495.14,50530.0
ORD021357,2025-03-02,Noida,Furniture,Chair,15.0,1184503.95,244486.4,50545.0
ORD021364,2025-03-14,Guwahati,Appliances,Microwave,12.0,510911.76,162855.9,50557.0
ORD021376,2025-03-06,Mangalore,Beauty,Shampoo,7.0,862581.02,182727.14,50564.0
ORD021378,2025-03-24,Nashik,Clothing,T-Shirt,12.0,290298.84,86073.88,50576.0
ORD021388,2025-02-27,Noida,Books,Notebook,24.0,3296558.4,1003688.42,50600.0
ORD021391,2025-02-13,Kanpur,Appliances,Air Conditioner,25.0,3094358.75,952718.5,50625.0
ORD021418,2025-02-22,Varanasi,Furniture,Bookshelf,12.0,927853.68,124767.49,50637.0
ORD021433,2025-03-22,Guwahati,Appliances,Refrigerator,2.0,216601.64,57706.08,50639.0
ORD021434,2025-01-23,Kolkata,Electronics,Camera,6.0,408523.02,134280.92,50645.0
ORD021438,2025-02-17,Ahmedabad,Sports,Yoga Mat,7.0,96745.88,10066.59,50652.0
ORD021444,2025-03-31,Kanpur,Sports,Yoga Mat,25.0,869429.5,140558.45,50677.0
ORD021446,2025-02-21,Mumbai,Clothing,Saree,5.0,630073.45,162388.22,50682.0
ORD021463,2025-03-19,Mysuru,Furniture,Sofa,16.0,1480611.52,274435.49,50698.0
ORD021466,2025-02-26,Surat,Clothing,Saree,15.0,1948443.45,484985.1,50713.0
ORD021474,2025-03-31,Kochi,Electronics,Headphones,15.0,2200959.75,295701.72,50728.0
ORD021476,2025-01-13,Bhopal,Books,Notebook,23.0,2360078.53,647137.63,50751.0
ORD021477,2025-03-10,Vijayawada,Beauty,Face Wash,25.0,3210446.75,1025594.04,50776.0
ORD021479,2025-03-16,Nashik,Groceries,Rice,20.0,2693571.2,531084.92,50796.0
ORD021481,2025-03-26,Kolkata,Appliances,Washing Machine,1.0,7200.6,601.12,50797.0
ORD021493,2025-01-23,Nagpur,Furniture,Bookshelf,1.0,94539.41,8285.22,50798.0
ORD021494,2025-02-13,Noida,Furniture,Bookshelf,9.0,680609.88,228218.07,50807.0
ORD021509,2025-03-27,Bengaluru,Beauty,Perfume,20.0,1219297.2,255667.11,50827.0
ORD021513,2025-02-19,Mumbai,Electronics,Laptop,25.0,3490465.25,280875.94,50852.0
ORD021525,2025-02-26,Surat,Books,Exam Guide,14.0,1527795.92,155662.09,50866.0
ORD021527,2025-03-22,Mangalore,Books,Notebook,2.0,53034.92,12043.22,50868.0
ORD021529,2025-02-24,Vadodara,Books,Dictionary,21.0,1620200.82,275795.93,50889.0
ORD021532,2025-01-16,Visakhapatnam,Sports,Football,16.0,996362.88,233793.89,50905.0
ORD021535,2025-02-12,Jaipur,Sports,Badminton Racket,15.0,895946.55,148103.48,50920.0
ORD021538,2025-03-02,Chennai,Appliances,Washing Machine,14.0,723787.4,87719.58,50934.0
ORD021540,2025-01-16,Mumbai,Beauty,Shampoo,1.0,124922.61,23319.94,50935.0
ORD021546,2025-03-29,Hyderabad,Groceries,Wheat Flour,9.0,881388.27,199071.58,50944.0
ORD021553,2025-01-07,Kolkata,Sports,Cricket Bat,14.0,1305897.88,358988.91,50958.0
ORD021556,2025-02-11,Goa,Books,Dictionary,5.0,3294.45,953.9,50963.0
ORD021559,2025-01-25,Surat,Sports,Cricket Bat,25.0,72436.0,18423.96,50988.0
ORD021571,2025-03-10,Chandigarh,Sports,Gym Gloves,8.0,1136300.72,283169.32,50996.0
ORD021574,2025-03-14,Vadodara,Groceries,Wheat Flour,9.0,1293742.89,221130.77,51005.0
ORD021578,2025-01-07,Madurai,Clothing,Shoes,22.0,1079562.66,299682.09,51027.0
ORD021587,2025-03-17,Goa,Clothing,Jeans,24.0,880346.4,305833.95,51051.0
ORD021596,2025-03-31,Hyderabad,Books,Notebook,2.0,138662.12,14357.25,51053.0
ORD021599,2025-01-17,Hyderabad,Electronics,Smart TV,5.0,731067.35,244215.75,51058.0
ORD021601,2025-02-21,Kanpur,Clothing,Kurta,1.0,71092.03,10836.2,51059.0
ORD021603,2025-02-23,Pune,Appliances,Air Conditioner,12.0,51198.84,5578.28,51071.0
ORD021608,2025-02-01,Ludhiana,Books,Engineering Book,2.0,139200.2,16884.57,51073.0
ORD021610,2025-01-08,Lucknow,Appliances,Refrigerator,23.0,614910.29,81830.07,51096.0
ORD021613,2025-03-06,Mumbai,Books,Engineering Book,3.0,45416.85,4030.41,51099.0
ORD021619,2025-01-28,Hubballi,Electronics,Headphones,10.0,912322.0,156007.8,51109.0
ORD021621,2025-02-25,Vijayawada,Groceries,Rice,4.0,596414.12,108593.33,51113.0
ORD021623,2025-01-28,Madurai,Sports,Football,19.0,807133.68,245491.48,51132.0
ORD021630,2025-02-21,Thiruvananthapuram,Books,Dictionary,12.0,65894.52,7980.08,51144.0
ORD021633,2025-03-19,Agra,Electronics,Tablet,5.0,275119.75,55418.53,51149.0
ORD021635,2025-03-13,Nagpur,Books,Novel,12.0,1409887.08,457092.28,51161.0
ORD021637,2025-02-27,Gurugram,Electronics,Laptop,12.0,1268693.76,155352.04,51173.0
ORD021642,2025-02-10,Chandigarh,Furniture,Chair,13.0,354199.82,77642.13,51186.0
ORD021649,2025-03-24,Guwahati,Clothing,Kurta,15.0,468082.2,66366.91,51201.0
ORD021653,2025-03-04,Delhi,Groceries,Wheat Flour,2.0,27758.68,7408.99,51203.0
ORD021660,2025-03-25,Kanpur,Sports,Gym Gloves,11.0,1013173.7,142593.62,51214.0
ORD021661,2025-02-27,Jaipur,Beauty,Moisturizer,21.0,2684747.31,851623.07,51235.0
ORD021662,2025-03-28,Ludhiana,Appliances,Air Conditioner,3.0,25374.39,3595.96,51238.0
ORD021664,2025-01-06,Thiruvananthapuram,Beauty,Perfume,7.0,587896.33,96575.47,51245.0
ORD021668,2025-02-23,Coimbatore,Groceries,Milk,19.0,2193904.35,643647.85,51264.0
ORD021673,2025-02-02,Noida,Groceries,Tea Powder,10.0,66759.5,7513.07,51274.0
ORD021678,2025-02-23,Kochi,Sports,Gym Gloves,15.0,1393714.95,171102.9,51289.0
ORD021688,2025-02-05,Visakhapatnam,Beauty,Face Wash,12.0,853630.44,269586.0,51301.0
ORD021691,2025-02-28,Vijayawada,Clothing,T-Shirt,6.0,517604.94,42945.49,51307.0
ORD021692,2025-02-13,Madurai,Appliances,Air Conditioner,22.0,2482857.74,201005.62,51329.0
ORD021693,2025-03-03,Visakhapatnam,Clothing,Saree,7.0,11579.4,1850.57,51336.0
ORD021694,2025-03-27,Gurugram,Books,Engineering Book,1.0,88369.78,23042.45,51337.0
ORD021707,2025-03-20,Coimbatore,Clothing,T-Shirt,25.0,1029164.0,200345.37,51362.0
ORD021709,2025-01-08,Pune,Electronics,Camera,21.0,594156.78,113841.91,51383.0
ORD021711,2025-03-11,Thiruvananthapuram,Beauty,Perfume,6.0,723025.14,111071.63,51389.0
ORD021712,2025-01-17,Pune,Beauty,Lipstick,4.0,295582.72,83374.85,51393.0
ORD021714,2025-02-28,Vijayawada,Electronics,Smart TV,25.0,378794.25,73518.85,51418.0
ORD021715,2025-01-27,Agra,Clothing,T-Shirt,23.0,1185640.8,289441.43,51441.0
ORD021726,2025-03-14,Noida,Electronics,Camera,15.0,826355.1,285072.04,51456.0
ORD021728,2025-03-13,Indore,Electronics,Smart Watch,7.0,42199.43,5765.21,51463.0
ORD021733,2025-01-08,Agra,Beauty,Shampoo,16.0,1749338.88,384769.53,51479.0
ORD021736,2025-02-02,Mumbai,Electronics,Laptop,2.0,190217.04,54498.18,51481.0
ORD021738,2025-03-14,Chennai,Groceries,Milk,2.0,64981.18,21214.17,51483.0
ORD021752,2025-03-12,Vijayawada,Books,Exam Guide,23.0,3306255.75,740484.18,51506.0
ORD021757,2025-02-10,Jaipur,Clothing,Jeans,17.0,2030067.07,598478.59,51523.0
ORD021762,2025-01-05,Noida,Clothing,Kurta,22.0,2667107.52,613756.07,51545.0
ORD021779,2025-01-20,Hyderabad,Groceries,Wheat Flour,19.0,1819393.83,503914.03,51564.0
ORD021788,2025-03-19,Nagpur,Books,Exam Guide,21.0,1929782.82,495240.39,51585.0
ORD021791,2025-01-18,Surat,Electronics,Smart Watch,10.0,1355296.3,396602.5,51595.0
ORD021795,2025-03-17,Agra,Groceries,Cooking Oil,16.0,1002387.36,345598.79,51611.0
ORD021802,2025-03-09,Coimbatore,Groceries,Milk,2.0,33463.04,3998.84,51613.0
ORD021805,2025-01-19,Gurugram,Appliances,Refrigerator,19.0,441609.21,44960.31,51632.0
ORD021811,2025-01-22,Kochi,Beauty,Lipstick,10.0,1100718.9,164186.84,51642.0
ORD021813,2025-01-24,Ahmedabad,Clothing,Jeans,5.0,42510.6,11012.41,51647.0
ORD021821,2025-01-08,Gurugram,Beauty,Face Wash,9.0,1041772.77,155172.66,51656.0
ORD021835,2025-03-10,Tirupati,Clothing,Kurta,14.0,2073269.52,313767.66,51670.0
ORD021841,2025-01-15,Nashik,Sports,Gym Gloves,23.0,1235401.99,304267.4,51693.0
ORD021845,2025-02-11,Chennai,Appliances,Microwave,17.0,2309823.83,487523.18,51710.0
ORD021846,2025-03-13,Guwahati,Books,Exam Guide,17.0,1672161.82,160695.89,51727.0
ORD021848,2025-03-18,Varanasi,Books,Dictionary,14.0,1749973.12,285468.51,51741.0
ORD021852,2025-03-24,Mysuru,Sports,Yoga Mat,15.0,2119800.45,541075.3,51756.0
ORD021853,2025-02-13,Indore,Beauty,Lipstick,8.0,311527.2,102091.65,51764.0
ORD021854,2025-01-22,Visakhapatnam,Sports,Yoga Mat,7.0,570009.58,68026.58,51771.0
ORD021857,2025-02-18,Kanpur,Sports,Gym Gloves,23.0,829570.67,137352.79,51794.0
ORD021858,2025-02-07,Ahmedabad,Books,Engineering Book,24.0,2877228.48,721831.21,51818.0
ORD021861,2025-01-31,Agra,Clothing,Shoes,17.0,1772896.51,350897.18,51835.0
ORD021862,2025-03-25,Indore,Clothing,Shoes,17.0,2044808.28,304429.06,51852.0
ORD021877,2025-01-24,Guwahati,Books,Novel,23.0,1847042.37,268170.16,51875.0
ORD021880,2025-03-08,Noida,Sports,Gym Gloves,18.0,1338107.4,153920.82,51893.0
ORD021882,2025-01-03,Bhopal,Beauty,Face Wash,20.0,2609529.4,571609.26,51913.0
ORD021885,2025-01-09,Mangalore,Clothing,Jeans,8.0,824729.76,219400.1,51921.0
ORD021891,2025-02-22,Tirupati,Clothing,Saree,4.0,432370.2,118879.39,51925.0
ORD021892,2025-02-23,Jaipur,Beauty,Face Wash,22.0,1517895.72,218067.91,51947.0
ORD021907,2025-02-08,Visakhapatnam,Beauty,Moisturizer,2.0,20232.16,3126.26,51949.0
ORD021910,2025-03-29,Noida,Electronics,Smart Watch,12.0,1250164.92,119335.48,51961.0
ORD021912,2025-03-07,Bhopal,Electronics,Tablet,5.0,260952.8,79430.79,51966.0
ORD021913,2025-03-13,Jaipur,Sports,Cricket Bat,7.0,790105.19,243284.43,51973.0
ORD021915,2025-03-31,Mysuru,Groceries,Sugar,21.0,3047101.47,453675.78,51994.0
ORD021916,2025-01-06,Ludhiana,Electronics,Smartphone,4.0,408689.64,97899.98,51998.0
ORD021918,2025-02-15,Agra,Books,Exam Guide,19.0,1401629.81,410079.42,52017.0
ORD021940,2025-01-19,Goa,Groceries,Sugar,12.0,439652.52,148762.48,52029.0
ORD021942,2025-01-23,Pune,Groceries,Milk,16.0,676921.12,227664.95,52045.0
ORD021943,2025-01-20,Vijayawada,Books,Exam Guide,7.0,897613.71,115234.69,52052.0
ORD021945,2025-03-18,Chennai,Furniture,Sofa,10.0,1139676.2,262481.99,52062.0
ORD021946,2025-03-07,Madurai,Clothing,Saree,4.0,57569.04,19972.89,52066.0
ORD021977,2025-03-30,Gurugram,Appliances,Mixer Grinder,17.0,1560790.57,148596.12,52083.0
ORD021978,2025-02-27,Indore,Electronics,Smartphone,9.0,441493.38,127216.3,52092.0
ORD021982,2025-03-16,Ahmedabad,Electronics,Tablet,12.0,98331.96,9164.47,52104.0
ORD021985,2025-02-15,Lucknow,Clothing,Kurta,16.0,532203.36,140618.17,52120.0
ORD021989,2025-01-12,Ludhiana,Groceries,Cooking Oil,3.0,207903.15,53022.42,52123.0
ORD021990,2025-02-25,Chandigarh,Groceries,Sugar,10.0,783409.7,86201.49,52133.0
ORD021995,2025-02-08,Agra,Furniture,Bed,7.0,701907.08,118972.19,52140.0
ORD021996,2025-02-22,Jaipur,Groceries,Cooking Oil,3.0,438757.5,125782.54,52143.0
ORD022002,2025-03-15,Ludhiana,Appliances,Microwave,13.0,45434.61,13422.22,52156.0
ORD022005,2025-03-16,Chennai,Books,Dictionary,16.0,2377521.12,657173.44,52172.0
ORD022011,2025-02-17,Hubballi,Appliances,Washing Machine,13.0,1215437.47,185942.89,52185.0
ORD022013,2025-01-21,Noida,Beauty,Moisturizer,1.0,76216.01,25377.87,52186.0
ORD022015,2025-01-11,Chennai,Sports,Football,5.0,279673.4,88373.42,52191.0
ORD022018,2025-03-21,Nagpur,Books,Dictionary,15.0,511531.8,125485.5,52206.0
ORD022020,2025-02-23,Hyderabad,Furniture,Chair,15.0,664802.1,76380.4,52221.0
ORD022025,2025-02-03,Ludhiana,Sports,Football,-250.0,2071332.6,524396.39,52236.0
ORD022026,2025-03-05,Indore,Clothing,Jacket,5.0,532566.1,128157.91,52241.0
ORD022028,2025-03-28,Bengaluru,Books,Dictionary,18.0,1697807.7,512001.48,52259.0
ORD022034,2025-02-28,Bengaluru,Clothing,Jacket,8.0,325832.64,47060.36,52267.0
ORD022039,2025-02-04,Indore,Sports,Cricket Bat,19.0,2184309.54,450841.08,52286.0
ORD022045,2025-02-16,Kolkata,Beauty,Face Wash,6.0,628112.04,64851.56,52292.0
ORD022068,2025-02-09,Agra,Books,Exam Guide,7.0,20653.57,1839.57,52299.0
ORD022086,2025-02-05,Hubballi,Furniture,Sofa,17.0,500142.38,139734.76,52316.0
ORD022097,2025-02-05,Lucknow,Electronics,Camera,19.0,1985784.24,534303.73,52335.0
ORD022103,2025-03-25,Gurugram,Books,Exam Guide,17.0,480374.61,157985.69,52352.0
ORD022113,2025-03-08,Mysuru,Beauty,Perfume,25.0,2514086.25,848452.64,52377.0
ORD022116,2025-03-13,Nagpur,Sports,Badminton Racket,21.0,462327.18,149210.8,52398.0
ORD022119,2025-02-01,Varanasi,Books,Exam Guide,22.0,2328544.68,545790.53,52420.0
ORD022120,2025-01-31,Lucknow,Electronics,Laptop,11.0,215749.38,39691.46,52431.0
ORD022122,2025-03-02,Pune,Books,Exam Guide,2.0,38701.48,3676.17,52433.0
ORD022129,2025-01-20,Jaipur,Sports,Cricket Bat,20.0,1764350.4,173495.36,52453.0
ORD022135,2025-02-06,Guwahati,Beauty,Moisturizer,12.0,536504.16,57768.6,52465.0
ORD022137,2025-02-11,Coimbatore,Electronics,Smart TV,23.0,2527846.05,239211.26,52488.0
ORD022138,2025-02-06,Pune,Clothing,Kurta,6.0,154878.72,34779.36,52494.0
ORD022140,2025-01-21,Pune,Beauty,Lipstick,24.0,1600309.44,235636.03,52518.0
ORD022156,2025-03-12,Chennai,Clothing,Saree,25.0,599752.75,208075.45,52543.0
ORD022163,2025-01-25,Bhopal,Groceries,Rice,4.0,119019.08,17190.33,52547.0
ORD022166,2025-01-02,Mangalore,Sports,Badminton Racket,19.0,574448.28,170596.07,52566.0
ORD022172,2025-01-07,Goa,Furniture,Chair,9.0,1065392.19,186997.36,52575.0
ORD022173,2025-01-12,Vadodara,Clothing,Kurta,1.0,67280.68,15007.95,52576.0
ORD022174,2025-02-05,Kanpur,Furniture,Wardrobe,21.0,2512150.41,622652.15,52597.0
ORD022183,2025-02-05,Mysuru,Furniture,Bed,8.0,562866.0,104105.14,52605.0
ORD022185,2025-02-28,Kanpur,Groceries,Rice,6.0,376040.58,98235.28,52611.0
ORD022200,2025-03-25,Bhopal,Beauty,Shampoo,18.0,1775531.88,315631.85,52629.0
ORD022208,2025-02-06,Gurugram,Groceries,Milk,14.0,1358590.52,319762.07,52643.0
ORD022219,2025-01-18,Patna,Groceries,Wheat Flour,1.0,72366.5,21837.85,52644.0
ORD022228,2025-01-29,Guwahati,Beauty,Lipstick,25.0,872145.5,155830.4,52669.0
ORD022230,2025-01-21,Nagpur,Groceries,Sugar,12.0,74702.52,9429.23,52681.0
ORD022232,2025-01-30,Vadodara,Groceries,Milk,19.0,83356.04,18561.44,52700.0
ORD022236,2025-01-04,Kolkata,Electronics,Smart Watch,14.0,1695694.14,380083.4,52714.0
ORD022239,2025-02-08,Nashik,Books,Engineering Book,3.0,378943.8,106352.77,52717.0
ORD022240,2025-02-03,Kanpur,Groceries,Tea Powder,23.0,1621330.49,373791.48,52740.0
ORD022248,2025-01-21,Noida,Books,Novel,13.0,513539.0,60984.44,52753.0
ORD022250,2025-01-09,Visakhapatnam,Appliances,Refrigerator,4.0,5677.52,1284.99,52757.0
ORD022254,2025-01-06,Hyderabad,Beauty,Shampoo,1.0,99702.55,25282.25,52758.0
ORD022257,2025-01-20,Kanpur,Books,Dictionary,18.0,2483373.6,666187.66,52776.0
ORD022258,2025-01-29,Surat,Sports,Cricket Bat,4.0,189391.32,44201.44,52780.0
ORD022262,2025-03-07,Kanpur,Appliances,Microwave,16.0,101513.12,8836.12,52796.0
ORD022266,2025-02-13,Vijayawada,Electronics,Smartphone,21.0,1631585.55,414082.27,52817.0
ORD022267,2025-03-30,Bhopal,Beauty,Face Wash,7.0,488716.83,99293.92,52824.0
ORD022268,2025-01-07,Varanasi,Books,Dictionary,19.0,230550.94,56745.3,52843.0
ORD022269,2025-01-25,Ludhiana,Electronics,Laptop,21.0,1867547.01,493316.19,52864.0
ORD022276,2025-02-01,Surat,Clothing,Kurta,,553798.14,152342.71,52887.0
ORD022278,2025-02-07,Vadodara,Beauty,Lipstick,15.0,893424.75,294470.07,52902.0
ORD022279,2025-01-13,Pune,Electronics,Tablet,17.0,1226412.98,195344.13,52919.0
ORD022281,2025-03-03,Visakhapatnam,Clothing,Saree,4.0,455725.56,69576.48,52923.0
ORD022289,2025-03-26,Ahmedabad,Books,Dictionary,3.0,55679.37,11443.47,52926.0
ORD022292,2025-01-17,Varanasi,Clothing,Jacket,16.0,586768.48,188513.53,52942.0
ORD022301,2025-01-05,Ahmedabad,Appliances,Microwave,25.0,1760747.75,296092.78,52967.0
ORD022308,2025-01-10,Coimbatore,Groceries,Sugar,5.0,245428.55,21024.22,52972.0
ORD022313,2025-01-10,Noida,Beauty,Face Wash,6.0,190354.02,27308.59,52978.0
ORD022314,2025-03-12,Pune,Clothing,Shoes,23.0,1001886.67,266494.54,53001.0
ORD022315,2025-02-03,Coimbatore,Electronics,Headphones,15.0,943114.8,304867.17,53016.0
ORD022321,32/01/2025,Delhi,Beauty,Perfume,25.0,620199.75,147244.89,53041.0
ORD022330,2025-02-26,Guwahati,Clothing,Saree,9.0,142398.9,37301.62,53050.0
ORD022336,2025-03-02,Agra,Furniture,Bookshelf,21.0,134316.42,19168.43,53071.0
ORD022339,2025-03-27,Mumbai,Appliances,Refrigerator,23.0,268914.85,92162.47,53094.0
ORD022345,2025-03-24,Indore,Beauty,Moisturizer,2.0,177013.58,61140.53,53096.0
ORD022350,2025-03-09,Nagpur,Sports,Football,19.0,1706978.81,266278.06,53115.0
ORD022356,2025-02-23,Mangalore,Books,Exam Guide,20.0,2619090.0,867230.83,53135.0
ORD022358,2025-03-17,Bengaluru,Electronics,Smart TV,15.0,164751.15,42769.69,53150.0
ORD022359,2025-01-04,Delhi,Furniture,Chair,20.0,623204.8,98341.56,53170.0
ORD022365,2025-03-30,Tirupati,Sports,Cricket Bat,24.0,3342095.76,351201.14,53194.0
ORD022378,2025-02-23,Kochi,Beauty,Shampoo,10.0,603629.7,143988.8,53204.0
ORD022380,2025-01-02,Kanpur,Sports,Badminton Racket,7.0,264342.05,71478.02,53211.0
ORD022385,2025-02-01,Surat,Appliances,Washing Machine,4.0,556670.48,181435.21,53215.0
ORD022393,2025-03-13,Vijayawada,Furniture,Bookshelf,14.0,1710493.96,348270.68,53229.0
ORD022400,2025-02-03,Hyderabad,Appliances,Microwave,17.0,1687915.55,339329.22,53246.0
ORD022402,2025-01-14,Guwahati,Furniture,Wardrobe,6.0,550179.9,58117.68,53252.0
ORD022404,2025-01-03,Delhi,Appliances,Microwave,7.0,688834.72,228727.61,53259.0
ORD022410,2025-02-16,Gurugram,Beauty,Lipstick,9.0,368066.88,47103.01,53268.0
ORD022417,2025-01-17,Hubballi,Books,Engineering Book,18.0,1250264.52,367118.94,53286.0
ORD022422,2025-01-03,Kolkata,Groceries,Milk,14.0,760249.7,161728.9,53300.0
ORD022428,2025-03-23,Tirupati,Groceries,Tea Powder,14.0,1594291.3,249104.44,53314.0
ORD022436,2025-01-04,Mangalore,Beauty,Lipstick,3.0,279034.32,83623.94,53317.0
ORD022440,2025-02-23,Lucknow,Books,Dictionary,10.0,1043242.4,200595.28,53327.0
ORD022445,2025-01-01,Delhi,Beauty,Perfume,19.0,1291293.2,271070.55,53346.0
ORD022457,2025-02-14,Varanasi,Furniture,Bed,5.0,32558.75,6483.61,53351.0
ORD022459,2025-02-23,Gurugram,Books,Notebook,18.0,220463.28,17867.04,53369.0
ORD022473,2025-02-10,Guwahati,Beauty,Shampoo,6.0,869344.56,123794.29,53375.0
ORD022474,2025-03-27,Surat,Electronics,Smart Watch,22.0,1644645.42,474298.63,53397.0
ORD022480,2025-01-06,Jaipur,Beauty,Shampoo,19.0,1751854.53,405067.46,53416.0
ORD022482,2025-01-14,Ludhiana,Furniture,Dining Table,25.0,3713830.0,331457.47,53441.0
ORD022489,2025-02-26,Varanasi,Books,Exam Guide,7.0,573555.85,161785.25,53448.0
ORD022498,2025-01-26,Nagpur,Beauty,Moisturizer,4.0,298001.24,29200.44,53452.0
ORD022532,2025-03-18,Visakhapatnam,Furniture,Bookshelf,10.0,891254.2,282827.71,53462.0
ORD022535,2025-01-25,Thiruvananthapuram,Groceries,Cooking Oil,19.0,399841.51,94741.65,53481.0
ORD022541,2025-02-11,Vijayawada,Furniture,Bookshelf,4.0,454149.44,98919.08,53485.0
ORD022542,2025-02-14,Bhopal,Appliances,Air Conditioner,3.0,170865.27,30989.89,53488.0
ORD022545,2025-03-10,Nagpur,Clothing,Kurta,8.0,324373.44,35012.19,53496.0
ORD022548,2025-02-02,Goa,Electronics,Tablet,11.0,1304098.07,398535.77,53507.0
ORD022557,2025-01-30,Ludhiana,Clothing,Jeans,16.0,620555.2,173522.33,53523.0
ORD022558,2025-01-02,Mumbai,Clothing,Saree,10.0,,122791.51,53533.0
ORD022566,2025-01-19,Varanasi,Groceries,Cooking Oil,24.0,2603657.52,256383.59,53557.0
ORD022588,2025-02-07,Mangalore,Appliances,Mixer Grinder,25.0,621430.25,191309.62,53582.0
ORD022590,2025-02-02,Ahmedabad,Furniture,Chair,12.0,1038458.88,264837.28,53594.0
ORD022608,2025-01-03,Tirupati,Books,Engineering Book,15.0,1929525.9,538995.15,53609.0
ORD022609,2025-02-28,Kochi,Electronics,Smartphone,25.0,1012019.75,97594.27,53634.0
ORD022612,2025-02-12,Nashik,Sports,Yoga Mat,21.0,2939476.89,533489.97,53655.0
ORD022622,2025-02-11,Chandigarh,Furniture,Bookshelf,15.0,1417827.45,245885.55,53670.0
ORD022630,2025-01-27,Tirupati,Books,Exam Guide,11.0,1168617.34,406154.46,53681.0
ORD022631,2025-01-07,Kolkata,Furniture,Chair,23.0,3007964.38,782342.01,53704.0
ORD022632,2025-01-17,Madurai,Clothing,Shoes,5.0,657069.1,185115.63,53709.0
ORD022633,2025-02-21,Nagpur,Books,Novel,3.0,40289.04,11975.74,53712.0
ORD022637,2025-01-24,Mysuru,Beauty,Face Wash,4.0,219591.6,38563.22,53716.0
ORD022638,2025-03-05,Guwahati,Sports,Gym Gloves,1.0,64015.4,15620.65,53717.0
ORD022665,2025-03-07,Gurugram,Sports,Football,12.0,1556522.88,365241.9,53729.0
ORD022669,2025-03-09,Nashik,Books,Engineering Book,2.0,68371.0,9626.45,53731.0
ORD022670,2025-01-06,Jaipur,Clothing,Jacket,23.0,743923.5,203324.58,53754.0
ORD022672,2025-02-01,Nagpur,Appliances,Microwave,9.0,110666.52,36425.98,53763.0
ORD022673,2025-01-03,Ludhiana,Electronics,Smart Watch,19.0,827876.74,202706.09,53782.0
ORD022678,N/A,Ludhiana,Groceries,Milk,3.0,358840.89,77018.52,53785.0
ORD022681,2025-02-10,Noida,Appliances,Air Conditioner,3.0,203376.3,40979.24,53788.0
ORD022684,2025-03-27,Chandigarh,Books,Novel,24.0,2303550.96,202448.78,53812.0
ORD022685,2025-03-04,Delhi,Electronics,Camera,25.0,3140967.25,676500.49,53837.0
ORD022687,2025-01-21,Vijayawada,Furniture,Bookshelf,13.0,1574778.92,397728.12,53850.0
ORD022693,2025-03-03,Coimbatore,Sports,Badminton Racket,14.0,1758421.14,378588.55,53864.0
ORD022695,2025-02-20,Ahmedabad,Electronics,Smartphone,22.0,3136530.98,466110.57,53886.0
ORD022699,2025-02-24,Patna,Appliances,Washing Machine,3.0,56458.35,6397.52,53889.0
ORD022707,2025-03-10,Chandigarh,Electronics,Headphones,4.0,257858.8,66811.78,53893.0
ORD022711,2025-03-07,Nashik,Sports,Football,20.0,1812084.8,436221.05,53913.0
ORD022717,2025-02-20,Lucknow,Electronics,Tablet,2.0,242394.12,49024.66,53915.0
ORD022736,2025-03-14,Visakhapatnam,Beauty,Shampoo,25.0,2591551.75,779843.84,53940.0
ORD022742,2025-01-09,Mumbai,Electronics,Headphones,18.0,840125.34,258619.99,53958.0
ORD022746,2025-01-15,Mysuru,Clothing,Jeans,9.0,760358.97,90208.42,53967.0
ORD022752,2025-01-17,Agra,Sports,Yoga Mat,12.0,992535.0,251423.76,53979.0
ORD022761,2025-01-12,Madurai,Electronics,Headphones,9.0,203055.66,27850.48,53988.0
ORD022763,2025-03-01,Kanpur,Sports,Gym Gloves,-99.0,343172.64,43430.32,54004.0
ORD022768,2025-02-18,Bengaluru,Furniture,Chair,24.0,2514594.0,461627.41,54028.0
ORD022770,2025-03-25,Gurugram,Appliances,Air Conditioner,5.0,359760.0,74616.59,54033.0
ORD022771,2025-01-02,Agra,Beauty,Perfume,22.0,1525502.22,205751.36,54055.0
ORD022782,2025-03-04,Nagpur,Furniture,Wardrobe,24.0,3000656.4,750853.74,54079.0
ORD022787,2025-03-09,Kolkata,Books,Notebook,22.0,30792.52,3547.66,54101.0
ORD022790,2025-03-04,Gurugram,Electronics,Smart TV,6.0,16350.78,2767.81,54107.0
ORD022792,2025-02-26,Guwahati,Books,Dictionary,25.0,22267.25,2863.47,54132.0
ORD022797,2025-01-03,Kochi,Beauty,Perfume,21.0,1051948.17,91641.8,54153.0
ORD022809,2025-02-09,Nagpur,Electronics,Headphones,23.0,3140537.76,295591.33,54176.0
ORD022815,2025-02-14,Visakhapatnam,Clothing,Kurta,8.0,850257.44,173685.65,54184.0
ORD022827,2025-03-04,Lucknow,Sports,Football,6.0,746254.74,174122.12,54190.0
ORD022828,2025-02-28,Madurai,Sports,Badminton Racket,16.0,1736718.72,510889.27,54206.0
ORD022829,2025-02-25,Thiruvananthapuram,Groceries,Milk,6.0,254915.4,30929.46,54212.0
ORD022833,2025-01-20,Nagpur,Books,Engineering Book,1.0,115075.64,28456.56,54213.0
ORD022842,2025-01-12,Noida,Clothing,Kurta,4.0,596857.36,122069.76,54217.0
ORD022846,2025-03-19,Mysuru,Groceries,Tea Powder,10.0,1448576.1,504487.06,54227.0
ORD022847,2025-01-16,Guwahati,Clothing,T-Shirt,14.0,1572273.22,537889.11,54241.0
ORD022859,2025-02-19,Surat,Groceries,Wheat Flour,18.0,1914586.38,399318.25,54259.0
ORD022860,2025-01-04,Ahmedabad,Appliances,Microwave,25.0,1657502.25,465547.73,54284.0
ORD022862,2025-03-11,Chandigarh,Groceries,Rice,12.0,27124.68,4800.14,54296.0
ORD022870,2025-03-30,Delhi,Appliances,Mixer Grinder,20.0,2927878.2,627474.07,54316.0
ORD022878,2025-03-22,Tirupati,Sports,Cricket Bat,7.0,442175.86,141468.24,54323.0
ORD022883,2025-03-17,Ludhiana,Beauty,Face Wash,11.0,94155.93,20873.7,54334.0
ORD022884,2025-03-26,Vijayawada,Sports,Gym Gloves,25.0,3686473.5,995604.14,54359.0
ORD022887,2025-03-02,Surat,Groceries,Rice,19.0,1340817.46,116547.37,54378.0
ORD022893,2025-03-05,Nagpur,Electronics,Laptop,9.0,18117.99,1635.16,54387.0
ORD022907,2025-02-19,Chennai,Appliances,Washing Machine,23.0,612978.75,200260.22,54410.0
ORD022909,2025-03-22,Jaipur,Sports,Gym Gloves,23.0,2087180.08,499766.12,54433.0
ORD022919,2025-01-16,Chennai,Beauty,Moisturizer,3.0,279619.11,81367.36,54436.0
ORD022922,2025-01-24,Hyderabad,Electronics,Camera,9.0,1051241.49,223531.57,54445.0
ORD022924,2025-03-04,Mangalore,Beauty,Shampoo,10.0,1292504.4,235352.97,54455.0
ORD022926,2025-02-08,Noida,Beauty,Face Wash,15.0,798538.35,183879.37,54470.0
ORD022932,2025-02-18,Guwahati,Appliances,Air Conditioner,6.0,565982.46,96080.0,54476.0
ORD022952,2025-02-19,Gurugram,Groceries,Cooking Oil,11.0,864558.86,213907.25,54487.0
ORD022958,2025-02-12,Varanasi,Sports,Gym Gloves,16.0,644136.32,183861.73,54503.0
ORD022960,2025-02-13,Noida,Furniture,Wardrobe,13.0,739873.68,214612.57,54516.0
ORD022961,2025-01-15,Coimbatore,Furniture,Sofa,9.0,795898.53,121225.82,54525.0
ORD022971,2025-03-01,Mangalore,Electronics,Laptop,3.0,3598.74,702.76,54528.0
ORD022975,2025-01-03,Gurugram,Groceries,Sugar,21.0,3053330.91,695946.45,54549.0
ORD022980,2025-03-20,Guwahati,Sports,Football,15.0,10361.85,1014.38,54564.0
ORD022986,2025-03-12,Hyderabad,Furniture,Chair,8.0,206378.64,44619.88,54572.0
ORD022987,2025-02-18,Surat,Clothing,Shoes,20.0,1999442.4,597419.96,54592.0
ORD022990,2025-03-29,Nagpur,Furniture,Wardrobe,16.0,2371447.04,676468.69,54608.0
ORD022996,2025-01-17,Mangalore,Sports,Yoga Mat,25.0,273241.0,72562.4,54633.0
ORD022997,2025-03-04,Nashik,Beauty,Moisturizer,5.0,234402.8,39192.4,54638.0
ORD023005,2025-03-06,Mysuru,Furniture,Bed,18.0,1156709.52,362745.44,54656.0
ORD023006,2025-03-17,Varanasi,Sports,Badminton Racket,5.0,660164.25,59186.02,54661.0
ORD023008,2025-02-22,Ludhiana,Books,Exam Guide,25.0,2867805.25,363990.83,54686.0
ORD023010,2025-03-11,Mangalore,Appliances,Refrigerator,16.0,2262721.44,683062.23,54702.0
ORD023011,2025-03-11,Bhopal,Books,Dictionary,9.0,1294226.46,359869.42,54711.0
ORD023017,2025-03-16,Pune,Books,Novel,7.0,357901.74,33483.51,54718.0
ORD023020,2025-03-08,Delhi,Furniture,Bookshelf,20.0,41984.0,13825.84,54738.0
ORD023030,2025-03-18,Patna,Clothing,Shoes,22.0,1875589.1,479503.18,54760.0
ORD023037,2025-03-14,Chandigarh,Appliances,Refrigerator,1.0,103858.39,12587.79,54761.0
ORD023041,2025-01-31,Noida,Clothing,T-Shirt,21.0,322934.43,70109.78,54782.0
ORD023054,2025-03-06,Nagpur,Electronics,Laptop,18.0,82972.62,26590.23,54800.0
ORD023063,2025-03-01,Mumbai,Beauty,Lipstick,12.0,108839.04,16416.79,54812.0
ORD023065,2025-02-13,Kolkata,Books,Notebook,17.0,208435.64,41538.6,54829.0
ORD023068,2025-03-12,Mangalore,Groceries,Sugar,8.0,823443.76,244252.97,54837.0
ORD023076,2025-02-08,Goa,Beauty,Face Wash,11.0,413304.76,46652.12,54848.0
ORD023094,2025-01-09,Patna,Beauty,Moisturizer,2.0,160854.24,27482.2,54850.0
ORD023099,2025-01-10,Goa,Electronics,Smart Watch,7.0,302762.11,100621.38,54857.0
ORD023100,2025-02-12,Agra,Sports,Yoga Mat,11.0,98528.1,11622.09,54868.0
ORD023101,2025-02-07,Mangalore,Clothing,Saree,6.0,552742.98,155824.53,54874.0
ORD023115,2025-01-18,Kanpur,Appliances,Air Conditioner,10.0,763878.5,217770.16,54884.0
ORD023116,2025-03-17,Guwahati,Books,Dictionary,2.0,210680.36,63822.43,54886.0
ORD023118,2025-03-02,Varanasi,Clothing,Saree,13.0,1475679.92,241283.97,54899.0
ORD023121,2025-03-29,Visakhapatnam,Beauty,Lipstick,13.0,230854.52,53489.4,54912.0
ORD023123,2025-03-19,Tirupati,Clothing,Shoes,15.0,1270876.95,193102.58,54927.0
ORD023124,2025-02-07,Vadodara,Clothing,Kurta,13.0,1037993.32,280799.21,54940.0
ORD023133,2025-01-28,Chennai,Clothing,Shoes,2.0,12799.98,3446.36,54942.0
ORD023141,2025-02-21,Guwahati,Groceries,Tea Powder,2.0,207254.88,38331.62,54944.0
ORD023156,2025-03-11,Noida,Groceries,Wheat Flour,6.0,382762.02,120658.86,54950.0
ORD023166,2025-02-16,Surat,Books,Engineering Book,19.0,1324017.47,345244.65,54969.0
ORD023170,2025-02-01,Vijayawada,Clothing,Shoes,23.0,485780.01,57916.2,54992.0
ORD023173,2025-01-20,Ahmedabad,Sports,Football,24.0,2695817.52,824939.69,55016.0
ORD023175,2025-03-08,Kochi,Electronics,Smart Watch,19.0,1484569.18,467955.08,55035.0
ORD023177,2025-01-10,Vijayawada,Electronics,Tablet,25.0,2560228.25,315763.4,55060.0
ORD023184,2025-03-18,Hyderabad,Electronics,Smart TV,1.0,80602.27,21773.58,55061.0
ORD023197,2025-03-08,Nagpur,Books,Exam Guide,2.0,274673.26,42819.99,55063.0
ORD023199,2025-01-06,Hubballi,Books,Dictionary,19.0,1159956.08,203552.36,55082.0
ORD023210,2025-01-19,Jaipur,Beauty,Moisturizer,7.0,961279.48,225220.17,55089.0
ORD023218,2025-02-23,Mumbai,Beauty,Face Wash,17.0,1004960.1,199036.18,55106.0
ORD023219,2025-01-02,Surat,Appliances,Refrigerator,10.0,812073.8,136161.89,55116.0
ORD023222,2025-02-13,Kochi,Furniture,Bookshelf,4.0,9722.6,1749.21,55120.0
ORD023223,2025-02-26,Chandigarh,Electronics,Headphones,21.0,2144837.94,290091.24,55141.0
ORD023227,2025-01-27,Vijayawada,Appliances,Washing Machine,24.0,1313140.56,245643.05,55165.0
ORD023228,2025-03-27,Chennai,Electronics,Laptop,23.0,2122567.65,538487.88,55188.0
ORD023230,2025-01-17,Guwahati,Furniture,Dining Table,20.0,2171932.6,448645.2,55208.0
ORD023252,2025-03-30,Chandigarh,Groceries,Tea Powder,1.0,3878.3,1158.0,55209.0
ORD023259,2025-01-22,Vijayawada,Beauty,Moisturizer,14.0,254173.78,40023.58,55223.0
ORD023261,2025-01-10,Vadodara,Groceries,Wheat Flour,7.0,629951.7,195965.92,55230.0
ORD023268,2025-03-04,Coimbatore,Clothing,Saree,25.0,1777986.75,201265.25,55255.0
ORD023269,2025-03-15,Noida,Beauty,Perfume,6.0,192508.2,60535.9,55261.0
ORD023287,2025-01-22,Madurai,Clothing,Saree,1.0,124694.15,23927.97,55262.0
ORD023291,2025-03-20,Jaipur,Appliances,Washing Machine,4.0,293821.28,61416.4,55266.0
ORD023296,2025-01-03,Visakhapatnam,Appliances,Air Conditioner,6.0,729883.08,239140.32,55272.0
ORD023304,2025-03-19,Kolkata,Furniture,Bed,24.0,2311540.08,681613.85,55296.0
ORD023306,2025-03-30,Agra,Electronics,Laptop,22.0,2719223.54,535745.34,55318.0
ORD023312,2025-03-27,Agra,Appliances,Washing Machine,19.0,1061347.79,370100.27,55337.0
ORD023313,2025-01-21,Patna,Groceries,Tea Powder,12.0,953210.76,181854.26,55349.0
ORD023315,2025-01-30,Noida,Appliances,Microwave,15.0,1245459.45,417600.14,55364.0
ORD023319,2025-03-25,Kochi,Electronics,Smart Watch,12.0,1617065.88,379843.47,55376.0
ORD023329,2025-03-15,Chandigarh,Sports,Gym Gloves,15.0,623086.95,207004.82,55391.0
ORD023335,2025-02-20,Ahmedabad,Electronics,Camera,14.0,63192.5,12160.8,55405.0
ORD023338,2025-02-17,Coimbatore,Groceries,Sugar,18.0,2250040.32,307682.42,55423.0
ORD023349,2025-02-23,Indore,Clothing,Jeans,21.0,1833244.56,241391.44,55444.0
ORD023351,2025-01-16,Chandigarh,Sports,Badminton Racket,18.0,2345590.26,217956.85,55462.0
ORD023352,2025-01-13,Vijayawada,Groceries,Rice,25.0,1923858.0,630981.35,55487.0
ORD023356,2025-01-16,Patna,Groceries,Wheat Flour,5.0,299317.1,96407.56,55492.0
ORD023365,2025-03-05,Ludhiana,Sports,Badminton Racket,15.0,1180950.9,361128.27,55507.0
ORD023376,2025-01-11,Hyderabad,Beauty,Perfume,25.0,2393238.25,338903.76,55532.0
ORD023386,2025-01-19,Mysuru,Beauty,Moisturizer,20.0,2822863.8,395589.54,55552.0
ORD023395,2025-01-28,Tirupati,Sports,Yoga Mat,11.0,394390.37,96173.16,55563.0
ORD023400,2025-01-21,Ludhiana,Electronics,Smartphone,10.0,664472.2,135977.13,55573.0
ORD023404,2025-03-30,Hyderabad,Sports,Gym Gloves,18.0,471016.8,135354.48,55591.0
ORD023418,2025-01-31,Agra,Sports,Football,10.0,481082.2,140472.8,55601.0
ORD023420,2025-03-24,Nashik,Clothing,Saree,3.0,439629.48,46789.63,55604.0
ORD023423,2025-03-18,Hyderabad,Clothing,Kurta,20.0,2247871.2,672083.22,55624.0
ORD023440,2025-01-11,Delhi,Clothing,Jeans,17.0,1344984.07,455959.61,55641.0
ORD023444,2025-01-16,Hyderabad,Furniture,Dining Table,14.0,462595.0,113179.48,55655.0
ORD023458,2025-02-06,Hyderabad,Clothing,Shoes,5.0,159781.7,51869.31,55660.0
ORD023462,2025-02-20,Surat,Appliances,Refrigerator,19.0,1270986.57,426734.57,55679.0
ORD023464,2025-03-06,Mangalore,Beauty,Lipstick,16.0,1708495.2,324700.22,55695.0
ORD023478,2025-03-06,Thiruvananthapuram,Appliances,Mixer Grinder,9.0,676011.24,153772.18,55704.0
ORD023485,2025-01-04,Coimbatore,Books,Engineering Book,19.0,2440006.41,547226.23,55723.0
ORD023489,2025-03-26,Goa,Furniture,Sofa,6.0,393312.06,85854.5,55729.0
ORD023503,2025-01-15,Coimbatore,Electronics,Smartphone,24.0,2677931.52,443552.54,55753.0
ORD023507,2025-02-23,Thiruvananthapuram,Books,Engineering Book,7.0,507003.35,88683.64,55760.0
ORD023516,2025-03-02,Mysuru,Sports,Badminton Racket,24.0,2191674.0,350743.5,55784.0
ORD023517,2025-01-27,Patna,Furniture,Chair,4.0,370711.48,95210.3,55788.0
ORD023525,2025-03-13,Vadodara,Furniture,Bed,17.0,2473882.33,411357.74,55805.0
ORD023527,2025-01-04,Indore,Furniture,Bookshelf,4.0,93764.12,26286.27,55809.0
ORD023538,2025-01-09,Agra,Books,Dictionary,19.0,1787922.8,397899.89,55828.0
ORD023550,2025-01-01,Vadodara,Beauty,Shampoo,21.0,1053948.63,184164.48,55849.0
ORD023556,2025-02-24,Tirupati,Electronics,Camera,6.0,52639.32,13656.71,55855.0
ORD023570,2025-01-31,Jaipur,Groceries,Wheat Flour,8.0,609451.6,156060.5,55863.0
ORD023571,2025-02-18,Visakhapatnam,Sports,Yoga Mat,12.0,1596455.52,233584.48,55875.0
ORD023573,2025-03-21,Mumbai,Electronics,Smartphone,9.0,148608.99,43186.13,55884.0
ORD023576,2025-03-14,Pune,Sports,Football,8.0,594608.24,170554.31,55892.0
ORD023577,2025-03-01,Mumbai,Books,Notebook,19.0,582304.59,200785.0,55911.0
ORD023581,2025-03-15,Mangalore,Groceries,Milk,24.0,2915574.96,544225.37,55935.0
ORD023590,2025-01-02,Lucknow,Sports,Football,24.0,2745318.72,615018.83,55959.0
ORD023592,2025-01-24,Varanasi,Appliances,Microwave,17.0,1613382.96,476028.99,55976.0
ORD023593,2025-03-31,Hubballi,Clothing,Jeans,22.0,29914.06,5348.52,55998.0
ORD023594,2025-01-06,Goa,Beauty,Shampoo,17.0,1258888.42,258142.92,56015.0
ORD023597,2025-03-23,Hyderabad,Appliances,Washing Machine,7.0,373323.44,99713.65,56022.0
ORD023599,2025-01-06,Mumbai,Groceries,Cooking Oil,23.0,1001574.33,278786.88,56045.0
ORD023601,2025-03-20,Bhopal,Books,Novel,24.0,2313791.04,210273.81,56069.0
ORD023602,2025-02-11,Chennai,Furniture,Bed,23.0,613977.64,183378.82,56092.0
ORD023604,2025-03-14,Jaipur,Books,Dictionary,21.0,2129593.83,683039.82,56113.0
ORD023607,2025-03-17,Tirupati,Furniture,Bed,11.0,131887.03,32396.27,56124.0
ORD023612,2025-01-24,Agra,Sports,Yoga Mat,8.0,717057.28,210212.78,56132.0
ORD023614,2025-01-16,Surat,Groceries,Cooking Oil,21.0,1800901.2,331944.21,56153.0
ORD023615,2025-01-12,Delhi,Beauty,Shampoo,23.0,1345661.92,285588.28,56176.0
ORD023621,2025-02-13,Ahmedabad,Groceries,Rice,3.0,351414.3,121782.46,56179.0
ORD023624,2025-01-27,Tirupati,Beauty,Face Wash,17.0,2312325.04,571498.78,56196.0
ORD023625,2025-01-22,Ahmedabad,Clothing,Kurta,5.0,13708.9,2013.59,56201.0
ORD023626,2025-03-27,Bhopal,Electronics,Smart Watch,9.0,182108.43,62665.55,56210.0
ORD023628,2025-02-14,Surat,Books,Notebook,17.0,563547.62,104131.16,56227.0
ORD023629,2025-01-20,Patna,Books,Exam Guide,8.0,1073019.28,174669.22,56235.0
ORD023645,2025-02-28,Varanasi,Groceries,Rice,18.0,1080052.92,277051.56,56253.0
ORD023655,2025-03-20,Varanasi,Clothing,Saree,15.0,970102.8,135063.61,56268.0
ORD023659,2025-01-06,Delhi,Electronics,Laptop,10.0,1291241.8,297533.46,56278.0
ORD023660,2025-01-12,Visakhapatnam,Sports,Gym Gloves,9.0,406770.12,132013.8,56287.0
ORD023677,2025-03-24,Bengaluru,Furniture,Chair,4.0,370324.16,112410.59,56291.0
ORD023683,2025-01-06,Tirupati,Sports,Badminton Racket,1.0,75151.07,24865.72,56292.0
ORD023684,2025-02-01,Kanpur,Electronics,Smartphone,25.0,504262.75,47650.42,56317.0
ORD023689,2025-02-05,Vadodara,Appliances,Mixer Grinder,24.0,1790711.28,625981.54,56341.0
ORD023696,2025-01-02,Lucknow,Books,Exam Guide,15.0,1322214.6,423878.17,56356.0
ORD023699,2025-02-09,Mysuru,Appliances,Washing Machine,19.0,1654402.2,370397.93,56375.0
ORD023708,2025-01-19,Thiruvananthapuram,Beauty,Moisturizer,25.0,3160193.75,797744.83,56400.0
ORD023711,2025-03-26,Coimbatore,Appliances,Microwave,19.0,374251.17,81943.11,56419.0
ORD023717,2025-03-18,Bengaluru,Furniture,Chair,22.0,213242.26,26820.04,56441.0
ORD023721,2025-03-17,Varanasi,Books,Exam Guide,24.0,1193310.0,377293.11,56465.0
ORD023723,2025-02-07,Patna,Electronics,Smart Watch,21.0,2596964.58,614862.43,56486.0
ORD023728,2025-03-14,Patna,Beauty,Perfume,14.0,197850.52,68950.02,56500.0
ORD023730,2025-03-26,Nashik,Appliances,Refrigerator,25.0,3268074.75,336984.94,56525.0
ORD023734,2025-02-27,Kochi,Groceries,Sugar,19.0,1251861.36,280969.4,56544.0
ORD023737,2025-01-01,Vijayawada,Beauty,Lipstick,16.0,1392633.28,403353.19,56560.0
ORD023738,2025-03-07,Thiruvananthapuram,Electronics,Smart TV,8.0,209465.68,49457.47,56568.0
ORD023743,2025-01-30,Delhi,Sports,Football,6.0,824047.08,138103.71,56574.0
ORD023752,2025-02-25,Goa,Electronics,Smart TV,9.0,790384.95,169242.55,56583.0
ORD023756,2025-03-27,Delhi,Appliances,Air Conditioner,3.0,332277.99,108226.32,56586.0
ORD023759,2025-03-23,Agra,Beauty,Shampoo,17.0,254866.04,37208.33,56603.0
ORD023764,2025-01-11,Pune,Appliances,Air Conditioner,16.0,1080600.16,229629.48,56619.0
ORD023768,2025-03-04,Mysuru,Books,Dictionary,15.0,94252.35,16283.66,56634.0
ORD023771,2025-03-18,Thiruvananthapuram,Groceries,Cooking Oil,12.0,24437.4,3654.95,56646.0
ORD023772,2025-02-20,Agra,Appliances,Washing Machine,5.0,648196.65,113646.12,56651.0
ORD023780,2025-02-03,Varanasi,Sports,Football,14.0,977340.56,294568.57,56665.0
ORD023783,2025-02-16,Kanpur,Electronics,Smart Watch,2.0,109608.7,32128.73,56667.0
ORD023807,2025-02-09,Nagpur,Appliances,Mixer Grinder,11.0,917322.12,98551.27,56678.0
ORD023808,2025-03-21,Ahmedabad,Books,Novel,10.0,1087395.1,345340.42,56688.0
ORD023817,2025-03-15,Nashik,Clothing,Saree,20.0,50328.6,16193.27,56708.0
ORD023826,2025-03-08,Agra,Beauty,Face Wash,22.0,1336644.1,176191.37,56730.0
ORD023827,2025-01-30,Surat,Electronics,Tablet,8.0,67081.68,9479.11,56738.0
ORD023829,2025-03-25,Nagpur,Electronics,Smart Watch,11.0,1542449.92,474791.0,56749.0
ORD023830,2025-02-11,Kanpur,Furniture,Chair,15.0,131908.95,11190.49,56764.0
ORD023831,2025-01-30,Goa,Beauty,Face Wash,25.0,1621989.0,162009.86,56789.0
ORD023832,2025-03-25,Thiruvananthapuram,Furniture,Chair,10.0,61556.7,17149.77,56799.0
ORD023833,2025-03-24,Bengaluru,Sports,Cricket Bat,7.0,279994.26,95881.39,56806.0
ORD023834,2025-02-05,Visakhapatnam,Beauty,Lipstick,4.0,500217.92,71982.19,56810.0
ORD023835,2025-02-23,Bhopal,Groceries,Sugar,13.0,1422270.72,429721.28,56823.0
ORD023838,2025-02-03,Hubballi,Appliances,Washing Machine,1.0,117792.53,13717.98,56824.0
ORD023850,2025-01-11,Coimbatore,Beauty,Face Wash,8.0,1007937.76,199867.85,56832.0
ORD023851,2025-01-05,Chennai,Appliances,Washing Machine,11.0,1395742.37,145944.7,56843.0
ORD023852,2025-02-09,Nagpur,Electronics,Laptop,19.0,108341.42,35587.04,56862.0
ORD023854,2025-03-18,Ahmedabad,Sports,Football,25.0,2820785.25,920148.87,56887.0
ORD023859,2025-02-26,Bhopal,Appliances,Air Conditioner,25.0,3082535.0,654347.01,56912.0
ORD023863,2025-03-19,Hubballi,Furniture,Wardrobe,9.0,1197878.13,292923.81,56921.0
ORD023865,2025-02-17,Hubballi,Sports,Badminton Racket,5.0,502532.0,53260.93,56926.0
ORD023873,2025-02-25,Surat,Electronics,Smart TV,8.0,627096.0,117186.34,56934.0
ORD023879,2025-03-03,Goa,Furniture,Chair,21.0,1751183.07,176796.06,56955.0
ORD023883,2025-03-14,Ludhiana,Appliances,Washing Machine,19.0,637952.93,75598.17,56974.0
ORD023884,2025-01-02,Agra,Electronics,Smart TV,25.0,2398622.25,717728.99,56999.0
ORD023891,2025-02-21,Jaipur,Appliances,Mixer Grinder,18.0,1914539.04,392258.43,57017.0
ORD023893,2025-02-11,Hyderabad,Furniture,Bookshelf,25.0,585870.0,138854.92,57042.0
ORD023895,2025-03-23,Jaipur,Books,Dictionary,23.0,237228.9,70909.2,57065.0
ORD023901,2025-01-29,Chandigarh,Electronics,Camera,23.0,1609278.26,525124.47,57088.0
ORD023906,2025-02-05,Indore,Appliances,Mixer Grinder,8.0,70441.44,23921.48,57096.0
ORD023909,2025-03-11,Madurai,Books,Notebook,12.0,1710500.52,175764.72,57108.0
ORD023912,2025-02-15,Goa,Sports,Yoga Mat,24.0,2532021.6,260758.45,57132.0
ORD023913,2025-02-23,Visakhapatnam,Electronics,Laptop,1.0,145912.91,19939.89,57133.0
ORD023919,N/A,Guwahati,Books,Novel,8.0,530929.76,76670.93,57141.0
ORD023922,2025-01-16,Lucknow,Beauty,Perfume,9.0,1078472.61,195791.58,57150.0
ORD023928,2025-02-12,Mangalore,Groceries,Tea Powder,17.0,1055812.88,310245.97,57167.0
ORD023930,2025-02-03,Kochi,Electronics,Headphones,3.0,235937.49,61914.52,57170.0
ORD023938,2025-01-21,Vijayawada,Beauty,Perfume,13.0,1711206.12,563783.89,57183.0
ORD023941,2025-02-19,Mumbai,Groceries,Cooking Oil,20.0,1021244.6,206468.71,57203.0
ORD023944,2025-03-03,Jaipur,Appliances,Microwave,5.0,398187.6,137663.25,57208.0
ORD023946,2025-01-07,Tirupati,Groceries,Sugar,25.0,2145490.25,234882.74,57233.0
ORD023954,2025-02-27,Delhi,Appliances,Air Conditioner,17.0,590512.34,81126.75,57250.0
ORD023957,2025-01-05,Kanpur,Sports,Yoga Mat,2.0,55594.4,11548.7,57252.0
ORD023963,2025-03-15,Vijayawada,Appliances,Microwave,16.0,2231083.84,189651.28,57268.0
ORD023965,2025-01-15,Guwahati,Furniture,Bed,25.0,3029834.5,466017.15,57293.0
ORD023999,2025-01-18,Chennai,Appliances,Microwave,2.0,278982.58,55698.63,57295.0
ORD024000,2025-03-05,Vadodara,Groceries,Milk,22.0,600758.84,123209.21,57317.0
ORD024011,2025-02-13,Vijayawada,Appliances,Washing Machine,8.0,836956.24,184927.04,57325.0
ORD024018,2025-02-16,Kanpur,Furniture,Bed,6.0,503922.24,113769.89,57331.0
ORD024021,2025-03-12,Hubballi,Electronics,Headphones,10.0,1360760.9,369358.9,57341.0
ORD024025,2025-03-09,Madurai,Furniture,Wardrobe,-250.0,721487.52,155331.53,57350.0
ORD024027,2025-03-26,Indore,Beauty,Perfume,12.0,15768.48,4032.41,57362.0
ORD024029,2025-01-09,Nashik,Sports,Badminton Racket,9.0,1100493.54,324959.73,57371.0
ORD024030,2025-03-20,Thiruvananthapuram,Beauty,Shampoo,2.0,287517.84,55174.7,57373.0
ORD024037,2025-02-08,Ludhiana,Furniture,Sofa,9.0,245395.71,72567.2,57382.0
ORD024039,2025-03-07,Agra,Electronics,Tablet,21.0,2162380.29,444718.52,57403.0
ORD024046,2025-03-13,Coimbatore,Groceries,Sugar,14.0,419884.64,52203.04,57417.0
ORD024047,2025-02-18,Patna,Furniture,Bookshelf,17.0,1269357.19,435830.91,57434.0
ORD024048,2025-01-23,Vijayawada,Furniture,Bookshelf,12.0,708133.32,154262.96,57446.0
ORD024050,2025-03-26,Hubballi,Furniture,Dining Table,15.0,975078.15,96932.96,57461.0
ORD024051,2025-01-04,Nashik,Books,Notebook,8.0,492576.4,170161.57,57469.0
ORD024054,2025-03-16,Hyderabad,Sports,Cricket Bat,5.0,296875.15,52451.03,57474.0
ORD024067,2025-03-24,Mangalore,Books,Novel,10.0,300141.8,87926.58,57484.0
ORD024075,2025-02-05,Goa,Clothing,Jeans,5.0,128233.15,27530.17,57489.0
ORD024090,2025-01-05,Kochi,Books,Notebook,22.0,2658104.68,450744.43,57511.0
ORD024106,2025-02-25,Goa,Groceries,Rice,23.0,1819230.77,436040.46,57534.0
ORD024111,2025-02-07,Noida,Sports,Badminton Racket,6.0,882273.9,170667.68,57540.0
ORD024114,2025-03-19,Nashik,Books,Dictionary,24.0,3517809.84,815149.65,57564.0
ORD024118,2025-03-21,Thiruvananthapuram,Books,Engineering Book,3.0,238517.79,38277.14,57567.0
ORD024120,2025-01-20,Bhopal,Furniture,Wardrobe,15.0,239329.65,81323.43,57582.0
ORD024121,2025-02-18,Coimbatore,Appliances,Refrigerator,24.0,2968871.52,353351.65,57606.0
ORD024122,2025-03-12,Mumbai,Clothing,Kurta,7.0,150580.78,48423.3,57613.0
ORD024141,2025-02-21,Nagpur,Sports,Badminton Racket,11.0,232477.41,50854.26,57624.0
ORD024148,2025-01-09,Hubballi,Books,Exam Guide,12.0,154925.76,23558.05,57636.0
ORD024149,2025-02-17,Jaipur,Groceries,Milk,5.0,51132.0,7491.04,57641.0
ORD024150,2025-03-11,Visakhapatnam,Appliances,Air Conditioner,5.0,384270.6,39654.65,57646.0
ORD024151,2025-01-16,Delhi,Furniture,Dining Table,12.0,1713322.8,462660.63,57658.0
ORD024154,2025-02-26,Surat,Electronics,Smart TV,24.0,941144.64,103996.04,57682.0
ORD024156,2025-02-06,Chandigarh,Books,Notebook,18.0,2588557.5,575134.57,57700.0
ORD024161,2025-03-13,Nashik,Electronics,Smart TV,11.0,1176691.01,109811.84,57711.0
ORD024173,2025-01-06,Hubballi,Furniture,Bed,19.0,551173.09,127678.41,57730.0
ORD024174,2025-02-21,Kochi,Beauty,Moisturizer,18.0,252760.86,65150.5,57748.0
ORD024179,2025-01-22,Kochi,Books,Notebook,14.0,1210403.04,156915.52,57762.0
ORD024183,2025-02-17,Madurai,Sports,Football,14.0,1370999.84,273021.43,57776.0
ORD024189,2025-01-17,Visakhapatnam,Clothing,Jacket,4.0,186640.16,56363.39,57780.0
ORD024190,2025-03-13,Lucknow,Sports,Yoga Mat,22.0,1152475.28,208353.89,57802.0
ORD024198,2025-01-19,Nagpur,Books,Exam Guide,11.0,1604076.76,145633.6,57813.0
ORD024208,2025-03-14,Delhi,Furniture,Bed,23.0,1952681.14,190569.83,57836.0
ORD024212,2025-02-14,Agra,Books,Exam Guide,17.0,1982571.45,304997.75,57853.0
ORD024222,2025-02-10,Noida,Books,Novel,7.0,331351.23,84518.43,57860.0
ORD024225,2025-02-07,Vijayawada,Beauty,Lipstick,5.0,708662.6,160259.65,57865.0
ORD024226,2025-01-16,Noida,Furniture,Bookshelf,24.0,3337068.24,708970.85,57889.0
ORD024231,2025-01-23,Gurugram,Furniture,Chair,20.0,995592.4,162904.46,57909.0
ORD024234,2025-01-04,Varanasi,Sports,Football,22.0,1864597.68,235054.1,57931.0
ORD024252,2025-01-11,Pune,Books,Dictionary,16.0,1994290.88,351789.28,57947.0
ORD024262,2025-01-07,Indore,Books,Dictionary,9.0,1196937.09,188425.55,57956.0
ORD024263,2025-01-08,Bhopal,Groceries,Tea Powder,11.0,221221.0,29954.87,57967.0
ORD024266,2025-01-11,Mangalore,Beauty,Moisturizer,14.0,1277790.08,347220.33,57981.0
ORD024268,2025-01-18,Delhi,Electronics,Smart Watch,24.0,2717929.2,289884.93,58005.0
ORD024272,2025-02-17,Mumbai,Furniture,Bed,,35130.04,6648.19,58016.0
ORD024279,2025-02-15,Hubballi,Beauty,Perfume,25.0,2555630.75,848663.12,58041.0
ORD024293,2025-01-05,Jaipur,Appliances,Refrigerator,21.0,851429.88,282426.73,58062.0
ORD024294,2025-02-18,,Appliances,Refrigerator,6.0,896798.1,241147.35,58068.0
ORD024303,2025-03-20,Patna,Beauty,Perfume,17.0,634005.31,129515.73,58085.0
ORD024316,2025-03-31,Goa,Sports,Cricket Bat,9.0,1173107.52,137972.63,58094.0
ORD024317,2025-03-25,Patna,Groceries,Wheat Flour,22.0,780593.22,171896.1,58116.0
ORD024319,2025-03-18,Indore,Groceries,Sugar,18.0,1210764.06,208736.81,58134.0
ORD024334,2025-01-31,Ludhiana,Beauty,Moisturizer,6.0,26252.46,7045.6,58140.0
ORD024335,2025-03-08,Hubballi,Groceries,Rice,9.0,1156001.67,140752.1,58149.0
ORD024337,2025-01-16,Bhopal,Groceries,Cooking Oil,23.0,2059958.43,564049.91,58172.0
ORD024340,2025-02-13,Nashik,Electronics,Tablet,1.0,89767.52,20719.08,58173.0
ORD024341,2025-02-23,Goa,Furniture,Dining Table,7.0,63276.08,8078.05,58180.0
ORD024346,2025-02-11,Agra,Appliances,Microwave,25.0,3335833.25,810037.19,58205.0
ORD024352,2025-01-31,Mysuru,Appliances,Mixer Grinder,13.0,851204.51,206866.14,58218.0
ORD024355,2025-03-31,Hyderabad,Beauty,Face Wash,9.0,711566.82,68362.45,58227.0
ORD024359,2025-03-18,Indore,Books,Novel,8.0,838662.16,283072.97,58235.0
ORD024360,2025-01-12,Chandigarh,Electronics,Smart Watch,1.0,15231.29,1973.7,58236.0
ORD024363,2025-01-30,Ahmedabad,Sports,Badminton Racket,6.0,583588.62,186260.2,58242.0
ORD024369,2025-03-22,Chandigarh,Sports,Football,14.0,1911074.76,572652.08,58256.0
ORD024372,2025-02-21,Nashik,Sports,Cricket Bat,1.0,134030.91,29661.68,58257.0
ORD024379,2025-01-12,Kolkata,Sports,Yoga Mat,24.0,910576.8,99710.44,58281.0
ORD024385,2025-02-12,Indore,Clothing,T-Shirt,14.0,576641.1,157285.35,58295.0
ORD024388,2025-02-25,Mysuru,Furniture,Sofa,2.0,39141.7,8377.42,58297.0
ORD024389,2025-02-10,Vadodara,Appliances,Air Conditioner,12.0,116503.68,22606.46,58309.0
ORD024391,2025-02-26,Gurugram,Furniture,Sofa,3.0,89495.04,7772.63,58312.0
ORD024393,2025-03-06,Gurugram,Electronics,Laptop,7.0,306345.55,44903.67,58319.0
ORD024411,2025-01-13,Vadodara,Electronics,Tablet,4.0,282575.32,58119.1,58323.0
ORD024412,2025-02-04,Nashik,Electronics,Camera,16.0,462445.6,112657.24,58339.0
ORD024426,2025-01-30,Visakhapatnam,Furniture,Chair,16.0,556669.44,82991.5,58355.0
ORD024428,2025-01-05,Nashik,Beauty,Shampoo,24.0,1401292.8,297500.73,58379.0
ORD024436,2025-02-02,Hyderabad,Groceries,Rice,17.0,1134591.73,94649.23,58396.0
ORD024443,2025-01-31,Vadodara,Furniture,Chair,25.0,2335453.75,696886.73,58421.0
ORD024444,2025-02-11,Nagpur,Books,Notebook,9.0,1318523.94,267772.41,58430.0
ORD024466,2025-03-10,Agra,Appliances,Washing Machine,20.0,464581.8,110325.16,58450.0
ORD024468,2025-01-07,Mysuru,Electronics,Camera,20.0,2888302.8,722194.67,58470.0
ORD024470,2025-03-16,Jaipur,Appliances,Air Conditioner,21.0,1286546.73,363137.81,58491.0
ORD024471,2025-02-25,Hubballi,Clothing,Jacket,22.0,118789.22,14012.73,58513.0
ORD024472,2025-03-02,Kolkata,Electronics,Smart TV,1.0,98308.33,30575.22,58514.0
ORD024473,2025-01-15,Bengaluru,Clothing,Jacket,17.0,804596.06,254881.97,58531.0
ORD024481,2025-01-07,Mangalore,Beauty,Lipstick,4.0,357157.68,63831.09,58535.0
ORD024485,2025-02-05,Hubballi,Sports,Football,1.0,109323.54,37831.15,58536.0
ORD024492,2025-03-14,Goa,Beauty,Face Wash,21.0,2104097.73,369069.64,58557.0
ORD024495,2025-01-10,Gurugram,Clothing,Shoes,21.0,2074944.9,321267.42,58578.0
ORD024505,2025-03-08,Guwahati,Electronics,Laptop,8.0,56420.16,18447.63,58586.0
ORD024513,2025-03-16,Visakhapatnam,Beauty,Moisturizer,14.0,942235.28,203364.86,58600.0
ORD024521,2025-01-14,Kolkata,Electronics,Tablet,14.0,1058180.48,360141.9,58614.0
ORD024525,2025-02-25,Madurai,Books,Engineering Book,1.0,148528.67,49412.74,58615.0
ORD024529,2025-03-23,Agra,Electronics,Smart TV,25.0,3204188.0,1031541.21,58640.0
ORD024532,2025-02-22,Pune,Sports,Gym Gloves,5.0,720087.95,70875.13,58645.0
ORD024534,2025-02-18,Pune,Books,Dictionary,22.0,3290666.28,521474.0,58667.0
ORD024535,2025-03-28,Vijayawada,Beauty,Lipstick,13.0,608088.78,175538.81,58680.0
ORD024542,2025-01-09,Goa,Clothing,Saree,22.0,518720.18,108697.55,58702.0
ORD024549,2025-01-02,Kolkata,Clothing,Kurta,14.0,953358.98,234557.78,58716.0
ORD024560,2025-01-26,Surat,Appliances,Mixer Grinder,11.0,985833.97,149987.24,58727.0
ORD024562,2025-01-21,Vadodara,Beauty,Lipstick,1.0,39286.69,11687.75,58728.0
ORD024571,2025-02-20,Chandigarh,Groceries,Wheat Flour,1.0,96852.25,25308.14,58729.0
ORD024574,2025-03-01,Ahmedabad,Sports,Gym Gloves,15.0,1990117.35,595025.61,58744.0
ORD024586,2025-01-12,Thiruvananthapuram,Clothing,T-Shirt,1.0,39213.73,6712.89,58745.0
ORD024587,2025-03-12,Delhi,Appliances,Refrigerator,22.0,3231677.9,529784.79,58767.0
ORD024590,2025-01-29,Bhopal,Furniture,Dining Table,21.0,2678857.02,494212.0,58788.0
ORD024595,2025-03-08,Hyderabad,Appliances,Mixer Grinder,21.0,1055886.09,342737.9,58809.0
ORD024606,2025-03-22,Jaipur,Sports,Gym Gloves,23.0,2407795.02,794679.36,58832.0
ORD024608,2025-03-16,Pune,Appliances,Air Conditioner,2.0,239805.74,82643.24,58834.0
ORD024614,2025-01-21,Vijayawada,Books,Notebook,21.0,2397499.44,636855.68,58855.0
ORD024618,2025-01-21,Mangalore,Groceries,Milk,22.0,2363737.64,298352.81,58877.0
ORD024619,2025-02-21,Hyderabad,Groceries,Tea Powder,21.0,2507763.51,578159.51,58898.0
ORD024625,2025-01-24,Nashik,Appliances,Mixer Grinder,1.0,88606.87,27841.13,58899.0
ORD024628,2025-02-23,Tirupati,Furniture,Bookshelf,6.0,503535.6,148098.8,58905.0
ORD024631,2025-01-13,Lucknow,Electronics,Smartphone,8.0,183324.72,33059.87,58913.0
ORD024641,2025-01-06,Bhopal,Electronics,Laptop,3.0,38434.14,11486.95,58916.0
ORD024654,2025-02-13,Chandigarh,Beauty,Moisturizer,23.0,1840845.48,438500.24,58939.0
ORD024657,2025-01-21,Bhopal,Furniture,Wardrobe,16.0,2037260.64,538881.61,58955.0
ORD024658,2025-01-18,Vijayawada,Beauty,Shampoo,25.0,287222.5,49774.91,58980.0
ORD024680,2025-03-30,Indore,Furniture,Dining Table,20.0,869316.0,291409.94,59000.0
ORD024683,2025-02-01,Pune,Electronics,Smart Watch,15.0,394757.25,115446.47,59015.0
ORD024690,2025-03-27,Kanpur,Sports,Badminton Racket,16.0,1652224.32,253271.3,59031.0
ORD024698,2025-01-21,Kanpur,Furniture,Bookshelf,17.0,32498.73,7260.34,59048.0
ORD024701,2025-01-22,Bhopal,Groceries,Milk,20.0,1570442.8,420052.33,59068.0
ORD024715,2025-02-24,Hyderabad,Electronics,Headphones,25.0,800701.5,72031.88,59093.0
ORD024717,2025-01-29,Mangalore,Appliances,Washing Machine,24.0,1849019.76,218380.66,59117.0
ORD024724,2025-02-10,Patna,Sports,Gym Gloves,24.0,1597420.8,277160.33,59141.0
ORD024732,2025-02-01,Kanpur,Furniture,Sofa,4.0,125788.96,30755.87,59145.0
ORD024735,2025-01-12,Madurai,Beauty,Shampoo,11.0,745899.99,182796.39,59156.0
ORD024736,2025-02-25,Hyderabad,Appliances,Mixer Grinder,18.0,1719181.8,287346.29,59174.0
ORD024738,2025-02-11,Pune,Furniture,Sofa,17.0,2544526.51,393951.78,59191.0
ORD024739,2025-02-01,Nashik,Electronics,Smart TV,22.0,1081551.9,314928.08,59213.0
ORD024743,2025-01-23,Vijayawada,Sports,Gym Gloves,14.0,412012.58,100074.66,59227.0
ORD024744,2025-02-06,Lucknow,Clothing,Shoes,9.0,483723.72,141027.42,59236.0
ORD024745,2025-02-03,Jaipur,Furniture,Sofa,12.0,1010616.12,278869.26,59248.0
ORD024760,2025-01-07,Lucknow,Sports,Yoga Mat,5.0,125274.7,28150.54,59253.0
ORD024762,2025-03-29,Hyderabad,Electronics,Camera,19.0,172528.17,50505.74,59272.0
ORD024764,2025-03-06,Gurugram,Groceries,Rice,3.0,218720.46,42088.58,59275.0
ORD024765,2025-03-14,Noida,Appliances,Air Conditioner,13.0,389399.14,107798.75,59288.0
ORD024772,2025-02-10,Pune,Furniture,Bed,8.0,978256.88,105991.76,59296.0
ORD024773,2025-01-21,Mysuru,Books,Notebook,17.0,1163602.23,156008.32,59313.0
ORD024774,2025-03-06,Mangalore,Beauty,Face Wash,17.0,478810.78,77117.46,59330.0
ORD024775,2025-02-24,Ludhiana,Sports,Gym Gloves,10.0,315880.7,77392.9,59340.0
ORD024778,2025-01-28,Jaipur,,Face Wash,17.0,2045371.49,480021.02,59357.0
ORD024786,2025-03-17,Mumbai,Electronics,Smart TV,9.0,1328413.41,180947.72,59366.0
ORD024792,2025-01-24,Madurai,Books,Exam Guide,23.0,1034762.18,211235.73,59389.0
ORD024793,2025-02-18,Vadodara,Appliances,Microwave,16.0,1743178.08,529734.56,59405.0
ORD024799,2025-03-06,Bhopal,Furniture,Bed,21.0,116944.8,28347.26,59426.0
ORD024825,2025-01-02,Guwahati,Electronics,Headphones,8.0,367342.32,117887.88,59434.0
ORD024831,2025-03-03,Varanasi,Furniture,Chair,20.0,1609191.4,129548.18,59454.0
ORD024832,2025-03-16,Madurai,Beauty,Moisturizer,17.0,872609.83,141518.24,59471.0
ORD024833,2025-03-17,Hubballi,Books,Notebook,2.0,176662.42,22244.34,59473.0
ORD024834,2025-03-06,Nagpur,Groceries,Cooking Oil,16.0,2087229.28,522943.1,59489.0
ORD024835,2025-03-24,Guwahati,Furniture,Dining Table,21.0,371354.34,65077.61,59510.0
ORD024838,2025-02-15,Guwahati,Books,Notebook,19.0,590061.15,98718.11,59529.0
ORD024839,2025-01-06,Kochi,Sports,Gym Gloves,4.0,26419.84,4815.03,59533.0
ORD024843,2025-03-29,Surat,Sports,Cricket Bat,8.0,754582.16,122500.28,59541.0
ORD024845,2025-02-04,Coimbatore,Clothing,T-Shirt,18.0,2447679.42,327533.44,59559.0
ORD024850,2025-03-18,Kochi,Beauty,Shampoo,14.0,258830.32,47455.28,59573.0
ORD024852,2025-01-16,Ludhiana,Clothing,Saree,4.0,194595.32,16256.72,59577.0
ORD024859,2025-03-09,Mysuru,Furniture,Bookshelf,20.0,764647.4,235050.78,59597.0
ORD024869,2025-02-11,Indore,Sports,Yoga Mat,17.0,1147598.26,202100.14,59614.0
ORD024874,2025-03-06,Goa,Groceries,Milk,7.0,367514.56,118950.58,59621.0
ORD024878,2025-03-13,Ludhiana,Groceries,Tea Powder,11.0,438723.67,132574.29,59632.0
ORD024884,2025-03-21,Vijayawada,Sports,Football,14.0,1548779.82,526617.64,59646.0
ORD024891,2025-02-11,Nashik,Electronics,Headphones,23.0,2786746.7,317943.45,59669.0
ORD024893,2025-02-19,Mangalore,Sports,Yoga Mat,23.0,3409733.67,590179.41,59692.0
ORD024899,2025-02-08,Indore,Electronics,Camera,13.0,1713186.28,345586.3,59705.0
ORD024902,2025-03-05,Jaipur,Groceries,Wheat Flour,8.0,1084221.52,160748.01,59713.0
ORD024911,2025-03-25,Bengaluru,Sports,Badminton Racket,23.0,1016932.81,241065.38,59736.0
ORD024914,2025-03-26,Goa,Electronics,Smartphone,5.0,302156.15,84695.72,59741.0
ORD024921,2025-02-26,Mysuru,Furniture,Wardrobe,23.0,2023577.49,315662.41,59764.0
ORD024924,2025-03-30,Surat,Beauty,Face Wash,18.0,640844.64,192983.23,59782.0
ORD024925,2025-01-21,Mumbai,Electronics,Smartphone,10.0,719144.1,196079.79,59792.0
ORD024926,2025-02-01,Mumbai,Books,Novel,13.0,960704.55,320166.06,59805.0
ORD024934,2025-03-03,Tirupati,Sports,Football,16.0,424384.8,129714.93,59821.0
ORD024937,2025-01-21,Mangalore,Appliances,Microwave,14.0,2082004.54,599742.73,59835.0
ORD024950,2025-01-12,Ludhiana,Electronics,Headphones,25.0,2464998.25,254819.39,59860.0
ORD024951,2025-02-20,Bengaluru,Beauty,Lipstick,3.0,142993.08,43150.48,59863.0
ORD024956,2025-02-06,Kanpur,Groceries,Rice,0.0,2846632.03,927396.8,59886.0
ORD024958,2025-03-02,Surat,Furniture,Bookshelf,24.0,96758.88,20991.76,59910.0
ORD024960,2025-03-10,Kanpur,Books,Notebook,25.0,339833.25,101301.16,59935.0
ORD024965,2025-02-11,Goa,Appliances,Refrigerator,11.0,671035.75,143925.39,59946.0
ORD024968,2025-02-21,Pune,Groceries,Milk,13.0,571396.41,148948.23,59959.0
ORD024976,2025-03-19,Vadodara,Appliances,Washing Machine,11.0,1435081.67,196867.32,59970.0
ORD024980,2025-03-16,Hyderabad,Clothing,Jeans,24.0,266449.92,60003.63,59994.0
ORD024984,2025-03-30,Lucknow,Clothing,T-Shirt,18.0,2112787.08,459325.74,60012.0
ORD024986,2025-03-24,Ahmedabad,Books,Engineering Book,14.0,1016431.5,303525.78,60026.0
ORD024995,2025-03-06,Vadodara,Furniture,Sofa,1.0,117055.65,25159.39,60027.0
ORD024996,2025-01-30,Bengaluru,Books,Novel,17.0,1776064.29,232030.13,60044.0
ORD025000,2025-02-08,Chandigarh,Groceries,Rice,25.0,356622.5,48977.67,60069.0
ORD005914,2025-01-02,Mumbai,Beauty,Moisturizer,4.0,64845.68,8071.1,13602.0
ORD015200,2025-03-29,Nashik,Books,Exam Guide,6.0,496586.16,160062.81,35350.0
ORD007570,2025-02-02,Noida,Groceries,Wheat Flour,9.0,476157.15,150819.19,17257.0
ORD024363,2025-01-30,Ahmedabad,Sports,Badminton Racket,6.0,583588.62,186260.2,58242.0
ORD020883,2025-01-18,Visakhapatnam,Electronics,Camera,6.0,853798.38,128433.71,49496.0
ORD004293,2025-02-19,Chandigarh,Sports,Yoga Mat,10.0,490812.0,82031.03,10070.0
ORD000176,2025-01-26,Bhopal,Books,Novel,21.0,2015159.79,689578.0,327.0
ORD000185,2025-03-17,Noida,Furniture,Bed,3.0,404700.27,67572.88,337.0
ORD000582,2025-01-25,Agra,Electronics,Smart TV,25.0,2006413.5,186834.17,1240.0
ORD006162,2025-01-03,Nashik,Books,Notebook,20.0,1136325.0,206583.91,14150.0
ORD000230,2025-03-20,Coimbatore,Electronics,Camera,25.0,2318573.0,559370.9,446.0
ORD020190,2025-02-07,Agra,Books,Exam Guide,8.0,569796.48,82098.03,47854.0
ORD004855,2025-02-01,Delhi,Sports,Yoga Mat,6.0,852283.2,110469.22,11346.0
ORD014644,2025-01-26,Ludhiana,Books,Exam Guide,17.0,1501039.14,376390.37,34140.0
ORD009000,2025-02-21,Mysuru,Appliances,Washing Machine,20.0,2865002.0,657846.95,20391.0
ORD011946,2025-02-15,Jaipur,Groceries,Wheat Flour,16.0,940248.64,312575.05,27050.0
ORD016825,2025-01-05,Kanpur,Clothing,Saree,23.0,2646337.91,298352.55,39366.0
ORD003035,2025-03-20,Bengaluru,Electronics,Camera,25.0,2360801.0,416491.75,7088.0
ORD020148,2025-02-01,Thiruvananthapuram,Appliances,Mixer Grinder,6.0,442072.56,111061.02,47755.0
ORD002139,2025-02-07,Gurugram,Groceries,Rice,6.0,803185.08,218748.14,4959.0
