City,Product,Quantity_Sold,Unit_Price,Total_Sales,Sale_Date
Surat,Smartphone,13.0,97696,1270048,2025-05-08
Chennai,Headphones,378.0,13934,5267052,2025-11-24
Mysuru,Tablet,45.0,77897,3505365,2025-07-02
Bengaluru,Smartphone,112.0,30995,3471440,2025-09-20
Bengaluru,Tablet,102.0,94350,9623700,2025-11-23
Jaipur,Keyboard,113.0,59378,6709714,2025-10-09
Patna,Printer,4.0,99958,399832,2025-03-23
Pune,Backpack,143.0,20879,2985697,2025-04-25
Kolkata,Smartphone,48.0,50297,2414256,2025-02-12
Kochi,Backpack,310.0,35171,10903010,2025-01-24
Ahmedabad,Tablet,64.0,50115,3207360,2025-02-18
Hyderabad,Printer,322.0,81570,26265540,2025-06-19
Chennai,T-Shirt,36.0,6506,234216,2025-11-08
Patna,Watch,41.0,31012,1271492,2025-02-13
Hyderabad,Mouse,326.0,48319,15751994,2025-03-12
Kolkata,Shoes,344.0,35493,12209592,2025-12-22
Surat,Smartphone,312.0,83727,26122824,2025-03-18
Bhopal,Shoes,84.0,61089,5131476,2025-07-09
Mysuru,Speaker,353.0,73500,25945500,2025-04-22
Kolkata,Printer,394.0,7831,3085414,2025-04-27
Bengaluru,Jeans,162.0,53081,8599122,2025-05-03
Chennai,Monitor,483.0,74841,36148203,2025-12-11
Chennai,Speaker,256.0,52356,13403136,2025-11-15
Delhi,Watch,72.0,32825,2363400,2025-12-18
Jaipur,Watch,383.0,77122,29537726,2025-07-19
Pune,Backpack,113.0,18631,2105303,2025-09-16
Mumbai,Jeans,25.0,14871,371775,2025-03-21
Delhi,Jeans,349.0,55833,19485717,2025-10-03
Pune,Keyboard,306.0,61848,18925488,2025-09-09
Jaipur,Printer,483.0,2004,967932,2025-11-24
Mumbai,Speaker,454.0,70881,32179974,2025-05-25
Surat,Backpack,58.0,38969,2260202,2025-07-06
Ahmedabad,Laptop,489.0,95146,46526394,2025-12-09
Jaipur,Jeans,92.0,67042,6167864,2025-02-28
Surat,Watch,431.0,84248,36310888,2025-09-20
Chennai,Headphones,192.0,21674,4161408,2025-09-25
Mysuru,Tablet,471.0,574,270354,2025-10-11
Ahmedabad,Laptop,58.0,48076,2788408,2025-05-08
Bengaluru,Shoes,450.0,74864,33688800,2025-02-03
Bhopal,Mouse,418.0,9571,4000678,2025-09-25
Delhi,Headphones,338.0,62796,21225048,2025-09-06
Hyderabad,Tablet,447.0,80007,35763129,2025-07-07
Mysuru,Tablet,387.0,96173,37218951,2025-12-07
Bhopal,Watch,205.0,88539,18150495,2025-11-12
Ahmedabad,Monitor,265.0,59677,15814405,2025-02-08
Chennai,Smartphone,174.0,3257,566718,2025-10-18
Chennai,Camera,113.0,1442,162946,2025-02-23
Surat,Laptop,118.0,9334,1101412,2025-01-28
Kolkata,Smartphone,264.0,31695,8367480,2025-05-22
Ahmedabad,Shoes,277.0,17842,4942234,2025-12-19
Lucknow,Mouse,125.0,62493,7811625,2025-07-07
Mumbai,Smartphone,338.0,56998,19265324,2025-06-14
Pune,Mouse,443.0,96061,42555023,2025-01-22
Surat,Speaker,51.0,8444,430644,2025-07-24
Kolkata,Jeans,442.0,14822,6551324,2025-04-07
Chennai,Tablet,230.0,18873,4340790,2025-07-06
Hyderabad,Mouse,128.0,10380,1328640,2025-08-26
Kochi,Printer,282.0,13333,3759906,2025-01-21
Jaipur,Printer,8.0,12724,101792,2025-04-06
Pune,Mouse,247.0,28516,7043452,2025-07-02
Delhi,Keyboard,2.0,51673,103346,2025-05-26
Patna,Mouse,147.0,55944,8223768,2025-12-24
Patna,Tablet,339.0,94663,32090757,2025-08-05
Chennai,Watch,112.0,8165,914480,2025-10-24
Jaipur,Laptop,383.0,41604,15934332,2025-01-02
Lucknow,Mouse,258.0,70115,18089670,2025-03-02
Jaipur,Smartphone,436.0,24856,10837216,2025-02-20
Mumbai,Speaker,442.0,31328,13846976,2025-07-04
Mysuru,Camera,127.0,76380,9700260,2025-10-02
Lucknow,Smartphone,215.0,86663,18632545,2025-10-19
Jaipur,Backpack,479.0,34679,16611241,2025-04-22
Bhopal,Backpack,123.0,35314,4343622,2025-07-05
Surat,Speaker,154.0,60429,9306066,2025-06-25
Mysuru,Smartphone,5.0,60568,302840,2025-10-19
Mumbai,Smartphone,276.0,28438,7848888,2025-09-09
Delhi,Monitor,179.0,9516,1703364,2025-04-12
Hyderabad,Headphones,225.0,71700,16132500,2025-12-10
Lucknow,Jeans,335.0,69829,23392715,2025-01-22
Kochi,Tablet,154.0,87451,13467454,2025-02-05
Hyderabad,Smartphone,456.0,14529,6625224,2025-12-18
Delhi,Watch,145.0,79776,11567520,2025-04-23
Kolkata,Shoes,352.0,83630,29437760,2025-05-17
Ahmedabad,Watch,464.0,7158,3321312,2025-02-21
Pune,Printer,142.0,6278,891476,2025-01-11
Patna,Headphones,327.0,34835,11391045,2025-03-24
Ahmedabad,Tablet,362.0,56557,20473634,2025-09-01
Mumbai,Smartphone,484.0,91073,44079332,2025-03-18
Bengaluru,Printer,190.0,76850,14601500,2025-09-05
Pune,Headphones,22.0,40904,899888,2025-06-26
Kochi,Laptop,461.0,47398,21850478,2025-04-22
Chennai,Speaker,53.0,46857,2483421,2025-09-28
Pune,Camera,384.0,20757,7970688,2025-04-28
Delhi,Jeans,416.0,23706,9861696,2025-07-01
Delhi,T-Shirt,474.0,44040,20874960,2025-07-26
Surat,Printer,377.0,33027,12451179,2025-05-06
Patna,T-Shirt,56.0,50640,2835840,2025-01-28
Ahmedabad,Shoes,103.0,60832,6265696,2025-06-10
Kochi,Jeans,447.0,30331,13557957,2025-04-01
Surat,Shoes,205.0,43525,8922625,2025-05-28
Mumbai,Jeans,143.0,46525,6653075,2025-11-17
Pune,Speaker,432.0,70782,30577824,2025-06-01
Mumbai,Monitor,497.0,34737,17264289,2025-03-19
Hyderabad,Laptop,56.0,78693,4406808,2025-07-12
Bhopal,Jeans,161.0,57699,9289539,2025-10-17
Mumbai,Keyboard,461.0,76074,35070114,2025-04-09
Bengaluru,T-Shirt,224.0,721,161504,2025-09-26
Jaipur,Speaker,369.0,97748,36069012,2025-12-22
Chennai,Backpack,221.0,9671,2137291,2025-11-11
Lucknow,Backpack,340.0,16834,5723560,2025-12-10
Jaipur,Watch,342.0,54028,18477576,2025-06-13
Bhopal,Watch,284.0,17183,4879972,2025-04-14
Surat,Keyboard,347.0,98559,34199973,2025-03-20
Lucknow,Watch,208.0,72319,15042352,2025-01-10
Hyderabad,Shoes,221.0,76519,16910699,2025-10-21
Kolkata,Mouse,227.0,58454,13269058,2025-11-07
Jaipur,Mouse,407.0,96963,39463941,2025-03-22
Mumbai,Watch,264.0,87512,23103168,2025-11-20
Kolkata,Smartphone,420.0,98953,41560260,2025-04-22
Hyderabad,Shoes,413.0,26600,10985800,2025-03-01
Bengaluru,Shoes,244.0,80620,19671280,2025-02-15
Pune,Monitor,323.0,75954,24533142,2025-04-23
Bhopal,Keyboard,254.0,52883,13432282,2025-04-05
Surat,T-Shirt,3.0,98930,296790,2025-02-25
Pune,Shoes,91.0,91714,8345974,2025-09-15
Bengaluru,Tablet,128.0,16406,2099968,2025-08-05
Patna,Mouse,342.0,70116,23979672,2025-09-20
Kolkata,Jeans,457.0,58508,26738156,2025-10-27
Bhopal,Monitor,259.0,56433,14616147,2025-09-15
Mysuru,Headphones,381.0,62716,23894796,2025-08-09
Patna,Shoes,431.0,84079,36238049,2025-05-25
Patna,Tablet,249.0,82649,20579601,2025-04-09
Ahmedabad,Smartphone,366.0,37950,13889700,2025-04-09
Kolkata,Backpack,458.0,71298,32654484,2025-02-05
Delhi,Shoes,197.0,91457,18017029,2025-03-23
Chennai,Smartphone,213.0,53924,11485812,2025-06-18
Ahmedabad,Keyboard,32.0,27610,883520,2025-07-13
Mysuru,Jeans,300.0,91663,27498900,2025-01-28
Mysuru,Jeans,295.0,50357,14855315,2025-08-01
Kolkata,Watch,386.0,51616,19923776,2025-07-18
Bhopal,T-Shirt,280.0,79569,22279320,2025-04-16
Chennai,Watch,224.0,64154,14370496,2025-01-13
Kolkata,Speaker,348.0,53494,18615912,2025-12-06
Kochi,Mouse,471.0,17228,8114388,2025-10-18
Bengaluru,Monitor,202.0,78080,15772160,2025-10-22
Bengaluru,Smartphone,330.0,56679,18704070,2025-03-28
Ahmedabad,Headphones,26.0,34599,899574,2025-07-11
Chennai,Mouse,168.0,44736,7515648,2025-07-09
Patna,Printer,216.0,33565,7250040,2025-02-16
Bengaluru,T-Shirt,277.0,7326,2029302,2025-06-08
Surat,Smartphone,400.0,85926,34370400,2025-01-25
Bengaluru,Shoes,103.0,3171,326613,2025-10-05
Chennai,Headphones,243.0,88247,21444021,2025-02-19
Chennai,Mouse,359.0,34086,12236874,2025-06-06
Lucknow,Camera,494.0,98532,48674808,2025-12-04
Patna,Printer,84.0,41268,3466512,2025-02-19
Bengaluru,Monitor,160.0,75970,12155200,2025-11-13
Pune,T-Shirt,102.0,10461,1067022,2025-10-23
Kochi,Speaker,125.0,13856,1732000,2025-12-25
Hyderabad,Printer,351.0,79197,27798147,2025-02-26
Lucknow,Jeans,22.0,46008,1012176,2025-09-14
Surat,Backpack,36.0,66817,2405412,2025-11-11
Bengaluru,Printer,216.0,64751,13986216,2025-02-14
Kolkata,Speaker,457.0,60758,27766406,2025-12-05
Pune,Headphones,376.0,68886,25901136,2025-11-09
Lucknow,Jeans,471.0,71039,33459369,2025-08-15
Pune,Printer,375.0,78156,29308500,2025-05-11
Kochi,Shoes,426.0,11859,5051934,2025-05-15
Chennai,Jeans,238.0,75191,17895458,2025-10-22
Pune,Backpack,15.0,65289,979335,2025-06-06
Ahmedabad,Shoes,182.0,34362,6253884,2025-06-09
Mysuru,Camera,360.0,36711,13215960,2025-09-01
Jaipur,Shoes,44.0,32135,1413940,2025-12-14
Ahmedabad,Tablet,389.0,31999,12447611,2025-12-16
Surat,T-Shirt,252.0,59243,14929236,2025-01-03
Hyderabad,Shoes,208.0,91173,18963984,2025-04-10
Surat,Camera,189.0,62531,11818359,2025-09-17
Kolkata,Keyboard,382.0,72640,27748480,2025-06-12
Bhopal,Mouse,139.0,40689,5655771,2025-05-08
Mumbai,T-Shirt,99.0,41859,4144041,2025-02-24
Jaipur,Jeans,354.0,24767,8767518,2025-04-07
Bhopal,Mouse,142.0,95472,13557024,2025-10-25
Jaipur,Camera,145.0,13676,1983020,2025-04-10
Chennai,Backpack,92.0,40118,3690856,2025-01-23
Jaipur,Headphones,141.0,6465,911565,2025-01-18
Hyderabad,T-Shirt,484.0,17051,8252684,2025-11-28
Patna,Mouse,53.0,2107,111671,2025-10-10
Ahmedabad,Mouse,226.0,45157,10205482,2025-03-02
Hyderabad,Printer,245.0,15453,3785985,2025-02-13
Ahmedabad,Smartphone,296.0,83002,24568592,2025-11-02
Delhi,Headphones,416.0,74272,30897152,2025-05-03
Chennai,Smartphone,286.0,55048,15743728,2025-10-20
Patna,Camera,116.0,68994,8003304,2025-07-15
Mysuru,Mouse,153.0,77639,11878767,2025-07-10
Lucknow,Camera,31.0,80405,2492555,2025-12-04
Patna,Shoes,321.0,28159,9039039,2025-05-22
Mumbai,Headphones,123.0,23282,2863686,2025-09-03
Delhi,Laptop,210.0,59548,12505080,2025-12-20
Ahmedabad,Watch,17.0,30840,524280,2025-05-23
Hyderabad,T-Shirt,441.0,60010,26464410,2025-02-22
Chennai,Monitor,136.0,82427,11210072,2025-10-22
Patna,Monitor,102.0,56223,5734746,2025-02-18
Chennai,Speaker,77.0,35316,2719332,2025-03-03
Bengaluru,Headphones,406.0,40819,16572514,2025-10-24
Kochi,Camera,472.0,38328,18090816,2025-08-04
Ahmedabad,T-Shirt,156.0,92215,14385540,2025-07-09
Jaipur,Tablet,253.0,57877,14642881,2025-02-20
Bengaluru,Monitor,222.0,96776,21484272,2025-06-20
Hyderabad,Laptop,47.0,30505,1433735,2025-11-27
Kochi,Camera,301.0,3219,968919,2025-11-27
Hyderabad,Camera,21.0,99625,2092125,2025-03-16
Jaipur,Speaker,227.0,36958,8389466,2025-03-19
Pune,Speaker,417.0,64951,27084567,2025-02-16
Kolkata,Keyboard,171.0,42581,7281351,2025-11-04
Kochi,Headphones,169.0,54455,9202895,2025-12-16
Hyderabad,Speaker,484.0,52988,25646192,2025-09-02
Ahmedabad,Smartphone,162.0,33582,5440284,2025-06-04
Patna,Keyboard,443.0,67949,30101407,2025-01-22
Kochi,Tablet,237.0,54665,12955605,2025-01-07
Jaipur,Backpack,319.0,99648,31787712,2025-08-21
Ahmedabad,Jeans,27.0,27180,733860,2025-05-18
Delhi,Monitor,148.0,57924,8572752,2025-12-16
Mumbai,Laptop,499.0,83078,41455922,2025-10-26
Chennai,T-Shirt,82.0,41230,3380860,2025-09-01
Jaipur,Keyboard,48.0,29951,1437648,2025-02-15
Mumbai,Speaker,427.0,20681,8830787,2025-08-23
Hyderabad,Tablet,362.0,36338,13154356,2025-07-27
Ahmedabad,Mouse,125.0,60371,7546375,2025-09-05
Pune,Shoes,472.0,79061,37316792,2025-09-24
Mysuru,Headphones,443.0,9650,4274950,2025-05-25
Patna,Printer,213.0,45048,9595224,2025-09-09
Kochi,Laptop,145.0,95664,13871280,2025-05-27
Lucknow,Camera,338.0,64678,21861164,2025-03-15
Jaipur,Mouse,177.0,44073,7800921,2025-09-25
Jaipur,Keyboard,234.0,42676,9986184,2025-04-23
Chennai,Camera,197.0,31113,6129261,2025-07-02
Kolkata,T-Shirt,243.0,92935,22583205,2025-07-13
Surat,Jeans,421.0,85961,36189581,2025-03-16
Bengaluru,Headphones,258.0,77856,20086848,2025-06-28
Mumbai,Printer,433.0,58211,25205363,2025-02-17
Mysuru,Mouse,8.0,95192,761536,2025-03-14
Kochi,Speaker,497.0,20732,10303804,2025-02-16
Patna,Watch,174.0,82191,14301234,2025-12-13
Surat,Smartphone,437.0,43565,19037905,2025-11-28
Jaipur,Keyboard,489.0,42005,20540445,2025-11-23
Mysuru,Jeans,250.0,71412,17853000,2025-01-20
Mumbai,Shoes,324.0,90205,29226420,2025-05-08
Bhopal,Smartphone,223.0,13403,2988869,2025-11-23
Kochi,Smartphone,228.0,22305,5085540,2025-12-10
Mysuru,Laptop,24.0,43016,1032384,2025-01-10
Kolkata,Backpack,221.0,19580,4327180,2025-04-17
Pune,Camera,350.0,24100,8435000,2025-03-06
Mumbai,Camera,446.0,50640,22585440,2025-10-22
Chennai,Mouse,468.0,76935,36005580,2025-03-08
Ahmedabad,Speaker,131.0,60736,7956416,2025-05-22
Bengaluru,Monitor,412.0,61481,25330172,2025-05-22
Jaipur,Headphones,38.0,58398,2219124,2025-06-19
Hyderabad,Speaker,493.0,56115,27664695,2025-12-09
Ahmedabad,Printer,155.0,26611,4124705,2025-07-28
Ahmedabad,Smartphone,122.0,50486,6159292,2025-10-12
Lucknow,Watch,359.0,39196,14071364,2025-01-27
Surat,Keyboard,141.0,1561,220101,2025-10-28
Surat,Jeans,382.0,6928,2646496,2025-10-24
Ahmedabad,Printer,463.0,38012,17599556,2025-04-20
Patna,Backpack,113.0,83942,9485446,2025-04-20
Hyderabad,Speaker,387.0,94993,36762291,2025-11-22
Kochi,Headphones,322.0,13235,4261670,2025-11-21
Bengaluru,Watch,404.0,58279,23544716,2025-01-19
Kolkata,T-Shirt,68.0,12313,837284,2025-05-11
Bhopal,Keyboard,90.0,26818,2413620,2025-03-26
Jaipur,Monitor,498.0,48453,24129594,2025-09-17
Mysuru,Watch,426.0,22067,9400542,2025-05-27
Ahmedabad,Jeans,152.0,98353,14949656,2025-06-26
Mumbai,Mouse,494.0,10369,5122286,2025-03-25
Chennai,Printer,347.0,95424,33112128,2025-11-13
Kochi,Jeans,286.0,48442,13854412,2025-02-26
Pune,Laptop,136.0,70829,9632744,2025-02-15
Kolkata,Speaker,384.0,88625,34032000,2025-05-19
Pune,Printer,327.0,49189,16084803,2025-02-22
Chennai,Mouse,13.0,81705,1062165,2025-09-11
Mysuru,Camera,114.0,85389,9734346,2025-02-21
Kochi,Mouse,466.0,92391,43054206,2025-05-21
Pune,Smartphone,72.0,6443,463896,2025-01-10
Ahmedabad,Smartphone,50.0,31275,1563750,2025-09-05
Pune,Mouse,190.0,88381,16792390,2025-12-23
Jaipur,Keyboard,301.0,97790,29434790,2025-12-05
Mysuru,Keyboard,336.0,13478,4528608,2025-08-20
Pune,Watch,17.0,90976,1546592,2025-06-07
Ahmedabad,Mouse,487.0,31447,15314689,2025-06-04
Surat,Backpack,279.0,85018,23720022,2025-06-02
Pune,Watch,98.0,16511,1618078,2025-08-03
Surat,Shoes,329.0,84319,27740951,2025-10-01
Bengaluru,Jeans,171.0,32425,5544675,2025-03-26
Lucknow,Shoes,36.0,73141,2633076,2025-04-19
Chennai,Printer,446.0,31039,13843394,2025-06-25
Delhi,Jeans,462.0,78616,36320592,2025-01-09
Kochi,Headphones,67.0,71307,4777569,2025-05-26
Delhi,Smartphone,339.0,3879,1314981,2025-03-01
Kolkata,Jeans,404.0,31686,12801144,2025-10-11
Bengaluru,Headphones,136.0,7368,1002048,2025-03-24
Pune,Tablet,59.0,98235,5795865,2025-02-16
Ahmedabad,Jeans,186.0,67771,12605406,2025-10-04
Ahmedabad,Tablet,114.0,81123,9248022,2025-01-24
Patna,Monitor,444.0,86863,38567172,2025-09-10
Ahmedabad,Speaker,494.0,4582,2263508,2025-01-16
Kochi,Keyboard,219.0,90428,19803732,2025-02-16
Bhopal,Monitor,228.0,10132,2310096,2025-02-11
Lucknow,Headphones,34.0,17040,579360,2025-05-20
Surat,Camera,281.0,93843,26369883,2025-06-13
Lucknow,Tablet,151.0,59969,9055319,2025-09-20
Pune,Smartphone,407.0,92483,37640581,2025-02-28
Surat,Speaker,450.0,72764,32743800,2025-12-28
Chennai,Keyboard,232.0,30449,7064168,2025-07-11
Kochi,Mouse,205.0,55024,11279920,2025-12-04
Kolkata,Keyboard,161.0,87677,14115997,2025-05-12
Delhi,Speaker,473.0,62663,29639599,2025-02-03
Kochi,Smartphone,48.0,57106,2741088,2025-02-24
Bhopal,Backpack,416.0,17554,7302464,2025-09-02
Lucknow,Tablet,288.0,43707,12587616,2025-11-04
Pune,Backpack,448.0,87707,39292736,2025-07-28
Mysuru,T-Shirt,27.0,38200,1031400,2025-10-10
Kolkata,Smartphone,296.0,67007,19834072,2025-04-05
Surat,Mouse,115.0,14684,1688660,2025-06-28
Jaipur,Backpack,59.0,37012,2183708,2025-10-08
Patna,Keyboard,433.0,74026,32053258,2025-10-20
Surat,Speaker,286.0,3941,1127126,2025-10-22
Kochi,T-Shirt,137.0,4294,588278,2025-03-09
Bhopal,Jeans,159.0,45041,7161519,2025-06-01
Delhi,Printer,74.0,74728,5529872,2025-11-13
Mumbai,Headphones,380.0,83491,31726580,2025-01-03
Bhopal,Tablet,111.0,49808,5528688,2025-07-15
Kolkata,Headphones,190.0,41346,7855740,2025-12-11
Patna,Camera,306.0,11635,3560310,2025-01-05
Delhi,Jeans,317.0,7022,2225974,2025-11-03
Hyderabad,Mouse,339.0,56076,19009764,2025-08-20
Ahmedabad,Keyboard,140.0,28755,4025700,2025-09-04
Kolkata,Keyboard,57.0,37625,2144625,2025-11-22
Lucknow,Mouse,270.0,87942,23744340,2025-05-02
Chennai,Keyboard,307.0,7680,2357760,2025-01-07
Hyderabad,Shoes,393.0,18487,7265391,2025-05-10
Kolkata,Smartphone,4.0,65693,262772,2025-12-14
Delhi,Headphones,195.0,70306,13709670,2025-12-08
Jaipur,Tablet,427.0,88062,37602474,2025-06-03
Pune,Printer,380.0,6044,2296720,2025-07-01
Ahmedabad,Monitor,40.0,41533,1661320,2025-10-14
Lucknow,Keyboard,364.0,84404,30723056,2025-07-10
Mumbai,Keyboard,11.0,43068,473748,2025-03-26
Lucknow,Mouse,426.0,90888,38718288,2025-06-03
Pune,Printer,55.0,32391,1781505,2025-07-19
Pune,Tablet,41.0,52373,2147293,2025-05-24
Kolkata,Shoes,171.0,22537,3853827,2025-02-17
Surat,Smartphone,272.0,67340,18316480,2025-04-25
Kolkata,Backpack,373.0,85099,31741927,2025-03-08
Mumbai,Headphones,132.0,26356,3478992,2025-03-20
Delhi,Jeans,389.0,86418,33616602,2025-02-06
Patna,Speaker,253.0,61311,15511683,2025-10-25
Lucknow,Mouse,349.0,74489,25996661,2025-11-21
Lucknow,Backpack,443.0,82710,36640530,2025-06-05
Ahmedabad,Smartphone,241.0,58461,14089101,2025-11-10
Patna,Watch,303.0,7862,2382186,2025-06-17
Mumbai,Watch,237.0,59733,14156721,2025-01-02
Kolkata,Printer,147.0,10557,1551879,2025-11-28
Kochi,Smartphone,315.0,78367,24685605,2025-09-13
Ahmedabad,Camera,284.0,97351,27647684,2025-01-15
Mysuru,Jeans,293.0,85937,25179541,2025-04-11
Lucknow,Mouse,257.0,20273,5210161,2025-01-15
Mumbai,Jeans,461.0,45515,20982415,2025-12-03
Jaipur,Speaker,89.0,5630,501070,2025-04-23
Ahmedabad,Mouse,269.0,69017,18565573,2025-10-06
Kolkata,Backpack,470.0,37579,17662130,2025-07-14
Patna,Backpack,348.0,78866,27445368,2025-01-26
Surat,Speaker,172.0,9139,1571908,2025-06-04
Jaipur,Speaker,198.0,37743,7473114,2025-05-24
Kochi,Speaker,494.0,79497,39271518,2025-03-11
Mumbai,Camera,340.0,19037,6472580,2025-06-10
Surat,T-Shirt,340.0,51874,17637160,2025-03-20
Bhopal,Smartphone,159.0,73759,11727681,2025-07-21
Patna,Backpack,417.0,17250,7193250,2025-11-23
Kochi,T-Shirt,351.0,69495,24392745,2025-02-21
Surat,Keyboard,261.0,47925,12508425,2025-01-12
Hyderabad,Headphones,487.0,28574,13915538,2025-06-25
Ahmedabad,Shoes,116.0,18530,2149480,2025-03-03
Hyderabad,Printer,404.0,13756,5557424,2025-09-25
Jaipur,Printer,379.0,69513,26345427,2025-01-22
Kolkata,Monitor,393.0,81506,32031858,2025-03-20
Pune,Headphones,84.0,24203,2033052,2025-12-25
Lucknow,Jeans,463.0,22197,10277211,2025-12-15
Bengaluru,Keyboard,187.0,89152,16671424,2025-12-08
Ahmedabad,Camera,146.0,99117,14471082,2025-12-26
Ahmedabad,Shoes,274.0,31848,8726352,2025-05-26
Patna,Mouse,463.0,25930,12005590,2025-06-22
Lucknow,Mouse,237.0,37432,8871384,2025-07-17
Jaipur,Keyboard,495.0,21741,10761795,2025-04-26
Lucknow,Headphones,447.0,33268,14870796,2025-01-21
Ahmedabad,Printer,191.0,73184,13978144,2025-02-23
Kochi,Tablet,436.0,16841,7342676,2025-05-03
Patna,Headphones,140.0,59393,8315020,2025-09-05
Kochi,Keyboard,47.0,29602,1391294,2025-08-12
Mysuru,Laptop,213.0,7480,1593240,2025-07-17
Kolkata,Shoes,198.0,11196,2216808,2025-06-08
Bengaluru,Backpack,477.0,13487,6433299,2025-12-21
Kolkata,Jeans,75.0,18535,1390125,2025-01-10
Mysuru,Printer,242.0,91735,22199870,2025-03-25
Bhopal,Mouse,230.0,81154,18665420,2025-01-03
Bengaluru,Watch,111.0,20097,2230767,2025-09-24
Lucknow,Tablet,217.0,15073,3270841,2025-05-08
Hyderabad,Smartphone,25.0,31752,793800,2025-07-21
Patna,Camera,235.0,8732,2052020,2025-02-27
Mysuru,Mouse,306.0,70761,21652866,2025-01-21
Jaipur,Camera,124.0,94681,11740444,2025-03-10
Pune,Laptop,315.0,46744,14724360,2025-04-19
Pune,Headphones,341.0,88084,30036644,2025-02-17
Kolkata,Smartphone,489.0,69451,33961539,2025-09-17
Patna,Tablet,284.0,3165,898860,2025-07-28
Ahmedabad,Laptop,326.0,51209,16694134,2025-06-09
Bhopal,Laptop,183.0,9355,1711965,2025-06-08
Bhopal,Speaker,322.0,14087,4536014,2025-10-24
Patna,Backpack,69.0,6311,435459,2025-06-18
Kolkata,Printer,330.0,23449,7738170,2025-11-15
Bhopal,Mouse,324.0,24391,7902684,2025-03-03
Bhopal,Jeans,484.0,60488,29276192,2025-01-10
Chennai,Laptop,406.0,26644,10817464,2025-01-11
Mysuru,Watch,264.0,52696,13911744,2025-09-16
Hyderabad,Laptop,386.0,85290,32921940,2025-04-10
Kolkata,Printer,400.0,6765,2706000,2025-11-11
Hyderabad,Smartphone,410.0,48737,19982170,2025-07-13
Bhopal,Mouse,459.0,51178,23490702,2025-06-06
Ahmedabad,T-Shirt,255.0,48648,12405240,2025-09-09
Patna,Smartphone,373.0,56140,20940220,2025-02-14
Lucknow,Printer,93.0,71996,6695628,2025-05-11
Mumbai,Smartphone,168.0,87128,14637504,2025-05-10
Ahmedabad,Camera,368.0,56351,20737168,2025-03-23
Ahmedabad,Backpack,229.0,6051,1385679,2025-12-28
Mysuru,Backpack,315.0,57508,18115020,2025-05-21
Patna,Laptop,39.0,88473,3450447,2025-11-13
Kolkata,Tablet,411.0,98790,40602690,2025-11-06
Bengaluru,Headphones,435.0,80135,34858725,2025-11-26
Ahmedabad,Laptop,65.0,9312,605280,2025-04-25
Surat,Backpack,186.0,50681,9426666,2025-10-02
Lucknow,Headphones,348.0,59472,20696256,2025-06-12
Ahmedabad,Jeans,40.0,75725,3029000,2025-03-17
Kolkata,Keyboard,161.0,85639,13787879,2025-05-08
Mumbai,Laptop,377.0,24885,9381645,2025-08-17
Pune,Monitor,288.0,15935,4589280,2025-05-25
Hyderabad,T-Shirt,229.0,28624,6554896,2025-10-10
Bhopal,Monitor,252.0,26737,6737724,2025-02-05
Kochi,Smartphone,232.0,23130,5366160,2025-12-15
Mumbai,Jeans,350.0,42389,14836150,2025-11-12
Bhopal,Smartphone,282.0,71563,20180766,2025-05-10
Kochi,Headphones,365.0,93503,34128595,2025-12-21
Delhi,Jeans,186.0,67183,12496038,2025-04-04
Chennai,Jeans,72.0,31529,2270088,2025-08-01
Kolkata,Tablet,294.0,48853,14362782,2025-08-26
Jaipur,Headphones,314.0,11800,3705200,2025-02-10
Pune,T-Shirt,369.0,63239,23335191,2025-09-14
Patna,Keyboard,422.0,75853,32009966,2025-02-05
Kolkata,Speaker,38.0,59479,2260202,2025-08-22
Jaipur,Backpack,66.0,72760,4802160,2025-11-19
Delhi,Jeans,495.0,17412,8618940,2025-07-17
Mysuru,Printer,29.0,16774,486446,2025-09-05
Hyderabad,Headphones,83.0,42791,3551653,2025-12-08
Kolkata,Tablet,459.0,37730,17318070,2025-02-09
Chennai,Speaker,490.0,72699,35622510,2025-05-05
Surat,Watch,315.0,70424,22183560,2025-02-17
Surat,Headphones,304.0,76606,23288224,2025-03-06
Surat,Camera,369.0,79816,29452104,2025-06-27
Mysuru,Camera,22.0,4218,92796,2025-02-02
Surat,Jeans,296.0,35188,10415648,2025-11-07
Patna,Camera,214.0,81516,17444424,2025-11-01
Ahmedabad,Monitor,322.0,72009,23186898,2025-05-21
Hyderabad,Mouse,126.0,90283,11375658,2025-07-10
Ahmedabad,Smartphone,353.0,8352,2948256,2025-03-15
Pune,Mouse,238.0,27241,6483358,2025-06-20
Delhi,Backpack,442.0,94657,41838394,2025-06-24
Kochi,Backpack,500.0,52760,26380000,2025-03-25
Kolkata,Tablet,288.0,14417,4152096,2025-06-08
Ahmedabad,Smartphone,137.0,59429,8141773,2025-04-05
Mumbai,Laptop,149.0,50851,7576799,2025-10-14
Chennai,Printer,462.0,21432,9901584,2025-06-19
Bhopal,Backpack,98.0,21385,2095730,2025-08-17
Ahmedabad,Mouse,451.0,40941,18464391,2025-08-01
Mumbai,Keyboard,259.0,60430,15651370,2025-04-07
Lucknow,Backpack,25.0,7124,178100,2025-05-16
Lucknow,Monitor,432.0,86255,37262160,2025-11-16
Hyderabad,Tablet,5.0,14589,72945,2025-07-05
Mysuru,Watch,373.0,48443,18069239,2025-07-12
Bengaluru,Keyboard,27.0,75247,2031669,2025-09-07
Kolkata,Tablet,148.0,10137,1500276,2025-07-17
Ahmedabad,Jeans,282.0,37163,10479966,2025-10-22
Lucknow,Smartphone,66.0,13172,869352,2025-07-12
Patna,Backpack,286.0,48420,13848120,2025-03-07
Lucknow,Tablet,206.0,66046,13605476,2025-01-02
Bengaluru,Headphones,366.0,44152,16159632,2025-08-17
Ahmedabad,Headphones,311.0,68068,21169148,2025-03-11
Mysuru,Camera,164.0,21799,3575036,2025-07-20
Bhopal,Printer,154.0,78320,12061280,2025-06-17
Kochi,Tablet,273.0,64705,17664465,2025-12-19
Hyderabad,Mouse,418.0,2680,1120240,2025-06-11
Surat,Smartphone,214.0,77007,16479498,2025-05-26
Mysuru,T-Shirt,447.0,90683,40535301,2025-11-01
Lucknow,Mouse,136.0,86429,11754344,2025-10-19
Chennai,T-Shirt,27.0,76983,2078541,2025-08-06
Jaipur,Speaker,370.0,81730,30240100,2025-07-05
Kochi,Speaker,125.0,4638,579750,2025-10-23
Mumbai,Shoes,10.0,58307,583070,2025-06-14
Delhi,Keyboard,354.0,27224,9637296,2025-07-17
Patna,Camera,472.0,62314,29412208,2025-12-24
Bengaluru,T-Shirt,71.0,68484,4862364,2025-04-18
Kolkata,Speaker,245.0,69375,16996875,2025-07-11
Delhi,Mouse,468.0,70378,32936904,2025-06-18
Kolkata,Speaker,396.0,94993,37617228,2025-11-21
Patna,T-Shirt,136.0,80463,10942968,2025-08-07
Chennai,Watch,286.0,39624,11332464,2025-04-10
Patna,Watch,361.0,27668,9988148,2025-12-23
Ahmedabad,Backpack,246.0,46218,11369628,2025-09-26
Bhopal,Watch,148.0,16474,2438152,2025-10-22
Jaipur,Keyboard,459.0,52212,23965308,2025-06-25
Patna,Headphones,149.0,6013,895937,2025-05-23
Mumbai,Backpack,474.0,58483,27720942,2025-11-09
Bhopal,Mouse,110.0,26985,2968350,2025-09-09
Mysuru,Tablet,357.0,36101,12888057,2025-03-04
Lucknow,T-Shirt,301.0,31863,9590763,2025-04-02
Surat,Monitor,272.0,30079,8181488,2025-11-08
Bengaluru,Smartphone,212.0,43792,9283904,2025-12-16
Mumbai,Speaker,395.0,18518,7314610,2025-01-18
Mysuru,Headphones,209.0,86075,17989675,2025-08-16
Surat,Shoes,388.0,38149,14801812,2025-06-10
Surat,Laptop,465.0,12225,5684625,2025-11-19
Chennai,Tablet,379.0,95280,36111120,2025-01-06
Pune,Monitor,429.0,23540,10098660,2025-01-27
Pune,Jeans,254.0,24920,6329680,2025-12-28
Mysuru,Watch,449.0,5410,2429090,2025-01-10
Lucknow,Camera,55.0,44414,2442770,2025-05-15
Surat,Tablet,269.0,65238,17549022,2025-03-28
Jaipur,Mouse,140.0,25772,3608080,2025-02-11
Delhi,T-Shirt,235.0,85472,20085920,2025-05-23
Delhi,Laptop,378.0,44685,16890930,2025-05-19
Surat,Jeans,99.0,23502,2326698,2025-10-28
Surat,Monitor,208.0,56559,11764272,2025-09-11
Mumbai,Keyboard,343.0,13002,4459686,2025-03-05
Ahmedabad,Backpack,480.0,33012,15845760,2025-01-09
Pune,Shoes,229.0,99296,22738784,2025-05-11
Hyderabad,Camera,371.0,75588,28043148,2025-01-09
Surat,Backpack,355.0,31472,11172560,2025-01-22
Mumbai,Mouse,158.0,21434,3386572,2025-07-22
Jaipur,Monitor,459.0,92716,42556644,2025-05-23
Mumbai,Speaker,470.0,39171,18410370,2025-06-20
Chennai,Shoes,491.0,18007,8841437,2025-08-05
Ahmedabad,T-Shirt,311.0,49471,15385481,2025-07-23
Jaipur,Monitor,242.0,99767,24143614,2025-09-26
Surat,Printer,112.0,32935,3688720,2025-11-25
Lucknow,Printer,404.0,11230,4536920,2025-09-15
Jaipur,T-Shirt,186.0,10737,1997082,2025-10-04
Bengaluru,Printer,281.0,66755,18758155,2025-04-19
Jaipur,Headphones,85.0,43507,3698095,2025-09-15
Mumbai,Speaker,106.0,94467,10013502,2025-10-16
Mumbai,Monitor,262.0,58890,15429180,2025-01-15
Delhi,Tablet,213.0,60373,12859449,2025-10-02
Jaipur,Mouse,345.0,40892,14107740,2025-12-01
Pune,Watch,419.0,895,375005,2025-12-07
Lucknow,Smartphone,24.0,56034,1344816,2025-06-23
Mumbai,Tablet,31.0,9546,295926,2025-08-02
Hyderabad,Keyboard,93.0,18250,1697250,2025-11-24
Surat,Keyboard,192.0,50632,9721344,2025-08-28
Mysuru,Monitor,194.0,49736,9648784,2025-02-22
Surat,Printer,277.0,17931,4966887,2025-11-28
Kolkata,Smartphone,92.0,70919,6524548,2025-07-17
Delhi,T-Shirt,115.0,955,109825,2025-01-10
Ahmedabad,Speaker,369.0,71861,26516709,2025-07-18
Pune,Printer,118.0,32941,3887038,2025-08-12
Delhi,Watch,97.0,95530,9266410,2025-02-02
Patna,Speaker,215.0,81099,17436285,2025-01-08
Chennai,Smartphone,52.0,78349,4074148,2025-01-15
Lucknow,Speaker,361.0,6880,2483680,2025-04-24
Bengaluru,Keyboard,225.0,31215,7023375,2025-09-07
Patna,Printer,398.0,7898,3143404,2025-03-17
Hyderabad,Shoes,418.0,96381,40287258,2025-10-11
Lucknow,Camera,396.0,88650,35105400,2025-06-08
Hyderabad,Monitor,74.0,87035,6440590,2025-09-08
Pune,Watch,141.0,8489,1196949,2025-09-19
Mysuru,T-Shirt,467.0,23455,10953485,2025-11-22
Pune,Tablet,254.0,6645,1687830,2025-06-21
Surat,Keyboard,403.0,69242,27904526,2025-06-23
Pune,Keyboard,77.0,39806,3065062,2025-07-06
Patna,Tablet,243.0,32084,7796412,2025-04-10
Kochi,T-Shirt,74.0,61189,4527986,2025-01-18
Pune,Keyboard,286.0,69967,20010562,2025-03-13
Chennai,Watch,105.0,43788,4597740,2025-11-03
Mysuru,Mouse,434.0,49137,21325458,2025-02-18
Bhopal,Printer,98.0,7255,710990,2025-05-13
Surat,Camera,309.0,5683,1756047,2025-02-07
Patna,Jeans,301.0,95436,28726236,2025-11-18
Chennai,Mouse,107.0,44142,4723194,2025-05-01
Chennai,Monitor,98.0,97686,9573228,2025-02-24
Patna,Mouse,469.0,32297,15147293,2025-12-20
Bhopal,Shoes,204.0,31869,6501276,2025-09-11
Patna,Watch,195.0,61612,12014340,2025-09-21
Kolkata,Watch,134.0,47639,6383626,2025-09-16
Ahmedabad,Smartphone,412.0,95188,39217456,2025-08-25
Kochi,Backpack,469.0,27124,12721156,2025-06-11
Pune,Laptop,289.0,29502,8526078,2025-12-05
Bengaluru,Watch,284.0,77050,21882200,2025-10-24
Pune,Watch,79.0,26215,2070985,2025-06-08
Pune,Camera,427.0,32708,13966316,2025-08-18
Surat,Speaker,173.0,34228,5921444,2025-08-24
Surat,T-Shirt,252.0,60901,15347052,2025-03-24
Patna,Backpack,87.0,18844,1639428,2025-12-18
Ahmedabad,Headphones,470.0,71558,33632260,2025-11-02
Jaipur,Laptop,430.0,10242,4404060,2025-11-02
Patna,Laptop,212.0,18521,3926452,2025-11-08
Mumbai,T-Shirt,78.0,1698,132444,2025-04-17
Ahmedabad,Backpack,31.0,81480,2525880,2025-11-22
Mysuru,Camera,468.0,63834,29874312,2025-11-16
Bengaluru,Laptop,273.0,72805,19875765,2025-07-01
Bengaluru,Tablet,370.0,36510,13508700,2025-09-10
Bengaluru,Tablet,417.0,91969,38351073,2025-11-14
Patna,Monitor,92.0,14526,1336392,2025-02-17
Delhi,Shoes,99.0,81735,8091765,2025-09-09
Kochi,Backpack,137.0,52522,7195514,2025-02-12
Pune,Mouse,290.0,32377,9389330,2025-12-08
Hyderabad,Speaker,424.0,11066,4691984,2025-11-28
Surat,Jeans,17.0,12755,216835,2025-07-13
Pune,Tablet,244.0,7855,1916620,2025-11-01
Bhopal,Headphones,43.0,66017,2838731,2025-07-21
Patna,Backpack,290.0,12999,3769710,2025-09-02
Chennai,Shoes,462.0,91239,42152418,2025-10-16
Hyderabad,Laptop,474.0,10244,4855656,2025-11-09
Mysuru,Tablet,289.0,86759,25073351,2025-01-06
Mysuru,Printer,162.0,2552,413424,2025-04-19
Delhi,Jeans,421.0,93916,39538636,2025-07-03
Hyderabad,Headphones,289.0,32019,9253491,2025-10-27
Kochi,Keyboard,347.0,71352,24759144,2025-06-13
Patna,T-Shirt,72.0,90849,6541128,2025-12-03
Jaipur,T-Shirt,499.0,45832,22870168,2025-01-04
Pune,Shoes,430.0,10463,4499090,2025-06-20
Patna,Camera,489.0,78567,38419263,2025-07-25
Kolkata,Laptop,325.0,36325,11805625,2025-08-16
Chennai,Backpack,284.0,49707,14116788,2025-07-06
Surat,Camera,339.0,50316,17057124,2025-02-25
Lucknow,Watch,409.0,32802,13416018,2025-12-03
Mumbai,Watch,79.0,50307,3974253,2025-12-26
Surat,Headphones,379.0,51568,19544272,2025-06-12
Mumbai,Smartphone,3.0,40905,122715,2025-08-12
Patna,Watch,53.0,17867,946951,2025-02-06
Pune,Mouse,286.0,73210,20938060,2025-09-14
Mumbai,Laptop,46.0,46888,2156848,2025-09-03
Lucknow,Camera,402.0,43023,17295246,2025-07-01
Hyderabad,Keyboard,199.0,11601,2308599,2025-12-18
Mysuru,Shoes,293.0,68802,20158986,2025-03-22
Pune,Headphones,72.0,35747,2573784,2025-05-09
Ahmedabad,Headphones,33.0,22416,739728,2025-07-09
Pune,Watch,248.0,10582,2624336,2025-06-09
Chennai,T-Shirt,321.0,65485,21020685,2025-10-20
Chennai,Mouse,55.0,18258,1004190,2025-05-01
Pune,Backpack,431.0,81789,35251059,2025-07-26
Kochi,Backpack,226.0,44374,10028524,2025-07-27
Kochi,Printer,334.0,78408,26188272,2025-03-10
Kolkata,Camera,486.0,91633,44533638,2025-04-16
Kolkata,Headphones,494.0,52698,26032812,2025-06-10
Bhopal,T-Shirt,325.0,64857,21078525,2025-10-26
Chennai,Backpack,193.0,37239,7187127,2025-07-12
Mumbai,Monitor,289.0,26688,7712832,2025-10-18
Delhi,Speaker,394.0,72602,28605188,2025-01-24
Ahmedabad,T-Shirt,108.0,57969,6260652,2025-05-27
Bhopal,Smartphone,420.0,54127,22733340,2025-11-16
Delhi,Speaker,156.0,32222,5026632,2025-05-22
Delhi,T-Shirt,217.0,49912,10830904,2025-02-15
Lucknow,Mouse,299.0,53034,15857166,2025-09-17
Mysuru,Monitor,446.0,91163,40658698,2025-07-18
Bengaluru,Jeans,496.0,47624,23621504,2025-12-26
Jaipur,Camera,327.0,11638,3805626,2025-02-25
Chennai,Speaker,341.0,47031,16037571,2025-03-21
Lucknow,Laptop,289.0,85045,24578005,2025-11-21
Pune,Jeans,170.0,56920,9676400,2025-02-01
Mumbai,Watch,114.0,67435,7687590,2025-12-17
Jaipur,Camera,353.0,75897,26791641,2025-04-15
Kolkata,Keyboard,238.0,89570,21317660,2025-10-23
Jaipur,Headphones,177.0,3719,658263,2025-08-04
Hyderabad,Keyboard,472.0,11753,5547416,2025-02-27
Bhopal,Headphones,179.0,41380,7407020,2025-06-15
Patna,Shoes,267.0,63798,17034066,2025-06-16
Mumbai,Mouse,370.0,91826,33975620,2025-08-11
Mumbai,Watch,23.0,93663,2154249,2025-02-01
Kochi,Backpack,332.0,14834,4924888,2025-11-26
Delhi,Monitor,380.0,32470,12338600,2025-09-06
Jaipur,Headphones,170.0,73880,12559600,2025-07-15
Chennai,Jeans,208.0,83043,17272944,2025-03-06
Surat,Speaker,222.0,52349,11621478,2025-01-24
Lucknow,Monitor,102.0,59426,6061452,2025-10-14
Pune,Laptop,361.0,28653,10343733,2025-04-09
Patna,T-Shirt,415.0,8700,3610500,2025-10-04
Patna,Printer,275.0,25005,6876375,2025-06-11
Chennai,Mouse,59.0,34887,2058333,2025-11-28
Ahmedabad,Tablet,495.0,84269,41713155,2025-06-20
Pune,Camera,201.0,77439,15565239,2025-02-12
Kolkata,Printer,235.0,81418,19133230,2025-03-27
Surat,T-Shirt,410.0,39486,16189260,2025-10-19
Mumbai,Speaker,69.0,41549,2866881,2025-02-08
Hyderabad,Smartphone,94.0,49429,4646326,2025-12-05
Jaipur,Keyboard,215.0,78674,16914910,2025-03-19
Pune,Keyboard,96.0,64288,6171648,2025-11-18
Bhopal,Monitor,331.0,23206,7681186,2025-09-06
Ahmedabad,Watch,72.0,25023,1801656,2025-06-27
Ahmedabad,Camera,28.0,47559,1331652,2025-01-16
Delhi,Shoes,418.0,50824,21244432,2025-09-17
Surat,Mouse,210.0,90244,18951240,2025-08-14
Bhopal,Printer,228.0,64554,14718312,2025-03-03
Lucknow,Laptop,408.0,29405,11997240,2025-05-02
Hyderabad,Shoes,276.0,38336,10580736,2025-03-25
Ahmedabad,Camera,381.0,65421,24925401,2025-09-17
Mumbai,Camera,59.0,35612,2101108,2025-09-27
Kolkata,Tablet,422.0,99693,42070446,2025-01-25
Bhopal,Mouse,280.0,29144,8160320,2025-07-04
Bhopal,Printer,335.0,98980,33158300,2025-04-10
Kochi,Laptop,231.0,34947,8072757,2025-06-28
Kochi,Smartphone,225.0,15886,3574350,2025-04-07
Patna,T-Shirt,302.0,90826,27429452,2025-06-28
Bhopal,Camera,324.0,56620,18344880,2025-03-20
Delhi,Jeans,106.0,27624,2928144,2025-01-19
Kolkata,Tablet,144.0,78731,11337264,2025-09-06
Kolkata,T-Shirt,150.0,38423,5763450,2025-10-09
Kochi,Tablet,461.0,89537,41276557,2025-02-05
Patna,Jeans,211.0,8270,1744970,2025-05-28
Surat,Headphones,360.0,17892,6441120,2025-04-05
Bhopal,Backpack,425.0,32947,14002475,2025-11-13
Ahmedabad,Headphones,296.0,83390,24683440,2025-05-21
Pune,Keyboard,232.0,10398,2412336,2025-11-26
Mysuru,Jeans,48.0,53302,2558496,2025-09-24
Hyderabad,T-Shirt,480.0,48874,23459520,2025-08-16
Kolkata,Camera,2.0,96539,193078,2025-02-24
Ahmedabad,Speaker,341.0,91895,31336195,2025-06-28
Mumbai,Jeans,274.0,52629,14420346,2025-04-14
Kochi,Shoes,254.0,35697,9067038,2025-06-27
Hyderabad,Backpack,281.0,76250,21426250,2025-03-19
Kochi,Mouse,404.0,45554,18403816,2025-11-25
Bengaluru,Laptop,51.0,82574,4211274,2025-08-01
Mumbai,Monitor,440.0,21207,9331080,2025-08-15
Bengaluru,Keyboard,104.0,90755,9438520,2025-03-21
Hyderabad,Headphones,448.0,36416,16314368,2025-02-21
Kolkata,Watch,43.0,49238,2117234,2025-11-21
Delhi,Laptop,203.0,82499,16747297,2025-05-24
Bhopal,Jeans,120.0,56760,6811200,2025-11-03
Bhopal,Smartphone,1.0,28473,28473,2025-08-03
Delhi,Camera,116.0,68584,7955744,2025-11-15
Bengaluru,Laptop,357.0,45532,16254924,2025-02-28
Pune,T-Shirt,68.0,63113,4291684,2025-02-08
Pune,Smartphone,375.0,13925,5221875,2025-02-11
Kolkata,Monitor,154.0,18473,2844842,2025-07-25
Kochi,Jeans,448.0,17951,8042048,2025-11-22
Delhi,Smartphone,272.0,74331,20218032,2025-01-20
Surat,Headphones,226.0,46530,10515780,2025-12-07
Surat,T-Shirt,78.0,54463,4248114,2025-10-22
Ahmedabad,Printer,112.0,11862,1328544,2025-02-05
Patna,Smartphone,302.0,96183,29047266,2025-07-12
Pune,Backpack,406.0,18827,7643762,2025-04-09
Surat,Smartphone,128.0,73034,9348352,2025-10-20
Bhopal,Camera,146.0,91002,13286292,2025-01-28
Kochi,Speaker,449.0,40037,17976613,2025-04-17
Lucknow,Tablet,97.0,98521,9556537,2025-07-10
Surat,Laptop,402.0,31870,12811740,2025-08-13
Mumbai,Shoes,256.0,84134,21538304,2025-10-03
Jaipur,Monitor,7.0,47829,334803,2025-06-05
Pune,Printer,430.0,74998,32249140,2025-07-12
Jaipur,Speaker,89.0,62236,5539004,2025-02-01
Lucknow,Smartphone,8.0,34865,278920,2025-04-02
Mysuru,Laptop,486.0,52663,25594218,2025-09-10
Surat,T-Shirt,257.0,54951,14122407,2025-07-23
Pune,Smartphone,328.0,70828,23231584,2025-09-20
Delhi,Watch,43.0,41120,1768160,2025-02-17
Mysuru,Shoes,499.0,20865,10411635,2025-09-11
Pune,Camera,325.0,85675,27844375,2025-11-21
Mumbai,Watch,358.0,57842,20707436,2025-12-28
Chennai,Laptop,126.0,11800,1486800,2025-07-04
Ahmedabad,Camera,312.0,7712,2406144,2025-05-22
Bhopal,Speaker,380.0,23522,8938360,2025-02-01
Bhopal,Headphones,360.0,1987,715320,2025-03-16
Kolkata,Tablet,265.0,94972,25167580,2025-05-06
Kolkata,Headphones,384.0,35727,13719168,2025-12-04
Patna,Monitor,16.0,44410,710560,2025-07-09
Jaipur,Smartphone,135.0,93865,12671775,2025-10-21
Mumbai,Mouse,234.0,67449,15783066,2025-06-02
Ahmedabad,Printer,291.0,22373,6510543,2025-06-06
Hyderabad,Jeans,53.0,75723,4013319,2025-11-24
Mumbai,Shoes,380.0,67192,25532960,2025-01-02
Kochi,Printer,7.0,32553,227871,2025-01-16
Kolkata,Keyboard,472.0,20171,9520712,2025-03-28
Bengaluru,Tablet,412.0,94088,38764256,2025-12-21
Pune,Shoes,165.0,33040,5451600,2025-07-24
Kolkata,Watch,423.0,10708,4529484,2025-10-12
Mumbai,Tablet,345.0,7403,2554035,2025-03-08
Patna,Tablet,24.0,53050,1273200,2025-02-15
Kochi,Watch,397.0,41223,16365531,2025-06-03
Jaipur,Mouse,5.0,48854,244270,2025-04-10
Lucknow,Jeans,156.0,97437,15200172,2025-10-08
Ahmedabad,Backpack,303.0,65165,19744995,2025-04-24
Mysuru,Tablet,390.0,32629,12725310,2025-03-01
Mysuru,Keyboard,13.0,31039,403507,2025-09-12
Surat,Printer,356.0,1757,625492,2025-06-01
Patna,Speaker,193.0,97241,18767513,2025-12-10
Mumbai,Shoes,272.0,31717,8627024,2025-07-16
Bengaluru,Headphones,365.0,37177,13569605,2025-02-02
Mysuru,Shoes,460.0,68625,31567500,2025-07-23
Mysuru,Backpack,235.0,98528,23154080,2025-02-19
Mumbai,Tablet,69.0,84021,5797449,2025-07-03
Lucknow,Camera,32.0,57514,1840448,2025-11-05
Chennai,Watch,134.0,41788,5599592,2025-07-23
Kochi,T-Shirt,168.0,42188,7087584,2025-08-09
Chennai,Smartphone,484.0,27069,13101396,2025-03-25
Patna,Camera,56.0,20869,1168664,2025-02-06
Ahmedabad,Mouse,161.0,53782,8658902,2025-02-18
Kolkata,Jeans,107.0,59733,6391431,2025-05-15
Hyderabad,Printer,62.0,12351,765762,2025-03-26
Surat,Watch,424.0,92867,39375608,2025-12-20
Bengaluru,Shoes,428.0,43464,18602592,2025-03-03
Bhopal,Shoes,496.0,47127,23374992,2025-07-17
Bengaluru,Speaker,154.0,34600,5328400,2025-03-01
Pune,Printer,232.0,73369,17021608,2025-12-18
Chennai,Smartphone,237.0,13857,3284109,2025-03-04
Bengaluru,Laptop,426.0,29635,12624510,2025-03-07
Kochi,Keyboard,191.0,90452,17276332,2025-11-21
Mumbai,Camera,301.0,34424,10361624,2025-02-01
Mumbai,Shoes,463.0,85170,39433710,2025-08-26
Delhi,Smartphone,464.0,43956,20395584,2025-02-02
Ahmedabad,Laptop,87.0,75720,6587640,2025-07-27
Bhopal,Keyboard,255.0,4364,1112820,2025-07-22
Pune,Headphones,182.0,28643,5213026,2025-03-09
Hyderabad,Mouse,453.0,19981,9051393,2025-01-20
Lucknow,Camera,126.0,85340,10752840,2025-05-16
Pune,Monitor,282.0,63287,17846934,2025-01-03
Hyderabad,Keyboard,71.0,55449,3936879,2025-04-21
Mysuru,Jeans,270.0,33156,8952120,2025-11-26
Jaipur,Jeans,10.0,50634,506340,2025-12-12
Ahmedabad,Tablet,401.0,64027,25674827,2025-06-19
Jaipur,Backpack,199.0,35946,7153254,2025-03-01
Kolkata,Camera,113.0,4340,490420,2025-05-02
Patna,Mouse,272.0,47349,12878928,2025-10-08
Delhi,Smartphone,127.0,86596,10997692,2025-04-09
Jaipur,Printer,406.0,97107,39425442,2025-01-25
Chennai,Camera,434.0,51411,22312374,2025-06-27
Kochi,Headphones,91.0,31505,2866955,2025-10-11
Patna,T-Shirt,358.0,47526,17014308,2025-10-01
Bhopal,T-Shirt,181.0,74903,13557443,2025-10-05
Lucknow,Shoes,429.0,65017,27892293,2025-09-10
Delhi,Mouse,20.0,12330,246600,2025-01-08
Lucknow,Shoes,11.0,69502,764522,2025-08-01
Kolkata,Monitor,315.0,26906,8475390,2025-03-11
Bhopal,Headphones,471.0,42913,20212023,2025-01-01
Delhi,Camera,361.0,19066,6882826,2025-02-28
Jaipur,Printer,187.0,10006,1871122,2025-06-23
Surat,Keyboard,301.0,13742,4136342,2025-06-10
Kolkata,Headphones,500.0,21144,10572000,2025-12-14
Patna,Speaker,492.0,64358,31664136,2025-11-11
Delhi,T-Shirt,496.0,74159,36782864,2025-12-20
Patna,Backpack,115.0,87732,10089180,2025-10-27
Delhi,Keyboard,158.0,96706,15279548,2025-12-10
Delhi,Headphones,374.0,735,274890,2025-12-19
Pune,Printer,395.0,74881,29577995,2025-01-06
Lucknow,Backpack,472.0,80634,38059248,2025-04-21
Lucknow,Smartphone,480.0,65535,31456800,2025-03-11
Bhopal,Smartphone,122.0,45957,5606754,2025-06-06
Surat,Monitor,494.0,12129,5991726,2025-12-22
Surat,T-Shirt,454.0,44507,20206178,2025-08-01
Hyderabad,Shoes,128.0,91355,11693440,2025-02-12
Hyderabad,Jeans,56.0,94926,5315856,2025-01-02
Pune,Mouse,376.0,55504,20869504,2025-03-14
Ahmedabad,Monitor,194.0,46536,9027984,2025-09-13
Mumbai,Printer,246.0,76266,18761436,2025-11-25
Surat,Shoes,84.0,59651,5010684,2025-02-26
Kochi,Laptop,151.0,3131,472781,2025-06-09
Mumbai,Smartphone,176.0,22796,4012096,2025-07-06
Bhopal,Smartphone,281.0,12703,3569543,2025-06-20
Lucknow,Monitor,248.0,92840,23024320,2025-01-14
Surat,Headphones,311.0,57411,17854821,2025-03-02
Mumbai,Backpack,106.0,25401,2692506,2025-07-23
Jaipur,T-Shirt,474.0,96179,45588846,2025-09-09
Surat,Watch,153.0,31635,4840155,2025-02-02
Pune,Camera,282.0,64849,18287418,2025-03-02
Kolkata,Laptop,219.0,11985,2624715,2025-05-27
Surat,Speaker,308.0,63457,19544756,2025-04-04
Bengaluru,Shoes,88.0,84148,7405024,2025-05-03
Ahmedabad,Printer,60.0,40916,2454960,2025-07-16
Ahmedabad,Monitor,339.0,35234,11944326,2025-02-21
Jaipur,Keyboard,95.0,49130,4667350,2025-07-12
Delhi,Mouse,23.0,35010,805230,2025-08-15
Hyderabad,Shoes,429.0,35700,15315300,2025-10-02
Delhi,Jeans,357.0,87986,31411002,2025-02-03
Surat,Backpack,414.0,71468,29587752,2025-07-25
Lucknow,Shoes,284.0,8493,2412012,2025-07-27
Jaipur,Keyboard,495.0,70690,34991550,2025-11-28
Mysuru,Mouse,294.0,31386,9227484,2025-08-10
Mumbai,Keyboard,463.0,94125,43579875,2025-01-17
Lucknow,Monitor,265.0,75405,19982325,2025-11-20
Delhi,Smartphone,487.0,99746,48576302,2025-08-06
Delhi,Shoes,414.0,25760,10664640,2025-03-02
Pune,Smartphone,350.0,57567,20148450,2025-04-27
Surat,Headphones,428.0,78494,33595432,2025-05-11
Mysuru,T-Shirt,469.0,9283,4353727,2025-02-13
Jaipur,Keyboard,283.0,43246,12238618,2025-05-17
Ahmedabad,Monitor,448.0,2120,949760,2025-12-20
Lucknow,Tablet,401.0,55497,22254297,2025-02-14
Delhi,Headphones,291.0,77561,22570251,2025-10-25
Mumbai,Monitor,55.0,74252,4083860,2025-02-26
Hyderabad,Printer,275.0,45571,12532025,2025-07-09
Pune,Speaker,249.0,75476,18793524,2025-10-16
Bengaluru,Headphones,142.0,53318,7571156,2025-03-20
Lucknow,Speaker,356.0,53154,18922824,2025-01-13
Mysuru,Monitor,170.0,91007,15471190,2025-04-02
Bhopal,Mouse,472.0,35703,16851816,2025-06-01
Kolkata,Printer,407.0,40222,16370354,2025-05-09
Kochi,Mouse,440.0,91750,40370000,2025-11-04
Kochi,Shoes,69.0,39884,2751996,2025-12-15
Patna,Printer,165.0,35813,5909145,2025-12-14
Lucknow,Speaker,46.0,25133,1156118,2025-08-07
Mysuru,Printer,209.0,97617,20401953,2025-08-25
Jaipur,Printer,192.0,7867,1510464,2025-09-26
Delhi,Smartphone,160.0,93504,14960640,2025-09-13
Delhi,Jeans,436.0,69219,30179484,2025-10-01
Delhi,Shoes,449.0,26809,12037241,2025-01-08
Bengaluru,Mouse,26.0,47735,1241110,2025-12-07
Hyderabad,Backpack,422.0,61346,25888012,2025-09-13
Surat,Monitor,64.0,89782,5746048,2025-01-08
Kolkata,Mouse,305.0,58971,17986155,2025-03-28
Ahmedabad,Camera,283.0,46343,13115069,2025-06-06
Kochi,Monitor,133.0,98667,13122711,2025-12-03
Hyderabad,Laptop,198.0,7007,1387386,2025-03-28
Lucknow,Jeans,495.0,28591,14152545,2025-04-21
Chennai,Speaker,106.0,35769,3791514,2025-11-14
Jaipur,Laptop,443.0,89917,39833231,2025-01-16
Mysuru,Headphones,332.0,23201,7702732,2025-10-26
Bengaluru,Shoes,130.0,80236,10430680,2025-05-23
Bhopal,Speaker,141.0,56049,7902909,2025-07-28
Kolkata,Mouse,130.0,29101,3783130,2025-08-10
Surat,Tablet,423.0,82237,34786251,2025-07-19
Mumbai,Laptop,262.0,87316,22876792,2025-06-18
Surat,Camera,312.0,37551,11715912,2025-05-22
Mumbai,Mouse,33.0,44577,1471041,2025-05-21
Kolkata,Printer,142.0,34729,4931518,2025-11-23
Mysuru,Speaker,153.0,25188,3853764,2025-03-17
Patna,Shoes,461.0,7941,3660801,2025-10-13
Surat,Backpack,349.0,18840,6575160,2025-12-01
Surat,Mouse,152.0,34503,5244456,2025-07-13
Pune,T-Shirt,19.0,76918,1461442,2025-12-19
Kochi,Shoes,176.0,95730,16848480,2025-12-08
Surat,Tablet,327.0,62855,20553585,2025-11-12
Jaipur,Watch,433.0,22780,9863740,2025-11-18
Delhi,Watch,50.0,62206,3110300,2025-03-24
Hyderabad,T-Shirt,414.0,73773,30542022,2025-03-22
Mysuru,Backpack,336.0,12204,4100544,2025-04-12
Chennai,T-Shirt,447.0,40750,18215250,2025-07-26
Mysuru,Backpack,191.0,34652,6618532,2025-10-10
Ahmedabad,Printer,61.0,62174,3792614,2025-01-28
Surat,Camera,298.0,81850,24391300,2025-02-16
Mysuru,Shoes,257.0,16204,4164428,2025-11-13
Jaipur,Watch,212.0,7586,1608232,2025-03-05
Chennai,Backpack,210.0,75132,15777720,2025-08-05
Kolkata,Printer,367.0,24139,8859013,2025-02-16
Kolkata,Speaker,91.0,41579,3783689,2025-11-02
Bengaluru,Mouse,141.0,27944,3940104,2025-03-19
Patna,Headphones,251.0,12039,3021789,2025-03-20
Pune,Speaker,220.0,53373,11742060,2025-07-16
Pune,Laptop,20.0,70463,1409260,2025-04-24
Kolkata,Laptop,457.0,42733,19528981,2025-09-07
Bengaluru,Speaker,3.0,82641,247923,2025-12-08
Chennai,T-Shirt,450.0,45634,20535300,2025-05-05
Mumbai,Keyboard,258.0,77658,20035764,2025-05-06
Mumbai,Printer,24.0,39585,950040,2025-05-15
Bhopal,Tablet,306.0,69197,21174282,2025-06-14
Mysuru,Speaker,69.0,45422,3134118,2025-08-12
Patna,Shoes,85.0,53373,4536705,2025-01-08
Chennai,T-Shirt,68.0,28181,1916308,2025-12-01
Lucknow,Tablet,87.0,16643,1447941,2025-06-23
Surat,Jeans,20.0,49677,993540,2025-11-09
Patna,Tablet,320.0,6868,2197760,2025-10-02
Surat,Smartphone,335.0,3087,1034145,2025-01-23
Mumbai,Keyboard,228.0,50340,11477520,2025-02-18
Hyderabad,Mouse,360.0,20570,7405200,2025-04-23
Surat,Speaker,5.0,39967,199835,2025-07-22
Mumbai,Speaker,267.0,35886,9581562,2025-10-20
Bhopal,Headphones,215.0,14251,3063965,2025-09-24
Lucknow,Smartphone,145.0,15443,2239235,2025-02-16
Chennai,Camera,103.0,34971,3602013,2025-09-07
Kolkata,T-Shirt,210.0,39212,8234520,2025-03-02
Jaipur,Mouse,467.0,27722,12946174,2025-12-16
Kolkata,Shoes,2.0,2171,4342,2025-11-03
Mysuru,Smartphone,428.0,75755,32423140,2025-11-16
Delhi,Smartphone,400.0,67570,27028000,2025-02-24
Bhopal,Smartphone,464.0,34040,15794560,2025-11-08
Ahmedabad,Watch,136.0,61353,8344008,2025-01-04
Kochi,Headphones,448.0,5670,2540160,2025-05-12
Patna,Speaker,161.0,56336,9070096,2025-12-04
Mumbai,Printer,389.0,6514,2533946,2025-01-28
Delhi,Speaker,332.0,22849,7585868,2025-06-12
Mysuru,Mouse,490.0,82001,40180490,2025-05-24
Mumbai,Backpack,418.0,45421,18985978,2025-03-04
Pune,Keyboard,493.0,60339,29747127,2025-05-27
Pune,T-Shirt,436.0,63184,27548224,2025-07-21
Mysuru,Jeans,86.0,15318,1317348,2025-03-23
Bhopal,Laptop,483.0,21392,10332336,2025-02-14
Mysuru,Camera,248.0,75072,18617856,2025-11-15
Delhi,Camera,195.0,47502,9262890,2025-10-01
Kochi,Speaker,451.0,95825,43217075,2025-03-16
Mysuru,Mouse,58.0,54407,3155606,2025-08-02
Mumbai,Watch,336.0,41687,14006832,2025-01-23
Kochi,Speaker,269.0,97968,26353392,2025-10-24
Lucknow,Shoes,490.0,88297,43265530,2025-06-17
Jaipur,T-Shirt,359.0,81533,29270347,2025-02-14
Surat,T-Shirt,128.0,63667,8149376,2025-06-22
Surat,Speaker,198.0,19984,3956832,2025-09-20
Bengaluru,Laptop,330.0,21068,6952440,2025-09-28
Ahmedabad,Printer,254.0,22179,5633466,2025-02-25
Ahmedabad,Backpack,124.0,43871,5440004,2025-05-02
Jaipur,Shoes,282.0,84820,23919240,2025-07-13
Kochi,Shoes,41.0,60674,2487634,2025-08-26
Lucknow,Mouse,46.0,65833,3028318,2025-08-11
Mumbai,Mouse,382.0,86138,32904716,2025-01-04
Pune,Keyboard,19.0,73524,1396956,2025-09-01
Kochi,Smartphone,406.0,79694,32355764,2025-10-21
Hyderabad,Monitor,261.0,74206,19367766,2025-04-21
Surat,Mouse,487.0,45176,22000712,2025-06-27
Bengaluru,Printer,115.0,60066,6907590,2025-06-18
Patna,Camera,308.0,62514,19254312,2025-12-22
Kolkata,T-Shirt,232.0,15445,3583240,2025-02-25
Surat,Shoes,2.0,45242,90484,2025-06-27
Surat,Jeans,150.0,72286,10842900,2025-09-12
Bhopal,Smartphone,24.0,22016,528384,2025-08-05
Kochi,T-Shirt,381.0,95076,36223956,2025-07-04
Hyderabad,Camera,101.0,25081,2533181,2025-02-28
Pune,Shoes,235.0,25479,5987565,2025-12-11
Mumbai,Jeans,213.0,6594,1404522,2025-11-27
Surat,Camera,64.0,59548,3811072,2025-08-22
Lucknow,Tablet,69.0,65882,4545858,2025-01-17
Bhopal,Laptop,284.0,57229,16253036,2025-10-16
Mysuru,Tablet,400.0,23726,9490400,2025-12-19
Delhi,T-Shirt,418.0,17327,7242686,2025-02-13
Surat,Camera,311.0,42684,13274724,2025-09-13
Pune,Camera,469.0,91269,42805161,2025-04-09
Pune,Backpack,497.0,39057,19411329,2025-08-26
Delhi,Headphones,212.0,79474,16848488,2025-12-24
Jaipur,Watch,432.0,92446,39936672,2025-09-28
Kolkata,T-Shirt,378.0,73059,27616302,2025-11-07
Chennai,Shoes,320.0,94135,30123200,2025-05-22
Kolkata,Monitor,345.0,17889,6171705,2025-12-21
Delhi,Tablet,278.0,91504,25438112,2025-11-11
Bhopal,Smartphone,390.0,46668,18200520,2025-09-16
Lucknow,Camera,483.0,87945,42477435,2025-12-14
Surat,T-Shirt,458.0,70479,32279382,2025-05-28
Pune,Jeans,7.0,69015,483105,2025-02-01
Pune,Headphones,28.0,88351,2473828,2025-01-07
Hyderabad,Jeans,403.0,21594,8702382,2025-05-22
Hyderabad,Headphones,430.0,8630,3710900,2025-12-26
Hyderabad,Shoes,386.0,71432,27572752,2025-01-12
Kochi,Mouse,53.0,81254,4306462,2025-11-24
Jaipur,Printer,115.0,97809,11248035,2025-11-18
Pune,Shoes,262.0,91742,24036404,2025-05-23
Surat,Laptop,475.0,50514,23994150,2025-07-14
Patna,Speaker,161.0,72868,11731748,2025-01-01
Bhopal,Watch,104.0,81838,8511152,2025-08-27
Chennai,Monitor,325.0,92857,30178525,2025-12-21
Kolkata,Jeans,302.0,72145,21787790,2025-12-20
Chennai,Jeans,372.0,25862,9620664,2025-05-15
Delhi,Speaker,39.0,25007,975273,2025-03-24
Jaipur,Smartphone,194.0,5826,1130244,2025-07-09
Jaipur,Watch,67.0,21593,1446731,2025-10-28
Hyderabad,Laptop,170.0,61622,10475740,2025-12-05
Bengaluru,Headphones,476.0,42787,20366612,2025-10-02
Patna,Monitor,321.0,81189,26061669,2025-11-10
Ahmedabad,Jeans,294.0,72610,21347340,2025-06-03
Patna,T-Shirt,163.0,69364,11306332,2025-04-06
Jaipur,Smartphone,403.0,66709,26883727,2025-03-14
Jaipur,Tablet,207.0,12551,2598057,2025-06-08
Mysuru,Shoes,340.0,44000,14960000,2025-06-12
Hyderabad,Shoes,487.0,99152,48287024,2025-10-17
Ahmedabad,Tablet,422.0,99083,41813026,2025-11-01
Mumbai,Speaker,178.0,58914,10486692,2025-04-21
Lucknow,Monitor,319.0,32458,10354102,2025-01-22
Mysuru,Backpack,196.0,15360,3010560,2025-07-09
Jaipur,T-Shirt,145.0,3738,542010,2025-09-27
Patna,Backpack,264.0,67180,17735520,2025-08-16
Bengaluru,Watch,460.0,85897,39512620,2025-04-11
Jaipur,Smartphone,486.0,13077,6355422,2025-03-25
Jaipur,Tablet,4.0,82673,330692,2025-02-07
Surat,Speaker,397.0,28441,11291077,2025-11-14
Kochi,Smartphone,106.0,70984,7524304,2025-12-24
Patna,Keyboard,332.0,9952,3304064,2025-12-22
Delhi,Laptop,236.0,94461,22292796,2025-06-02
Mumbai,Smartphone,28.0,23829,667212,2025-05-18
Mumbai,Camera,421.0,30337,12771877,2025-05-14
Pune,Mouse,323.0,53511,17284053,2025-07-11
Bengaluru,Keyboard,345.0,16006,5522070,2025-09-01
Surat,T-Shirt,317.0,8788,2785796,2025-12-19
Bengaluru,T-Shirt,435.0,10014,4356090,2025-06-17
Mumbai,Watch,403.0,90399,36430797,2025-05-20
Mumbai,Watch,392.0,57867,22683864,2025-07-13
Kochi,Speaker,16.0,62626,1002016,2025-03-18
Chennai,Headphones,383.0,51748,19819484,2025-09-10
Surat,Headphones,153.0,89273,13658769,2025-12-21
Kolkata,Laptop,284.0,73254,20804136,2025-03-04
Bengaluru,Laptop,294.0,78704,23138976,2025-07-18
Jaipur,Smartphone,157.0,28032,4401024,2025-12-24
Mysuru,T-Shirt,177.0,28252,5000604,2025-07-21
Kochi,Tablet,73.0,21596,1576508,2025-03-08
Lucknow,Printer,130.0,25970,3376100,2025-02-06
Surat,Jeans,291.0,7628,2219748,2025-09-15
Surat,Tablet,38.0,38596,1466648,2025-11-03
Hyderabad,Smartphone,102.0,95604,9751608,2025-10-16
Kolkata,Backpack,66.0,88488,5840208,2025-11-08
Mumbai,Watch,318.0,9649,3068382,2025-04-11
Ahmedabad,Mouse,169.0,81285,13737165,2025-11-10
Bhopal,Camera,79.0,74628,5895612,2025-10-12
Patna,Backpack,491.0,56639,27809749,2025-03-01
Kolkata,Shoes,403.0,29535,11902605,2025-12-24
Surat,Keyboard,142.0,47618,6761756,2025-03-22
Bhopal,Backpack,450.0,63408,28533600,2025-08-15
Kolkata,Jeans,157.0,64328,10099496,2025-09-04
Delhi,Speaker,311.0,11244,3496884,2025-05-28
Kochi,Headphones,457.0,71097,32491329,2025-04-09
Bhopal,Monitor,321.0,10522,3377562,2025-12-03
Mysuru,Laptop,435.0,66976,29134560,2025-11-01
Kochi,Camera,297.0,53601,15919497,2025-10-07
Mysuru,Laptop,283.0,34659,9808497,2025-09-18
Ahmedabad,Speaker,397.0,19981,7932457,2025-06-13
Chennai,Monitor,396.0,77780,30800880,2025-12-28
Hyderabad,Headphones,238.0,66183,15751554,2025-09-03
Pune,Backpack,258.0,1888,487104,2025-11-08
Kochi,Jeans,315.0,90174,28404810,2025-03-25
Jaipur,Headphones,229.0,21369,4893501,2025-03-19
Lucknow,Speaker,447.0,19662,8788914,2025-12-24
Ahmedabad,Backpack,21.0,29181,612801,2025-08-08
Mumbai,Watch,190.0,31173,5922870,2025-01-22
Chennai,Tablet,465.0,47849,22249785,2025-07-16
Mysuru,Mouse,452.0,6586,2976872,2025-01-21
Kolkata,Smartphone,361.0,68837,24850157,2025-11-27
Hyderabad,Printer,380.0,35013,13304940,2025-10-18
Lucknow,Headphones,193.0,86178,16632354,2025-07-12
Lucknow,Speaker,460.0,10702,4922920,2025-09-09
Pune,Monitor,115.0,68181,7840815,2025-07-12
Kochi,Printer,177.0,64313,11383401,2025-08-20
Bengaluru,Tablet,452.0,18714,8458728,2025-08-06
Chennai,Smartphone,264.0,84841,22398024,2025-05-07
Delhi,Headphones,81.0,47977,3886137,2025-10-23
Kochi,Smartphone,339.0,30691,10404249,2025-07-26
Kolkata,T-Shirt,59.0,63613,3753167,2025-11-16
Ahmedabad,Shoes,303.0,21634,6555102,2025-11-27
Pune,Laptop,125.0,6155,769375,2025-03-19
Lucknow,Headphones,69.0,83015,5728035,2025-09-02
Mysuru,Camera,76.0,7828,594928,2025-03-09
Mysuru,Headphones,265.0,53643,14215395,2025-10-19
Surat,Laptop,450.0,94812,42665400,2025-12-22
Kochi,Watch,485.0,11739,5693415,2025-04-15
Lucknow,Mouse,445.0,63633,28316685,2025-03-08
Kochi,Keyboard,308.0,19205,5915140,2025-10-27
Patna,Headphones,320.0,86961,27827520,2025-09-09
Delhi,T-Shirt,352.0,45414,15985728,2025-08-20
Lucknow,Smartphone,118.0,50072,5908496,2025-07-05
Mumbai,Laptop,104.0,69012,7177248,2025-09-22
Pune,Printer,77.0,79865,6149605,2025-02-06
Ahmedabad,Monitor,315.0,79118,24922170,2025-01-26
Jaipur,Tablet,386.0,15903,6138558,2025-02-16
Surat,Headphones,462.0,79598,36774276,2025-09-27
Bengaluru,Monitor,481.0,89440,43020640,2025-11-14
Jaipur,Keyboard,190.0,6193,1176670,2025-12-17
Pune,Shoes,481.0,63692,30635852,2025-07-12
Lucknow,Jeans,380.0,91818,34890840,2025-10-04
Pune,Headphones,131.0,63039,8258109,2025-04-28
Mumbai,Watch,307.0,71767,22032469,2025-07-09
Chennai,Laptop,364.0,97971,35661444,2025-01-19
Jaipur,Smartphone,267.0,1442,385014,2025-07-21
Chennai,T-Shirt,412.0,41905,17264860,2025-07-12
Mumbai,Headphones,219.0,85903,18812757,2025-10-09
Hyderabad,Printer,275.0,56017,15404675,2025-10-12
Lucknow,Watch,349.0,52595,18355655,2025-04-14
Jaipur,Jeans,286.0,63738,18229068,2025-03-12
Jaipur,Tablet,248.0,33763,8373224,2025-05-19
Kolkata,Jeans,362.0,52683,19071246,2025-12-05
Kochi,Printer,338.0,16108,5444504,2025-12-08
Ahmedabad,Jeans,359.0,21706,7792454,2025-02-07
Jaipur,Keyboard,403.0,44859,18078177,2025-09-20
Bhopal,Speaker,362.0,7322,2650564,2025-03-13
Surat,Laptop,412.0,12439,5124868,2025-03-16
Mysuru,Camera,223.0,12052,2687596,2025-02-09
Chennai,Backpack,41.0,80326,3293366,2025-01-24
Pune,Monitor,206.0,80973,16680438,2025-11-17
Hyderabad,T-Shirt,494.0,78811,38932634,2025-01-25
Kochi,Headphones,328.0,65297,21417416,2025-08-01
Chennai,Printer,337.0,68415,23055855,2025-05-07
Bengaluru,Jeans,307.0,67418,20697326,2025-09-23
Chennai,Camera,87.0,88845,7729515,2025-01-12
Chennai,Speaker,1.0,21136,21136,2025-02-09
Patna,Keyboard,181.0,88273,15977413,2025-07-13
Lucknow,Shoes,266.0,2514,668724,2025-12-23
Mumbai,Monitor,47.0,72536,3409192,2025-05-24
Kochi,Tablet,469.0,76906,36068914,2025-06-12
Kochi,Watch,116.0,79977,9277332,2025-04-15
Mysuru,Keyboard,295.0,1109,327155,2025-05-06
Pune,Tablet,55.0,73720,4054600,2025-02-17
Hyderabad,Backpack,485.0,15836,7680460,2025-09-09
Mysuru,Tablet,417.0,75852,31630284,2025-05-23
Ahmedabad,Keyboard,289.0,63890,18464210,2025-04-25
Kolkata,Jeans,235.0,89837,21111695,2025-08-19
Kochi,Laptop,247.0,15739,3887533,2025-05-03
Pune,Speaker,404.0,29385,11871540,2025-11-23
Chennai,Jeans,162.0,54557,8838234,2025-06-17
Jaipur,Laptop,359.0,35017,12571103,2025-04-10
Mumbai,Keyboard,345.0,98645,34032525,2025-06-03
Jaipur,Monitor,92.0,62963,5792596,2025-06-12
Chennai,Monitor,294.0,35768,10515792,2025-03-24
Surat,Monitor,466.0,25425,11848050,2025-08-24
Chennai,Shoes,377.0,32226,12149202,2025-05-07
Chennai,Shoes,428.0,33228,14221584,2025-10-12
Delhi,Jeans,55.0,16212,891660,2025-02-22
Surat,Mouse,315.0,1368,430920,2025-09-02
Kochi,Mouse,191.0,81852,15633732,2025-06-16
Mysuru,Monitor,460.0,75803,34869380,2025-05-16
Delhi,Jeans,469.0,67495,31655155,2025-05-13
Chennai,Jeans,296.0,17309,5123464,2025-01-17
Patna,Keyboard,245.0,71379,17487855,2025-01-17
Kolkata,Keyboard,441.0,90459,39892419,2025-03-15
Mumbai,T-Shirt,266.0,60802,16173332,2025-06-23
Bengaluru,Laptop,346.0,28123,9730558,2025-07-19
Mumbai,Backpack,186.0,80818,15032148,2025-05-06
Jaipur,Watch,122.0,35811,4368942,2025-08-20
Kolkata,Backpack,95.0,65874,6258030,2025-07-07
Pune,T-Shirt,386.0,49299,19029414,2025-06-28
Pune,Watch,231.0,24078,5562018,2025-10-05
Lucknow,Speaker,118.0,13590,1603620,2025-12-09
Patna,Shoes,285.0,57151,16288035,2025-07-07
Delhi,Jeans,492.0,97302,47872584,2025-03-16
Patna,Laptop,91.0,55749,5073159,2025-08-05
Mysuru,Printer,323.0,68265,22049595,2025-09-24
Kolkata,Jeans,250.0,39826,9956500,2025-05-18
Kochi,Camera,25.0,52719,1317975,2025-02-23
Delhi,Laptop,111.0,33830,3755130,2025-08-27
Surat,Smartphone,231.0,98095,22659945,2025-06-09
Kolkata,Backpack,287.0,73571,21114877,2025-05-12
Bengaluru,Keyboard,63.0,46518,2930634,2025-11-20
Chennai,Camera,295.0,85679,25275305,2025-11-18
Delhi,Jeans,146.0,47044,6868424,2025-06-22
Jaipur,Mouse,397.0,97037,38523689,2025-08-03
Pune,Camera,147.0,61284,9008748,2025-11-05
Kochi,Headphones,328.0,44722,14668816,2025-07-21
Lucknow,Camera,208.0,9851,2049008,2025-02-06
Kolkata,Shoes,161.0,42033,6767313,2025-11-10
Bhopal,Watch,310.0,84994,26348140,2025-07-09
Mysuru,Mouse,400.0,48100,19240000,2025-12-19
Jaipur,Mouse,212.0,22430,4755160,2025-03-28
Bengaluru,Headphones,373.0,31253,11657369,2025-11-09
Bhopal,T-Shirt,384.0,10994,4221696,2025-04-06
Pune,Smartphone,49.0,8861,434189,2025-08-18
Bengaluru,Laptop,395.0,52537,20752115,2025-09-25
Mumbai,Smartphone,135.0,81515,11004525,2025-03-03
Surat,Monitor,454.0,51597,23425038,2025-05-08
Chennai,T-Shirt,146.0,58585,8553410,2025-11-05
Delhi,Tablet,430.0,22861,9830230,2025-01-02
Surat,Backpack,441.0,43124,19017684,2025-08-15
Kochi,Tablet,479.0,36205,17342195,2025-09-15
Delhi,T-Shirt,277.0,23704,6566008,2025-10-20
Ahmedabad,Speaker,384.0,83842,32195328,2025-10-14
Jaipur,Speaker,328.0,70464,23112192,2025-05-12
Ahmedabad,Tablet,117.0,12238,1431846,2025-08-10
Kolkata,Keyboard,134.0,20910,2801940,2025-05-01
Bengaluru,Tablet,418.0,99891,41754438,2025-03-12
Hyderabad,Mouse,274.0,1590,435660,2025-12-16
Patna,Mouse,154.0,1697,261338,2025-07-26
Hyderabad,Camera,119.0,1446,172074,2025-09-12
Chennai,Keyboard,452.0,73972,33435344,2025-07-13
Chennai,Headphones,367.0,97115,35641205,2025-11-13
Kochi,Keyboard,113.0,34969,3951497,2025-02-14
Surat,Shoes,265.0,80875,21431875,2025-12-22
Hyderabad,Watch,333.0,97876,32592708,2025-09-26
Hyderabad,Keyboard,97.0,9473,918881,2025-03-05
Hyderabad,Smartphone,327.0,60182,19679514,2025-10-15
Hyderabad,T-Shirt,319.0,64986,20730534,2025-04-11
Bengaluru,Headphones,26.0,70619,1836094,2025-01-06
Mumbai,Watch,138.0,16889,2330682,2025-12-15
Bhopal,Laptop,120.0,12322,1478640,2025-03-01
Ahmedabad,Shoes,176.0,55582,9782432,2025-05-26
Patna,Mouse,191.0,61276,11703716,2025-12-26
Bengaluru,Backpack,42.0,98878,4152876,2025-03-02
Hyderabad,Jeans,201.0,9856,1981056,2025-09-16
Delhi,Shoes,459.0,33278,15274602,2025-07-27
Bengaluru,Smartphone,499.0,94174,46992826,2025-04-13
Patna,Mouse,127.0,97181,12341987,2025-01-07
Ahmedabad,T-Shirt,395.0,12815,5061925,2025-09-22
Chennai,Mouse,200.0,89818,17963600,2025-05-11
Delhi,Speaker,373.0,6029,2248817,2025-12-18
Jaipur,Smartphone,130.0,63575,8264750,2025-11-10
Chennai,Backpack,455.0,7327,3333785,2025-11-07
Mumbai,Shoes,325.0,57406,18656950,2025-06-01
Delhi,Jeans,142.0,77137,10953454,2025-02-13
Patna,Shoes,5.0,6004,30020,2025-10-26
Bhopal,Mouse,353.0,78646,27762038,2025-03-12
Patna,Smartphone,128.0,21169,2709632,2025-08-03
Surat,Camera,174.0,82437,14344038,2025-01-02
Kolkata,Speaker,79.0,92424,7301496,2025-09-26
Mumbai,Headphones,250.0,30997,7749250,2025-06-18
Patna,Speaker,388.0,46023,17856924,2025-08-24
Chennai,Laptop,353.0,50014,17654942,2025-06-24
Delhi,Watch,461.0,5675,2616175,2025-08-23
Ahmedabad,Tablet,151.0,71637,10817187,2025-12-16
Chennai,Camera,96.0,71753,6888288,2025-06-11
Bhopal,Mouse,141.0,78970,11134770,2025-09-06
Mumbai,Tablet,80.0,59401,4752080,2025-05-27
Hyderabad,Tablet,188.0,60017,11283196,2025-01-25
Surat,Tablet,195.0,96661,18848895,2025-03-01
Lucknow,Printer,187.0,81790,15294730,2025-04-11
Bhopal,Smartphone,338.0,71142,24045996,2025-07-07
Jaipur,Speaker,255.0,72781,18559155,2025-03-20
Hyderabad,Backpack,210.0,84504,17745840,2025-06-04
Mumbai,Tablet,338.0,9239,3122782,2025-01-27
Delhi,Headphones,448.0,4599,2060352,2025-04-04
Ahmedabad,Shoes,51.0,4670,238170,2025-10-21
Kochi,Keyboard,337.0,64713,21808281,2025-09-20
Bhopal,Camera,132.0,6933,915156,2025-06-08
Lucknow,T-Shirt,37.0,2215,81955,2025-04-21
Ahmedabad,Monitor,456.0,10980,5006880,2025-08-26
Surat,Laptop,185.0,73640,13623400,2025-12-14
Kochi,Backpack,407.0,93355,37995485,2025-01-27
Lucknow,Watch,271.0,5828,1579388,2025-12-03
Kochi,Watch,40.0,28798,1151920,2025-09-04
Mumbai,T-Shirt,119.0,70185,8352015,2025-07-07
Chennai,Tablet,337.0,33105,11156385,2025-10-21
Delhi,Tablet,384.0,73656,28283904,2025-07-24
Mumbai,Jeans,327.0,76071,24875217,2025-06-22
Ahmedabad,T-Shirt,341.0,56477,19258657,2025-02-06
Patna,Headphones,282.0,53132,14983224,2025-09-11
Surat,Headphones,274.0,79132,21682168,2025-08-12
Mysuru,Backpack,282.0,43053,12140946,2025-06-14
Patna,Speaker,221.0,95640,21136440,2025-06-20
Chennai,Camera,280.0,28539,7990920,2025-07-25
Jaipur,Monitor,382.0,33803,12912746,2025-06-15
Ahmedabad,Keyboard,1.0,95699,95699,2025-01-10
Lucknow,Laptop,266.0,18205,4842530,2025-05-01
Hyderabad,Shoes,110.0,41775,4595250,2025-01-25
Kochi,T-Shirt,422.0,36670,15474740,2025-09-17
Jaipur,Camera,475.0,75422,35825450,2025-03-04
Bengaluru,Mouse,183.0,20961,3835863,2025-03-09
Kolkata,Monitor,299.0,33249,9941451,2025-04-09
Patna,Watch,48.0,75274,3613152,2025-07-19
Mysuru,Shoes,376.0,10618,3992368,2025-12-11
Patna,Mouse,89.0,64499,5740411,2025-12-23
Lucknow,Printer,465.0,12999,6044535,2025-10-21
Hyderabad,Laptop,375.0,76034,28512750,2025-07-03
Patna,Laptop,472.0,44329,20923288,2025-06-27
Pune,Keyboard,477.0,16299,7774623,2025-04-24
Surat,Printer,309.0,1998,617382,2025-11-25
Surat,Keyboard,28.0,40448,1132544,2025-09-02
Kolkata,Tablet,290.0,20105,5830450,2025-06-17
Bhopal,Shoes,79.0,7121,562559,2025-11-24
Pune,Mouse,386.0,78505,30302930,2025-10-17
Mumbai,Shoes,222.0,38482,8543004,2025-07-05
Delhi,Backpack,43.0,62871,2703453,2025-10-24
Bengaluru,Tablet,205.0,34913,7157165,2025-02-13
Jaipur,Keyboard,397.0,91971,36512487,2025-03-25
Delhi,Mouse,287.0,26466,7595742,2025-08-13
Surat,Camera,101.0,74053,7479353,2025-10-24
Jaipur,Shoes,125.0,9890,1236250,2025-05-25
Pune,Backpack,351.0,75999,26675649,2025-02-04
Surat,Keyboard,217.0,48376,10497592,2025-06-07
Kolkata,Backpack,305.0,86405,26353525,2025-01-25
Hyderabad,Headphones,180.0,81269,14628420,2025-08-20
Delhi,Mouse,23.0,31103,715369,2025-04-22
Kolkata,Headphones,388.0,95984,37241792,2025-02-04
Bhopal,Laptop,125.0,81896,10237000,2025-03-28
Kochi,Printer,148.0,2300,340400,2025-06-23
Patna,Smartphone,157.0,59490,9339930,2025-08-01
Kolkata,Shoes,379.0,71017,26915443,2025-04-07
Jaipur,Tablet,385.0,34402,13244770,2025-09-16
Lucknow,T-Shirt,73.0,91604,6687092,2025-12-22
Bengaluru,Keyboard,299.0,87469,26153231,2025-09-02
Hyderabad,Headphones,31.0,37726,1169506,2025-04-26
Bhopal,Camera,139.0,7457,1036523,2025-08-21
Bengaluru,Smartphone,199.0,87056,17324144,2025-05-22
Kochi,Monitor,338.0,47714,16127332,2025-02-01
Hyderabad,Printer,453.0,85619,38785407,2025-07-08
Pune,Tablet,364.0,13555,4934020,2025-06-16
Kochi,Camera,273.0,12037,3286101,2025-03-07
Jaipur,Mouse,288.0,93884,27038592,2025-01-02
Chennai,Monitor,272.0,40467,11007024,2025-06-16
Pune,T-Shirt,81.0,2908,235548,2025-06-22
Kolkata,Backpack,321.0,40126,12880446,2025-04-17
Hyderabad,Jeans,32.0,82523,2640736,2025-05-13
Mysuru,Printer,16.0,73237,1171792,2025-05-08
Delhi,Backpack,460.0,51991,23915860,2025-11-05
Mumbai,T-Shirt,196.0,68751,13475196,2025-11-20
Kochi,Speaker,352.0,30309,10668768,2025-07-08
Lucknow,Headphones,219.0,41444,9076236,2025-10-11
Ahmedabad,Tablet,68.0,27600,1876800,2025-11-05
Lucknow,Tablet,351.0,27017,9482967,2025-03-10
Bhopal,T-Shirt,461.0,69156,31880916,2025-03-14
Mysuru,Jeans,75.0,86513,6488475,2025-10-06
Kolkata,Smartphone,286.0,70356,20121816,2025-12-04
Delhi,Backpack,430.0,19573,8416390,2025-12-01
Patna,Backpack,451.0,54769,24700819,2025-07-10
Ahmedabad,T-Shirt,479.0,83972,40222588,2025-12-09
Delhi,Jeans,97.0,14494,1405918,2025-03-06
Bengaluru,Jeans,314.0,81364,25548296,2025-05-20
Lucknow,Camera,119.0,78666,9361254,2025-04-08
Surat,Laptop,184.0,10917,2008728,2025-12-25
Ahmedabad,Headphones,258.0,79760,20578080,2025-08-23
Surat,Backpack,95.0,51285,4872075,2025-08-16
Delhi,Headphones,99.0,30158,2985642,2025-01-14
Patna,Laptop,474.0,35870,17002380,2025-07-08
Bhopal,Speaker,104.0,99823,10381592,2025-04-03
Delhi,Monitor,489.0,58077,28399653,2025-10-16
Bhopal,Backpack,444.0,60471,26849124,2025-04-14
Pune,Jeans,22.0,80182,1764004,2025-12-27
Pune,T-Shirt,161.0,52162,8398082,2025-10-24
Lucknow,Camera,275.0,69343,19069325,2025-11-23
Patna,Laptop,267.0,14828,3959076,2025-08-15
Kochi,Monitor,22.0,32707,719554,2025-09-18
Pune,T-Shirt,21.0,73598,1545558,2025-07-17
Patna,Speaker,493.0,6961,3431773,2025-04-10
Ahmedabad,Keyboard,453.0,40418,18309354,2025-05-15
Delhi,Keyboard,151.0,80864,12210464,2025-01-23
Jaipur,Monitor,73.0,61262,4472126,2025-11-15
Mumbai,T-Shirt,257.0,15333,3940581,2025-03-25
Lucknow,Monitor,357.0,72118,25746126,2025-03-13
Pune,Backpack,231.0,3765,869715,2025-03-15
Lucknow,Monitor,365.0,26967,9842955,2025-08-03
Hyderabad,Backpack,355.0,85510,30356050,2025-12-26
Delhi,T-Shirt,376.0,16693,6276568,2025-02-04
Bhopal,Mouse,325.0,48071,15623075,2025-02-17
Bhopal,Keyboard,373.0,67565,25201745,2025-10-06
Pune,Tablet,195.0,6254,1219530,2025-03-11
Lucknow,Printer,338.0,20172,6818136,2025-03-28
Delhi,Headphones,394.0,93829,36968626,2025-01-14
Hyderabad,Watch,374.0,58991,22062634,2025-05-21
Delhi,Smartphone,461.0,17745,8180445,2025-04-01
Lucknow,Jeans,130.0,2100,273000,2025-08-16
Kochi,Mouse,279.0,1253,349587,2025-10-16
Chennai,Shoes,302.0,86938,26255276,2025-08-15
Pune,Mouse,41.0,79302,3251382,2025-10-01
Chennai,Monitor,281.0,36952,10383512,2025-10-21
Jaipur,Printer,423.0,27715,11723445,2025-01-06
Delhi,Laptop,335.0,46246,15492410,2025-01-05
Kochi,Laptop,342.0,76271,26084682,2025-10-10
Kolkata,Monitor,45.0,6926,311670,2025-02-14
Delhi,Headphones,345.0,37774,13032030,2025-10-22
Bhopal,T-Shirt,305.0,75510,23030550,2025-09-06
Ahmedabad,T-Shirt,297.0,47710,14169870,2025-01-03
Patna,Watch,166.0,48809,8102294,2025-07-27
Mumbai,Jeans,219.0,72651,15910569,2025-02-10
Ahmedabad,Headphones,63.0,91545,5767335,2025-05-11
Jaipur,Keyboard,269.0,28004,7533076,2025-12-07
Lucknow,Laptop,56.0,75390,4221840,2025-12-21
Jaipur,Smartphone,248.0,95405,23660440,2025-12-20
Mysuru,Jeans,362.0,38142,13807404,2025-07-20
Kochi,Backpack,133.0,69364,9225412,2025-10-20
Kolkata,Monitor,67.0,81016,5428072,2025-10-16
Jaipur,T-Shirt,324.0,65739,21299436,2025-08-26
Delhi,Monitor,313.0,31003,9703939,2025-12-10
Chennai,Laptop,61.0,3643,222223,2025-08-21
Patna,Smartphone,378.0,27675,10461150,2025-10-14
Pune,Laptop,171.0,46329,7922259,2025-09-26
Surat,Shoes,6.0,84467,506802,2025-04-23
Hyderabad,Watch,405.0,9391,3803355,2025-05-10
Jaipur,Tablet,166.0,1303,216298,2025-02-22
Kolkata,Backpack,203.0,95448,19375944,2025-10-20
Bengaluru,Printer,90.0,25930,2333700,2025-06-27
Kolkata,Monitor,345.0,63297,21837465,2025-08-26
Bengaluru,Speaker,70.0,63610,4452700,2025-03-21
Ahmedabad,Monitor,443.0,70881,31400283,2025-06-15
Patna,Printer,212.0,97832,20740384,2025-01-27
Jaipur,Watch,290.0,95522,27701380,2025-11-11
Jaipur,Tablet,10.0,27797,277970,2025-10-22
Kolkata,Jeans,470.0,46846,22017620,2025-02-05
Hyderabad,Printer,16.0,44953,719248,2025-07-21
Jaipur,Printer,85.0,75339,6403815,2025-10-13
Delhi,Camera,60.0,99005,5940300,2025-05-23
Kochi,Backpack,364.0,4645,1690780,2025-05-14
Mumbai,Mouse,450.0,31648,14241600,2025-06-15
Kochi,Watch,111.0,69325,7695075,2025-05-06
Mumbai,Backpack,402.0,5401,2171202,2025-04-03
Ahmedabad,Tablet,13.0,63763,828919,2025-09-05
Chennai,Backpack,473.0,63869,30210037,2025-12-28
Jaipur,Watch,398.0,43404,17274792,2025-03-25
Kochi,Smartphone,421.0,68152,28691992,2025-11-05
Chennai,T-Shirt,19.0,60710,1153490,2025-07-23
Kochi,Tablet,60.0,1038,62280,2025-05-02
Surat,Printer,305.0,11913,3633465,2025-06-15
Mysuru,Laptop,53.0,68733,3642849,2025-11-24
Hyderabad,Laptop,296.0,99917,29575432,2025-05-21
Mysuru,Shoes,165.0,26787,4419855,2025-04-10
Hyderabad,Tablet,164.0,58317,9563988,2025-11-04
Hyderabad,Headphones,81.0,36366,2945646,2025-02-01
Lucknow,Tablet,264.0,13918,3674352,2025-04-18
Kolkata,Tablet,164.0,36027,5908428,2025-03-23
Patna,Watch,294.0,32589,9581166,2025-03-03
Hyderabad,Camera,457.0,44899,20518843,2025-09-15
Bengaluru,Headphones,15.0,62200,933000,2025-11-02
Mumbai,Keyboard,28.0,11787,330036,2025-07-13
Delhi,T-Shirt,306.0,78193,23927058,2025-11-27
Bhopal,T-Shirt,229.0,81281,18613349,2025-06-10
Kolkata,Printer,102.0,93941,9581982,2025-11-26
Jaipur,Smartphone,499.0,99556,49678444,2025-08-19
Delhi,Smartphone,417.0,92066,38391522,2025-08-04
Ahmedabad,Watch,351.0,84965,29822715,2025-12-25
Ahmedabad,Mouse,119.0,29833,3550127,2025-03-28
Mysuru,Camera,133.0,48138,6402354,2025-07-06
Bhopal,Monitor,341.0,43796,14934436,2025-06-15
Ahmedabad,Laptop,34.0,62803,2135302,2025-02-12
Ahmedabad,Mouse,434.0,22887,9932958,2025-05-25
Kolkata,Camera,295.0,17197,5073115,2025-09-04
Pune,Printer,366.0,14522,5315052,2025-06-18
Surat,Smartphone,406.0,40099,16280194,2025-09-15
Pune,Camera,212.0,31770,6735240,2025-10-08
Jaipur,Headphones,499.0,63725,31798775,2025-07-03
Kolkata,Shoes,417.0,91471,38143407,2025-10-14
Patna,Keyboard,291.0,45352,13197432,2025-09-23
Chennai,Headphones,340.0,88266,30010440,2025-02-24
Mysuru,T-Shirt,294.0,64283,18899202,2025-02-19
Lucknow,Mouse,167.0,73256,12233752,2025-02-27
Ahmedabad,Headphones,158.0,53688,8482704,2025-02-20
Mumbai,Speaker,417.0,78672,32806224,2025-07-11
Ahmedabad,Speaker,339.0,8558,2901162,2025-02-07
Kochi,Headphones,455.0,76622,34863010,2025-11-26
Bengaluru,Jeans,76.0,87123,6621348,2025-03-15
Jaipur,Watch,200.0,81184,16236800,2025-10-15
Chennai,Shoes,349.0,41997,14656953,2025-05-19
Patna,Monitor,348.0,40417,14065116,2025-07-23
Mysuru,Backpack,46.0,76879,3536434,2025-01-20
Jaipur,Keyboard,434.0,17218,7472612,2025-05-02
Kolkata,Monitor,282.0,7463,2104566,2025-01-23
Jaipur,Printer,184.0,14878,2737552,2025-05-28
Bengaluru,Shoes,222.0,92541,20544102,2025-10-13
Surat,Backpack,365.0,50673,18495645,2025-07-13
Pune,Tablet,109.0,87333,9519297,2025-03-16
Delhi,Shoes,285.0,50909,14509065,2025-06-27
Pune,Headphones,148.0,88326,13072248,2025-03-05
Bengaluru,Smartphone,332.0,2558,849256,2025-03-24
Mysuru,Mouse,337.0,57743,19459391,2025-03-03
Delhi,Speaker,413.0,55007,22717891,2025-08-26
Bhopal,Camera,477.0,56297,26853669,2025-10-06
Ahmedabad,Tablet,218.0,72858,15883044,2025-08-13
Kolkata,Shoes,96.0,56175,5392800,2025-10-01
Lucknow,Mouse,434.0,96302,41795068,2025-04-23
Jaipur,Watch,211.0,72087,15210357,2025-10-12
Bengaluru,Laptop,291.0,63842,18578022,2025-12-12
Mumbai,Camera,247.0,91004,22477988,2025-02-05
Bhopal,T-Shirt,270.0,98880,26697600,2025-05-15
Jaipur,Smartphone,268.0,80463,21564084,2025-02-08
Ahmedabad,Speaker,380.0,87497,33248860,2025-11-03
Surat,Speaker,277.0,76473,21183021,2025-05-20
Bengaluru,Monitor,176.0,70627,12430352,2025-01-16
Ahmedabad,Tablet,464.0,62003,28769392,2025-10-24
Kolkata,Keyboard,181.0,39116,7079996,2025-05-06
Bengaluru,T-Shirt,473.0,78833,37288009,2025-12-10
Bhopal,Jeans,289.0,34636,10009804,2025-01-21
Ahmedabad,Camera,87.0,75585,6575895,2025-01-22
Hyderabad,Jeans,378.0,82330,31120740,2025-01-10
Ahmedabad,Smartphone,65.0,66769,4339985,2025-02-28
Patna,Watch,130.0,17872,2323360,2025-10-09
Hyderabad,Printer,132.0,2361,311652,2025-12-04
Lucknow,Headphones,466.0,78064,36377824,2025-12-05
Surat,Mouse,190.0,23489,4462910,2025-05-26
Bhopal,Shoes,249.0,24199,6025551,2025-09-28
Bengaluru,Backpack,44.0,19514,858616,2025-10-27
Delhi,Printer,254.0,99165,25187910,2025-07-25
Pune,Shoes,339.0,58195,19728105,2025-12-21
Delhi,Shoes,296.0,96754,28639184,2025-06-02
Surat,Watch,387.0,15703,6077061,2025-01-06
Ahmedabad,Keyboard,244.0,40000,9760000,2025-08-24
Patna,Monitor,273.0,31126,8497398,2025-07-22
Bhopal,Keyboard,243.0,34922,8486046,2025-03-17
Kochi,Keyboard,7.0,38352,268464,2025-08-13
Surat,Backpack,493.0,70001,34510493,2025-11-02
Mumbai,Monitor,273.0,84048,22945104,2025-06-28
Pune,Camera,471.0,85967,40490457,2025-05-11
Hyderabad,Watch,411.0,13381,5499591,2025-05-21
Lucknow,Keyboard,237.0,89011,21095607,2025-12-08
Bhopal,Speaker,302.0,26049,7866798,2025-09-11
Surat,T-Shirt,93.0,41560,3865080,2025-09-01
Surat,Laptop,426.0,9406,4006956,2025-01-14
Mumbai,Tablet,54.0,90349,4878846,2025-08-12
Chennai,T-Shirt,146.0,33516,4893336,2025-04-02
Bengaluru,Camera,48.0,7955,381840,2025-10-22
Mysuru,Printer,112.0,79062,8854944,2025-11-04
Bhopal,Smartphone,45.0,79757,3589065,2025-03-13
Surat,Jeans,461.0,85422,39379542,2025-10-26
Delhi,Monitor,57.0,91680,5225760,2025-03-09
Hyderabad,Mouse,339.0,10424,3533736,2025-11-15
Mysuru,Watch,394.0,56465,22247210,2025-12-22
Patna,Jeans,166.0,34229,5682014,2025-03-25
Mumbai,Watch,398.0,8677,3453446,2025-07-13
Kolkata,Laptop,133.0,35190,4680270,2025-03-15
Mumbai,Mouse,476.0,26802,12757752,2025-10-13
Delhi,Speaker,252.0,14712,3707424,2025-03-18
Patna,Keyboard,112.0,80973,9068976,2025-11-04
Mysuru,Mouse,367.0,34447,12642049,2025-02-02
Mumbai,Smartphone,293.0,95860,28086980,2025-05-25
Ahmedabad,Laptop,460.0,65734,30237640,2025-03-21
Surat,Laptop,478.0,5459,2609402,2025-11-13
Hyderabad,Headphones,359.0,43731,15699429,2025-07-19
Bengaluru,Tablet,363.0,64814,23527482,2025-08-14
Pune,Printer,373.0,9688,3613624,2025-09-08
Bengaluru,Keyboard,489.0,90842,44421738,2025-08-04
Lucknow,Tablet,479.0,47544,22773576,2025-06-22
Hyderabad,Keyboard,29.0,83373,2417817,2025-11-03
Kolkata,Tablet,437.0,45072,19696464,2025-02-27
Ahmedabad,Jeans,393.0,38505,15132465,2025-11-07
Delhi,Tablet,21.0,50853,1067913,2025-11-07
Hyderabad,T-Shirt,200.0,14494,2898800,2025-11-23
Kolkata,Mouse,44.0,83441,3671404,2025-08-24
Chennai,Headphones,19.0,25809,490371,2025-01-24
Lucknow,Shoes,251.0,51456,12915456,2025-02-26
Jaipur,Speaker,158.0,65994,10427052,2025-09-27
Patna,Mouse,495.0,2651,1312245,2025-01-11
Bengaluru,Backpack,404.0,95004,38381616,2025-01-13
Mumbai,Shoes,414.0,86201,35687214,2025-11-17
Ahmedabad,Speaker,446.0,70828,31589288,2025-03-24
Lucknow,Shoes,474.0,9941,4712034,2025-01-24
Delhi,Mouse,335.0,2998,1004330,2025-08-20
Bengaluru,Shoes,360.0,85537,30793320,2025-03-01
Delhi,Speaker,26.0,40783,1060358,2025-02-15
Lucknow,Headphones,428.0,77969,33370732,2025-02-27
Kochi,Smartphone,59.0,65661,3873999,2025-10-26
Lucknow,Shoes,33.0,27060,892980,2025-07-11
Patna,Printer,378.0,89418,33800004,2025-07-11
Mumbai,Speaker,295.0,72050,21254750,2025-03-11
Kochi,Jeans,110.0,6475,712250,2025-10-06
Kolkata,Smartphone,62.0,36399,2256738,2025-03-25
Pune,Headphones,357.0,48987,17488359,2025-09-06
Ahmedabad,Shoes,474.0,76782,36394668,2025-01-05
Mumbai,Jeans,434.0,83363,36179542,2025-10-13
Patna,Headphones,9.0,64327,578943,2025-02-01
Bengaluru,Headphones,475.0,12183,5786925,2025-12-21
Lucknow,Monitor,146.0,55055,8038030,2025-12-26
Patna,Jeans,244.0,91248,22264512,2025-03-07
Delhi,Speaker,139.0,69062,9599618,2025-08-14
Chennai,Headphones,313.0,91159,28532767,2025-01-20
Delhi,T-Shirt,256.0,80722,20664832,2025-02-21
Kochi,Jeans,155.0,46093,7144415,2025-07-01
Jaipur,Shoes,99.0,15901,1574199,2025-09-04
Lucknow,Backpack,442.0,71242,31488964,2025-09-08
Ahmedabad,Jeans,321.0,86919,27900999,2025-04-09
Bengaluru,Shoes,58.0,20058,1163364,2025-11-28
Mysuru,Mouse,255.0,23611,6020805,2025-03-22
Mysuru,Laptop,28.0,85023,2380644,2025-06-10
Chennai,Keyboard,129.0,44316,5716764,2025-10-26
Mysuru,Jeans,233.0,6177,1439241,2025-02-24
Bengaluru,Monitor,276.0,23553,6500628,2025-03-26
Bengaluru,Mouse,264.0,15712,4147968,2025-02-08
Bhopal,Mouse,304.0,76490,23252960,2025-06-14
Chennai,T-Shirt,347.0,43188,14986236,2025-04-25
Mumbai,Backpack,117.0,13353,1562301,2025-04-24
Pune,Printer,103.0,49721,5121263,2025-04-03
Ahmedabad,Camera,249.0,7622,1897878,2025-07-05
Chennai,Monitor,313.0,60136,18822568,2025-03-13
Kolkata,Headphones,235.0,94848,22289280,2025-04-21
Kolkata,Watch,104.0,44525,4630600,2025-03-02
Bhopal,Camera,31.0,37279,1155649,2025-03-04
Kochi,Mouse,235.0,55317,12999495,2025-03-25
Kolkata,Shoes,454.0,39187,17790898,2025-10-06
Patna,Jeans,327.0,80654,26373858,2025-03-19
Jaipur,Printer,118.0,11834,1396412,2025-07-28
Jaipur,Mouse,442.0,28869,12760098,2025-10-16
Kochi,Mouse,143.0,2401,343343,2025-12-14
Bhopal,Printer,127.0,32983,4188841,2025-06-14
Lucknow,Shoes,457.0,78064,35675248,2025-03-19
Mysuru,Laptop,214.0,6296,1347344,2025-01-16
Bhopal,Jeans,259.0,4906,1270654,2025-07-17
Pune,Mouse,415.0,91811,38101565,2025-02-15
Ahmedabad,Shoes,43.0,73702,3169186,2025-01-23
Bhopal,Keyboard,487.0,29074,14159038,2025-03-12
Hyderabad,Shoes,332.0,12392,4114144,2025-01-16
Surat,Watch,83.0,92683,7692689,2025-08-28
Lucknow,T-Shirt,299.0,3699,1106001,2025-08-15
Patna,Headphones,448.0,92661,41512128,2025-07-06
Patna,Printer,190.0,82657,15704830,2025-08-23
Surat,Laptop,441.0,82722,36480402,2025-02-13
Mysuru,T-Shirt,171.0,70088,11985048,2025-01-10
Pune,Jeans,139.0,91995,12787305,2025-10-18
Lucknow,Jeans,107.0,90240,9655680,2025-02-20
Mysuru,Backpack,377.0,7684,2896868,2025-09-22
Kolkata,Monitor,27.0,15044,406188,2025-07-12
Ahmedabad,Camera,21.0,48416,1016736,2025-06-06
Surat,Tablet,361.0,9282,3350802,2025-09-23
Patna,Shoes,71.0,44399,3152329,2025-04-18
Mumbai,Speaker,245.0,97149,23801505,2025-10-28
Bhopal,Shoes,386.0,98150,37885900,2025-04-11
Kolkata,Monitor,137.0,66503,9110911,2025-11-14
Hyderabad,Laptop,33.0,49365,1629045,2025-06-15
Ahmedabad,Tablet,270.0,16583,4477410,2025-08-23
Jaipur,Speaker,423.0,70342,29754666,2025-05-15
Lucknow,Backpack,410.0,88751,36387910,2025-12-26
Mysuru,Smartphone,97.0,60514,5869858,2025-02-03
Pune,Monitor,92.0,38297,3523324,2025-02-04
Delhi,Watch,58.0,91867,5328286,2025-03-16
Delhi,Printer,105.0,68747,7218435,2025-11-01
Hyderabad,Keyboard,497.0,89943,44701671,2025-09-05
Ahmedabad,Backpack,216.0,58677,12674232,2025-12-21
Bengaluru,Watch,97.0,8750,848750,2025-01-28
Patna,Shoes,428.0,68607,29363796,2025-11-11
Pune,Camera,176.0,86451,15215376,2025-11-26
Kolkata,Mouse,304.0,87774,26683296,2025-12-17
Kochi,Tablet,228.0,60531,13801068,2025-05-19
Delhi,Monitor,405.0,40672,16472160,2025-03-26
Hyderabad,Shoes,248.0,49245,12212760,2025-05-25
Kochi,Laptop,76.0,46784,3555584,2025-05-15
Delhi,Camera,474.0,21575,10226550,2025-12-18
Hyderabad,Headphones,499.0,23484,11718516,2025-12-23
Mysuru,Speaker,407.0,20617,8391119,2025-03-08
Mumbai,Laptop,163.0,75804,12356052,2025-03-15
Hyderabad,Backpack,95.0,27390,2602050,2025-09-23
Bengaluru,Speaker,163.0,45568,7427584,2025-03-12
Ahmedabad,Tablet,500.0,21811,10905500,2025-09-10
Mumbai,Monitor,13.0,53526,695838,2025-08-25
Delhi,Mouse,476.0,42471,20216196,2025-03-01
Bhopal,Tablet,500.0,67007,33503500,2025-06-21
Bhopal,Watch,243.0,38488,9352584,2025-10-22
Delhi,Jeans,290.0,95991,27837390,2025-08-11
Bhopal,Smartphone,375.0,63281,23730375,2025-01-05
Surat,Tablet,60.0,40880,2452800,2025-01-13
Lucknow,Printer,113.0,58954,6661802,2025-06-03
Kolkata,Laptop,312.0,84558,26382096,2025-04-19
Jaipur,Shoes,401.0,36928,14808128,2025-04-01
Mumbai,Tablet,435.0,58887,25615845,2025-11-22
Mumbai,Tablet,202.0,25986,5249172,2025-08-11
Lucknow,Camera,262.0,7846,2055652,2025-11-12
Pune,Headphones,367.0,56551,20754217,2025-06-13
Kolkata,Laptop,146.0,45709,6673514,2025-06-10
Ahmedabad,Printer,288.0,11981,3450528,2025-04-24
Mysuru,Mouse,380.0,54974,20890120,2025-08-10
Delhi,Jeans,373.0,56052,20907396,2025-12-14
Delhi,Printer,301.0,78872,23740472,2025-02-05
Chennai,Watch,244.0,69352,16921888,2025-06-03
Mysuru,Camera,388.0,49753,19304164,2025-02-01
Pune,Speaker,469.0,36325,17036425,2025-07-06
Jaipur,Mouse,364.0,74937,27277068,2025-03-07
Delhi,Printer,196.0,38440,7534240,2025-09-16
Bengaluru,Printer,424.0,40082,16994768,2025-10-10
Ahmedabad,Tablet,379.0,61245,23211855,2025-04-01
Patna,Laptop,79.0,34929,2759391,2025-05-21
Kochi,Speaker,242.0,16776,4059792,2025-11-22
Mysuru,Watch,214.0,24010,5138140,2025-08-23
Surat,Shoes,15.0,16144,242160,2025-05-16
Mumbai,Camera,382.0,47916,18303912,2025-10-16
Lucknow,Keyboard,445.0,34304,15265280,2025-11-22
Ahmedabad,T-Shirt,419.0,16174,6776906,2025-06-17
Bhopal,Camera,9.0,34518,310662,2025-03-19
Bengaluru,Headphones,164.0,60929,9992356,2025-12-05
Kolkata,Headphones,28.0,36239,1014692,2025-06-14
Surat,Monitor,490.0,47159,23107910,2025-01-10
Hyderabad,Tablet,328.0,10569,3466632,2025-09-07
Patna,Speaker,94.0,12887,1211378,2025-10-25
Delhi,Tablet,166.0,41946,6963036,2025-11-26
Hyderabad,Watch,351.0,91983,32286033,2025-12-12
Mumbai,Tablet,297.0,46588,13836636,2025-03-01
Delhi,Tablet,145.0,49391,7161695,2025-08-14
Kolkata,Monitor,467.0,21868,10212356,2025-02-07
Delhi,Tablet,114.0,25196,2872344,2025-09-20
Bhopal,Printer,488.0,69398,33866224,2025-09-23
Jaipur,T-Shirt,388.0,15437,5989556,2025-07-15
Mysuru,Smartphone,60.0,17700,1062000,2025-01-16
Kolkata,Watch,354.0,48022,16999788,2025-03-27
Ahmedabad,Monitor,306.0,69066,21134196,2025-06-06
Bhopal,Watch,15.0,98077,1471155,2025-02-08
Delhi,Printer,356.0,19159,6820604,2025-12-08
Hyderabad,Headphones,108.0,17567,1897236,2025-02-14
Bhopal,Jeans,402.0,15143,6087486,2025-02-01
Patna,Mouse,388.0,57024,22125312,2025-01-07
Mumbai,Laptop,407.0,86979,35400453,2025-09-19
Bengaluru,Mouse,61.0,33662,2053382,2025-01-03
Hyderabad,Speaker,6.0,99400,596400,2025-02-26
Mumbai,Monitor,309.0,27422,8473398,2025-10-07
Delhi,Speaker,180.0,4335,780300,2025-02-05
Kochi,T-Shirt,483.0,36856,17801448,2025-10-12
Kolkata,Headphones,438.0,66119,28960122,2025-12-20
Chennai,Tablet,292.0,9457,2761444,2025-02-27
Lucknow,Jeans,8.0,69815,558520,2025-04-23
Chennai,Watch,88.0,99330,8741040,2025-09-01
Bhopal,Smartphone,474.0,28551,13533174,2025-09-28
Bhopal,Mouse,188.0,92005,17296940,2025-10-06
Ahmedabad,Speaker,491.0,14567,7152397,2025-03-27
Kolkata,Keyboard,218.0,28585,6231530,2025-09-08
Pune,Smartphone,390.0,41693,16260270,2025-02-15
Mumbai,Tablet,70.0,65487,4584090,2025-06-23
Hyderabad,Tablet,370.0,5822,2154140,2025-02-11
Ahmedabad,Smartphone,198.0,37673,7459254,2025-08-20
Bhopal,Watch,352.0,58690,20658880,2025-04-18
Pune,Watch,438.0,56593,24787734,2025-04-28
Mumbai,Monitor,431.0,62847,27087057,2025-11-12
Delhi,Laptop,346.0,64941,22469586,2025-11-04
Pune,Mouse,268.0,86817,23266956,2025-11-03
Mumbai,Headphones,203.0,53010,10761030,2025-12-19
Mumbai,T-Shirt,474.0,22614,10719036,2025-02-12
Chennai,Backpack,103.0,78482,8083646,2025-07-04
Chennai,Printer,218.0,95553,20830554,2025-08-09
Patna,T-Shirt,393.0,76773,30171789,2025-10-09
Patna,Jeans,411.0,84888,34888968,2025-07-12
Ahmedabad,Speaker,309.0,53511,16534899,2025-08-17
Hyderabad,Headphones,394.0,60089,23675066,2025-02-04
Hyderabad,Mouse,255.0,30754,7842270,2025-11-05
Bengaluru,Smartphone,378.0,7427,2807406,2025-02-16
Surat,Laptop,498.0,23974,11939052,2025-07-20
Surat,Backpack,79.0,40182,3174378,2025-10-20
Mumbai,Jeans,40.0,87149,3485960,2025-09-25
Ahmedabad,Jeans,239.0,26967,6445113,2025-05-22
Ahmedabad,Mouse,259.0,34796,9012164,2025-09-11
Patna,Printer,277.0,72146,19984442,2025-01-25
Bengaluru,Keyboard,451.0,16115,7267865,2025-07-15
Kolkata,Printer,193.0,58506,11291658,2025-08-02
Bengaluru,Headphones,286.0,86930,24861980,2025-05-23
Delhi,Mouse,221.0,18127,4006067,2025-05-23
Pune,Mouse,392.0,14836,5815712,2025-10-22
Ahmedabad,Speaker,284.0,90333,25654572,2025-09-19
Ahmedabad,Mouse,288.0,20987,6044256,2025-09-02
Pune,Watch,254.0,77969,19804126,2025-07-20
Surat,Backpack,393.0,37781,14847933,2025-06-02
Bengaluru,Camera,24.0,17303,415272,2025-06-12
Patna,T-Shirt,299.0,4025,1203475,2025-11-11
Pune,Smartphone,220.0,45738,10062360,2025-06-14
Kolkata,Laptop,339.0,32511,11021229,2025-04-08
Surat,Watch,304.0,11633,3536432,2025-12-03
Kochi,Watch,59.0,44749,2640191,2025-03-01
Jaipur,Backpack,20.0,60912,1218240,2025-11-28
Pune,Camera,264.0,55703,14705592,2025-05-01
Bhopal,Mouse,302.0,3414,1031028,2025-06-13
Lucknow,Keyboard,166.0,75543,12540138,2025-02-26
Ahmedabad,Smartphone,354.0,88988,31501752,2025-04-11
Ahmedabad,Tablet,416.0,87975,36597600,2025-06-06
Lucknow,Watch,187.0,57646,10779802,2025-04-16
Surat,Printer,499.0,10372,5175628,2025-09-07
Hyderabad,Watch,25.0,39470,986750,2025-10-13
Patna,Shoes,320.0,97871,31318720,2025-02-23
Kochi,Camera,49.0,78076,3825724,2025-06-09
Mumbai,Camera,411.0,70107,28813977,2025-08-14
Chennai,Backpack,408.0,10548,4303584,2025-11-27
Hyderabad,Tablet,412.0,39809,16401308,2025-07-22
Jaipur,Backpack,103.0,54804,5644812,2025-07-09
Lucknow,Tablet,233.0,88522,20625626,2025-09-06
Mysuru,Laptop,322.0,92687,29845214,2025-09-28
Delhi,Camera,256.0,28412,7273472,2025-11-27
Bhopal,Mouse,138.0,84114,11607732,2025-09-26
Lucknow,Printer,394.0,57349,22595506,2025-10-24
Surat,Laptop,268.0,26799,7182132,2025-06-15
Delhi,Shoes,78.0,98336,7670208,2025-11-25
Hyderabad,Printer,223.0,54273,12102879,2025-06-28
Kochi,Monitor,33.0,83590,2758470,2025-04-28
Pune,Watch,422.0,38123,16087906,2025-11-06
Hyderabad,Speaker,308.0,31450,9686600,2025-07-08
Mumbai,Headphones,99.0,4131,408969,2025-04-26
Kochi,Watch,238.0,64120,15260560,2025-09-14
Pune,Speaker,464.0,5350,2482400,2025-04-06
Hyderabad,Headphones,15.0,34368,515520,2025-05-22
Jaipur,Headphones,330.0,6035,1991550,2025-12-16
Patna,Laptop,29.0,11500,333500,2025-06-20
Hyderabad,Printer,33.0,53847,1776951,2025-06-22
Surat,Monitor,47.0,52521,2468487,2025-12-27
Delhi,Shoes,58.0,75338,4369604,2025-12-17
Mysuru,Smartphone,268.0,87560,23466080,2025-10-25
Mysuru,Tablet,129.0,65570,8458530,2025-02-08
Lucknow,Smartphone,396.0,41579,16465284,2025-06-27
Lucknow,T-Shirt,200.0,98590,19718000,2025-12-08
Mysuru,Keyboard,112.0,19410,2173920,2025-02-06
Chennai,Watch,226.0,54026,12209876,2025-05-28
Lucknow,Laptop,252.0,70422,17746344,2025-06-23
Mumbai,Backpack,280.0,56045,15692600,2025-08-22
Chennai,Watch,451.0,19493,8791343,2025-06-16
Bhopal,Backpack,421.0,40892,17215532,2025-01-21
Mysuru,Camera,18.0,97421,1753578,2025-11-26
Bengaluru,T-Shirt,470.0,88527,41607690,2025-04-09
Jaipur,Keyboard,159.0,84248,13395432,2025-12-12
Mysuru,Jeans,351.0,16497,5790447,2025-09-28
Chennai,Printer,227.0,51417,11671659,2025-01-13
Mysuru,Monitor,131.0,39938,5231878,2025-02-27
Patna,Shoes,153.0,28075,4295475,2025-03-15
Surat,Backpack,451.0,84966,38319666,2025-07-26
Bengaluru,Watch,444.0,10998,4883112,2025-08-16
Bhopal,Keyboard,475.0,44110,20952250,2025-12-14
Mysuru,Monitor,420.0,13659,5736780,2025-03-23
Hyderabad,Tablet,34.0,46618,1585012,2025-07-20
Bhopal,Printer,281.0,97203,27314043,2025-06-15
Bhopal,Laptop,391.0,7328,2865248,2025-11-21
Delhi,Speaker,228.0,84530,19272840,2025-03-01
Pune,Shoes,322.0,40548,13056456,2025-06-19
Mumbai,Smartphone,81.0,33216,2690496,2025-09-23
Patna,Printer,333.0,17551,5844483,2025-10-22
Pune,Jeans,481.0,42364,20377084,2025-08-16
Kochi,T-Shirt,69.0,34667,2392023,2025-03-22
Lucknow,Printer,168.0,37435,6289080,2025-04-03
Pune,Backpack,94.0,52076,4895144,2025-07-27
Mysuru,Camera,115.0,3217,369955,2025-01-18
Surat,Camera,321.0,30477,9783117,2025-02-15
Chennai,Watch,360.0,22619,8142840,2025-01-13
Lucknow,Keyboard,308.0,34599,10656492,2025-03-03
Kolkata,Headphones,485.0,74849,36301765,2025-02-01
Bhopal,Tablet,223.0,59968,13372864,2025-11-16
Mumbai,Shoes,366.0,27126,9928116,2025-04-28
Kochi,Jeans,137.0,38243,5239291,2025-12-16
Pune,Headphones,221.0,27580,6095180,2025-10-07
Kochi,Watch,373.0,89260,33293980,2025-04-14
Delhi,Keyboard,406.0,19629,7969374,2025-01-10
Hyderabad,Shoes,317.0,59610,18896370,2025-04-12
Lucknow,Speaker,332.0,60552,20103264,2025-02-01
Ahmedabad,Headphones,447.0,42868,19161996,2025-12-13
Surat,Shoes,366.0,50765,18579990,2025-12-14
Bhopal,Camera,132.0,10075,1329900,2025-02-18
Bengaluru,Laptop,171.0,31281,5349051,2025-08-12
Lucknow,Speaker,496.0,78911,39139856,2025-12-24
Patna,Laptop,3.0,33747,101241,2025-09-20
Pune,Watch,203.0,88483,17962049,2025-06-05
Mysuru,Tablet,22.0,76585,1684870,2025-03-09
Delhi,Tablet,253.0,44956,11373868,2025-08-05
Mumbai,Backpack,364.0,70023,25488372,2025-07-05
Hyderabad,Smartphone,161.0,6288,1012368,2025-03-16
Kochi,Printer,144.0,98518,14186592,2025-06-14
Hyderabad,Monitor,449.0,35000,15715000,2025-10-27
Patna,Monitor,136.0,68260,9283360,2025-06-14
Mysuru,Headphones,162.0,97082,15727284,2025-08-25
Delhi,Tablet,437.0,86669,37874353,2025-11-26
Ahmedabad,Laptop,97.0,19980,1938060,2025-01-08
Delhi,Laptop,241.0,34608,8340528,2025-03-23
Ahmedabad,Keyboard,60.0,65368,3922080,2025-01-15
Kolkata,T-Shirt,288.0,64096,18459648,2025-08-16
Mumbai,Printer,369.0,19905,7344945,2025-02-12
Mumbai,Shoes,445.0,37739,16793855,2025-03-27
Delhi,T-Shirt,261.0,36255,9462555,2025-10-22
Lucknow,Shoes,299.0,1040,310960,2025-09-25
Lucknow,Headphones,214.0,10570,2261980,2025-04-25
Ahmedabad,Speaker,49.0,43577,2135273,2025-01-10
Surat,Speaker,63.0,52164,3286332,2025-06-19
Mysuru,Smartphone,429.0,42906,18406674,2025-03-01
Mumbai,Mouse,426.0,93260,39728760,2025-11-16
Ahmedabad,Speaker,490.0,35800,17542000,2025-10-22
Bengaluru,Backpack,497.0,6247,3104759,2025-11-20
Ahmedabad,Backpack,486.0,96385,46843110,2025-12-26
Lucknow,Headphones,109.0,6880,749920,2025-11-10
Kolkata,Jeans,29.0,97991,2841739,2025-02-18
Lucknow,Keyboard,48.0,52779,2533392,2025-05-06
Chennai,Jeans,444.0,52786,23436984,2025-02-01
Kochi,Shoes,84.0,51421,4319364,2025-07-10
Surat,Jeans,489.0,86229,42165981,2025-03-04
Hyderabad,Mouse,411.0,57170,23496870,2025-12-26
Mysuru,Watch,463.0,90279,41799177,2025-10-05
Kolkata,Speaker,50.0,48663,2433150,2025-09-07
Ahmedabad,Mouse,454.0,51367,23320618,2025-08-09
Lucknow,Camera,217.0,12325,2674525,2025-07-26
Kolkata,Camera,96.0,57399,5510304,2025-11-14
Mumbai,Laptop,263.0,45293,11912059,2025-08-22
Chennai,Speaker,352.0,94037,33101024,2025-03-16
Jaipur,Speaker,332.0,69270,22997640,2025-02-10
Ahmedabad,Keyboard,41.0,63101,2587141,2025-05-05
Delhi,Speaker,463.0,39875,18462125,2025-04-17
Pune,Watch,292.0,6755,1972460,2025-09-03
Mysuru,Laptop,263.0,14607,3841641,2025-09-14
Pune,Smartphone,238.0,87119,20734322,2025-12-19
Kochi,Watch,182.0,33905,6170710,2025-10-03
Patna,Tablet,9.0,15433,138897,2025-12-22
Ahmedabad,Headphones,403.0,24382,9825946,2025-07-02
Mumbai,Keyboard,449.0,92824,41677976,2025-05-11
Lucknow,T-Shirt,233.0,99767,23245711,2025-11-15
Lucknow,Jeans,136.0,45239,6152504,2025-03-07
Delhi,Smartphone,383.0,79674,30515142,2025-05-28
Surat,Smartphone,223.0,70541,15730643,2025-01-01
Pune,Smartphone,7.0,23009,161063,2025-11-16
Ahmedabad,T-Shirt,208.0,86708,18035264,2025-12-20
Bhopal,Mouse,156.0,81567,12724452,2025-10-12
Bhopal,Speaker,494.0,90978,44943132,2025-11-13
Patna,Watch,45.0,16895,760275,2025-03-01
Chennai,Smartphone,418.0,2582,1079276,2025-12-07
Kochi,Laptop,108.0,63560,6864480,2025-11-05
Surat,Shoes,224.0,82558,18492992,2025-09-07
Mumbai,Watch,395.0,61242,24190590,2025-03-16
Pune,Laptop,60.0,22271,1336260,2025-03-24
Bhopal,Mouse,494.0,64076,31653544,2025-08-01
Kochi,Mouse,300.0,32301,9690300,2025-04-10
Lucknow,Printer,427.0,51845,22137815,2025-01-11
Bengaluru,Smartphone,323.0,93966,30351018,2025-07-14
Kochi,Mouse,378.0,76346,28858788,2025-10-24
Jaipur,Watch,19.0,64397,1223543,2025-07-16
Jaipur,Camera,372.0,80649,30001428,2025-11-27
Kochi,Mouse,119.0,94123,11200637,2025-01-17
Bengaluru,Keyboard,296.0,41899,12402104,2025-09-03
Hyderabad,Monitor,332.0,55175,18318100,2025-08-04
Ahmedabad,Camera,481.0,85196,40979276,2025-06-15
Bhopal,Keyboard,11.0,21646,238106,2025-05-24
Chennai,Mouse,177.0,57924,10252548,2025-04-17
Chennai,Camera,466.0,90280,42070480,2025-06-20
Kochi,Printer,367.0,86608,31785136,2025-08-05
Mysuru,Watch,371.0,93742,34778282,2025-07-14
Kochi,Speaker,335.0,96783,32422305,2025-06-26
Ahmedabad,Jeans,498.0,21737,10825026,2025-10-07
Hyderabad,T-Shirt,384.0,11797,4530048,2025-11-16
Delhi,Headphones,103.0,20988,2161764,2025-10-16
Mumbai,Jeans,213.0,65213,13890369,2025-05-08
Chennai,Tablet,25.0,2876,71900,2025-06-09
Kolkata,Speaker,82.0,23400,1918800,2025-09-02
Patna,Smartphone,173.0,56942,9850966,2025-02-20
Chennai,Smartphone,288.0,29872,8603136,2025-08-09
Kolkata,Jeans,182.0,6617,1204294,2025-09-09
Mysuru,Headphones,437.0,90957,39748209,2025-09-20
Surat,Smartphone,362.0,7108,2573096,2025-08-26
Ahmedabad,Printer,387.0,15039,5820093,2025-02-26
Lucknow,Camera,401.0,13852,5554652,2025-09-02
Jaipur,Smartphone,86.0,83065,7143590,2025-02-28
Chennai,Monitor,186.0,21082,3921252,2025-12-10
Bhopal,Mouse,391.0,66808,26121928,2025-08-24
Kochi,Smartphone,79.0,85315,6739885,2025-06-11
Kochi,Headphones,63.0,26962,1698606,2025-08-14
Patna,Jeans,4.0,32654,130616,2025-08-11
Hyderabad,Tablet,88.0,11671,1027048,2025-05-12
Bhopal,Jeans,213.0,47770,10175010,2025-11-22
Chennai,Headphones,386.0,99263,38315518,2025-09-14
Patna,Shoes,71.0,56706,4026126,2025-07-14
Mysuru,Mouse,488.0,68153,33258664,2025-11-12
Bengaluru,Mouse,75.0,1803,135225,2025-12-26
Jaipur,Smartphone,44.0,44842,1973048,2025-06-13
Patna,Headphones,223.0,8556,1907988,2025-07-25
Bengaluru,Speaker,473.0,84578,40005394,2025-03-19
Bengaluru,Speaker,366.0,87054,31861764,2025-09-10
Pune,Keyboard,454.0,89743,40743322,2025-12-18
Kochi,Watch,370.0,97846,36203020,2025-06-12
Bengaluru,Printer,144.0,69678,10033632,2025-10-05
Bhopal,Keyboard,229.0,84894,19440726,2025-04-18
Lucknow,Jeans,317.0,85963,27250271,2025-08-23
Kolkata,Monitor,416.0,85533,35581728,2025-07-25
Chennai,Monitor,155.0,11546,1789630,2025-01-18
Kolkata,Keyboard,372.0,94725,35237700,2025-12-05
Jaipur,Tablet,146.0,28514,4163044,2025-02-17
Jaipur,Watch,267.0,45157,12056919,2025-11-06
Bengaluru,Laptop,456.0,71270,32499120,2025-10-09
Chennai,Printer,397.0,40338,16014186,2025-12-14
Jaipur,Smartphone,375.0,8357,3133875,2025-06-09
Surat,Tablet,182.0,16728,3044496,2025-01-25
Surat,Smartphone,230.0,39554,9097420,2025-10-24
Bengaluru,Mouse,174.0,31445,5471430,2025-12-19
Lucknow,T-Shirt,458.0,82779,37912782,2025-11-18
Kochi,Camera,120.0,46419,5570280,2025-05-10
Surat,Jeans,418.0,94197,39374346,2025-10-22
Delhi,T-Shirt,194.0,68613,13310922,2025-12-08
Mumbai,Backpack,265.0,76832,20360480,2025-04-27
Patna,Backpack,233.0,13343,3108919,2025-03-23
Pune,Printer,211.0,11240,2371640,2025-02-02
Pune,Monitor,67.0,62923,4215841,2025-04-15
Mumbai,Backpack,347.0,69477,24108519,2025-07-19
Jaipur,Tablet,399.0,52244,20845356,2025-05-19
Ahmedabad,Speaker,217.0,58182,12625494,2025-12-16
Bhopal,Keyboard,422.0,21844,9218168,2025-03-17
Delhi,Mouse,365.0,60493,22079945,2025-03-23
Jaipur,Printer,271.0,15974,4328954,2025-12-07
Ahmedabad,Mouse,17.0,98344,1671848,2025-03-18
Kolkata,Monitor,488.0,16066,7840208,2025-10-28
Pune,Smartphone,62.0,48942,3034404,2025-10-10
Bengaluru,Tablet,79.0,15932,1258628,2025-06-10
Kolkata,Watch,151.0,64191,9692841,2025-01-26
Delhi,Headphones,402.0,77783,31268766,2025-07-02
Mysuru,Monitor,157.0,37656,5911992,2025-04-06
Kochi,T-Shirt,251.0,773,194023,2025-02-18
Kolkata,Smartphone,446.0,6356,2834776,2025-07-16
Lucknow,Watch,290.0,59793,17339970,2025-06-26
Pune,Mouse,428.0,94876,40606928,2025-10-05
Patna,Headphones,259.0,83922,21735798,2025-08-25
Ahmedabad,Speaker,230.0,20027,4606210,2025-12-11
Mumbai,Jeans,320.0,87597,28031040,2025-10-14
Pune,Shoes,461.0,52325,24121825,2025-06-18
Bengaluru,Speaker,456.0,58577,26711112,2025-12-09
Surat,Smartphone,444.0,22207,9859908,2025-12-01
Lucknow,Speaker,408.0,93220,38033760,2025-05-18
Surat,Smartphone,330.0,73815,24358950,2025-02-07
Lucknow,Tablet,296.0,99802,29541392,2025-01-19
Jaipur,Shoes,385.0,62868,24204180,2025-09-01
Mumbai,Speaker,480.0,70211,33701280,2025-03-01
Hyderabad,Jeans,106.0,32650,3460900,2025-12-27
Mysuru,Camera,228.0,11594,2643432,2025-09-20
Kolkata,Keyboard,302.0,6396,1931592,2025-08-28
Mysuru,Laptop,175.0,57780,10111500,2025-03-14
Bengaluru,Printer,271.0,42099,11408829,2025-07-09
Mumbai,Smartphone,51.0,71512,3647112,2025-03-10
Delhi,Headphones,131.0,12247,1604357,2025-03-10
Pune,Speaker,87.0,8221,715227,2025-10-11
Delhi,Laptop,366.0,8167,2989122,2025-05-13
Mumbai,Backpack,73.0,54609,3986457,2025-06-09
Pune,Printer,461.0,16355,7539655,2025-01-07
Chennai,Jeans,306.0,77312,23657472,2025-04-16
Jaipur,Jeans,259.0,50969,13200971,2025-02-09
Bengaluru,Backpack,238.0,72998,17373524,2025-07-03
Ahmedabad,Laptop,209.0,83539,17459651,2025-04-01
Hyderabad,Tablet,494.0,77330,38201020,2025-11-04
Chennai,Jeans,285.0,85900,24481500,2025-03-10
Lucknow,Keyboard,229.0,11498,2633042,2025-11-17
Chennai,Jeans,496.0,19160,9503360,2025-06-18
Delhi,Jeans,126.0,70955,8940330,2025-07-18
Ahmedabad,Laptop,1.0,61402,61402,2025-10-10
Surat,Headphones,1.0,8387,8387,2025-08-09
Lucknow,Watch,430.0,89628,38540040,2025-07-12
Kochi,Speaker,109.0,77197,8414473,2025-09-10
Bengaluru,Headphones,379.0,70504,26721016,2025-10-03
Hyderabad,Smartphone,203.0,92044,18684932,2025-02-27
Delhi,T-Shirt,285.0,37129,10581765,2025-07-07
Lucknow,Tablet,491.0,42220,20730020,2025-11-11
Surat,Watch,386.0,93266,36000676,2025-08-09
Chennai,Speaker,165.0,45278,7470870,2025-04-15
Lucknow,Backpack,9.0,91181,820629,2025-03-21
Mysuru,Laptop,312.0,62959,19643208,2025-01-01
Surat,Headphones,212.0,73348,15549776,2025-12-23
Ahmedabad,Jeans,202.0,71033,14348666,2025-02-26
Mysuru,Speaker,334.0,10661,3560774,2025-09-01
Mysuru,Printer,418.0,88529,37005122,2025-08-22
Mumbai,Backpack,498.0,49832,24816336,2025-10-12
Pune,Headphones,430.0,91861,39500230,2025-01-04
Ahmedabad,Backpack,480.0,25795,12381600,2025-08-01
Chennai,T-Shirt,11.0,99907,1098977,2025-05-22
Mysuru,T-Shirt,184.0,25601,4710584,2025-02-27
Lucknow,Speaker,156.0,94584,14755104,2025-04-08
Ahmedabad,Backpack,19.0,37299,708681,2025-08-23
Bhopal,Camera,108.0,1435,154980,2025-04-27
Surat,Keyboard,57.0,36852,2100564,2025-10-17
Ahmedabad,Headphones,283.0,25897,7328851,2025-11-24
Lucknow,Speaker,350.0,79532,27836200,2025-10-06
Mumbai,Camera,66.0,98276,6486216,2025-02-05
Hyderabad,Monitor,292.0,30379,8870668,2025-09-24
Patna,Watch,99.0,89364,8847036,2025-01-23
Surat,Tablet,315.0,33650,10599750,2025-11-18
Mysuru,Mouse,2.0,56482,112964,2025-11-22
Surat,Laptop,438.0,42836,18762168,2025-07-28
Pune,Watch,63.0,89651,5648013,2025-09-15
Ahmedabad,Backpack,265.0,99986,26496290,2025-01-24
Chennai,Laptop,143.0,55558,7944794,2025-09-15
Kolkata,Laptop,201.0,26007,5227407,2025-06-03
Mysuru,Camera,414.0,3825,1583550,2025-12-08
Bhopal,Keyboard,491.0,10257,5036187,2025-04-07
Delhi,Backpack,160.0,8737,1397920,2025-11-21
Mumbai,Laptop,246.0,57116,14050536,2025-01-19
Patna,Speaker,479.0,44317,21227843,2025-05-08
Mumbai,Mouse,123.0,45169,5555787,2025-01-27
Kolkata,Tablet,407.0,31530,12832710,2025-02-25
Lucknow,Camera,225.0,13039,2933775,2025-11-15
Lucknow,Smartphone,44.0,8454,371976,2025-01-13
Kolkata,Monitor,435.0,91380,39750300,2025-02-26
Delhi,Laptop,471.0,58423,27517233,2025-01-10
Lucknow,Speaker,222.0,9123,2025306,2025-02-22
Bengaluru,Tablet,27.0,39155,1057185,2025-07-13
Mumbai,Camera,386.0,54384,20992224,2025-04-28
Lucknow,Jeans,338.0,82289,27813682,2025-01-15
Pune,Mouse,408.0,56612,23097696,2025-10-20
Mumbai,Backpack,334.0,89075,29751050,2025-01-15
Jaipur,Backpack,301.0,25728,7744128,2025-02-04
Bengaluru,Camera,366.0,9353,3423198,2025-10-26
Kochi,Shoes,464.0,75632,35093248,2025-03-21
Jaipur,Watch,182.0,55682,10134124,2025-08-24
Lucknow,Mouse,96.0,32370,3107520,2025-03-26
Bengaluru,Laptop,66.0,41350,2729100,2025-10-14
Jaipur,Speaker,387.0,47390,18339930,2025-05-19
Mysuru,Tablet,398.0,19587,7795626,2025-03-16
Hyderabad,Camera,176.0,38650,6802400,2025-06-01
Jaipur,Camera,337.0,89406,30129822,2025-03-02
Chennai,Tablet,420.0,73828,31007760,2025-01-14
Kolkata,Shoes,500.0,26763,13381500,2025-11-07
Patna,Smartphone,175.0,25319,4430825,2025-11-16
Bhopal,T-Shirt,240.0,79112,18986880,2025-12-11
Kochi,Camera,290.0,44495,12903550,2025-10-10
Pune,Backpack,84.0,14242,1196328,2025-08-26
Mysuru,Laptop,254.0,29257,7431278,2025-01-21
Chennai,T-Shirt,118.0,61649,7274582,2025-10-07
Chennai,Mouse,377.0,43952,16569904,2025-12-13
Chennai,Keyboard,95.0,1381,131195,2025-06-01
Mumbai,Backpack,16.0,73204,1171264,2025-02-05
Hyderabad,Mouse,100.0,83250,8325000,2025-10-25
Kolkata,Laptop,500.0,4390,2195000,2025-04-07
Hyderabad,Headphones,113.0,34840,3936920,2025-12-06
Kolkata,Printer,284.0,32739,9297876,2025-03-07
Bengaluru,Headphones,432.0,34813,15039216,2025-02-01
Kochi,Speaker,71.0,50166,3561786,2025-11-26
Mysuru,Smartphone,174.0,28056,4881744,2025-05-15
Chennai,Backpack,415.0,49304,20461160,2025-11-06
Jaipur,Jeans,320.0,57348,18351360,2025-12-03
Mumbai,Headphones,452.0,17643,7974636,2025-04-07
Jaipur,Keyboard,356.0,49554,17641224,2025-06-20
Pune,Speaker,126.0,6554,825804,2025-10-19
Chennai,Printer,275.0,39059,10741225,2025-03-11
Chennai,Laptop,323.0,37209,12018507,2025-03-28
Jaipur,Camera,454.0,64592,29324768,2025-04-24
Mumbai,Jeans,241.0,87466,21079306,2025-10-03
Delhi,Tablet,199.0,98975,19696025,2025-11-25
Jaipur,Backpack,256.0,68512,17539072,2025-08-06
Kolkata,T-Shirt,192.0,69375,13320000,2025-12-16
Bhopal,Mouse,243.0,35671,8668053,2025-10-13
Surat,Monitor,405.0,77043,31202415,2025-11-02
Chennai,Shoes,459.0,27107,12442113,2025-08-28
Chennai,Keyboard,112.0,40607,4547984,2025-07-13
Lucknow,Headphones,479.0,49534,23726786,2025-05-18
Mumbai,Headphones,385.0,11513,4432505,2025-05-15
Jaipur,Backpack,118.0,77041,9090838,2025-01-15
Jaipur,Camera,173.0,56350,9748550,2025-08-15
Pune,Keyboard,189.0,65713,12419757,2025-06-09
Pune,Laptop,92.0,58392,5372064,2025-04-09
Surat,Smartphone,184.0,11302,2079568,2025-05-27
Jaipur,Tablet,280.0,84865,23762200,2025-02-26
Hyderabad,Monitor,117.0,13398,1567566,2025-02-03
Kolkata,Laptop,280.0,26754,7491120,2025-06-07
Surat,Backpack,129.0,40177,5182833,2025-12-27
Patna,Speaker,433.0,36474,15793242,2025-04-23
Lucknow,Headphones,438.0,99116,43412808,2025-12-24
Jaipur,Monitor,134.0,1618,216812,2025-05-10
Kochi,Backpack,401.0,53428,21424628,2025-07-27
Lucknow,Jeans,336.0,2058,691488,2025-08-21
Jaipur,Jeans,488.0,20066,9792208,2025-07-08
Chennai,T-Shirt,384.0,28008,10755072,2025-08-08
Jaipur,Camera,403.0,72932,29391596,2025-08-24
Kochi,Mouse,175.0,11755,2057125,2025-06-28
Chennai,Keyboard,395.0,91980,36332100,2025-07-07
Ahmedabad,Mouse,437.0,73696,32205152,2025-01-12
Delhi,Camera,448.0,17322,7760256,2025-05-24
Bengaluru,Mouse,415.0,86856,36045240,2025-06-11
Chennai,Keyboard,218.0,90384,19703712,2025-07-25
Patna,T-Shirt,276.0,39774,10977624,2025-06-19
Bengaluru,Camera,403.0,4721,1902563,2025-03-05
Kolkata,Camera,323.0,79536,25690128,2025-10-19
Kochi,Keyboard,196.0,27265,5343940,2025-07-03
Jaipur,Keyboard,97.0,62730,6084810,2025-02-11
Lucknow,Mouse,328.0,40430,13261040,2025-02-06
Mumbai,Speaker,284.0,23783,6754372,2025-01-27
Bhopal,Camera,251.0,4017,1008267,2025-03-07
Mumbai,Monitor,494.0,51079,25233026,2025-05-07
Chennai,Watch,338.0,69233,23400754,2025-02-15
Bengaluru,Backpack,266.0,1947,517902,2025-03-11
Kochi,Monitor,211.0,51762,10921782,2025-03-04
Delhi,Tablet,215.0,63185,13584775,2025-12-03
Pune,Monitor,444.0,27563,12237972,2025-03-28
Chennai,Watch,222.0,93518,20760996,2025-11-16
Delhi,Camera,295.0,41173,12146035,2025-10-07
Jaipur,T-Shirt,351.0,60656,21290256,2025-05-07
Bengaluru,Headphones,229.0,8884,2034436,2025-07-20
Patna,Shoes,270.0,43608,11774160,2025-10-16
Ahmedabad,Mouse,295.0,5622,1658490,2025-12-03
Hyderabad,Speaker,452.0,60309,27259668,2025-06-23
Kochi,T-Shirt,406.0,39487,16031722,2025-07-20
Kochi,Jeans,436.0,23454,10225944,2025-07-08
Delhi,Monitor,317.0,96607,30624419,2025-07-15
Pune,Monitor,338.0,24544,8295872,2025-12-19
Mumbai,Keyboard,358.0,6223,2227834,2025-04-28
Delhi,Watch,452.0,82824,37436448,2025-09-10
Surat,Monitor,35.0,91994,3219790,2025-12-24
Mysuru,Shoes,466.0,65182,30374812,2025-07-25
Jaipur,Smartphone,189.0,10531,1990359,2025-02-17
Patna,Jeans,167.0,54252,9060084,2025-08-06
Hyderabad,Shoes,260.0,6350,1651000,2025-08-01
Mumbai,Speaker,356.0,89055,31703580,2025-12-15
Pune,Backpack,382.0,52842,20185644,2025-04-13
Bengaluru,Laptop,129.0,15531,2003499,2025-12-05
Kolkata,Speaker,384.0,61349,23558016,2025-08-15
Mumbai,Smartphone,281.0,86617,24339377,2025-04-23
Ahmedabad,Headphones,242.0,37087,8975054,2025-03-06
Kochi,Laptop,311.0,13674,4252614,2025-03-10
Mumbai,Tablet,380.0,51729,19657020,2025-03-03
Surat,Jeans,6.0,89285,535710,2025-05-05
Ahmedabad,Backpack,92.0,28899,2658708,2025-12-02
Mysuru,Speaker,273.0,28833,7871409,2025-08-23
Bengaluru,Printer,326.0,69034,22505084,2025-11-22
Bhopal,Speaker,460.0,13973,6427580,2025-07-23
Hyderabad,Mouse,27.0,78907,2130489,2025-01-02
Patna,Keyboard,393.0,26942,10588206,2025-04-12
Mysuru,Shoes,103.0,12478,1285234,2025-01-14
Bengaluru,Laptop,173.0,25685,4443505,2025-11-22
Mumbai,Shoes,491.0,13161,6462051,2025-11-06
Bhopal,Headphones,23.0,54984,1264632,2025-09-04
Kochi,Backpack,166.0,74169,12312054,2025-11-07
Lucknow,Shoes,479.0,71502,34249458,2025-07-14
Mumbai,Shoes,110.0,14378,1581580,2025-06-11
Delhi,Laptop,206.0,86220,17761320,2025-06-01
Pune,Shoes,235.0,29348,6896780,2025-02-22
Kochi,Watch,333.0,82277,27398241,2025-06-02
Mumbai,Monitor,112.0,54383,6090896,2025-05-25
Lucknow,Mouse,53.0,93892,4976276,2025-09-26
Mysuru,Printer,292.0,22973,6708116,2025-05-04
Lucknow,Backpack,324.0,91767,29732508,2025-07-22
Mysuru,Jeans,356.0,17923,6380588,2025-06-06
Surat,Jeans,453.0,90628,41054484,2025-06-28
Surat,Mouse,35.0,44422,1554770,2025-01-20
Mysuru,Camera,230.0,50618,11642140,2025-09-21
Bhopal,Shoes,258.0,77500,19995000,2025-12-01
Chennai,Laptop,316.0,99975,31592100,2025-02-10
Chennai,T-Shirt,220.0,99753,21945660,2025-04-20
Mumbai,Laptop,71.0,49589,3520819,2025-08-10
Chennai,Headphones,193.0,27289,5266777,2025-11-02
Chennai,Monitor,372.0,78890,29347080,2025-08-24
Mysuru,Backpack,69.0,36954,2549826,2025-06-21
Patna,Jeans,21.0,68771,1444191,2025-07-21
Kochi,Watch,385.0,3605,1387925,2025-04-28
Bhopal,Backpack,176.0,32252,5676352,2025-04-18
Bengaluru,Monitor,470.0,87663,41201610,2025-04-26
Surat,T-Shirt,369.0,29656,10943064,2025-10-28
Pune,Tablet,165.0,24557,4051905,2025-08-21
Bengaluru,Smartphone,446.0,64940,28963240,2025-02-07
Bengaluru,Speaker,73.0,27267,1990491,2025-03-03
Delhi,Camera,282.0,27287,7694934,2025-04-17
Mumbai,Keyboard,372.0,61720,22959840,2025-05-06
Bhopal,Shoes,126.0,56076,7065576,2025-03-20
Chennai,Watch,147.0,76052,11179644,2025-08-21
Chennai,Watch,442.0,63568,28097056,2025-02-12
Pune,Keyboard,86.0,62197,5348942,2025-08-14
Jaipur,Camera,377.0,57310,21605870,2025-03-27
Patna,Mouse,11.0,50493,555423,2025-07-28
Mumbai,Jeans,465.0,39851,18530715,2025-10-18
Delhi,Tablet,373.0,23529,8776317,2025-05-13
Ahmedabad,Watch,233.0,37622,8765926,2025-07-18
Lucknow,Mouse,37.0,44177,1634549,2025-03-23
Ahmedabad,Shoes,80.0,25354,2028320,2025-01-01
Kochi,Tablet,374.0,95572,35743928,2025-06-16
Pune,Monitor,213.0,52227,11124351,2025-12-12
Pune,Mouse,158.0,84523,13354634,2025-10-03
Pune,Monitor,20.0,16815,336300,2025-07-19
Delhi,Shoes,391.0,57686,22555226,2025-05-25
Mysuru,Jeans,370.0,46188,17089560,2025-09-23
Ahmedabad,Speaker,353.0,48758,17211574,2025-12-02
Surat,Keyboard,475.0,56079,26637525,2025-12-08
Chennai,Mouse,18.0,47871,861678,2025-11-23
Surat,Laptop,358.0,87751,31414858,2025-11-05
Hyderabad,Camera,234.0,89768,21005712,2025-03-09
Chennai,Camera,297.0,87348,25942356,2025-03-01
Mumbai,Jeans,48.0,84962,4078176,2025-12-13
Pune,T-Shirt,301.0,11031,3320331,2025-09-07
Mysuru,Keyboard,85.0,56450,4798250,2025-05-23
Hyderabad,Tablet,496.0,70387,34911952,2025-11-13
Lucknow,Watch,376.0,54450,20473200,2025-12-28
Mumbai,Smartphone,326.0,75553,24630278,2025-06-27
Delhi,Watch,384.0,27962,10737408,2025-12-13
Bhopal,Watch,4.0,22572,90288,2025-08-01
Mumbai,Smartphone,397.0,91767,36431499,2025-07-17
Pune,Speaker,148.0,96581,14293988,2025-07-06
Delhi,Backpack,96.0,92780,8906880,2025-03-07
Ahmedabad,Headphones,258.0,14949,3856842,2025-08-19
Kochi,Shoes,96.0,26837,2576352,2025-01-24
Delhi,Jeans,389.0,25650,9977850,2025-05-28
Pune,Mouse,321.0,82344,26432424,2025-02-28
Surat,Headphones,41.0,38920,1595720,2025-02-13
Mumbai,Watch,33.0,45346,1496418,2025-01-19
Chennai,Mouse,249.0,88685,22082565,2025-02-01
Bengaluru,Watch,385.0,1447,557095,2025-11-19
Patna,Laptop,50.0,28165,1408250,2025-09-26
Bengaluru,Keyboard,309.0,68667,21218103,2025-05-16
Ahmedabad,Jeans,173.0,79716,13790868,2025-07-11
Kolkata,Speaker,456.0,45467,20732952,2025-06-27
Chennai,Backpack,341.0,52728,17980248,2025-07-20
Bengaluru,Backpack,448.0,43787,19616576,2025-02-01
Ahmedabad,Printer,358.0,53165,19033070,2025-12-27
Mysuru,Monitor,72.0,3865,278280,2025-10-04
Kochi,Tablet,144.0,92154,13270176,2025-04-12
Ahmedabad,Camera,352.0,86860,30574720,2025-08-17
Pune,Speaker,97.0,910,88270,2025-11-27
Kolkata,Laptop,325.0,47712,15506400,2025-01-26
Bhopal,Backpack,348.0,58736,20440128,2025-04-20
Ahmedabad,Keyboard,379.0,80793,30620547,2025-02-12
Pune,Monitor,483.0,62906,30383598,2025-11-28
Bhopal,Monitor,52.0,96743,5030636,2025-07-10
Lucknow,Shoes,365.0,19264,7031360,2025-09-19
Patna,Printer,367.0,66643,24457981,2025-01-05
Ahmedabad,Jeans,45.0,39998,1799910,2025-11-18
Kochi,Mouse,87.0,58995,5132565,2025-02-16
Surat,Tablet,124.0,32397,4017228,2025-04-06
Patna,Speaker,359.0,12222,4387698,2025-02-14
Bhopal,Laptop,83.0,43295,3593485,2025-07-25
Hyderabad,Shoes,369.0,34267,12644523,2025-11-16
Mysuru,Speaker,64.0,87725,5614400,2025-03-18
Surat,T-Shirt,252.0,12354,3113208,2025-12-11
Kochi,Shoes,478.0,75993,36324654,2025-10-03
Surat,Backpack,194.0,94536,18339984,2025-12-24
Bhopal,Keyboard,335.0,84661,28361435,2025-09-28
Pune,Jeans,120.0,29801,3576120,2025-05-04
Hyderabad,Smartphone,58.0,12183,706614,2025-06-24
Lucknow,Monitor,97.0,98098,9515506,2025-02-19
Kolkata,Headphones,437.0,41574,18167838,2025-07-19
Bhopal,Laptop,160.0,8611,1377760,2025-10-18
Chennai,Printer,199.0,56035,11150965,2025-06-25
Kolkata,Jeans,348.0,17055,5935140,2025-09-22
Lucknow,Camera,114.0,14470,1649580,2025-07-01
Jaipur,Printer,236.0,41909,9890524,2025-03-27
Hyderabad,Printer,113.0,66014,7459582,2025-11-15
Delhi,Camera,146.0,19619,2864374,2025-12-22
Kochi,Jeans,424.0,92639,39278936,2025-01-20
Kolkata,Watch,258.0,90756,23415048,2025-02-09
Kochi,T-Shirt,294.0,63189,18577566,2025-11-27
Chennai,Mouse,150.0,92793,13918950,2025-07-02
Patna,Backpack,79.0,94447,7461313,2025-04-28
Bhopal,Monitor,415.0,30000,12450000,2025-12-24
Bengaluru,Monitor,444.0,23964,10640016,2025-08-24
Pune,Watch,418.0,86909,36327962,2025-03-01
Jaipur,Keyboard,173.0,55869,9665337,2025-11-16
Kolkata,Jeans,201.0,51757,10403157,2025-02-17
Bhopal,Watch,145.0,91775,13307375,2025-04-23
Kochi,Tablet,202.0,13255,2677510,2025-03-11
Patna,Jeans,298.0,7594,2263012,2025-12-10
Ahmedabad,Speaker,84.0,76149,6396516,2025-03-15
Bhopal,Mouse,150.0,19482,2922300,2025-04-07
Patna,T-Shirt,101.0,96879,9784779,2025-11-01
Kolkata,T-Shirt,439.0,75955,33344245,2025-02-22
Patna,Printer,76.0,49855,3788980,2025-07-22
Kochi,Headphones,475.0,7883,3744425,2025-02-12
Ahmedabad,Headphones,484.0,7377,3570468,2025-02-17
Surat,Backpack,304.0,57361,17437744,2025-03-21
Bhopal,Keyboard,126.0,4955,624330,2025-02-08
Pune,Mouse,155.0,90675,14054625,2025-10-06
Surat,T-Shirt,193.0,91174,17596582,2025-11-22
Mumbai,Jeans,238.0,85737,20405406,2025-07-09
Surat,Speaker,228.0,48645,11091060,2025-01-04
Mumbai,Smartphone,63.0,64622,4071186,2025-11-22
Mysuru,Tablet,116.0,3518,408088,2025-10-19
Lucknow,Mouse,141.0,91428,12891348,2025-12-04
Patna,Camera,93.0,50826,4726818,2025-08-21
Bhopal,Keyboard,153.0,75397,11535741,2025-03-04
Kolkata,Smartphone,366.0,70952,25968432,2025-03-13
Kochi,T-Shirt,11.0,52115,573265,2025-09-27
Jaipur,Jeans,416.0,69979,29111264,2025-08-03
Jaipur,Printer,300.0,71145,21343500,2025-12-27
Patna,Speaker,64.0,99263,6352832,2025-04-22
Mysuru,Smartphone,93.0,79025,7349325,2025-12-06
Bengaluru,Tablet,229.0,41695,9548155,2025-02-02
Delhi,Camera,106.0,86042,9120452,2025-03-03
Jaipur,Watch,436.0,99206,43253816,2025-01-03
Mumbai,Tablet,153.0,48152,7367256,2025-09-06
Pune,Speaker,1.0,33050,33050,2025-05-02
Jaipur,Monitor,401.0,38956,15621356,2025-11-18
Ahmedabad,Headphones,296.0,64783,19175768,2025-12-11
Jaipur,Monitor,181.0,79952,14471312,2025-09-17
Chennai,T-Shirt,51.0,87350,4454850,2025-01-08
Bengaluru,Shoes,73.0,39783,2904159,2025-04-05
Lucknow,Tablet,111.0,78066,8665326,2025-06-09
Delhi,T-Shirt,319.0,55814,17804666,2025-02-18
Hyderabad,Watch,196.0,85666,16790536,2025-03-13
Ahmedabad,Smartphone,484.0,33815,16366460,2025-11-14
Bhopal,Headphones,275.0,27207,7481925,2025-02-21
Bhopal,Watch,325.0,91831,29845075,2025-11-07
Bhopal,Backpack,289.0,86655,25043295,2025-11-27
Jaipur,Camera,84.0,55509,4662756,2025-03-11
Patna,Keyboard,195.0,3896,759720,2025-10-08
Mumbai,Watch,64.0,70160,4490240,2025-02-22
Jaipur,Keyboard,34.0,43669,1484746,2025-11-03
Kolkata,Monitor,171.0,36315,6209865,2025-03-28
Patna,Shoes,141.0,1792,252672,2025-02-13
Chennai,Keyboard,488.0,14262,6959856,2025-02-06
Jaipur,T-Shirt,449.0,40680,18265320,2025-10-27
Patna,Mouse,49.0,69831,3421719,2025-06-23
Lucknow,Printer,145.0,72791,10554695,2025-05-20
Mumbai,Monitor,25.0,22880,572000,2025-06-25
Pune,Headphones,177.0,97663,17286351,2025-11-26
Jaipur,Tablet,305.0,53276,16249180,2025-08-19
Delhi,Watch,5.0,90501,452505,2025-09-23
Delhi,Speaker,65.0,19200,1248000,2025-07-19
Bhopal,Watch,28.0,95582,2676296,2025-11-12
Bhopal,Jeans,128.0,89395,11442560,2025-10-14
Bhopal,Mouse,94.0,58035,5455290,2025-06-26
Ahmedabad,Tablet,147.0,36652,5387844,2025-07-17
Bhopal,Monitor,473.0,30484,14418932,2025-05-21
Kochi,Smartphone,486.0,40563,19713618,2025-07-25
Kolkata,Printer,47.0,83688,3933336,2025-02-03
Bhopal,Shoes,484.0,12772,6181648,2025-03-19
Bengaluru,Smartphone,381.0,37967,14465427,2025-09-16
Patna,Printer,6.0,56072,336432,2025-11-17
Mysuru,T-Shirt,70.0,63369,4435830,2025-08-17
Surat,Speaker,455.0,70283,31978765,2025-12-04
Pune,Laptop,316.0,25427,8034932,2025-12-01
Bhopal,Keyboard,360.0,70535,25392600,2025-12-12
Chennai,T-Shirt,339.0,69720,23635080,2025-11-20
Bengaluru,Camera,230.0,22589,5195470,2025-11-25
Jaipur,Monitor,116.0,23413,2715908,2025-02-12
Kochi,Headphones,264.0,46806,12356784,2025-01-14
Ahmedabad,Keyboard,88.0,49427,4349576,2025-02-11
Mysuru,Speaker,128.0,71163,9108864,2025-02-10
Hyderabad,Mouse,151.0,35201,5315351,2025-04-01
Bhopal,Speaker,292.0,52092,15210864,2025-04-10
Mysuru,Monitor,492.0,84775,41709300,2025-09-27
Mysuru,Laptop,479.0,61193,29311447,2025-10-28
Ahmedabad,Laptop,183.0,1272,232776,2025-10-15
Kolkata,Watch,182.0,14546,2647372,2025-01-12
Mysuru,T-Shirt,96.0,53199,5107104,2025-06-01
Mumbai,Keyboard,252.0,26392,6650784,2025-02-17
Jaipur,Monitor,79.0,54333,4292307,2025-02-16
Bengaluru,Headphones,394.0,86566,34107004,2025-05-08
Ahmedabad,Keyboard,192.0,39727,7627584,2025-06-14
Mysuru,Headphones,275.0,35821,9850775,2025-02-15
Surat,Printer,225.0,21711,4884975,2025-03-12
Bhopal,Keyboard,3.0,47585,142755,2025-12-07
Mumbai,Shoes,146.0,5776,843296,2025-03-13
Pune,T-Shirt,170.0,4642,789140,2025-03-22
Chennai,Mouse,492.0,87694,43145448,2025-05-04
Pune,Mouse,282.0,65455,18458310,2025-11-23
Delhi,Backpack,385.0,52912,20371120,2025-09-24
Mysuru,T-Shirt,432.0,51467,22233744,2025-03-04
Mumbai,Jeans,11.0,17031,187341,2025-03-12
Jaipur,Laptop,393.0,90210,35452530,2025-04-02
Surat,Printer,176.0,56817,9999792,2025-10-24
Bengaluru,Keyboard,246.0,38440,9456240,2025-05-16
Mumbai,Jeans,220.0,32972,7253840,2025-10-05
Bhopal,Tablet,96.0,33198,3187008,2025-05-25
Mumbai,Printer,135.0,92375,12470625,2025-04-22
Kochi,Keyboard,102.0,62614,6386628,2025-12-26
Patna,Smartphone,359.0,96242,34550878,2025-09-20
Delhi,Shoes,438.0,77989,34159182,2025-11-21
Delhi,Shoes,62.0,17840,1106080,2025-07-02
Hyderabad,Shoes,476.0,19663,9359588,2025-07-01
Lucknow,Shoes,47.0,7178,337366,2025-07-14
Jaipur,Watch,359.0,83509,29979731,2025-04-08
Kolkata,Keyboard,246.0,8541,2101086,2025-09-14
Surat,Laptop,156.0,14925,2328300,2025-05-12
Hyderabad,Backpack,365.0,55297,20183405,2025-04-11
Mysuru,Laptop,94.0,5859,550746,2025-01-02
Surat,T-Shirt,165.0,28284,4666860,2025-05-16
Hyderabad,Monitor,311.0,13707,4262877,2025-07-06
Hyderabad,Mouse,187.0,44315,8286905,2025-05-04
Mumbai,Speaker,7.0,90017,630119,2025-09-25
Kochi,Headphones,170.0,47760,8119200,2025-12-26
Kolkata,T-Shirt,399.0,77689,30997911,2025-09-20
Kolkata,Shoes,333.0,36668,12210444,2025-04-19
Pune,Smartphone,455.0,14441,6570655,2025-03-21
Bhopal,Camera,62.0,5879,364498,2025-10-21
Kochi,Shoes,99.0,92861,9193239,2025-08-04
Mumbai,Tablet,317.0,45444,14405748,2025-05-24
Ahmedabad,Jeans,104.0,70434,7325136,2025-12-05
Bengaluru,Headphones,99.0,55315,5476185,2025-09-23
Hyderabad,Monitor,450.0,73945,33275250,2025-06-12
Ahmedabad,Speaker,368.0,15891,5847888,2025-07-03
Ahmedabad,Keyboard,269.0,66543,17900067,2025-01-06
Lucknow,Watch,357.0,17399,6211443,2025-05-02
Lucknow,Laptop,407.0,91438,37215266,2025-04-24
Kochi,Keyboard,254.0,90244,22921976,2025-09-28
Jaipur,Smartphone,85.0,57876,4919460,2025-09-13
Jaipur,Jeans,200.0,53040,10608000,2025-10-09
Chennai,Headphones,2.0,21471,42942,2025-10-07
Lucknow,T-Shirt,5.0,67713,338565,2025-08-17
Bhopal,T-Shirt,269.0,34425,9260325,2025-05-28
Chennai,Watch,363.0,35694,12956922,2025-09-04
Delhi,Shoes,24.0,70435,1690440,2025-04-10
Bengaluru,Speaker,76.0,36906,2804856,2025-03-09
Kochi,Jeans,27.0,84702,2286954,2025-04-27
Chennai,Tablet,60.0,683,40980,2025-11-12
Surat,Camera,498.0,48880,24342240,2025-06-03
Bhopal,Monitor,282.0,35108,9900456,2025-12-05
Pune,Monitor,314.0,39152,12293728,2025-06-02
Surat,Printer,6.0,47093,282558,2025-04-24
Hyderabad,Headphones,132.0,2549,336468,2025-09-22
Kochi,Jeans,481.0,76949,37012469,2025-02-24
Bhopal,T-Shirt,196.0,86198,16894808,2025-05-28
Surat,Speaker,310.0,72704,22538240,2025-04-27
Ahmedabad,Shoes,167.0,35731,5967077,2025-04-19
Surat,Jeans,440.0,99183,43640520,2025-07-05
Ahmedabad,Shoes,374.0,95695,35789930,2025-07-12
Delhi,Monitor,246.0,12780,3143880,2025-08-06
Ahmedabad,Headphones,418.0,23583,9857694,2025-04-19
Ahmedabad,T-Shirt,93.0,85377,7940061,2025-05-01
Hyderabad,Headphones,454.0,23795,10802930,2025-07-22
Lucknow,Shoes,36.0,19311,695196,2025-02-14
Chennai,Mouse,466.0,85057,39636562,2025-07-04
Bhopal,Tablet,71.0,95758,6798818,2025-01-20
Mumbai,Keyboard,197.0,3215,633355,2025-02-27
Bengaluru,Jeans,426.0,84973,36198498,2025-01-05
Chennai,Jeans,43.0,35582,1530026,2025-03-21
Lucknow,Laptop,406.0,1731,702786,2025-02-18
Bhopal,Printer,174.0,93227,16221498,2025-02-07
Delhi,Mouse,389.0,74274,28892586,2025-08-27
Delhi,Watch,170.0,63271,10756070,2025-03-08
Bengaluru,Tablet,355.0,35556,12622380,2025-11-18
Mumbai,Laptop,423.0,6336,2680128,2025-02-18
Hyderabad,Smartphone,262.0,54932,14392184,2025-03-01
Mysuru,Shoes,13.0,30210,392730,2025-07-13
Delhi,Backpack,336.0,38097,12800592,2025-04-22
Pune,Speaker,453.0,94196,42670788,2025-02-16
Delhi,Smartphone,115.0,13834,1590910,2025-05-12
Mumbai,Camera,171.0,16012,2738052,2025-06-03
Mysuru,Laptop,310.0,20305,6294550,2025-03-14
Jaipur,Backpack,308.0,24271,7475468,2025-11-14
Delhi,Monitor,342.0,90567,30973914,2025-05-20
Kochi,Watch,179.0,14121,2527659,2025-05-16
Surat,Backpack,478.0,35286,16866708,2025-12-26
Mumbai,Jeans,2.0,19982,39964,2025-11-05
Kolkata,Headphones,200.0,59049,11809800,2025-12-26
Patna,Mouse,418.0,9322,3896596,2025-02-19
Pune,T-Shirt,143.0,19461,2782923,2025-02-11
Delhi,Headphones,393.0,50965,20029245,2025-06-11
Ahmedabad,Keyboard,247.0,91388,22572836,2025-07-20
Patna,Speaker,171.0,18616,3183336,2025-11-08
Pune,Keyboard,282.0,65656,18514992,2025-09-18
Ahmedabad,Tablet,275.0,30661,8431775,2025-07-03
Lucknow,T-Shirt,216.0,69567,15026472,2025-10-25
Bhopal,Jeans,384.0,29248,11231232,2025-12-03
Chennai,Backpack,2.0,27144,54288,2025-01-12
Jaipur,Mouse,491.0,18010,8842910,2025-02-02
Mysuru,Backpack,185.0,18764,3471340,2025-05-15
Delhi,Printer,437.0,72786,31807482,2025-07-08
Chennai,Printer,115.0,7822,899530,2025-12-05
Mumbai,T-Shirt,361.0,19253,6950333,2025-07-24
Bengaluru,T-Shirt,495.0,56167,27802665,2025-06-02
Bhopal,Smartphone,340.0,76732,26088880,2025-02-16
Kochi,Camera,446.0,21232,9469472,2025-01-05
Kolkata,Headphones,41.0,32618,1337338,2025-02-01
Lucknow,Printer,417.0,55090,22972530,2025-03-25
Delhi,Mouse,381.0,18864,7187184,2025-12-17
Bhopal,Watch,241.0,54439,13119799,2025-12-11
Ahmedabad,Jeans,331.0,91627,30328537,2025-01-10
Mumbai,Headphones,31.0,84707,2625917,2025-01-20
Patna,Headphones,258.0,21517,5551386,2025-01-13
Kochi,Keyboard,349.0,60045,20955705,2025-09-23
Kochi,Watch,471.0,75481,35551551,2025-09-10
Bhopal,Shoes,217.0,21052,4568284,2025-05-03
Jaipur,Keyboard,487.0,16901,8230787,2025-12-07
Pune,Camera,29.0,29192,846568,2025-07-06
Kochi,T-Shirt,500.0,73807,36903500,2025-10-27
Mumbai,Printer,355.0,61898,21973790,2025-08-11
Surat,Speaker,208.0,50368,10476544,2025-03-02
Patna,Backpack,332.0,56103,18626196,2025-04-09
Mumbai,Smartphone,40.0,48040,1921600,2025-10-25
Kochi,Backpack,15.0,31895,478425,2025-05-06
Jaipur,Smartphone,34.0,28275,961350,2025-10-01
Patna,Monitor,159.0,25107,3992013,2025-09-07
Surat,Monitor,17.0,32001,544017,2025-05-03
Lucknow,Camera,23.0,74390,1710970,2025-08-02
Bengaluru,Backpack,48.0,40949,1965552,2025-01-12
Patna,Watch,491.0,52684,25867844,2025-09-07
Kolkata,Jeans,201.0,95617,19219017,2025-06-05
Bhopal,Speaker,50.0,43926,2196300,2025-07-24
Jaipur,Smartphone,258.0,20185,5207730,2025-01-19
Patna,Keyboard,245.0,77355,18951975,2025-01-10
Delhi,Headphones,350.0,61200,21420000,2025-02-21
Mumbai,T-Shirt,119.0,28765,3423035,2025-11-21
Delhi,Jeans,368.0,21608,7951744,2025-09-17
Bhopal,Camera,334.0,69088,23075392,2025-06-15
Patna,Headphones,174.0,38621,6720054,2025-06-20
Kochi,Keyboard,21.0,93923,1972383,2025-11-13
Chennai,Shoes,313.0,80044,25053772,2025-02-05
Lucknow,Speaker,255.0,13267,3383085,2025-01-05
Patna,Printer,159.0,72214,11482026,2025-02-16
Mumbai,Mouse,161.0,22745,3661945,2025-05-06
Mumbai,Watch,296.0,48122,14244112,2025-06-03
Mumbai,Headphones,364.0,60890,22163960,2025-05-16
Hyderabad,Jeans,449.0,58439,26239111,2025-11-05
Mumbai,Camera,250.0,5689,1422250,2025-06-28
Hyderabad,Keyboard,210.0,81723,17161830,2025-11-05
Ahmedabad,Backpack,263.0,82371,21663573,2025-06-12
Mumbai,Speaker,212.0,66814,14164568,2025-08-09
Mysuru,Monitor,350.0,6093,2132550,2025-10-21
Bengaluru,T-Shirt,405.0,32588,13198140,2025-12-27
Jaipur,Laptop,80.0,14301,1144080,2025-05-13
Delhi,Camera,205.0,10065,2063325,2025-04-13
Kochi,Mouse,343.0,12755,4374965,2025-06-15
Ahmedabad,Speaker,274.0,61429,16831546,2025-02-03
Delhi,T-Shirt,56.0,52528,2941568,2025-07-07
Pune,Backpack,34.0,42087,1430958,2025-06-20
Ahmedabad,Shoes,360.0,97661,35157960,2025-08-04
Hyderabad,Mouse,20.0,71944,1438880,2025-03-16
Delhi,Speaker,110.0,42467,4671370,2025-10-02
Lucknow,Jeans,195.0,8678,1692210,2025-06-26
Pune,Mouse,110.0,7588,834680,2025-04-28
Bengaluru,Jeans,351.0,55933,19632483,2025-05-09
Surat,Headphones,43.0,19077,820311,2025-02-09
Pune,Smartphone,153.0,93850,14359050,2025-08-28
Pune,Tablet,110.0,88271,9709810,2025-05-06
Kochi,Laptop,48.0,56668,2720064,2025-06-25
Hyderabad,Headphones,102.0,46280,4720560,2025-07-16
Ahmedabad,Tablet,353.0,21561,7611033,2025-12-14
Kolkata,Monitor,355.0,75252,26714460,2025-07-27
Bengaluru,Tablet,401.0,78766,31585166,2025-04-03
Bhopal,Speaker,297.0,81307,24148179,2025-03-11
Surat,Printer,481.0,96753,46538193,2025-12-27
Bhopal,T-Shirt,163.0,2359,384517,2025-03-15
Mysuru,Headphones,256.0,41972,10744832,2025-02-26
Surat,Keyboard,135.0,68748,9280980,2025-12-01
Ahmedabad,Printer,439.0,16978,7453342,2025-11-15
Surat,Camera,50.0,5282,264100,2025-04-24
Chennai,Keyboard,357.0,72076,25731132,2025-03-20
Pune,Shoes,179.0,27994,5010926,2025-04-22
Lucknow,Laptop,190.0,48183,9154770,2025-01-10
Mysuru,Watch,258.0,16850,4347300,2025-12-16
Surat,Mouse,212.0,54290,11509480,2025-06-12
Kochi,Tablet,219.0,69072,15126768,2025-06-04
Mysuru,Headphones,235.0,56649,13312515,2025-06-06
Jaipur,Camera,84.0,71641,6017844,2025-07-13
Hyderabad,Printer,338.0,90749,30673162,2025-11-14
Surat,Watch,360.0,81813,29452680,2025-02-03
Patna,Printer,54.0,12249,661446,2025-11-01
Lucknow,Monitor,211.0,14088,2972568,2025-08-24
Patna,Camera,475.0,71899,34152025,2025-02-21
Ahmedabad,Tablet,298.0,4777,1423546,2025-11-10
Kochi,Keyboard,109.0,29713,3238717,2025-08-18
Pune,Smartphone,101.0,62048,6266848,2025-02-12
Patna,Monitor,238.0,54624,13000512,2025-11-23
Patna,T-Shirt,203.0,1496,303688,2025-06-26
Chennai,Tablet,146.0,35576,5194096,2025-11-09
Hyderabad,Printer,463.0,54857,25398791,2025-11-08
Bengaluru,Monitor,466.0,54836,25553576,2025-01-01
Bengaluru,Headphones,405.0,49574,20077470,2025-09-27
Bhopal,Camera,163.0,44420,7240460,2025-03-19
Pune,Shoes,285.0,51796,14761860,2025-04-20
Surat,Keyboard,425.0,7260,3085500,2025-10-14
Delhi,Speaker,200.0,95935,19187000,2025-03-13
Mysuru,Backpack,265.0,21267,5635755,2025-07-08
Mumbai,T-Shirt,411.0,17058,7010838,2025-09-04
Surat,Camera,402.0,51881,20856162,2025-11-09
Kochi,Tablet,82.0,42758,3506156,2025-04-03
Mumbai,Laptop,224.0,2012,450688,2025-11-25
Lucknow,Headphones,15.0,81515,1222725,2025-12-18
Mysuru,Smartphone,293.0,50622,14832246,2025-01-24
Bhopal,Headphones,233.0,83660,19492780,2025-11-25
Kolkata,Headphones,123.0,86027,10581321,2025-04-10
Chennai,Tablet,431.0,32645,14069995,2025-12-25
Patna,Jeans,194.0,34641,6720354,2025-11-02
Hyderabad,Smartphone,479.0,19344,9265776,2025-11-01
Surat,Camera,444.0,14055,6240420,2025-02-15
Mysuru,Camera,63.0,14534,915642,2025-03-10
Hyderabad,Monitor,93.0,12660,1177380,2025-02-16
Kochi,Backpack,468.0,27759,12991212,2025-07-04
Ahmedabad,Jeans,12.0,54730,656760,2025-02-16
Surat,Smartphone,108.0,90590,9783720,2025-07-13
Mysuru,Backpack,325.0,59597,19369025,2025-03-06
Hyderabad,Laptop,463.0,23919,11074497,2025-11-19
Surat,Camera,438.0,4622,2024436,2025-02-11
Kolkata,Mouse,315.0,79142,24929730,2025-09-01
Delhi,Tablet,380.0,33857,12865660,2025-02-07
Lucknow,Laptop,275.0,3519,967725,2025-09-17
Patna,Headphones,111.0,48326,5364186,2025-02-07
Bengaluru,Backpack,71.0,29304,2080584,2025-02-24
Bhopal,Headphones,138.0,36370,5019060,2025-08-07
Mumbai,Backpack,363.0,72785,26420955,2025-11-10
Ahmedabad,T-Shirt,415.0,65485,27176275,2025-07-17
Pune,Monitor,99.0,33280,3294720,2025-03-07
Surat,Printer,455.0,94530,43011150,2025-05-13
Mumbai,Camera,407.0,77515,31548605,2025-05-06
Patna,Shoes,489.0,95141,46523949,2025-08-14
Mysuru,Mouse,217.0,78662,17069654,2025-12-09
Kochi,Backpack,319.0,14597,4656443,2025-10-13
Pune,Shoes,291.0,46757,13606287,2025-06-21
Kochi,Smartphone,231.0,22421,5179251,2025-01-17
Hyderabad,Camera,210.0,38966,8182860,2025-10-27
Mysuru,Speaker,487.0,70033,34106071,2025-06-13
Bengaluru,Smartphone,93.0,42794,3979842,2025-07-26
Delhi,Backpack,126.0,10021,1262646,2025-04-22
Kolkata,Backpack,75.0,41715,3128625,2025-02-01
Kolkata,T-Shirt,6.0,94452,566712,2025-06-07
Ahmedabad,Camera,408.0,42647,17399976,2025-04-18
Mumbai,Keyboard,146.0,79379,11589334,2025-04-17
Chennai,Smartphone,288.0,36944,10639872,2025-12-20
Mysuru,Jeans,441.0,88494,39025854,2025-02-19
Mysuru,Speaker,216.0,89908,19420128,2025-07-11
Kochi,Backpack,102.0,26337,2686374,2025-01-26
Ahmedabad,Mouse,24.0,36468,875232,2025-07-04
Mumbai,Mouse,88.0,79330,6981040,2025-06-19
Pune,Shoes,296.0,3287,972952,2025-05-01
Surat,Jeans,439.0,75965,33348635,2025-01-15
Hyderabad,Headphones,431.0,53297,22971007,2025-01-18
Mysuru,Tablet,21.0,44722,939162,2025-11-01
Mumbai,Mouse,49.0,54905,2690345,2025-12-10
Hyderabad,Backpack,386.0,45827,17689222,2025-07-03
Jaipur,Jeans,161.0,65225,10501225,2025-10-02
Pune,Watch,357.0,60082,21449274,2025-08-28
Surat,Monitor,63.0,49508,3119004,2025-10-04
Bengaluru,Shoes,25.0,1862,46550,2025-03-04
Kolkata,Printer,353.0,95429,33686437,2025-07-08
Delhi,Smartphone,98.0,95410,9350180,2025-06-27
Mysuru,Tablet,3.0,90709,272127,2025-01-09
Mysuru,Jeans,23.0,15023,345529,2025-01-10
Mumbai,Watch,169.0,90667,15322723,2025-10-26
Patna,Keyboard,139.0,92075,12798425,2025-03-05
Lucknow,Mouse,62.0,17052,1057224,2025-06-28
Delhi,Jeans,300.0,54671,16401300,2025-11-15
Surat,Smartphone,268.0,69652,18666736,2025-04-19
Ahmedabad,Speaker,251.0,37271,9355021,2025-06-25
Bhopal,Mouse,116.0,12532,1453712,2025-05-25
Hyderabad,T-Shirt,43.0,46769,2011067,2025-09-27
Kochi,Shoes,338.0,85321,28838498,2025-12-28
Chennai,T-Shirt,40.0,10349,413960,2025-08-02
Chennai,Laptop,344.0,28829,9917176,2025-08-27
Pune,Shoes,250.0,14201,3550250,2025-06-07
Kochi,Camera,390.0,69659,27167010,2025-09-28
Kolkata,Jeans,484.0,41371,20023564,2025-12-15
Surat,Headphones,435.0,66627,28982745,2025-02-05
Chennai,Monitor,187.0,51038,9544106,2025-08-28
Lucknow,Tablet,104.0,52955,5507320,2025-04-03
Hyderabad,Keyboard,85.0,90450,7688250,2025-05-28
Lucknow,Speaker,53.0,19805,1049665,2025-08-04
Bhopal,Smartphone,124.0,2674,331576,2025-08-06
Hyderabad,Laptop,244.0,87254,21289976,2025-09-15
Kolkata,Watch,61.0,72629,4430369,2025-02-12
Pune,Shoes,78.0,52526,4097028,2025-09-14
Jaipur,Backpack,28.0,58347,1633716,2025-05-12
Mumbai,Laptop,333.0,50637,16862121,2025-12-14
Chennai,Watch,97.0,53281,5168257,2025-03-20
Hyderabad,Tablet,312.0,65199,20342088,2025-09-14
Mumbai,Speaker,26.0,85217,2215642,2025-04-04
Chennai,Smartphone,28.0,5177,144956,2025-10-09
Chennai,Smartphone,273.0,13742,3751566,2025-05-08
Mysuru,Camera,359.0,94324,33862316,2025-07-13
Pune,Smartphone,113.0,96696,10926648,2025-12-09
Ahmedabad,Shoes,88.0,27183,2392104,2025-06-21
Hyderabad,T-Shirt,306.0,38245,11702970,2025-12-01
Mumbai,Headphones,258.0,92312,23816496,2025-10-16
Bhopal,Watch,437.0,90669,39622353,2025-04-06
Kolkata,Speaker,36.0,22342,804312,2025-03-11
Mysuru,Mouse,73.0,2169,158337,2025-11-16
Pune,Backpack,11.0,23767,261437,2025-05-03
Delhi,Speaker,390.0,1775,692250,2025-10-12
Ahmedabad,Camera,1.0,64503,64503,2025-04-16
Mumbai,Laptop,420.0,2779,1167180,2025-10-22
Hyderabad,Printer,117.0,69348,8113716,2025-09-06
Patna,Headphones,397.0,12808,5084776,2025-02-10
Patna,T-Shirt,172.0,59825,10289900,2025-08-24
Kolkata,Tablet,132.0,87454,11543928,2025-08-09
Kolkata,Mouse,7.0,46719,327033,2025-05-23
Kolkata,Monitor,266.0,87523,23281118,2025-10-16
Mumbai,Watch,352.0,68566,24135232,2025-12-21
Bengaluru,Headphones,211.0,29369,6196859,2025-11-05
Kolkata,Mouse,16.0,32529,520464,2025-10-24
Bhopal,Keyboard,185.0,27541,5095085,2025-12-03
Chennai,Monitor,489.0,50016,24457824,2025-11-04
Hyderabad,Monitor,321.0,89471,28720191,2025-09-15
Mysuru,Tablet,90.0,35274,3174660,2025-11-12
Mysuru,Backpack,201.0,77720,15621720,2025-07-09
Hyderabad,Shoes,22.0,76458,1682076,2025-09-23
Kolkata,Printer,314.0,16616,5217424,2025-07-26
Ahmedabad,Camera,496.0,45981,22806576,2025-05-04
Bengaluru,Mouse,475.0,90353,42917675,2025-03-15
Surat,Headphones,268.0,38482,10313176,2025-10-18
Surat,Headphones,156.0,64309,10032204,2025-05-03
Patna,Watch,8.0,59988,479904,2025-01-07
Hyderabad,Printer,304.0,16678,5070112,2025-01-16
Hyderabad,Laptop,221.0,46670,10314070,2025-11-27
Bengaluru,Laptop,129.0,18551,2393079,2025-06-10
Patna,Printer,258.0,87705,22627890,2025-09-05
Mumbai,T-Shirt,139.0,19196,2668244,2025-12-07
Pune,Camera,471.0,11079,5218209,2025-05-08
Bengaluru,Mouse,478.0,46982,22457396,2025-04-26
Surat,Speaker,198.0,55886,11065428,2025-07-04
Mysuru,Watch,472.0,40086,18920592,2025-10-10
Delhi,Camera,224.0,89487,20045088,2025-06-26
Lucknow,Headphones,350.0,26649,9327150,2025-05-05
Pune,Tablet,103.0,39960,4115880,2025-05-03
Hyderabad,Camera,475.0,82855,39356125,2025-08-18
Delhi,Keyboard,401.0,57764,23163364,2025-02-05
Jaipur,Mouse,356.0,41559,14795004,2025-09-22
Bhopal,Backpack,240.0,46924,11261760,2025-07-15
Pune,Keyboard,237.0,4127,978099,2025-09-01
Patna,Keyboard,46.0,99571,4580266,2025-03-20
Mysuru,Watch,403.0,32304,13018512,2025-10-17
Kolkata,Headphones,318.0,71707,22802826,2025-10-10
Bengaluru,Jeans,433.0,51966,22501278,2025-03-13
Surat,Laptop,237.0,68396,16209852,2025-08-27
Bengaluru,Smartphone,29.0,35912,1041448,2025-11-04
Kolkata,Camera,50.0,38586,1929300,2025-10-16
Bhopal,Backpack,443.0,8477,3755311,2025-02-24
Lucknow,Speaker,262.0,97409,25521158,2025-12-02
Bhopal,Shoes,265.0,19394,5139410,2025-09-24
Ahmedabad,Headphones,115.0,89062,10242130,2025-11-28
Delhi,Watch,322.0,41249,13282178,2025-12-01
Patna,Mouse,320.0,90648,29007360,2025-04-04
Mumbai,Laptop,79.0,79640,6291560,2025-02-17
Mumbai,Shoes,105.0,14079,1478295,2025-08-01
Kochi,Tablet,228.0,51711,11790108,2025-01-04
Hyderabad,Keyboard,248.0,24623,6106504,2025-04-27
Kochi,Tablet,134.0,80815,10829210,2025-11-15
Kochi,Speaker,316.0,16647,5260452,2025-07-05
Surat,Laptop,95.0,19071,1811745,2025-12-22
Chennai,Headphones,262.0,97711,25600282,2025-12-18
Chennai,Mouse,246.0,38515,9474690,2025-05-22
Mumbai,Camera,253.0,48647,12307691,2025-11-09
Pune,Keyboard,358.0,14568,5215344,2025-08-14
Kochi,Keyboard,76.0,4166,316616,2025-05-15
Mumbai,Camera,200.0,1944,388800,2025-10-10
Bengaluru,Speaker,334.0,86639,28937426,2025-10-15
Bengaluru,Monitor,465.0,46994,21852210,2025-03-15
Mysuru,T-Shirt,235.0,36794,8646590,2025-01-06
Kolkata,Tablet,439.0,66456,29174184,2025-04-12
Mysuru,T-Shirt,269.0,51699,13907031,2025-09-03
Delhi,Speaker,78.0,46619,3636282,2025-11-24
Lucknow,Backpack,236.0,94240,22240640,2025-03-09
Patna,Jeans,338.0,40205,13589290,2025-07-03
Mysuru,Printer,331.0,63905,21152555,2025-07-16
Lucknow,Speaker,93.0,76002,7068186,2025-12-17
Patna,Speaker,270.0,34477,9308790,2025-03-23
Kolkata,Camera,490.0,76616,37541840,2025-06-19
Lucknow,Printer,207.0,9356,1936692,2025-01-01
Kochi,T-Shirt,82.0,30869,2531258,2025-02-22
Mumbai,Mouse,479.0,89540,42889660,2025-08-11
Patna,Shoes,396.0,96529,38225484,2025-04-04
Mysuru,Monitor,90.0,95941,8634690,2025-07-25
Pune,Monitor,33.0,8616,284328,2025-10-09
Mumbai,Laptop,434.0,98795,42877030,2025-02-15
Patna,Backpack,311.0,83244,25888884,2025-01-06
Kolkata,Smartphone,358.0,59418,21271644,2025-07-05
Surat,Camera,285.0,26679,7603515,2025-04-09
Ahmedabad,Mouse,348.0,37998,13223304,2025-04-07
Bhopal,Headphones,223.0,69775,15559825,2025-04-03
Lucknow,Laptop,323.0,88142,28469866,2025-02-07
Bengaluru,Jeans,72.0,1186,85392,2025-06-25
Pune,Camera,280.0,9932,2780960,2025-06-06
Surat,T-Shirt,491.0,95957,47114887,2025-11-17
Ahmedabad,Shoes,427.0,27694,11825338,2025-10-27
Ahmedabad,Tablet,181.0,47225,8547725,2025-10-18
Kochi,Headphones,411.0,9302,3823122,2025-08-14
Surat,Keyboard,448.0,9788,4385024,2025-10-03
Delhi,Jeans,265.0,39589,10491085,2025-02-04
Ahmedabad,Shoes,27.0,79338,2142126,2025-09-11
Bengaluru,Shoes,421.0,38497,16207237,2025-05-13
Bhopal,Backpack,35.0,21191,741685,2025-05-03
Jaipur,Camera,124.0,68363,8477012,2025-10-17
Hyderabad,Keyboard,317.0,7924,2511908,2025-09-23
Mysuru,Smartphone,299.0,62232,18607368,2025-05-21
Bengaluru,Laptop,174.0,55734,9697716,2025-05-07
Kolkata,Monitor,392.0,8284,3247328,2025-03-07
Jaipur,Printer,376.0,43702,16431952,2025-11-02
Chennai,Mouse,38.0,74405,2827390,2025-10-23
Kochi,Jeans,414.0,5134,2125476,2025-06-03
Pune,Camera,379.0,80772,30612588,2025-02-18
Ahmedabad,Headphones,139.0,95308,13247812,2025-01-04
Bengaluru,Mouse,260.0,30023,7805980,2025-11-12
Pune,Mouse,156.0,30352,4734912,2025-01-02
Bengaluru,Jeans,401.0,26212,10511012,2025-09-20
Kochi,Keyboard,350.0,90100,31535000,2025-12-01
Jaipur,Mouse,27.0,51241,1383507,2025-07-23
Delhi,Keyboard,360.0,56445,20320200,2025-09-05
Mumbai,Mouse,61.0,81194,4952834,2025-06-12
Chennai,Backpack,224.0,8092,1812608,2025-04-08
Mumbai,Camera,6.0,30269,181614,2025-07-24
Patna,Monitor,414.0,70783,29304162,2025-10-02
Patna,Laptop,448.0,94849,42492352,2025-04-27
Bengaluru,Smartphone,30.0,17108,513240,2025-08-06
Hyderabad,Laptop,161.0,46331,7459291,2025-10-21
Mysuru,Shoes,150.0,17502,2625300,2025-10-13
Ahmedabad,Speaker,63.0,86560,5453280,2025-02-03
Hyderabad,Tablet,106.0,65371,6929326,2025-12-24
Kochi,Backpack,460.0,29373,13511580,2025-08-23
Hyderabad,Backpack,400.0,72773,29109200,2025-05-28
Surat,Shoes,270.0,35566,9602820,2025-06-23
Jaipur,Tablet,54.0,7577,409158,2025-06-14
Bhopal,Camera,249.0,37171,9255579,2025-02-07
Mysuru,Headphones,431.0,68787,29647197,2025-04-10
Bhopal,Tablet,108.0,16588,1791504,2025-06-24
Kochi,Jeans,73.0,5201,379673,2025-04-23
Ahmedabad,Speaker,392.0,59975,23510200,2025-02-01
Ahmedabad,Printer,18.0,35928,646704,2025-05-19
Pune,Watch,424.0,11574,4907376,2025-01-09
Kochi,Camera,197.0,65427,12889119,2025-01-28
Pune,Keyboard,228.0,6321,1441188,2025-04-07
Pune,Headphones,338.0,57003,19267014,2025-09-02
Surat,Watch,17.0,71481,1215177,2025-06-01
Mysuru,Camera,387.0,44568,17247816,2025-05-26
Patna,Camera,111.0,99754,11072694,2025-01-11
Bhopal,Printer,319.0,57395,18309005,2025-07-26
Bhopal,Monitor,377.0,99118,37367486,2025-01-26
Mumbai,Tablet,199.0,95041,18913159,2025-11-10
Kochi,Tablet,238.0,56052,13340376,2025-10-24
Lucknow,Jeans,266.0,34591,9201206,2025-03-13
Ahmedabad,T-Shirt,474.0,31724,15037176,2025-03-01
Hyderabad,Jeans,350.0,36465,12762750,2025-02-08
Patna,Tablet,152.0,44741,6800632,2025-10-13
Bengaluru,Camera,141.0,47908,6755028,2025-05-22
Hyderabad,Jeans,335.0,80191,26863985,2025-01-04
Hyderabad,Camera,339.0,42572,14431908,2025-05-28
Delhi,Mouse,237.0,2763,654831,2025-08-01
Ahmedabad,Laptop,495.0,47518,23521410,2025-08-21
Kochi,Tablet,112.0,54057,6054384,2025-01-19
Mumbai,Watch,460.0,80496,37028160,2025-09-11
Mumbai,Mouse,93.0,34317,3191481,2025-05-09
Kochi,Mouse,66.0,30308,2000328,2025-11-06
Delhi,Printer,317.0,86480,27414160,2025-01-08
Mumbai,Speaker,20.0,24650,493000,2025-11-17
Kochi,Mouse,297.0,42093,12501621,2025-01-18
Bhopal,Shoes,32.0,94157,3013024,2025-05-09
Bengaluru,Speaker,433.0,46812,20269596,2025-09-23
Bengaluru,Camera,121.0,46339,5607019,2025-02-03
Jaipur,Mouse,58.0,67482,3913956,2025-02-08
Chennai,Backpack,293.0,49174,14407982,2025-11-14
Mumbai,Speaker,219.0,37604,8235276,2025-03-01
Kolkata,Camera,404.0,47723,19280092,2025-06-14
Mysuru,Speaker,192.0,62193,11941056,2025-05-20
Bengaluru,Headphones,189.0,6347,1199583,2025-05-05
Mysuru,Camera,14.0,14424,201936,2025-10-07
Patna,Backpack,262.0,94317,24711054,2025-12-17
Patna,Camera,365.0,45595,16642175,2025-04-13
Kochi,Camera,17.0,86622,1472574,2025-12-05
Pune,Jeans,333.0,10781,3590073,2025-02-08
Lucknow,Tablet,295.0,83117,24519515,2025-09-24
Pune,Tablet,376.0,16391,6163016,2025-09-26
Bengaluru,Camera,242.0,86902,21030284,2025-09-17
Ahmedabad,Backpack,138.0,26062,3596556,2025-10-10
Mysuru,Shoes,169.0,32360,5468840,2025-06-08
Ahmedabad,Backpack,384.0,15627,6000768,2025-12-08
Ahmedabad,T-Shirt,491.0,54229,26626439,2025-06-03
Kolkata,Tablet,259.0,10519,2724421,2025-06-21
Ahmedabad,Camera,118.0,59347,7002946,2025-07-08
Lucknow,Printer,424.0,16920,7174080,2025-09-08
Patna,Monitor,209.0,88856,18570904,2025-10-22
Delhi,Camera,134.0,38102,5105668,2025-06-11
Mumbai,Smartphone,210.0,55684,11693640,2025-09-05
Lucknow,Mouse,324.0,26465,8574660,2025-03-15
Bengaluru,Headphones,62.0,55370,3432940,2025-05-25
Jaipur,T-Shirt,477.0,62085,29614545,2025-12-04
Delhi,Printer,18.0,57047,1026846,2025-01-23
Delhi,Smartphone,68.0,67988,4623184,2025-09-13
Mysuru,Keyboard,182.0,17205,3131310,2025-07-23
Jaipur,Shoes,365.0,38955,14218575,2025-02-11
Mysuru,Printer,460.0,44624,20527040,2025-10-20
Lucknow,Smartphone,370.0,6429,2378730,2025-02-24
Mysuru,Backpack,487.0,59337,28897119,2025-07-21
Ahmedabad,T-Shirt,428.0,57606,24655368,2025-05-25
Ahmedabad,T-Shirt,69.0,96633,6667677,2025-03-24
Patna,Camera,470.0,67264,31614080,2025-02-05
Mysuru,Laptop,304.0,78232,23782528,2025-06-22
Surat,Mouse,195.0,42500,8287500,2025-08-06
Jaipur,T-Shirt,302.0,37108,11206616,2025-02-08
Hyderabad,Mouse,175.0,6829,1195075,2025-10-17
Mysuru,Tablet,297.0,67114,19932858,2025-07-10
Kolkata,Keyboard,164.0,99760,16360640,2025-03-05
Bengaluru,Printer,484.0,96788,46845392,2025-12-07
Pune,Tablet,143.0,75884,10851412,2025-10-11
Mumbai,Backpack,146.0,22204,3241784,2025-02-10
Hyderabad,Mouse,225.0,29812,6707700,2025-03-10
Mysuru,Watch,311.0,99258,30869238,2025-02-08
Surat,Watch,73.0,13079,954767,2025-04-18
Kochi,Tablet,387.0,22631,8758197,2025-01-20
Mysuru,Laptop,492.0,71256,35057952,2025-09-26
Chennai,Laptop,251.0,3878,973378,2025-06-07
Hyderabad,Camera,219.0,96456,21123864,2025-08-17
Delhi,Printer,233.0,39158,9123814,2025-02-23
Bhopal,Monitor,433.0,16220,7023260,2025-08-14
Ahmedabad,Watch,45.0,18433,829485,2025-05-24
Surat,Smartphone,496.0,46862,23243552,2025-02-24
Patna,Shoes,373.0,10245,3821385,2025-06-06
Jaipur,Backpack,142.0,59936,8510912,2025-11-24
Jaipur,Speaker,398.0,10210,4063580,2025-12-23
Kolkata,Monitor,474.0,5527,2619798,2025-07-04
Mysuru,T-Shirt,407.0,68827,28012589,2025-06-07
Kochi,Tablet,339.0,82561,27988179,2025-01-21
Surat,Laptop,126.0,18440,2323440,2025-10-13
Kochi,Shoes,345.0,26147,9020715,2025-05-16
Delhi,Mouse,417.0,25024,10435008,2025-12-16
Hyderabad,Headphones,102.0,83700,8537400,2025-02-17
Kochi,T-Shirt,384.0,28574,10972416,2025-01-14
Mumbai,Mouse,286.0,80613,23055318,2025-04-23
Delhi,Laptop,215.0,90675,19495125,2025-05-20
Pune,Speaker,299.0,31264,9347936,2025-11-12
Ahmedabad,Tablet,337.0,24101,8122037,2025-05-27
Chennai,Monitor,150.0,88052,13207800,2025-08-16
Patna,Speaker,201.0,78860,15850860,2025-06-18
Ahmedabad,Watch,50.0,29195,1459750,2025-02-25
Patna,Watch,215.0,59111,12708865,2025-06-08
Surat,Keyboard,60.0,23594,1415640,2025-08-11
Surat,Smartphone,178.0,91853,16349834,2025-07-23
Delhi,Jeans,452.0,63904,28884608,2025-08-20
Pune,Speaker,121.0,4296,519816,2025-05-09
Jaipur,Shoes,456.0,54109,24673704,2025-01-18
Patna,Backpack,134.0,88972,11922248,2025-06-14
Pune,Jeans,227.0,56231,12764437,2025-07-09
Mysuru,Laptop,138.0,64136,8850768,2025-12-08
Kolkata,Speaker,420.0,6480,2721600,2025-05-15
Pune,Shoes,294.0,22328,6564432,2025-09-07
Patna,Speaker,57.0,80886,4610502,2025-10-11
Delhi,Camera,277.0,3110,861470,2025-12-01
Patna,Keyboard,47.0,92870,4364890,2025-06-12
Patna,Jeans,284.0,8818,2504312,2025-11-02
Jaipur,Shoes,186.0,70685,13147410,2025-04-06
Kochi,Tablet,203.0,94586,19200958,2025-04-10
Patna,Headphones,467.0,49505,23118835,2025-06-14
Chennai,Tablet,376.0,33098,12444848,2025-01-02
Kochi,Laptop,387.0,69516,26902692,2025-02-17
Pune,Jeans,249.0,6042,1504458,2025-03-10
Hyderabad,Laptop,118.0,83279,9826922,2025-12-08
Bengaluru,Watch,384.0,16706,6415104,2025-07-21
Pune,Headphones,419.0,97562,40878478,2025-05-28
Mumbai,Smartphone,38.0,66627,2531826,2025-12-23
Patna,T-Shirt,213.0,3141,669033,2025-01-24
Kochi,Tablet,310.0,20402,6324620,2025-02-24
Lucknow,Jeans,201.0,25965,5218965,2025-10-28
Hyderabad,Jeans,166.0,56225,9333350,2025-09-24
Bengaluru,Watch,141.0,60649,8551509,2025-04-04
Hyderabad,Speaker,296.0,62287,18436952,2025-07-10
Pune,Smartphone,114.0,53758,6128412,2025-09-09
Ahmedabad,Watch,465.0,92627,43071555,2025-09-17
Chennai,Keyboard,9.0,65647,590823,2025-12-13
Kolkata,Jeans,280.0,94161,26365080,2025-02-15
Chennai,Camera,500.0,3762,1881000,2025-07-25
Chennai,Mouse,190.0,62995,11969050,2025-10-04
Surat,Watch,171.0,19344,3307824,2025-11-03
Mumbai,Tablet,87.0,27721,2411727,2025-08-19
Chennai,Smartphone,73.0,53347,3894331,2025-10-27
Ahmedabad,Tablet,371.0,74770,27739670,2025-04-02
Patna,Mouse,130.0,54483,7082790,2025-05-24
Kolkata,Printer,78.0,5285,412230,2025-06-23
Lucknow,Camera,209.0,1230,257070,2025-05-23
Chennai,Jeans,288.0,64558,18592704,2025-09-16
Kolkata,Speaker,121.0,42683,5164643,2025-08-23
Ahmedabad,Tablet,285.0,97451,27773535,2025-12-03
Mysuru,Smartphone,218.0,92152,20089136,2025-02-13
Delhi,Jeans,7.0,21745,152215,2025-09-24
Mumbai,Headphones,102.0,57857,5901414,2025-02-02
Mysuru,Keyboard,254.0,22876,5810504,2025-11-26
Jaipur,Mouse,72.0,98672,7104384,2025-09-14
Pune,Laptop,152.0,15911,2418472,2025-07-10
Bhopal,Monitor,451.0,89194,40226494,2025-05-17
Kolkata,Camera,456.0,49210,22439760,2025-10-21
Delhi,Headphones,149.0,69083,10293367,2025-11-07
Patna,Camera,488.0,94147,45943736,2025-06-17
Lucknow,Watch,242.0,61170,14803140,2025-04-11
Mysuru,T-Shirt,369.0,18239,6730191,2025-03-17
Bhopal,Printer,243.0,1787,434241,2025-06-14
Delhi,Headphones,241.0,9288,2238408,2025-01-10
Bhopal,Shoes,103.0,91469,9421307,2025-02-18
Ahmedabad,Backpack,49.0,8509,416941,2025-10-15
Lucknow,Headphones,35.0,46434,1625190,2025-11-18
Mysuru,Shoes,177.0,82920,14676840,2025-01-07
Hyderabad,Watch,421.0,56358,23726718,2025-10-24
Hyderabad,Backpack,320.0,53357,17074240,2025-05-18
Jaipur,Speaker,338.0,27053,9143914,2025-02-19
Delhi,Smartphone,375.0,28869,10825875,2025-05-06
Hyderabad,Camera,53.0,17107,906671,2025-09-19
Surat,Jeans,197.0,43774,8623478,2025-10-25
Kochi,Camera,310.0,36838,11419780,2025-12-28
Lucknow,Speaker,466.0,62550,29148300,2025-04-06
Bengaluru,Jeans,119.0,28869,3435411,2025-02-26
Lucknow,Headphones,74.0,22103,1635622,2025-08-28
Bengaluru,Backpack,40.0,7340,293600,2025-03-17
Patna,Mouse,218.0,87642,19105956,2025-08-11
Hyderabad,Tablet,390.0,15874,6190860,2025-04-18
Pune,Keyboard,397.0,51032,20259704,2025-12-16
Kolkata,Watch,430.0,68917,29634310,2025-06-17
Mumbai,Monitor,310.0,28536,8846160,2025-03-21
Kochi,Watch,365.0,19228,7018220,2025-07-18
Ahmedabad,Mouse,356.0,33338,11868328,2025-11-04
Jaipur,Monitor,223.0,85971,19171533,2025-06-06
Bengaluru,Printer,188.0,61589,11578732,2025-11-12
Bhopal,Keyboard,110.0,81368,8950480,2025-09-07
Pune,Backpack,92.0,98493,9061356,2025-01-07
Ahmedabad,Backpack,270.0,26044,7031880,2025-01-19
Hyderabad,Backpack,49.0,48848,2393552,2025-05-17
Mysuru,Laptop,311.0,36286,11284946,2025-01-21
Hyderabad,Speaker,246.0,52705,12965430,2025-01-23
Bhopal,Watch,141.0,82455,11626155,2025-01-19
Kochi,Laptop,442.0,94613,41818946,2025-08-20
Surat,Mouse,252.0,23276,5865552,2025-08-24
Kochi,Speaker,385.0,72011,27724235,2025-02-02
Kolkata,Laptop,314.0,93995,29514430,2025-03-23
Bhopal,Headphones,446.0,17755,7918730,2025-02-14
Kochi,Printer,62.0,7846,486452,2025-08-21
Bhopal,Laptop,161.0,13276,2137436,2025-09-09
Kochi,Shoes,336.0,80978,27208608,2025-12-01
Kolkata,Printer,345.0,41981,14483445,2025-12-06
Mysuru,Camera,370.0,48505,17946850,2025-09-01
Surat,Keyboard,214.0,88019,18836066,2025-11-02
Mumbai,Shoes,423.0,66235,28017405,2025-03-24
Hyderabad,Smartphone,89.0,58617,5216913,2025-01-09
Lucknow,Shoes,353.0,66752,23563456,2025-07-06
Surat,T-Shirt,432.0,922,398304,2025-05-09
Jaipur,Backpack,61.0,45254,2760494,2025-08-19
Kochi,T-Shirt,45.0,74711,3361995,2025-08-03
Mumbai,Monitor,47.0,24420,1147740,2025-12-03
Delhi,Backpack,303.0,82632,25037496,2025-01-25
Delhi,Jeans,6.0,29011,174066,2025-11-12
Ahmedabad,Smartphone,450.0,95432,42944400,2025-04-10
Kochi,Speaker,329.0,25546,8404634,2025-12-25
Bhopal,Headphones,159.0,7490,1190910,2025-07-23
Hyderabad,Headphones,143.0,18905,2703415,2025-10-11
Pune,Shoes,428.0,25173,10774044,2025-05-07
Delhi,Watch,133.0,91930,12226690,2025-08-09
Mumbai,Mouse,182.0,76350,13895700,2025-06-12
Patna,Speaker,268.0,59439,15929652,2025-11-22
Kochi,Headphones,19.0,77206,1466914,2025-07-05
Jaipur,Camera,108.0,92537,9993996,2025-07-12
Surat,Jeans,350.0,38339,13418650,2025-04-11
Bhopal,Tablet,283.0,97903,27706549,2025-05-03
Jaipur,Jeans,108.0,34344,3709152,2025-04-15
Hyderabad,Laptop,473.0,15612,7384476,2025-09-22
Surat,Headphones,244.0,18825,4593300,2025-08-19
Kolkata,Backpack,289.0,50033,14459537,2025-11-19
Mysuru,Laptop,166.0,92419,15341554,2025-02-21
Kolkata,Printer,462.0,1535,709170,2025-03-14
Ahmedabad,Backpack,173.0,85419,14777487,2025-02-06
Mysuru,Backpack,157.0,21831,3427467,2025-08-18
Delhi,Jeans,12.0,58041,696492,2025-10-15
Lucknow,Camera,356.0,57512,20474272,2025-12-13
Ahmedabad,Printer,125.0,33605,4200625,2025-12-12
Lucknow,Backpack,248.0,89439,22180872,2025-07-10
Bengaluru,Monitor,450.0,31210,14044500,2025-09-04
Pune,Keyboard,397.0,35805,14214585,2025-10-13
Lucknow,Laptop,84.0,67635,5681340,2025-03-10
Mysuru,Camera,495.0,91939,45509805,2025-09-07
Lucknow,Jeans,72.0,17525,1261800,2025-11-11
Patna,Laptop,497.0,12348,6136956,2025-05-26
Patna,Headphones,411.0,45864,18850104,2025-08-13
Delhi,Mouse,1.0,86825,86825,2025-03-07
Mysuru,Headphones,155.0,40808,6325240,2025-02-06
Chennai,Printer,105.0,57719,6060495,2025-02-24
Chennai,Headphones,351.0,73290,25724790,2025-06-01
Ahmedabad,Headphones,177.0,13595,2406315,2025-08-18
Surat,Keyboard,358.0,28351,10149658,2025-08-22
Pune,Printer,238.0,93066,22149708,2025-04-25
Mysuru,Smartphone,199.0,17343,3451257,2025-06-25
Mysuru,Headphones,205.0,43375,8891875,2025-05-27
Surat,T-Shirt,447.0,56152,25099944,2025-10-13
Jaipur,Smartphone,178.0,64503,11481534,2025-11-24
Lucknow,Laptop,114.0,80260,9149640,2025-03-25
Chennai,Backpack,186.0,45044,8378184,2025-09-27
Bengaluru,Camera,307.0,99024,30400368,2025-07-03
Surat,Shoes,71.0,66029,4688059,2025-04-02
Chennai,Watch,223.0,12670,2825410,2025-06-13
Surat,Headphones,218.0,20258,4416244,2025-05-10
Pune,Speaker,421.0,63500,26733500,2025-01-09
Pune,Headphones,84.0,52694,4426296,2025-11-17
Kochi,Smartphone,239.0,11331,2708109,2025-06-22
Bhopal,Smartphone,336.0,53515,17981040,2025-01-06
Kolkata,Headphones,295.0,66949,19749955,2025-07-22
Ahmedabad,Laptop,249.0,86197,21463053,2025-11-13
Pune,Jeans,28.0,40208,1125824,2025-07-09
Bhopal,Speaker,60.0,79619,4777140,2025-08-17
Kolkata,Jeans,243.0,93826,22799718,2025-06-28
Jaipur,Backpack,58.0,23940,1388520,2025-07-18
Patna,Keyboard,446.0,88936,39665456,2025-02-05
Bengaluru,Backpack,486.0,93241,45315126,2025-10-09
Chennai,Tablet,417.0,81046,33796182,2025-12-28
Ahmedabad,Keyboard,25.0,61417,1535425,2025-05-02
Mumbai,Printer,251.0,60825,15267075,2025-06-02
Mysuru,Camera,352.0,48904,17214208,2025-05-14
Kolkata,Speaker,152.0,3584,544768,2025-09-09
Delhi,Watch,183.0,55164,10095012,2025-01-15
Kolkata,Watch,326.0,5168,1684768,2025-10-04
Kolkata,T-Shirt,19.0,70134,1332546,2025-12-13
Chennai,Headphones,44.0,70621,3107324,2025-02-05
Bhopal,Headphones,325.0,65177,21182525,2025-07-09
Kolkata,Mouse,353.0,81403,28735259,2025-04-27
Mysuru,Printer,478.0,96534,46143252,2025-09-19
Ahmedabad,Laptop,40.0,43306,1732240,2025-06-02
Delhi,Camera,371.0,84099,31200729,2025-02-13
Jaipur,T-Shirt,41.0,44772,1835652,2025-11-24
Hyderabad,Keyboard,206.0,3433,707198,2025-03-24
Hyderabad,T-Shirt,335.0,97845,32778075,2025-02-27
Mysuru,Keyboard,495.0,15760,7801200,2025-04-19
Hyderabad,Watch,316.0,67876,21448816,2025-09-28
Patna,Shoes,356.0,6900,2456400,2025-06-19
Ahmedabad,Shoes,390.0,57771,22530690,2025-05-24
Bhopal,Jeans,96.0,36787,3531552,2025-09-22
Bengaluru,Camera,205.0,24258,4972890,2025-11-10
Hyderabad,Laptop,209.0,27649,5778641,2025-01-26
Pune,Speaker,67.0,36514,2446438,2025-05-15
Lucknow,Jeans,500.0,83711,41855500,2025-06-04
Chennai,Shoes,10.0,93431,934310,2025-06-08
Mumbai,Camera,148.0,95941,14199268,2025-12-20
Kochi,Mouse,302.0,55650,16806300,2025-11-20
Kolkata,Tablet,200.0,62838,12567600,2025-09-01
Kolkata,Backpack,164.0,45898,7527272,2025-08-05
Ahmedabad,Printer,381.0,65901,25108281,2025-04-18
Bhopal,Headphones,345.0,51626,17810970,2025-05-13
Bengaluru,Speaker,437.0,75383,32942371,2025-02-21
Ahmedabad,Tablet,177.0,11391,2016207,2025-04-24
Jaipur,Backpack,156.0,38749,6044844,2025-06-15
Surat,Mouse,16.0,20934,334944,2025-10-19
Delhi,Camera,181.0,74541,13491921,2025-07-14
Patna,Laptop,385.0,37709,14517965,2025-09-24
Ahmedabad,Shoes,193.0,70963,13695859,2025-03-13
Lucknow,Printer,64.0,13211,845504,2025-07-07
Chennai,Smartphone,293.0,38425,11258525,2025-03-28
Delhi,Jeans,399.0,96767,38610033,2025-07-18
Pune,Backpack,385.0,29041,11180785,2025-07-20
Hyderabad,Backpack,395.0,48102,19000290,2025-11-04
Surat,Monitor,352.0,83484,29386368,2025-11-11
Jaipur,Tablet,273.0,51902,14169246,2025-04-28
Pune,Mouse,388.0,61306,23786728,2025-05-27
Mysuru,Mouse,81.0,23781,1926261,2025-07-10
Bengaluru,Tablet,425.0,44285,18821125,2025-08-21
Delhi,Speaker,465.0,13387,6224955,2025-07-19
Surat,Keyboard,499.0,55323,27606177,2025-07-07
Surat,Laptop,317.0,29885,9473545,2025-03-20
Lucknow,Tablet,42.0,79086,3321612,2025-10-24
Pune,Laptop,167.0,80429,13431643,2025-04-06
Lucknow,Speaker,242.0,90200,21828400,2025-02-12
Bengaluru,T-Shirt,308.0,86236,26560688,2025-07-18
Jaipur,Printer,99.0,21652,2143548,2025-08-12
Bhopal,Printer,123.0,23465,2886195,2025-08-23
Mysuru,Shoes,166.0,17886,2969076,2025-05-03
Mysuru,Laptop,106.0,76207,8077942,2025-08-15
Chennai,Speaker,309.0,58650,18122850,2025-04-26
Delhi,Mouse,257.0,84566,21733462,2025-02-26
Lucknow,Printer,170.0,21375,3633750,2025-04-15
Bhopal,Smartphone,4.0,98621,394484,2025-01-22
Surat,Keyboard,444.0,68626,30469944,2025-08-28
Pune,Smartphone,401.0,55168,22122368,2025-05-23
Jaipur,Smartphone,367.0,80057,29380919,2025-11-18
Bhopal,Laptop,225.0,63520,14292000,2025-12-02
Hyderabad,Jeans,204.0,95546,19491384,2025-01-12
Pune,T-Shirt,475.0,67551,32086725,2025-11-21
Ahmedabad,Keyboard,404.0,16760,6771040,2025-02-05
Kochi,Watch,389.0,76497,29757333,2025-02-24
Delhi,Backpack,212.0,86553,18349236,2025-06-05
Mysuru,Shoes,408.0,63754,26011632,2025-04-09
Mumbai,Backpack,329.0,91426,30079154,2025-02-15
Mysuru,T-Shirt,252.0,99132,24981264,2025-04-25
Hyderabad,Backpack,152.0,90834,13806768,2025-08-11
Patna,Mouse,359.0,34306,12315854,2025-10-09
Lucknow,Laptop,390.0,18852,7352280,2025-03-17
Hyderabad,Laptop,114.0,49108,5598312,2025-10-12
Bhopal,Watch,158.0,94326,14903508,2025-03-19
Surat,Watch,244.0,93964,22927216,2025-08-22
Hyderabad,Headphones,381.0,91605,34901505,2025-03-05
Lucknow,Watch,440.0,50861,22378840,2025-05-21
Chennai,Laptop,436.0,28242,12313512,2025-10-10
Delhi,Camera,7.0,34502,241514,2025-06-24
Jaipur,T-Shirt,446.0,68240,30435040,2025-07-16
Lucknow,Monitor,88.0,45616,4014208,2025-11-05
Lucknow,Printer,257.0,41695,10715615,2025-09-12
Pune,Printer,475.0,64102,30448450,2025-11-06
Kochi,Tablet,247.0,23488,5801536,2025-08-13
Bengaluru,Speaker,485.0,8987,4358695,2025-06-08
Hyderabad,Shoes,115.0,20172,2319780,2025-05-20
Patna,T-Shirt,405.0,16175,6550875,2025-11-07
Kolkata,Mouse,236.0,75133,17731388,2025-11-01
Kochi,T-Shirt,434.0,69197,30031498,2025-04-24
Chennai,Backpack,341.0,4804,1638164,2025-07-21
Mumbai,Backpack,260.0,9307,2419820,2025-05-18
Jaipur,Printer,380.0,70981,26972780,2025-02-26
Bengaluru,Mouse,291.0,69043,20091513,2025-04-08
Hyderabad,Jeans,379.0,24444,9264276,2025-12-21
Kochi,Shoes,117.0,90892,10634364,2025-12-15
Delhi,Laptop,312.0,35334,11024208,2025-09-09
Mumbai,T-Shirt,98.0,96619,9468662,2025-02-05
Jaipur,Watch,32.0,27727,887264,2025-04-08
Lucknow,Jeans,298.0,63058,18791284,2025-08-04
Jaipur,Monitor,401.0,7195,2885195,2025-06-26
Surat,Smartphone,101.0,63191,6382291,2025-02-15
Mumbai,Mouse,102.0,13590,1386180,2025-09-19
Chennai,Camera,250.0,39816,9954000,2025-10-01
Lucknow,Keyboard,441.0,15117,6666597,2025-12-15
Patna,Speaker,100.0,77693,7769300,2025-11-20
Patna,Mouse,1.0,33497,33497,2025-07-20
Hyderabad,Mouse,324.0,23638,7658712,2025-06-17
Ahmedabad,Tablet,146.0,85078,12421388,2025-05-09
Kochi,Tablet,128.0,45214,5787392,2025-05-22
Jaipur,Tablet,159.0,82540,13123860,2025-08-04
Patna,Headphones,250.0,1354,338500,2025-06-17
Ahmedabad,Mouse,84.0,23935,2010540,2025-02-25
Pune,Speaker,156.0,12895,2011620,2025-08-11
Surat,Speaker,276.0,24441,6745716,2025-04-25
Mumbai,Jeans,119.0,28446,3385074,2025-05-17
Hyderabad,Backpack,393.0,70020,27517860,2025-08-04
Surat,Watch,475.0,80391,38185725,2025-04-19
Surat,Headphones,166.0,20998,3485668,2025-04-25
Pune,Jeans,88.0,21201,1865688,2025-10-22
Delhi,Backpack,490.0,68194,33415060,2025-08-21
Lucknow,Jeans,214.0,95719,20483866,2025-05-08
Mysuru,Watch,242.0,40295,9751390,2025-06-05
Hyderabad,Backpack,373.0,46890,17489970,2025-12-11
Ahmedabad,Watch,218.0,74331,16204158,2025-07-25
Pune,Laptop,391.0,53463,20904033,2025-01-14
Kolkata,Speaker,413.0,18840,7780920,2025-08-25
Hyderabad,Laptop,420.0,92819,38983980,2025-04-07
Surat,T-Shirt,132.0,39139,5166348,2025-06-01
Kolkata,Keyboard,405.0,50622,20501910,2025-06-18
Jaipur,T-Shirt,103.0,28677,2953731,2025-10-17
Ahmedabad,Printer,141.0,14503,2044923,2025-02-08
Delhi,Backpack,371.0,63372,23511012,2025-12-19
Ahmedabad,Laptop,400.0,86931,34772400,2025-07-23
Mysuru,T-Shirt,250.0,33247,8311750,2025-05-20
Lucknow,Keyboard,31.0,13795,427645,2025-01-21
Kolkata,Watch,276.0,48924,13503024,2025-08-10
Mumbai,Mouse,69.0,98781,6815889,2025-02-11
Patna,T-Shirt,212.0,20393,4323316,2025-03-19
Hyderabad,Camera,103.0,74141,7636523,2025-02-15
Chennai,Backpack,294.0,72142,21209748,2025-11-09
Jaipur,Tablet,419.0,38696,16213624,2025-12-01
Delhi,Jeans,395.0,9413,3718135,2025-12-23
Bhopal,Backpack,491.0,47847,23492877,2025-08-24
Mysuru,Shoes,95.0,42609,4047855,2025-08-08
Ahmedabad,Backpack,171.0,26581,4545351,2025-11-23
Hyderabad,Watch,310.0,98496,30533760,2025-01-05
Mumbai,Speaker,211.0,56511,11923821,2025-07-26
Ahmedabad,Jeans,25.0,69758,1743950,2025-01-17
Kolkata,Laptop,290.0,57805,16763450,2025-01-17
Kochi,Jeans,168.0,71122,11948496,2025-08-10
Lucknow,Backpack,325.0,9296,3021200,2025-12-03
Lucknow,Smartphone,499.0,73676,36764324,2025-02-18
Delhi,Jeans,263.0,11998,3155474,2025-10-15
Lucknow,Speaker,98.0,99054,9707292,2025-02-25
Surat,Keyboard,419.0,36789,15414591,2025-08-15
Mysuru,Monitor,379.0,20449,7750171,2025-11-11
Mumbai,Headphones,332.0,75895,25197140,2025-06-15
Jaipur,Jeans,355.0,97422,34584810,2025-07-01
Pune,Camera,151.0,1332,201132,2025-10-27
Pune,Laptop,5.0,30021,150105,2025-06-14
Delhi,Watch,439.0,29714,13044446,2025-10-22
Patna,Backpack,273.0,60498,16515954,2025-11-22
Chennai,Jeans,421.0,75792,31908432,2025-06-23
Kochi,Camera,79.0,25252,1994908,2025-03-07
Hyderabad,Headphones,52.0,3937,204724,2025-09-20
Kochi,Laptop,400.0,17188,6875200,2025-09-12
Mumbai,Backpack,446.0,41831,18656626,2025-04-22
Chennai,Shoes,156.0,21902,3416712,2025-07-09
Chennai,Monitor,471.0,28973,13646283,2025-06-01
Delhi,Monitor,461.0,58124,26795164,2025-02-27
Pune,Laptop,228.0,98010,22346280,2025-12-07
Pune,Laptop,229.0,57981,13277649,2025-07-07
Chennai,Jeans,195.0,77860,15182700,2025-02-03
Delhi,Tablet,468.0,76299,35707932,2025-12-17
Mumbai,Headphones,388.0,27977,10855076,2025-02-16
Bhopal,Camera,184.0,98762,18172208,2025-06-14
Chennai,Shoes,47.0,66941,3146227,2025-06-16
Hyderabad,Tablet,58.0,60393,3502794,2025-01-01
Pune,Jeans,216.0,52969,11441304,2025-02-12
Kolkata,Watch,429.0,9059,3886311,2025-07-28
Surat,Watch,118.0,92409,10904262,2025-02-21
Surat,Jeans,200.0,62282,12456400,2025-01-09
Bhopal,Speaker,460.0,42871,19720660,2025-01-05
Kochi,Shoes,91.0,74500,6779500,2025-01-05
Jaipur,Headphones,72.0,91604,6595488,2025-08-25
Bengaluru,Laptop,306.0,28002,8568612,2025-12-22
Hyderabad,Backpack,317.0,54878,17396326,2025-03-14
Delhi,Headphones,480.0,68473,32867040,2025-03-24
Patna,Jeans,343.0,24304,8336272,2025-06-04
Patna,Headphones,16.0,65715,1051440,2025-04-10
Pune,Speaker,192.0,35257,6769344,2025-10-11
Bengaluru,Jeans,14.0,43961,615454,2025-01-16
Bengaluru,T-Shirt,447.0,19419,8680293,2025-07-02
Jaipur,Keyboard,391.0,78947,30868277,2025-12-17
Delhi,Headphones,52.0,2458,127816,2025-06-08
Mumbai,Keyboard,34.0,15233,517922,2025-08-15
Pune,Printer,460.0,70849,32590540,2025-08-05
Kochi,Camera,415.0,83973,34848795,2025-01-10
Ahmedabad,Mouse,461.0,34167,15750987,2025-03-11
Surat,Tablet,188.0,80927,15214276,2025-11-23
Mumbai,Mouse,253.0,98636,24954908,2025-10-07
Delhi,Shoes,264.0,17514,4623696,2025-03-08
Surat,Smartphone,381.0,12924,4924044,2025-12-13
Hyderabad,Monitor,315.0,14292,4501980,2025-04-08
Hyderabad,Headphones,374.0,86924,32509576,2025-05-11
Bhopal,Mouse,343.0,77935,26731705,2025-09-17
Lucknow,Monitor,137.0,17763,2433531,2025-06-14
Kolkata,Speaker,75.0,76438,5732850,2025-12-28
Bengaluru,T-Shirt,464.0,50966,23648224,2025-11-02
Patna,Shoes,94.0,2377,223438,2025-03-21
Bengaluru,Printer,407.0,31672,12890504,2025-03-13
Kolkata,Laptop,293.0,63516,18610188,2025-08-28
Kolkata,Shoes,322.0,76154,24521588,2025-07-15
Chennai,Mouse,319.0,34946,11147774,2025-09-15
Mumbai,T-Shirt,144.0,86412,12443328,2025-09-11
Kolkata,Monitor,96.0,33960,3260160,2025-06-26
Kochi,Mouse,396.0,72445,28688220,2025-08-22
Mumbai,Speaker,439.0,45375,19919625,2025-09-09
Mumbai,Jeans,188.0,56404,10603952,2025-11-01
Jaipur,Headphones,49.0,30269,1483181,2025-08-27
Mumbai,Smartphone,282.0,93914,26483748,2025-05-05
Kochi,Backpack,158.0,59818,9451244,2025-07-18
Mumbai,Printer,498.0,66655,33194190,2025-03-13
Kochi,Monitor,262.0,26043,6823266,2025-03-27
Surat,Shoes,398.0,2691,1071018,2025-04-24
Bhopal,Backpack,270.0,79265,21401550,2025-03-19
Kochi,Tablet,269.0,6659,1791271,2025-09-12
Jaipur,Shoes,356.0,70082,24949192,2025-03-12
Delhi,Smartphone,349.0,22210,7751290,2025-11-21
Kochi,Camera,116.0,98948,11477968,2025-12-05
Jaipur,Camera,218.0,27002,5886436,2025-05-02
Pune,Watch,200.0,68886,13777200,2025-07-16
Ahmedabad,Backpack,70.0,95074,6655180,2025-05-01
Mumbai,Watch,363.0,73344,26623872,2025-11-10
Chennai,Monitor,376.0,80862,30404112,2025-10-03
Bengaluru,Jeans,211.0,18889,3985579,2025-03-16
Kochi,Headphones,392.0,32280,12653760,2025-07-26
Delhi,Speaker,215.0,51749,11126035,2025-10-07
Chennai,Printer,180.0,9744,1753920,2025-04-09
Delhi,Monitor,206.0,16683,3436698,2025-12-24
Lucknow,Speaker,78.0,27478,2143284,2025-08-05
Surat,Watch,390.0,43422,16934580,2025-01-21
Mumbai,Tablet,160.0,69213,11074080,2025-02-25
Surat,Camera,242.0,30932,7485544,2025-11-15
Hyderabad,Printer,64.0,71443,4572352,2025-12-20
Ahmedabad,Headphones,37.0,99361,3676357,2025-12-11
Mysuru,Watch,487.0,5870,2858690,2025-07-27
Mysuru,Watch,58.0,82668,4794744,2025-08-14
Lucknow,Headphones,449.0,93529,41994521,2025-12-28
Patna,Mouse,389.0,38655,15036795,2025-04-17
Mumbai,Smartphone,375.0,79577,29841375,2025-10-28
Kolkata,Shoes,446.0,87651,39092346,2025-08-27
Bhopal,Keyboard,216.0,7925,1711800,2025-11-04
Kochi,Jeans,144.0,95402,13737888,2025-12-09
Mysuru,Watch,328.0,67061,21996008,2025-06-14
Surat,Printer,129.0,47248,6094992,2025-02-01
Mumbai,T-Shirt,413.0,64141,26490233,2025-04-19
Ahmedabad,Shoes,303.0,57354,17378262,2025-11-09
Mumbai,Jeans,424.0,93368,39588032,2025-08-18
Lucknow,Printer,290.0,49759,14430110,2025-10-17
Kochi,Monitor,342.0,50646,17320932,2025-01-20
Mumbai,Camera,430.0,84737,36436910,2025-02-19
Mumbai,Smartphone,495.0,31775,15728625,2025-06-19
Surat,T-Shirt,463.0,79642,36874246,2025-07-27
Pune,T-Shirt,382.0,5725,2186950,2025-06-21
Patna,Mouse,437.0,60890,26608930,2025-10-28
Jaipur,Laptop,482.0,52757,25428874,2025-11-24
Patna,Keyboard,343.0,3860,1323980,2025-04-19
Delhi,Laptop,323.0,43617,14088291,2025-02-10
Mysuru,Keyboard,411.0,4219,1734009,2025-12-15
Kochi,Monitor,130.0,47500,6175000,2025-11-12
Kolkata,Shoes,142.0,58959,8372178,2025-01-11
Ahmedabad,T-Shirt,326.0,34994,11408044,2025-03-07
Jaipur,Jeans,443.0,72232,31998776,2025-11-11
Bhopal,Keyboard,386.0,46183,17826638,2025-03-28
Ahmedabad,Printer,46.0,44247,2035362,2025-06-20
Jaipur,T-Shirt,413.0,30328,12525464,2025-06-27
Hyderabad,Smartphone,469.0,95126,44614094,2025-02-21
Pune,Backpack,319.0,65668,20948092,2025-11-06
Patna,Keyboard,104.0,35192,3659968,2025-12-16
Kolkata,Backpack,413.0,57879,23904027,2025-06-25
Delhi,Headphones,166.0,2587,429442,2025-02-07
Lucknow,Watch,466.0,66838,31146508,2025-12-21
Jaipur,Watch,388.0,73889,28668932,2025-09-06
Pune,Camera,357.0,10452,3731364,2025-04-03
Mumbai,T-Shirt,307.0,87425,26839475,2025-07-28
Hyderabad,Headphones,367.0,45085,16546195,2025-09-12
Pune,Headphones,472.0,50994,24069168,2025-02-28
Bhopal,Printer,449.0,39023,17521327,2025-10-19
Mumbai,Backpack,116.0,58504,6786464,2025-01-08
Jaipur,Headphones,342.0,36385,12443670,2025-01-16
Chennai,Printer,356.0,29201,10395556,2025-04-08
Ahmedabad,Speaker,416.0,28807,11983712,2025-03-01
Hyderabad,Shoes,494.0,3222,1591668,2025-10-16
Kochi,Mouse,213.0,73418,15638034,2025-09-19
Chennai,Keyboard,96.0,68470,6573120,2025-10-13
Surat,Camera,455.0,51238,23313290,2025-12-09
Bhopal,Jeans,187.0,35044,6553228,2025-07-12
Kolkata,Monitor,474.0,31263,14818662,2025-06-18
Kolkata,Smartphone,491.0,91358,44856778,2025-03-11
Kochi,Printer,360.0,32861,11829960,2025-09-19
Delhi,Smartphone,470.0,67012,31495640,2025-12-16
Jaipur,Backpack,54.0,79679,4302666,2025-04-24
Kolkata,T-Shirt,360.0,85036,30612960,2025-09-27
Chennai,Mouse,138.0,75769,10456122,2025-01-15
Lucknow,Mouse,255.0,77971,19882605,2025-07-03
Delhi,Laptop,287.0,59281,17013647,2025-09-21
Bengaluru,Monitor,178.0,62972,11209016,2025-12-05
Mumbai,Speaker,182.0,9073,1651286,2025-12-09
Lucknow,Watch,486.0,95889,46602054,2025-01-23
Lucknow,Mouse,221.0,92803,20509463,2025-03-13
Chennai,Speaker,232.0,41109,9537288,2025-09-23
Surat,Watch,170.0,30982,5266940,2025-10-26
Mysuru,Tablet,485.0,53864,26124040,2025-03-25
Jaipur,Speaker,301.0,41716,12556516,2025-01-20
Bengaluru,T-Shirt,387.0,47469,18370503,2025-10-04
Patna,Smartphone,315.0,8839,2784285,2025-09-14
Bhopal,Headphones,376.0,26009,9779384,2025-04-20
Patna,Jeans,92.0,24255,2231460,2025-01-21
Mysuru,Mouse,374.0,16163,6044962,2025-06-03
Mumbai,Keyboard,294.0,92372,27157368,2025-11-13
Patna,Keyboard,196.0,91780,17988880,2025-08-05
Kochi,Backpack,94.0,13064,1228016,2025-05-12
Delhi,T-Shirt,221.0,33531,7410351,2025-08-03
Delhi,Watch,206.0,26793,5519358,2025-04-12
Surat,Speaker,42.0,45027,1891134,2025-08-25
Mumbai,Tablet,132.0,3173,418836,2025-10-02
Jaipur,Laptop,350.0,49409,17293150,2025-02-06
Bengaluru,Tablet,7.0,1110,7770,2025-06-13
Hyderabad,Laptop,410.0,74959,30733190,2025-10-12
Kochi,Smartphone,490.0,23095,11316550,2025-04-21
Lucknow,Mouse,94.0,70651,6641194,2025-04-12
Mumbai,Printer,350.0,20773,7270550,2025-10-12
Lucknow,Headphones,457.0,58263,26626191,2025-12-28
Mysuru,Jeans,91.0,66996,6096636,2025-03-27
Kochi,Mouse,16.0,82037,1312592,2025-01-18
Mysuru,Jeans,482.0,16265,7839730,2025-05-10
Mumbai,Backpack,350.0,24147,8451450,2025-10-17
Delhi,Monitor,52.0,65728,3417856,2025-04-20
Delhi,Camera,472.0,44723,21109256,2025-08-22
Jaipur,Printer,200.0,59211,11842200,2025-02-22
Jaipur,Smartphone,174.0,32772,5702328,2025-06-05
Chennai,Printer,252.0,25186,6346872,2025-07-02
Kolkata,Laptop,470.0,63470,29830900,2025-11-23
Patna,Printer,303.0,13447,4074441,2025-09-03
Surat,Speaker,165.0,69619,11487135,2025-10-19
Bhopal,Tablet,268.0,52166,13980488,2025-09-21
Chennai,Watch,165.0,18257,3012405,2025-08-25
Chennai,Watch,484.0,82595,39975980,2025-07-13
Pune,Keyboard,43.0,64786,2785798,2025-01-16
Mumbai,Backpack,288.0,63952,18418176,2025-10-13
Hyderabad,Mouse,403.0,38143,15371629,2025-11-23
Bengaluru,Tablet,426.0,5956,2537256,2025-04-03
Hyderabad,Monitor,301.0,98522,29655122,2025-10-18
Delhi,Speaker,161.0,97395,15680595,2025-01-18
Bengaluru,Laptop,495.0,40207,19902465,2025-07-07
Kolkata,Tablet,27.0,90174,2434698,2025-07-24
Jaipur,Tablet,435.0,23868,10382580,2025-09-12
Surat,T-Shirt,23.0,28614,658122,2025-02-15
Delhi,Monitor,114.0,93877,10701978,2025-06-03
Bhopal,Shoes,254.0,27597,7009638,2025-10-21
Lucknow,Laptop,24.0,50502,1212048,2025-04-23
Mumbai,Monitor,149.0,1121,167029,2025-04-22
Kochi,Monitor,426.0,43852,18680952,2025-03-13
Kochi,Shoes,191.0,53185,10158335,2025-01-05
Delhi,Camera,127.0,81995,10413365,2025-11-09
Mysuru,Monitor,217.0,89680,19460560,2025-10-23
Kochi,Monitor,321.0,41098,13192458,2025-04-21
Bhopal,Monitor,140.0,54135,7578900,2025-12-01
Pune,Printer,212.0,49931,10585372,2025-05-27
Mysuru,Shoes,419.0,64491,27021729,2025-05-20
Bengaluru,Speaker,355.0,52334,18578570,2025-01-23
Patna,Mouse,66.0,87395,5768070,2025-12-08
Mumbai,Speaker,59.0,15609,920931,2025-03-26
Ahmedabad,Smartphone,94.0,70877,6662438,2025-06-06
Bhopal,Watch,490.0,89747,43976030,2025-12-23
Pune,Watch,275.0,38044,10462100,2025-05-28
Lucknow,Watch,56.0,16150,904400,2025-07-27
Mysuru,Monitor,104.0,11838,1231152,2025-09-28
Ahmedabad,Shoes,66.0,68424,4515984,2025-01-16
Ahmedabad,Smartphone,58.0,30468,1767144,2025-01-27
Pune,Headphones,43.0,91413,3930759,2025-02-08
Pune,Camera,190.0,57923,11005370,2025-12-05
Ahmedabad,Camera,394.0,5880,2316720,2025-11-17
Patna,Shoes,394.0,28081,11063914,2025-12-11
Bengaluru,Camera,8.0,20516,164128,2025-06-28
Hyderabad,Monitor,90.0,46390,4175100,2025-08-07
Mysuru,Speaker,29.0,51790,1501910,2025-07-05
Hyderabad,Tablet,33.0,30022,990726,2025-03-21
Chennai,Backpack,337.0,95026,32023762,2025-08-01
Kochi,Mouse,36.0,32714,1177704,2025-10-17
Hyderabad,Tablet,83.0,19290,1601070,2025-09-11
Bengaluru,Smartphone,351.0,9036,3171636,2025-07-17
Jaipur,Laptop,317.0,94935,30094395,2025-03-24
Mysuru,Backpack,190.0,5537,1052030,2025-03-04
Surat,Shoes,4.0,50466,201864,2025-01-19
Bengaluru,Printer,199.0,74811,14887389,2025-02-28
Chennai,Jeans,322.0,5113,1646386,2025-10-18
Mumbai,Laptop,333.0,62946,20961018,2025-10-21
Pune,Watch,352.0,81246,28598592,2025-07-15
Mysuru,T-Shirt,122.0,90006,10980732,2025-08-20
Hyderabad,Backpack,326.0,60135,19604010,2025-08-05
Ahmedabad,Tablet,451.0,47703,21514053,2025-04-05
Hyderabad,Speaker,375.0,23352,8757000,2025-07-09
Mysuru,Headphones,189.0,97494,18426366,2025-01-14
Patna,Watch,74.0,6077,449698,2025-08-14
Bhopal,Monitor,278.0,30251,8409778,2025-07-05
Kochi,Speaker,181.0,27776,5027456,2025-07-14
Mysuru,Keyboard,236.0,96634,22805624,2025-08-15
Pune,Mouse,187.0,44776,8373112,2025-06-22
Pune,Headphones,371.0,69959,25954789,2025-04-08
Chennai,T-Shirt,98.0,74999,7349902,2025-04-28
Bhopal,Speaker,402.0,81617,32810034,2025-06-15
Jaipur,Printer,392.0,54004,21169568,2025-06-21
Hyderabad,Shoes,202.0,19024,3842848,2025-08-04
Jaipur,Speaker,232.0,39863,9248216,2025-10-14
Bengaluru,Shoes,112.0,44760,5013120,2025-09-06
Surat,Keyboard,480.0,68329,32797920,2025-07-06
Ahmedabad,Laptop,356.0,27560,9811360,2025-07-19
Surat,Headphones,140.0,98276,13758640,2025-11-19
Patna,Headphones,329.0,53174,17494246,2025-10-26
Patna,Shoes,78.0,54408,4243824,2025-06-15
Chennai,Printer,379.0,17612,6674948,2025-08-11
Lucknow,Monitor,391.0,80758,31576378,2025-09-24
Surat,Monitor,19.0,89129,1693451,2025-02-26
Mumbai,Smartphone,11.0,1636,17996,2025-01-11
Kochi,Smartphone,161.0,47252,7607572,2025-04-24
Delhi,Shoes,158.0,9153,1446174,2025-06-20
Mysuru,Backpack,299.0,59038,17652362,2025-08-11
Bhopal,Headphones,149.0,40246,5996654,2025-02-26
Jaipur,Headphones,462.0,20425,9436350,2025-03-14
Mumbai,Tablet,467.0,81540,38079180,2025-07-06
Jaipur,Tablet,322.0,62047,19979134,2025-12-09
Bhopal,Printer,463.0,33188,15366044,2025-02-22
Delhi,Monitor,228.0,13223,3014844,2025-01-05
Mysuru,Keyboard,243.0,50224,12204432,2025-08-06
Patna,Laptop,301.0,90693,27298593,2025-06-15
Lucknow,Camera,94.0,59132,5558408,2025-01-16
Surat,Camera,177.0,45035,7971195,2025-02-12
Mumbai,Headphones,70.0,82293,5760510,2025-05-22
Pune,Monitor,77.0,15045,1158465,2025-11-07
Surat,Backpack,150.0,93745,14061750,2025-02-12
Lucknow,Jeans,254.0,2591,658114,2025-10-19
Pune,Headphones,187.0,33623,6287501,2025-04-17
Hyderabad,Tablet,463.0,3572,1653836,2025-08-11
Mysuru,Headphones,27.0,85618,2311686,2025-04-23
Hyderabad,Watch,230.0,57247,13166810,2025-06-02
Hyderabad,T-Shirt,389.0,86574,33677286,2025-08-22
Mumbai,Backpack,283.0,4612,1305196,2025-03-28
Mysuru,Camera,6.0,96790,580740,2025-10-01
Hyderabad,Keyboard,103.0,62119,6398257,2025-07-13
Bengaluru,T-Shirt,345.0,35926,12394470,2025-12-13
Kolkata,Backpack,412.0,67685,27886220,2025-07-14
Bhopal,Backpack,68.0,45882,3119976,2025-12-09
Jaipur,Shoes,251.0,37415,9391165,2025-05-03
Mysuru,Mouse,471.0,88555,41709405,2025-02-26
Surat,Monitor,164.0,67188,11018832,2025-02-01
Patna,Headphones,413.0,14531,6001303,2025-04-03
Delhi,Backpack,34.0,20685,703290,2025-10-26
Chennai,Jeans,45.0,10384,467280,2025-01-24
Bengaluru,T-Shirt,414.0,45213,18718182,2025-10-03
Delhi,Camera,321.0,60893,19546653,2025-11-28
Kolkata,Jeans,341.0,14371,4900511,2025-10-04
Bengaluru,T-Shirt,72.0,26651,1918872,2025-12-03
Delhi,Smartphone,368.0,12504,4601472,2025-01-14
Patna,Speaker,120.0,28053,3366360,2025-01-23
Mumbai,Keyboard,165.0,82479,13609035,2025-09-07
Ahmedabad,Printer,102.0,93330,9519660,2025-08-20
Bhopal,Headphones,241.0,38257,9219937,2025-12-22
Lucknow,Printer,441.0,8530,3761730,2025-08-06
Jaipur,Laptop,41.0,23549,965509,2025-04-09
Delhi,Monitor,278.0,75923,21106594,2025-04-23
Mumbai,T-Shirt,390.0,10432,4068480,2025-04-06
Kochi,Backpack,388.0,30347,11774636,2025-03-13
Surat,Printer,304.0,39391,11974864,2025-10-14
Jaipur,Speaker,147.0,29107,4278729,2025-07-09
Kochi,Backpack,377.0,32058,12085866,2025-09-01
Surat,Monitor,496.0,90091,44685136,2025-05-10
Patna,Headphones,34.0,8576,291584,2025-02-16
Kolkata,Monitor,376.0,8417,3164792,2025-10-25
Kochi,Keyboard,41.0,88847,3642727,2025-12-15
Bengaluru,T-Shirt,346.0,12064,4174144,2025-06-19
Patna,Monitor,469.0,47879,22455251,2025-12-22
Lucknow,Speaker,492.0,9134,4493928,2025-10-09
Bhopal,Printer,164.0,59585,9771940,2025-06-24
Patna,Mouse,190.0,65996,12539240,2025-05-25
Ahmedabad,Backpack,280.0,98144,27480320,2025-04-08
Lucknow,Headphones,22.0,91053,2003166,2025-06-14
Ahmedabad,Monitor,237.0,43015,10194555,2025-07-15
Kochi,Monitor,238.0,59767,14224546,2025-03-05
Bhopal,Jeans,198.0,55497,10988406,2025-01-28
Delhi,Jeans,163.0,50498,8231174,2025-11-05
Pune,Backpack,8.0,57435,459480,2025-11-06
Delhi,Camera,485.0,24605,11933425,2025-04-04
Bengaluru,Keyboard,242.0,20147,4875574,2025-05-11
Chennai,Laptop,255.0,51910,13237050,2025-03-10
Kochi,Printer,282.0,36894,10404108,2025-04-07
Ahmedabad,Camera,371.0,65922,24457062,2025-07-14
Kochi,Headphones,250.0,87766,21941500,2025-01-12
Mumbai,Smartphone,488.0,42873,20922024,2025-12-16
Lucknow,Watch,73.0,31321,2286433,2025-09-16
Patna,Shoes,214.0,64791,13865274,2025-01-10
Surat,Headphones,174.0,83135,14465490,2025-05-22
Lucknow,Keyboard,314.0,16470,5171580,2025-10-05
Jaipur,Watch,175.0,95495,16711625,2025-06-26
Bhopal,Printer,66.0,48939,3229974,2025-10-16
Mumbai,Laptop,229.0,48997,11220313,2025-07-08
Chennai,Backpack,353.0,31097,10977241,2025-06-21
Mysuru,Monitor,498.0,62914,31331172,2025-05-18
Kolkata,Camera,407.0,43892,17864044,2025-12-07
Mysuru,Headphones,495.0,42683,21128085,2025-11-19
Mysuru,Shoes,363.0,78204,28388052,2025-10-08
Kochi,Printer,128.0,64540,8261120,2025-10-16
Mysuru,Laptop,161.0,67472,10862992,2025-02-13
Patna,Headphones,320.0,42659,13650880,2025-02-17
Ahmedabad,Mouse,309.0,95897,29632173,2025-05-03
Ahmedabad,Keyboard,399.0,25820,10302180,2025-05-23
Delhi,Backpack,435.0,8236,3582660,2025-08-08
Chennai,Speaker,2.0,43388,86776,2025-06-27
Lucknow,Mouse,288.0,19652,5659776,2025-05-11
Ahmedabad,Backpack,310.0,70795,21946450,2025-04-27
Patna,Speaker,97.0,78826,7646122,2025-10-04
Hyderabad,T-Shirt,32.0,96902,3100864,2025-04-17
Patna,Tablet,145.0,33035,4790075,2025-07-14
Bhopal,Printer,437.0,1930,843410,2025-05-09
Chennai,Headphones,152.0,3813,579576,2025-01-21
Surat,Jeans,216.0,10816,2336256,2025-06-15
Patna,Monitor,76.0,59047,4487572,2025-11-13
Jaipur,Headphones,305.0,58714,17907770,2025-06-04
Mysuru,Watch,234.0,36669,8580546,2025-04-23
Lucknow,Mouse,146.0,21851,3190246,2025-10-05
Kolkata,Laptop,64.0,7371,471744,2025-06-18
Ahmedabad,Backpack,73.0,41822,3053006,2025-12-13
Jaipur,Laptop,322.0,57419,18488918,2025-11-11
Pune,Headphones,168.0,80857,13583976,2025-01-21
Hyderabad,Backpack,290.0,99654,28899660,2025-10-02
Mysuru,Tablet,29.0,95235,2761815,2025-12-23
Delhi,Mouse,33.0,9399,310167,2025-03-05
Mumbai,Tablet,84.0,94066,7901544,2025-04-03
Patna,Backpack,498.0,47303,23556894,2025-06-03
Pune,Backpack,385.0,9619,3703315,2025-08-13
Jaipur,Laptop,269.0,55072,14814368,2025-11-26
Pune,T-Shirt,80.0,72340,5787200,2025-02-27
Chennai,Mouse,82.0,15605,1279610,2025-05-08
Chennai,Laptop,331.0,90090,29819790,2025-09-01
Bengaluru,Speaker,432.0,91894,39698208,2025-04-16
Bengaluru,Laptop,113.0,99921,11291073,2025-04-05
Kochi,Headphones,257.0,42372,10889604,2025-06-13
Patna,Speaker,344.0,52379,18018376,2025-01-17
Patna,Watch,253.0,3581,905993,2025-11-23
Bhopal,Keyboard,282.0,9407,2652774,2025-01-07
Lucknow,Laptop,107.0,30581,3272167,2025-10-16
Bengaluru,Backpack,360.0,11067,3984120,2025-10-12
Jaipur,Monitor,425.0,22019,9358075,2025-07-07
Delhi,Tablet,4.0,82771,331084,2025-12-20
Hyderabad,Watch,285.0,49560,14124600,2025-09-13
Delhi,Printer,104.0,99350,10332400,2025-10-09
Kolkata,Shoes,168.0,34623,5816664,2025-07-04
Surat,Watch,232.0,4277,992264,2025-08-20
Surat,Speaker,263.0,53674,14116262,2025-04-06
Mumbai,Laptop,199.0,14489,2883311,2025-12-28
Chennai,Shoes,389.0,75238,29267582,2025-12-24
Hyderabad,Printer,354.0,88869,31459626,2025-04-19
Kochi,Watch,185.0,61288,11338280,2025-01-21
Surat,Shoes,291.0,33573,9769743,2025-04-17
Bengaluru,Watch,7.0,28867,202069,2025-03-28
Kolkata,Shoes,256.0,94864,24285184,2025-07-24
Kolkata,Mouse,201.0,79380,15955380,2025-03-16
Ahmedabad,Tablet,306.0,37900,11597400,2025-11-28
Chennai,Smartphone,316.0,14558,4600328,2025-01-28
Bengaluru,Camera,26.0,1969,51194,2025-05-01
Hyderabad,Mouse,196.0,96018,18819528,2025-10-06
Mumbai,Laptop,189.0,28720,5428080,2025-11-07
Pune,T-Shirt,449.0,49366,22165334,2025-02-09
Pune,Speaker,12.0,39489,473868,2025-01-04
Hyderabad,Headphones,135.0,60390,8152650,2025-04-04
Mysuru,Speaker,382.0,89868,34329576,2025-01-16
Delhi,Laptop,58.0,11784,683472,2025-12-08
Ahmedabad,Printer,454.0,76492,34727368,2025-12-18
Hyderabad,Watch,12.0,92627,1111524,2025-10-16
Mumbai,T-Shirt,355.0,20592,7310160,2025-04-03
Pune,Speaker,194.0,4418,857092,2025-01-16
Pune,Printer,239.0,54557,13039123,2025-03-01
Lucknow,Monitor,23.0,86563,1990949,2025-02-25
Mysuru,Watch,364.0,37405,13615420,2025-12-16
Chennai,Jeans,137.0,3699,506763,2025-11-09
Kochi,Shoes,121.0,90897,10998537,2025-08-26
Bengaluru,Speaker,23.0,74321,1709383,2025-07-18
Bhopal,Mouse,406.0,30845,12523070,2025-12-28
Bhopal,Laptop,147.0,48214,7087458,2025-02-20
Kolkata,Mouse,421.0,62428,26282188,2025-09-06
Kolkata,Speaker,462.0,49163,22713306,2025-12-18
Jaipur,Headphones,165.0,96863,15982395,2025-11-12
Pune,Headphones,298.0,53162,15842276,2025-06-15
Kolkata,Jeans,150.0,19850,2977500,2025-11-25
Mysuru,Mouse,346.0,71576,24765296,2025-07-12
Pune,Smartphone,309.0,33687,10409283,2025-03-11
Mysuru,Backpack,331.0,61652,20406812,2025-08-25
Jaipur,Printer,349.0,22032,7689168,2025-01-11
Jaipur,Monitor,441.0,82428,36350748,2025-03-20
Kolkata,Tablet,324.0,98121,31791204,2025-03-28
Patna,Camera,72.0,27476,1978272,2025-12-13
Mumbai,Printer,215.0,15164,3260260,2025-09-18
Bengaluru,Tablet,54.0,75927,4100058,2025-01-09
Mysuru,Tablet,341.0,22087,7531667,2025-12-08
Surat,T-Shirt,404.0,44395,17935580,2025-08-04
Kolkata,T-Shirt,429.0,49432,21206328,2025-09-13
Jaipur,Speaker,420.0,51985,21833700,2025-04-19
Kolkata,T-Shirt,209.0,90651,18946059,2025-02-08
Surat,Speaker,233.0,20908,4871564,2025-12-25
Chennai,T-Shirt,1.0,66627,66627,2025-02-16
Delhi,Monitor,37.0,91586,3388682,2025-05-08
Patna,Keyboard,156.0,27926,4356456,2025-09-21
Mumbai,Printer,98.0,3580,350840,2025-01-01
Hyderabad,Smartphone,107.0,24841,2657987,2025-11-03
Mumbai,Watch,232.0,16091,3733112,2025-07-12
Surat,Keyboard,6.0,91964,551784,2025-10-10
Kolkata,Keyboard,192.0,27821,5341632,2025-05-14
Lucknow,Camera,471.0,63210,29771910,2025-11-20
Lucknow,Laptop,348.0,64900,22585200,2025-01-16
Kolkata,Backpack,16.0,34025,544400,2025-12-16
Kochi,Jeans,197.0,99186,19539642,2025-09-25
Mumbai,Keyboard,353.0,77455,27341615,2025-10-12
Surat,Mouse,14.0,50303,704242,2025-01-16
Patna,Monitor,45.0,62742,2823390,2025-05-18
Mumbai,Smartphone,126.0,95432,12024432,2025-12-21
Mysuru,Smartphone,233.0,50287,11716871,2025-12-11
Chennai,Camera,241.0,5001,1205241,2025-06-10
Jaipur,Jeans,361.0,59639,21529679,2025-04-20
Pune,Smartphone,6.0,90130,540780,2025-03-19
Kochi,Speaker,400.0,4200,1680000,2025-09-15
Mumbai,Tablet,93.0,61209,5692437,2025-05-23
Lucknow,Keyboard,411.0,70710,29061810,2025-11-24
Bengaluru,Watch,300.0,15923,4776900,2025-12-17
Ahmedabad,Headphones,462.0,59708,27585096,2025-05-28
Delhi,Laptop,149.0,79290,11814210,2025-06-14
Mumbai,Speaker,80.0,10569,845520,2025-04-16
Ahmedabad,Shoes,3.0,51264,153792,2025-12-26
Surat,Monitor,91.0,49877,4538807,2025-01-10
Delhi,Shoes,175.0,90026,15754550,2025-10-28
Ahmedabad,Shoes,366.0,58783,21514578,2025-12-04
Mumbai,Headphones,72.0,17801,1281672,2025-12-20
Lucknow,Laptop,225.0,65530,14744250,2025-06-26
Bhopal,Keyboard,11.0,93352,1026872,2025-09-23
Kolkata,Speaker,279.0,14436,4027644,2025-07-16
Bengaluru,Watch,224.0,73544,16473856,2025-12-14
Mumbai,Smartphone,45.0,34942,1572390,2025-11-12
Ahmedabad,Keyboard,260.0,32380,8418800,2025-03-04
Bengaluru,Headphones,45.0,75266,3386970,2025-03-22
Chennai,Mouse,338.0,72054,24354252,2025-06-18
Hyderabad,Mouse,35.0,86517,3028095,2025-03-19
Pune,Smartphone,287.0,5710,1638770,2025-04-07
Delhi,Watch,69.0,98363,6787047,2025-12-13
Bengaluru,Backpack,31.0,67372,2088532,2025-01-04
Jaipur,Speaker,137.0,77252,10583524,2025-09-01
Hyderabad,Monitor,416.0,18464,7681024,2025-06-08
Kochi,Mouse,411.0,28491,11709801,2025-04-22
Ahmedabad,Mouse,246.0,28565,7026990,2025-02-06
Pune,Tablet,325.0,82686,26872950,2025-09-28
Patna,Smartphone,75.0,87935,6595125,2025-03-28
Jaipur,Headphones,441.0,9412,4150692,2025-08-17
Mumbai,Camera,85.0,32883,2795055,2025-11-25
Pune,Printer,321.0,47911,15379431,2025-04-27
Hyderabad,Keyboard,31.0,99114,3072534,2025-07-02
Kochi,Backpack,400.0,52224,20889600,2025-01-07
Surat,T-Shirt,477.0,49479,23601483,2025-07-15
Lucknow,Printer,444.0,29954,13299576,2025-12-05
Ahmedabad,Camera,487.0,67287,32768769,2025-07-21
Kochi,Jeans,326.0,21115,6883490,2025-04-20
Jaipur,Watch,255.0,10337,2635935,2025-07-20
Bengaluru,Keyboard,34.0,74121,2520114,2025-02-23
Mysuru,Jeans,75.0,84569,6342675,2025-01-12
Hyderabad,Keyboard,144.0,61383,8839152,2025-11-26
Mysuru,Backpack,156.0,70661,11023116,2025-10-11
Mysuru,Watch,438.0,62092,27196296,2025-09-16
Pune,Jeans,447.0,90736,40558992,2025-10-23
Jaipur,Monitor,350.0,79825,27938750,2025-10-22
Patna,Camera,71.0,62015,4403065,2025-06-03
Bhopal,Mouse,500.0,45380,22690000,2025-09-17
Lucknow,Speaker,33.0,33476,1104708,2025-11-09
Mysuru,Watch,448.0,38372,17190656,2025-10-17
Chennai,Backpack,475.0,42988,20419300,2025-04-19
Chennai,Backpack,498.0,40653,20245194,2025-04-27
Kolkata,Tablet,347.0,54441,18891027,2025-05-09
Lucknow,Keyboard,343.0,86891,29803613,2025-04-25
Lucknow,Monitor,403.0,18755,7558265,2025-12-10
Chennai,Speaker,352.0,47880,16853760,2025-12-18
Jaipur,Backpack,105.0,61145,6420225,2025-10-17
Delhi,Smartphone,371.0,95231,35330701,2025-05-21
Chennai,Shoes,307.0,83526,25642482,2025-06-06
Mysuru,Speaker,415.0,65636,27238940,2025-06-08
Pune,Mouse,368.0,35986,13242848,2025-10-15
Jaipur,Backpack,75.0,33887,2541525,2025-10-03
Hyderabad,Smartphone,495.0,49856,24678720,2025-09-13
Bengaluru,Smartphone,97.0,33898,3288106,2025-08-15
Mysuru,Tablet,299.0,36818,11008582,2025-09-19
Pune,Shoes,137.0,7183,984071,2025-07-21
Ahmedabad,Camera,56.0,62938,3524528,2025-07-13
Kolkata,Smartphone,72.0,24237,1745064,2025-02-12
Patna,Jeans,28.0,5878,164584,2025-02-09
Mumbai,Tablet,275.0,35681,9812275,2025-03-26
Mumbai,Monitor,381.0,90510,34484310,2025-07-07
Bengaluru,Monitor,339.0,74761,25343979,2025-01-01
Mumbai,Backpack,320.0,94815,30340800,2025-05-10
Pune,Shoes,119.0,29393,3497767,2025-10-20
Lucknow,Jeans,137.0,72932,9991684,2025-06-27
Chennai,Headphones,12.0,73075,876900,2025-10-11
Patna,Shoes,88.0,50736,4464768,2025-04-18
Lucknow,Laptop,489.0,21523,10524747,2025-02-19
Bhopal,Camera,499.0,35853,17890647,2025-08-04
Mumbai,Shoes,433.0,53767,23281111,2025-04-08
Ahmedabad,Camera,85.0,23246,1975910,2025-04-09
Mumbai,Laptop,123.0,88470,10881810,2025-05-14
Lucknow,Printer,308.0,51185,15764980,2025-08-07
Chennai,Smartphone,434.0,11247,4881198,2025-07-23
Ahmedabad,Mouse,77.0,97383,7498491,2025-07-28
Lucknow,Jeans,195.0,3518,686010,2025-09-25
Hyderabad,Shoes,452.0,88752,40115904,2025-08-14
Patna,Monitor,269.0,45364,12202916,2025-06-01
Ahmedabad,Tablet,316.0,51342,16224072,2025-08-20
Chennai,Backpack,74.0,92703,6860022,2025-02-20
Kochi,T-Shirt,350.0,50001,17500350,2025-03-26
Pune,Shoes,112.0,41684,4668608,2025-06-13
Hyderabad,Shoes,367.0,38599,14165833,2025-04-13
Lucknow,Monitor,241.0,3681,887121,2025-11-19
Chennai,Speaker,358.0,8979,3214482,2025-08-23
Patna,Laptop,200.0,75428,15085600,2025-06-12
Pune,Laptop,252.0,57685,14536620,2025-12-15
Mysuru,Keyboard,46.0,57825,2659950,2025-05-12
Chennai,Watch,188.0,34560,6497280,2025-08-06
Delhi,Shoes,438.0,77241,33831558,2025-11-17
Lucknow,Tablet,415.0,26152,10853080,2025-01-13
Kolkata,Laptop,390.0,30460,11879400,2025-02-23
Mysuru,Headphones,48.0,81168,3896064,2025-12-18
Bengaluru,Watch,41.0,69346,2843186,2025-05-15
Delhi,Watch,73.0,57633,4207209,2025-05-28
Mysuru,Headphones,118.0,54169,6391942,2025-05-06
Jaipur,Smartphone,119.0,12594,1498686,2025-10-02
Lucknow,Speaker,401.0,97636,39152036,2025-03-10
Jaipur,Mouse,483.0,55978,27037374,2025-03-08
Bengaluru,Jeans,493.0,26109,12871737,2025-10-23
Mumbai,Smartphone,396.0,13805,5466780,2025-05-27
Patna,Headphones,274.0,16770,4594980,2025-08-18
Patna,Backpack,371.0,23951,8885821,2025-03-18
Mysuru,Headphones,126.0,1646,207396,2025-06-28
Delhi,Jeans,140.0,67772,9488080,2025-01-17
Jaipur,Monitor,30.0,52116,1563480,2025-03-06
Bengaluru,Mouse,80.0,17839,1427120,2025-04-28
Lucknow,Printer,189.0,75717,14310513,2025-05-15
Chennai,Mouse,90.0,93588,8422920,2025-02-23
Chennai,Headphones,328.0,79931,26217368,2025-01-03
Pune,Headphones,1.0,38144,38144,2025-08-17
Patna,Mouse,347.0,99362,34478614,2025-07-18
Jaipur,T-Shirt,207.0,69319,14349033,2025-08-21
Jaipur,Backpack,403.0,79866,32185998,2025-10-23
Kochi,T-Shirt,208.0,99017,20595536,2025-05-17
Mysuru,Keyboard,86.0,66449,5714614,2025-08-05
Patna,Laptop,106.0,10122,1072932,2025-10-12
Kochi,Watch,60.0,79719,4783140,2025-07-13
Pune,Watch,192.0,3629,696768,2025-06-16
Chennai,Jeans,9.0,28755,258795,2025-07-25
Surat,Jeans,76.0,59474,4520024,2025-10-26
Patna,T-Shirt,72.0,85575,6161400,2025-05-13
Chennai,Headphones,9.0,30262,272358,2025-08-09
Ahmedabad,Keyboard,239.0,93939,22451421,2025-08-12
Mysuru,Shoes,238.0,17593,4187134,2025-07-02
Chennai,Headphones,460.0,84389,38818940,2025-02-10
Kolkata,Laptop,180.0,61460,11062800,2025-07-21
Kochi,Keyboard,40.0,78912,3156480,2025-05-12
Kochi,Tablet,283.0,63035,17838905,2025-01-28
Kochi,Mouse,35.0,46700,1634500,2025-06-07
Hyderabad,Monitor,260.0,22250,5785000,2025-01-04
Delhi,T-Shirt,365.0,74108,27049420,2025-05-02
Bengaluru,Tablet,112.0,83163,9314256,2025-09-12
Bengaluru,Mouse,207.0,44283,9166581,2025-10-15
Kolkata,Camera,168.0,37845,6357960,2025-06-02
Patna,Tablet,300.0,16660,4998000,2025-08-25
Ahmedabad,Keyboard,391.0,67867,26535997,2025-01-22
Patna,Tablet,374.0,98664,36900336,2025-10-17
Mumbai,Headphones,478.0,50035,23916730,2025-06-22
Bhopal,Mouse,375.0,95205,35701875,2025-11-09
Delhi,Headphones,391.0,26233,10257103,2025-02-20
Pune,Watch,202.0,29366,5931932,2025-01-02
Hyderabad,Laptop,489.0,17924,8764836,2025-04-14
Lucknow,Shoes,214.0,20376,4360464,2025-07-18
Lucknow,Watch,470.0,28105,13209350,2025-01-03
Delhi,Printer,20.0,35300,706000,2025-12-16
Patna,Smartphone,113.0,61881,6992553,2025-03-22
Ahmedabad,Smartphone,41.0,88241,3617881,2025-08-26
Mysuru,Backpack,316.0,95910,30307560,2025-06-28
Ahmedabad,Watch,296.0,73712,21818752,2025-09-27
Bhopal,Backpack,324.0,87655,28400220,2025-06-17
Delhi,Speaker,350.0,94421,33047350,2025-10-17
Surat,Watch,413.0,78337,32353181,2025-04-08
Kochi,Laptop,223.0,63859,14240557,2025-05-11
Jaipur,Watch,256.0,95432,24430592,2025-07-02
Lucknow,Watch,411.0,34269,14084559,2025-02-27
Delhi,Tablet,115.0,29198,3357770,2025-04-15
Mysuru,Headphones,475.0,13423,6375925,2025-12-18
Jaipur,Backpack,212.0,97824,20738688,2025-07-14
Lucknow,Backpack,154.0,11133,1714482,2025-04-06
Lucknow,Mouse,486.0,87385,42469110,2025-02-25
Kolkata,Monitor,456.0,7958,3628848,2025-07-13
Kochi,Keyboard,79.0,54793,4328647,2025-08-01
Kolkata,Backpack,61.0,40871,2493131,2025-04-16
Mysuru,Mouse,476.0,52449,24965724,2025-10-07
Pune,Keyboard,435.0,31316,13622460,2025-05-08
Lucknow,Jeans,85.0,44554,3787090,2025-03-20
Kolkata,Camera,193.0,11363,2193059,2025-02-03
Mumbai,Jeans,378.0,1612,609336,2025-03-18
Pune,Mouse,460.0,12599,5795540,2025-12-21
Delhi,Laptop,2.0,62262,124524,2025-03-02
Delhi,Watch,432.0,48572,20983104,2025-11-22
Mysuru,Printer,359.0,47325,16989675,2025-11-19
Mumbai,Laptop,85.0,41101,3493585,2025-06-04
Bengaluru,Camera,43.0,5679,244197,2025-10-01
Kochi,Monitor,99.0,22773,2254527,2025-07-27
Ahmedabad,Smartphone,137.0,78274,10723538,2025-05-20
Kochi,Tablet,37.0,80812,2990044,2025-05-05
Mumbai,Mouse,311.0,34576,10753136,2025-03-21
Patna,T-Shirt,264.0,13098,3457872,2025-08-20
Chennai,T-Shirt,146.0,4698,685908,2025-07-28
Kolkata,Speaker,84.0,91583,7692972,2025-08-26
Ahmedabad,Backpack,488.0,67199,32793112,2025-05-10
Surat,T-Shirt,418.0,53072,22184096,2025-07-26
Mysuru,Shoes,407.0,41043,16704501,2025-11-11
Chennai,Shoes,237.0,19993,4738341,2025-12-05
Bengaluru,Smartphone,31.0,77528,2403368,2025-02-05
Mumbai,Mouse,65.0,20072,1304680,2025-12-03
Hyderabad,Jeans,171.0,90641,15499611,2025-06-19
Chennai,T-Shirt,247.0,57560,14217320,2025-07-04
Mysuru,Speaker,343.0,88533,30366819,2025-09-24
Lucknow,Watch,480.0,93444,44853120,2025-04-16
Surat,Laptop,187.0,21016,3929992,2025-07-07
Kolkata,Smartphone,26.0,4612,119912,2025-05-13
Delhi,Printer,255.0,61252,15619260,2025-11-13
Patna,T-Shirt,442.0,42912,18967104,2025-08-05
Kochi,Backpack,382.0,93218,35609276,2025-07-22
Kolkata,Monitor,385.0,74761,28782985,2025-12-06
Bengaluru,Printer,402.0,22019,8851638,2025-05-14
Mumbai,Mouse,449.0,44350,19913150,2025-03-02
Mysuru,Headphones,123.0,67711,8328453,2025-10-16
Hyderabad,Monitor,104.0,94974,9877296,2025-03-14
Bengaluru,Jeans,5.0,83276,416380,2025-06-23
Kolkata,Jeans,315.0,49392,15558480,2025-06-01
Mumbai,Mouse,396.0,66177,26206092,2025-04-07
Delhi,Backpack,349.0,86832,30304368,2025-12-24
Jaipur,Watch,272.0,51708,14064576,2025-09-19
Lucknow,Monitor,314.0,26276,8250664,2025-07-25
Bhopal,Jeans,21.0,60131,1262751,2025-12-19
Jaipur,Watch,276.0,99560,27478560,2025-08-02
Hyderabad,Backpack,10.0,53890,538900,2025-10-21
Patna,Smartphone,243.0,55189,13410927,2025-08-20
Lucknow,Shoes,473.0,41811,19776603,2025-10-08
Ahmedabad,Watch,154.0,85966,13238764,2025-01-27
Chennai,Speaker,464.0,76464,35479296,2025-05-13
Hyderabad,Laptop,272.0,30544,8307968,2025-01-08
Kochi,Mouse,123.0,52532,6461436,2025-01-14
Bengaluru,Smartphone,411.0,36365,14946015,2025-09-27
Mysuru,Tablet,482.0,55124,26569768,2025-01-17
Kochi,T-Shirt,407.0,84388,34345916,2025-05-25
Lucknow,Speaker,27.0,65595,1771065,2025-10-07
Jaipur,Speaker,283.0,38190,10807770,2025-02-28
Chennai,Monitor,200.0,73999,14799800,2025-12-11
Delhi,Tablet,336.0,26748,8987328,2025-01-22
Pune,Smartphone,169.0,85283,14412827,2025-04-16
Bengaluru,Smartphone,67.0,98726,6614642,2025-12-09
Delhi,Speaker,150.0,88555,13283250,2025-05-14
Delhi,Monitor,219.0,27250,5967750,2025-12-06
Kolkata,Smartphone,392.0,38350,15033200,2025-05-18
Bhopal,Tablet,328.0,9490,3112720,2025-02-05
Kochi,Smartphone,437.0,936,409032,2025-04-03
Patna,Jeans,407.0,99911,40663777,2025-05-06
Mumbai,Jeans,232.0,44740,10379680,2025-02-17
Patna,Printer,400.0,70570,28228000,2025-08-17
Mumbai,Mouse,343.0,81026,27791918,2025-05-26
Mumbai,Backpack,404.0,12562,5075048,2025-06-06
Pune,Jeans,97.0,71974,6981478,2025-05-24
Bengaluru,Monitor,468.0,81809,38286612,2025-02-03
Delhi,Headphones,176.0,21516,3786816,2025-09-27
Bhopal,Tablet,100.0,63242,6324200,2025-11-12
Bengaluru,Backpack,437.0,51523,22515551,2025-07-04
Patna,Tablet,398.0,53251,21193898,2025-04-06
Chennai,Camera,327.0,63863,20883201,2025-10-24
Bhopal,Smartphone,500.0,98102,49051000,2025-04-27
Surat,Monitor,468.0,65298,30559464,2025-09-25
Ahmedabad,Keyboard,165.0,84717,13978305,2025-06-07
Mysuru,Laptop,19.0,59863,1137397,2025-04-01
Lucknow,Backpack,9.0,87607,788463,2025-06-21
Kolkata,Keyboard,384.0,1474,566016,2025-06-28
Ahmedabad,Smartphone,69.0,13079,902451,2025-10-17
Jaipur,Jeans,60.0,78210,4692600,2025-03-16
Ahmedabad,Tablet,283.0,95645,27067535,2025-06-04
Lucknow,Jeans,17.0,84134,1430278,2025-06-08
Hyderabad,Tablet,421.0,56289,23697669,2025-05-02
Kochi,Smartphone,29.0,39848,1155592,2025-11-05
Bhopal,Watch,418.0,50252,21005336,2025-03-09
Kolkata,Printer,211.0,10251,2162961,2025-09-12
Mumbai,Mouse,158.0,97313,15375454,2025-05-14
Bengaluru,Laptop,146.0,43459,6345014,2025-03-23
Mumbai,Printer,71.0,69306,4920726,2025-10-20
Kochi,Smartphone,186.0,15360,2856960,2025-02-09
Patna,Backpack,163.0,16717,2724871,2025-03-19
Chennai,Camera,410.0,10833,4441530,2025-04-02
Hyderabad,Watch,431.0,72616,31297496,2025-09-28
Mumbai,Jeans,365.0,72450,26444250,2025-10-28
Bhopal,Tablet,153.0,72899,11153547,2025-11-10
Mumbai,Monitor,207.0,99105,20514735,2025-01-10
Mysuru,Monitor,216.0,12685,2739960,2025-11-11
Hyderabad,T-Shirt,27.0,18442,497934,2025-02-04
Lucknow,Laptop,55.0,63018,3465990,2025-01-16
Patna,Backpack,208.0,71536,14879488,2025-02-09
Delhi,Camera,482.0,74056,35694992,2025-04-03
Kolkata,Headphones,95.0,85498,8122310,2025-10-23
Kochi,Smartphone,323.0,2707,874361,2025-08-07
Bhopal,T-Shirt,65.0,22699,1475435,2025-12-27
Kochi,Speaker,261.0,31772,8292492,2025-07-01
Surat,Tablet,449.0,36323,16309027,2025-10-26
Bhopal,Jeans,432.0,25082,10835424,2025-08-18
Chennai,Laptop,221.0,28157,6222697,2025-10-22
Pune,Shoes,423.0,69677,29473371,2025-05-12
Delhi,Keyboard,499.0,77933,38888567,2025-07-19
Hyderabad,Watch,128.0,81290,10405120,2025-02-23
Pune,Watch,332.0,79832,26504224,2025-08-01
Mumbai,Keyboard,303.0,25556,7743468,2025-12-09
Bhopal,Headphones,296.0,24664,7300544,2025-11-19
Mumbai,Speaker,128.0,17860,2286080,2025-12-02
Chennai,Shoes,382.0,6603,2522346,2025-12-03
Surat,Keyboard,69.0,29091,2007279,2025-05-04
Lucknow,Laptop,334.0,28051,9369034,2025-12-04
Kochi,T-Shirt,8.0,54679,437432,2025-02-11
Chennai,Mouse,74.0,19765,1462610,2025-12-21
Patna,Smartphone,445.0,48833,21730685,2025-06-14
Pune,Speaker,266.0,89670,23852220,2025-05-15
Surat,Shoes,440.0,83737,36844280,2025-03-07
Pune,Backpack,97.0,87775,8514175,2025-11-08
Ahmedabad,Mouse,486.0,36400,17690400,2025-07-02
Hyderabad,Laptop,222.0,61262,13600164,2025-03-02
Patna,Monitor,427.0,8310,3548370,2025-12-15
Jaipur,Watch,105.0,54685,5741925,2025-02-10
Delhi,Watch,144.0,23707,3413808,2025-07-25
Bengaluru,Mouse,403.0,69914,28175342,2025-02-19
Ahmedabad,Backpack,156.0,84943,13251108,2025-04-15
Chennai,T-Shirt,443.0,36625,16224875,2025-08-13
Hyderabad,Headphones,246.0,29409,7234614,2025-08-05
Bengaluru,Jeans,121.0,85070,10293470,2025-08-13
Chennai,Tablet,261.0,84633,22089213,2025-03-04
Hyderabad,T-Shirt,190.0,68923,13095370,2025-05-23
Mumbai,Watch,442.0,86783,38358086,2025-09-26
Hyderabad,T-Shirt,207.0,3160,654120,2025-02-19
Mysuru,Smartphone,124.0,37568,4658432,2025-05-26
Chennai,Jeans,491.0,88114,43263974,2025-09-28
Lucknow,Camera,410.0,69957,28682370,2025-03-21
Ahmedabad,Tablet,2.0,20042,40084,2025-01-11
Patna,T-Shirt,395.0,73097,28873315,2025-07-19
Kolkata,Laptop,247.0,25851,6385197,2025-03-04
Bhopal,Watch,370.0,56185,20788450,2025-05-23
Patna,Watch,301.0,26644,8019844,2025-11-13
Surat,Printer,492.0,79349,39039708,2025-10-19
Kolkata,Smartphone,195.0,62346,12157470,2025-10-07
Mysuru,Shoes,167.0,6503,1086001,2025-06-12
Ahmedabad,Jeans,124.0,70294,8716456,2025-06-16
Chennai,Keyboard,491.0,74219,36441529,2025-01-23
Mumbai,Smartphone,290.0,18456,5352240,2025-04-14
Kochi,Laptop,105.0,61721,6480705,2025-07-18
Bhopal,Smartphone,53.0,89754,4756962,2025-09-15
Bhopal,Headphones,114.0,97234,11084676,2025-04-07
Kolkata,Smartphone,19.0,34114,648166,2025-01-19
Pune,Smartphone,144.0,84781,12208464,2025-10-15
Mysuru,Shoes,48.0,45171,2168208,2025-04-20
Mumbai,Smartphone,413.0,33309,13756617,2025-10-18
Bhopal,Speaker,481.0,32115,15447315,2025-01-16
Bhopal,Watch,278.0,22393,6225254,2025-11-25
Bhopal,T-Shirt,4.0,64666,258664,2025-04-26
Pune,Monitor,170.0,13619,2315230,2025-02-17
Lucknow,Shoes,474.0,75954,36002196,2025-05-01
Pune,T-Shirt,179.0,47279,8462941,2025-08-18
Bhopal,Headphones,14.0,97349,1362886,2025-02-21
Lucknow,Laptop,342.0,36578,12509676,2025-04-06
Kochi,Headphones,120.0,97162,11659440,2025-01-24
Delhi,Shoes,424.0,27903,11830872,2025-04-05
Hyderabad,Mouse,32.0,87225,2791200,2025-08-08
Lucknow,Headphones,17.0,15950,271150,2025-12-24
Chennai,Backpack,322.0,99667,32092774,2025-05-27
Surat,Keyboard,79.0,90666,7162614,2025-02-27
Mysuru,Headphones,243.0,50056,12163608,2025-01-06
Kolkata,Laptop,273.0,23450,6401850,2025-11-27
Mysuru,Keyboard,56.0,11618,650608,2025-03-07
Mumbai,Headphones,213.0,14713,3133869,2025-07-08
Bhopal,Printer,86.0,35383,3042938,2025-12-17
Bhopal,Tablet,453.0,89254,40432062,2025-09-19
Mysuru,Monitor,300.0,43760,13128000,2025-08-06
Kochi,Camera,273.0,87075,23771475,2025-10-07
Ahmedabad,Keyboard,89.0,80578,7171442,2025-08-09
Kolkata,Watch,311.0,28568,8884648,2025-12-26
Patna,Printer,11.0,26225,288475,2025-07-10
Pune,Jeans,275.0,61431,16893525,2025-02-28
Lucknow,Smartphone,408.0,91531,37344648,2025-03-02
Chennai,T-Shirt,359.0,70432,25285088,2025-02-18
Ahmedabad,Keyboard,466.0,85651,39913366,2025-10-23
Bhopal,Printer,70.0,7424,519680,2025-09-06
Jaipur,Monitor,119.0,17071,2031449,2025-04-02
Jaipur,Printer,311.0,71759,22317049,2025-02-08
Jaipur,Tablet,43.0,44948,1932764,2025-09-18
Mumbai,Watch,134.0,44025,5899350,2025-09-05
Kochi,Headphones,23.0,56562,1300926,2025-08-28
Kochi,Shoes,72.0,29402,2116944,2025-12-21
Mumbai,Tablet,76.0,82399,6262324,2025-08-03
Pune,T-Shirt,325.0,72160,23452000,2025-02-24
Patna,Backpack,236.0,22078,5210408,2025-11-09
Kochi,Backpack,16.0,4839,77424,2025-01-25
Bengaluru,Jeans,341.0,91055,31049755,2025-01-28
Patna,T-Shirt,16.0,11462,183392,2025-06-06
Patna,T-Shirt,414.0,83998,34775172,2025-10-03
Mumbai,T-Shirt,98.0,63516,6224568,2025-02-15
Patna,Monitor,276.0,85375,23563500,2025-06-02
Patna,Speaker,384.0,79781,30635904,2025-01-24
Delhi,Backpack,161.0,50182,8079302,2025-11-04
Patna,Monitor,259.0,85121,22046339,2025-05-25
Hyderabad,Watch,82.0,11646,954972,2025-09-27
Delhi,Camera,343.0,76047,26084121,2025-09-16
Hyderabad,Mouse,268.0,10540,2824720,2025-03-06
Kochi,Jeans,148.0,66221,9800708,2025-10-26
Bengaluru,Backpack,195.0,61956,12081420,2025-01-17
Pune,Mouse,14.0,6286,88004,2025-10-02
Bengaluru,Speaker,134.0,32692,4380728,2025-07-12
Surat,Backpack,46.0,47878,2202388,2025-12-17
Hyderabad,Tablet,77.0,53608,4127816,2025-07-19
Mumbai,Shoes,212.0,20065,4253780,2025-05-17
Chennai,Backpack,190.0,87181,16564390,2025-01-12
Hyderabad,Printer,88.0,76105,6697240,2025-07-24
Bengaluru,Tablet,366.0,5661,2071926,2025-11-16
Bengaluru,Keyboard,107.0,32008,3424856,2025-07-20
Kochi,Camera,286.0,60796,17387656,2025-10-12
Patna,Laptop,396.0,82341,32607036,2025-11-28
Mysuru,Tablet,95.0,16984,1613480,2025-02-02
Hyderabad,Jeans,25.0,16544,413600,2025-07-09
Kochi,Tablet,64.0,73348,4694272,2025-09-24
Bengaluru,Watch,321.0,96613,31012773,2025-05-28
Surat,Headphones,281.0,62581,17585261,2025-08-08
Jaipur,Shoes,194.0,94633,18358802,2025-04-17
Surat,Smartphone,205.0,35601,7298205,2025-04-05
Surat,Smartphone,73.0,91810,6702130,2025-07-20
Surat,Watch,372.0,22896,8517312,2025-09-19
Surat,Speaker,342.0,96254,32918868,2025-05-14
Hyderabad,Headphones,11.0,32313,355443,2025-07-25
Bhopal,Headphones,189.0,95166,17986374,2025-12-28
Jaipur,Keyboard,110.0,14143,1555730,2025-05-25
Hyderabad,Smartphone,237.0,5844,1385028,2025-07-10
Surat,Keyboard,81.0,46988,3806028,2025-06-25
Hyderabad,Printer,448.0,6046,2708608,2025-03-13
Patna,Shoes,370.0,89072,32956640,2025-06-11
Jaipur,Speaker,96.0,39013,3745248,2025-04-28
Mysuru,T-Shirt,12.0,88143,1057716,2025-02-16
Pune,Watch,211.0,37172,7843292,2025-05-17
Lucknow,Printer,272.0,66719,18147568,2025-01-25
Chennai,T-Shirt,56.0,48783,2731848,2025-04-18
Bhopal,Tablet,266.0,23890,6354740,2025-05-11
Bhopal,Headphones,239.0,80466,19231374,2025-12-02
Surat,T-Shirt,175.0,5420,948500,2025-05-22
Surat,Laptop,437.0,38691,16907967,2025-04-07
Mysuru,Shoes,107.0,47038,5033066,2025-04-27
Jaipur,Watch,301.0,41797,12580897,2025-12-04
Pune,T-Shirt,114.0,19035,2169990,2025-02-03
Mumbai,T-Shirt,308.0,60104,18512032,2025-09-15
Bhopal,Monitor,404.0,16723,6756092,2025-09-02
Lucknow,Shoes,124.0,78267,9705108,2025-02-21
Surat,Shoes,253.0,28914,7315242,2025-03-13
Surat,Backpack,116.0,5639,654124,2025-07-28
Bengaluru,T-Shirt,40.0,11492,459680,2025-10-25
Jaipur,Mouse,389.0,43418,16889602,2025-07-04
Ahmedabad,Tablet,440.0,53872,23703680,2025-09-24
Kochi,Tablet,457.0,1598,730286,2025-01-06
Chennai,Printer,14.0,4353,60942,2025-10-04
Kolkata,Jeans,213.0,15181,3233553,2025-09-05
Kochi,Camera,269.0,2219,596911,2025-04-23
Pune,Backpack,242.0,83971,20320982,2025-12-16
Hyderabad,T-Shirt,146.0,78628,11479688,2025-02-24
Mysuru,Keyboard,470.0,902,423940,2025-10-22
Chennai,Keyboard,189.0,80420,15199380,2025-06-05
Mysuru,Laptop,40.0,41293,1651720,2025-10-03
Patna,Smartphone,446.0,69438,30969348,2025-11-25
Lucknow,Watch,56.0,71177,3985912,2025-05-08
Chennai,Keyboard,272.0,63066,17153952,2025-06-27
Bengaluru,Camera,72.0,99658,7175376,2025-07-07
Delhi,Printer,371.0,21167,7852957,2025-04-20
Lucknow,Tablet,76.0,10133,770108,2025-04-15
Hyderabad,Backpack,173.0,55323,9570879,2025-02-03
Hyderabad,Monitor,19.0,91649,1741331,2025-12-28
Bhopal,Watch,67.0,68615,4597205,2025-09-14
Bhopal,Laptop,425.0,48581,20646925,2025-11-01
Patna,Jeans,173.0,31649,5475277,2025-08-13
Pune,Keyboard,495.0,97985,48502575,2025-01-17
Bhopal,Smartphone,60.0,98324,5899440,2025-03-14
Patna,Printer,10.0,6025,60250,2025-04-28
Bengaluru,Tablet,454.0,27131,12317474,2025-06-13
Pune,Monitor,312.0,12084,3770208,2025-01-13
Delhi,Speaker,234.0,10026,2346084,2025-06-24
Chennai,Smartphone,488.0,23504,11469952,2025-04-09
Mysuru,Backpack,183.0,7322,1339926,2025-07-17
Jaipur,Headphones,224.0,75478,16907072,2025-02-16
Surat,Printer,249.0,56136,13977864,2025-09-21
Mysuru,Headphones,319.0,28137,8975703,2025-09-27
Hyderabad,Watch,384.0,5787,2222208,2025-02-08
Hyderabad,Monitor,284.0,1149,326316,2025-09-15
Patna,Shoes,176.0,39617,6972592,2025-04-16
Kochi,Speaker,468.0,72627,33989436,2025-12-17
Delhi,Keyboard,24.0,28282,678768,2025-04-21
Kolkata,Camera,371.0,16770,6221670,2025-01-04
Surat,Backpack,232.0,91084,21131488,2025-12-01
Lucknow,Printer,25.0,67005,1675125,2025-06-19
Lucknow,T-Shirt,34.0,38425,1306450,2025-05-19
Delhi,Monitor,9.0,94170,847530,2025-08-09
Lucknow,Jeans,85.0,53303,4530755,2025-10-23
Lucknow,Camera,483.0,82546,39869718,2025-07-25
Lucknow,Camera,414.0,49765,20602710,2025-11-10
Kochi,Tablet,329.0,79754,26239066,2025-10-24
Bhopal,Speaker,348.0,60295,20982660,2025-02-17
Hyderabad,Headphones,275.0,48496,13336400,2025-10-13
Surat,Camera,128.0,19758,2529024,2025-06-19
Mumbai,Watch,11.0,66093,727023,2025-05-19
Lucknow,Jeans,500.0,25987,12993500,2025-03-07
Mumbai,Headphones,430.0,29732,12784760,2025-05-25
Delhi,Jeans,497.0,56844,28251468,2025-07-19
Jaipur,Laptop,209.0,82055,17149495,2025-12-01
Jaipur,Mouse,80.0,52665,4213200,2025-11-04
Ahmedabad,Jeans,214.0,4500,963000,2025-11-15
Delhi,T-Shirt,111.0,41067,4558437,2025-09-24
Chennai,Tablet,311.0,29387,9139357,2025-06-22
Surat,Camera,465.0,47922,22283730,2025-11-08
Mysuru,Tablet,71.0,86648,6152008,2025-09-25
Bengaluru,Printer,420.0,37816,15882720,2025-01-12
Pune,Monitor,340.0,15940,5419600,2025-03-23
Lucknow,Camera,223.0,45240,10088520,2025-01-18
Patna,Printer,402.0,19799,7959198,2025-07-19
Patna,Backpack,279.0,89177,24880383,2025-03-14
Surat,Watch,48.0,72670,3488160,2025-07-19
Pune,Backpack,209.0,83121,17372289,2025-02-27
Chennai,Laptop,288.0,63667,18336096,2025-07-04
Surat,Printer,352.0,19599,6898848,2025-04-26
Jaipur,Backpack,293.0,44651,13082743,2025-02-09
Kochi,Shoes,398.0,35502,14129796,2025-07-18
Delhi,Shoes,301.0,41229,12409929,2025-09-09
Surat,Monitor,21.0,4360,91560,2025-03-16
Patna,Shoes,1.0,1353,1353,2025-11-28
Jaipur,Keyboard,308.0,51706,15925448,2025-07-03
Bengaluru,Smartphone,427.0,51249,21883323,2025-09-07
Mumbai,Smartphone,343.0,25840,8863120,2025-10-11
Kochi,Printer,438.0,3840,1681920,2025-01-03
Pune,Tablet,29.0,80724,2340996,2025-11-09
Mumbai,Watch,323.0,79999,25839677,2025-02-28
Bhopal,Backpack,28.0,59893,1677004,2025-07-25
Delhi,Printer,323.0,68894,22252762,2025-04-28
Lucknow,Mouse,329.0,54388,17893652,2025-11-05
Bengaluru,T-Shirt,189.0,29402,5556978,2025-11-09
Hyderabad,Laptop,459.0,65415,30025485,2025-08-15
Lucknow,Watch,201.0,21774,4376574,2025-01-23
Ahmedabad,Monitor,72.0,95661,6887592,2025-07-25
Kochi,Keyboard,344.0,17543,6034792,2025-10-05
Kolkata,Laptop,285.0,12567,3581595,2025-12-28
Ahmedabad,T-Shirt,321.0,62646,20109366,2025-07-02
Delhi,Camera,359.0,79378,28496702,2025-02-25
Patna,Watch,12.0,52572,630864,2025-09-22
Jaipur,Watch,35.0,26094,913290,2025-04-07
Ahmedabad,Shoes,46.0,17888,822848,2025-06-12
Bhopal,Monitor,88.0,27057,2381016,2025-06-13
Mumbai,Mouse,279.0,10874,3033846,2025-08-01
Chennai,Printer,461.0,22031,10156291,2025-11-04
Mumbai,Camera,84.0,560,47040,2025-07-04
Chennai,Jeans,217.0,31691,6876947,2025-09-22
Kolkata,Headphones,240.0,65478,15714720,2025-09-19
Kolkata,Keyboard,63.0,25454,1603602,2025-04-15
Mumbai,Monitor,342.0,71958,24609636,2025-05-10
Hyderabad,Camera,26.0,95656,2487056,2025-03-28
Lucknow,Backpack,25.0,18961,474025,2025-07-10
Jaipur,Laptop,499.0,12888,6431112,2025-07-09
Hyderabad,Laptop,122.0,59710,7284620,2025-04-22
Hyderabad,Printer,53.0,52713,2793789,2025-08-18
Mumbai,Monitor,73.0,61213,4468549,2025-12-26
Ahmedabad,Speaker,263.0,22823,6002449,2025-03-03
Bengaluru,Printer,83.0,84263,6993829,2025-02-16
Mysuru,Printer,302.0,70786,21377372,2025-03-04
Surat,Shoes,134.0,68582,9189988,2025-07-06
Lucknow,Tablet,175.0,96778,16936150,2025-08-26
Bhopal,Speaker,311.0,57900,18006900,2025-04-25
Pune,Printer,424.0,30860,13084640,2025-09-08
Mysuru,Smartphone,435.0,68041,29597835,2025-03-18
Surat,Backpack,210.0,4321,907410,2025-06-08
Lucknow,Jeans,231.0,97334,22484154,2025-01-16
Patna,T-Shirt,302.0,71881,21708062,2025-12-21
Pune,Keyboard,349.0,16096,5617504,2025-08-16
Bhopal,Laptop,207.0,65572,13573404,2025-04-13
Jaipur,Jeans,414.0,19707,8158698,2025-01-12
Patna,Laptop,193.0,71360,13772480,2025-03-03
Surat,Printer,88.0,24151,2125288,2025-04-21
Kolkata,Backpack,346.0,21368,7393328,2025-02-13
Surat,Printer,338.0,48477,16385226,2025-01-25
Kolkata,Tablet,230.0,14249,3277270,2025-11-09
Pune,Camera,77.0,96508,7431116,2025-02-17
Surat,Jeans,480.0,23334,11200320,2025-02-19
Delhi,Backpack,291.0,52657,15323187,2025-08-25
Lucknow,Laptop,286.0,77915,22283690,2025-09-25
Surat,Watch,121.0,56855,6879455,2025-10-20
Jaipur,Watch,402.0,72160,29008320,2025-01-06
Delhi,Monitor,471.0,5452,2567892,2025-06-26
Bengaluru,Camera,355.0,96134,34127570,2025-04-22
Kochi,Tablet,222.0,94765,21037830,2025-10-23
Bhopal,Watch,260.0,38755,10076300,2025-11-05
Hyderabad,Monitor,311.0,44765,13921915,2025-12-20
Jaipur,Tablet,323.0,9153,2956419,2025-11-03
Hyderabad,Backpack,232.0,82559,19153688,2025-09-17
Ahmedabad,Jeans,385.0,5192,1998920,2025-12-21
Ahmedabad,Smartphone,183.0,23967,4385961,2025-04-18
Pune,Mouse,200.0,63100,12620000,2025-04-18
Patna,Speaker,96.0,3936,377856,2025-10-15
Hyderabad,Keyboard,400.0,10722,4288800,2025-10-03
Bhopal,Speaker,340.0,60977,20732180,2025-08-20
Jaipur,Mouse,197.0,71537,14092789,2025-03-28
Lucknow,Camera,469.0,57708,27065052,2025-09-16
Bhopal,Printer,79.0,17472,1380288,2025-06-17
Lucknow,Shoes,253.0,98773,24989569,2025-01-26
Surat,Tablet,163.0,89833,14642779,2025-09-01
Pune,Speaker,96.0,89935,8633760,2025-11-26
Chennai,Backpack,27.0,91660,2474820,2025-05-01
Surat,Monitor,445.0,47732,21240740,2025-07-13
Bhopal,Camera,170.0,90364,15361880,2025-08-19
Bengaluru,Laptop,345.0,16861,5817045,2025-03-09
Mysuru,Tablet,91.0,98341,8949031,2025-06-28
Kolkata,Watch,129.0,24427,3151083,2025-09-13
Ahmedabad,Camera,202.0,26204,5293208,2025-03-12
Kochi,Printer,314.0,39056,12263584,2025-03-21
Chennai,Speaker,488.0,17945,8757160,2025-11-18
Bhopal,Camera,434.0,35791,15533294,2025-07-27
Kochi,Shoes,444.0,26002,11544888,2025-09-19
Mysuru,Smartphone,175.0,53571,9374925,2025-03-09
Mumbai,Speaker,349.0,43475,15172775,2025-03-18
Patna,Backpack,370.0,63847,23623390,2025-03-11
Pune,Headphones,496.0,75924,37658304,2025-03-13
Lucknow,Shoes,445.0,91542,40736190,2025-04-11
Jaipur,Camera,401.0,90472,36279272,2025-06-04
Chennai,Printer,482.0,66623,32112286,2025-02-18
Bhopal,Keyboard,190.0,48446,9204740,2025-01-21
Ahmedabad,Tablet,135.0,51130,6902550,2025-09-11
Bengaluru,Camera,165.0,99588,16432020,2025-08-25
Surat,Watch,423.0,34802,14721246,2025-04-01
Chennai,Watch,322.0,82181,26462282,2025-02-22
Mysuru,Tablet,423.0,76123,32200029,2025-02-27
Mumbai,Monitor,247.0,79012,19515964,2025-08-06
Bengaluru,Shoes,268.0,92864,24887552,2025-06-19
Chennai,Watch,407.0,5440,2214080,2025-02-27
Kolkata,Shoes,202.0,40815,8244630,2025-02-11
Hyderabad,Mouse,56.0,43330,2426480,2025-06-07
Mumbai,Shoes,374.0,23242,8692508,2025-06-20
Mysuru,Shoes,419.0,55482,23246958,2025-08-24
Kochi,Tablet,50.0,31714,1585700,2025-07-15
Kochi,Backpack,24.0,2604,62496,2025-10-09
Kochi,Headphones,357.0,84820,30280740,2025-02-10
Patna,Jeans,45.0,5112,230040,2025-06-06
Ahmedabad,Keyboard,316.0,69864,22077024,2025-02-23
Lucknow,Tablet,243.0,74095,18005085,2025-01-20
Bhopal,Printer,68.0,99821,6787828,2025-08-01
Hyderabad,Backpack,67.0,31303,2097301,2025-09-17
Jaipur,Printer,393.0,46154,18138522,2025-07-06
Mysuru,Headphones,479.0,43870,21013730,2025-09-26
Mysuru,Jeans,398.0,56618,22533964,2025-07-02
Kolkata,Printer,396.0,76989,30487644,2025-09-14
Patna,Jeans,231.0,71136,16432416,2025-08-09
Hyderabad,Printer,86.0,18616,1600976,2025-08-23
Kolkata,Tablet,173.0,97598,16884454,2025-11-09
Jaipur,Speaker,174.0,96561,16801614,2025-10-14
Kolkata,Jeans,444.0,42092,18688848,2025-12-27
Lucknow,Watch,92.0,66302,6099784,2025-03-10
Lucknow,Monitor,61.0,11376,693936,2025-12-14
Kolkata,Laptop,70.0,1320,92400,2025-01-02
Delhi,Jeans,158.0,49324,7793192,2025-11-08
Lucknow,Speaker,450.0,30920,13914000,2025-02-08
Delhi,Speaker,450.0,15669,7051050,2025-06-28
Kolkata,Smartphone,107.0,1230,131610,2025-06-11
Ahmedabad,Laptop,268.0,27250,7303000,2025-11-21
Pune,Tablet,378.0,24374,9213372,2025-11-04
Hyderabad,Watch,146.0,68632,10020272,2025-09-20
Pune,Keyboard,301.0,81759,24609459,2025-12-16
Delhi,Mouse,494.0,90986,44947084,2025-04-14
Ahmedabad,Monitor,327.0,58311,19067697,2025-12-10
Surat,Keyboard,77.0,98397,7576569,2025-01-05
Kolkata,Printer,264.0,97329,25694856,2025-12-06
Mysuru,Backpack,148.0,27913,4131124,2025-02-17
Chennai,Jeans,417.0,23158,9656886,2025-12-18
Patna,Printer,55.0,97106,5340830,2025-03-07
Kochi,Smartphone,65.0,26738,1737970,2025-10-05
Mysuru,Printer,331.0,1428,472668,2025-11-10
Lucknow,Smartphone,31.0,49934,1547954,2025-12-01
Mysuru,Smartphone,267.0,32579,8698593,2025-07-09
Ahmedabad,Headphones,105.0,94550,9927750,2025-09-15
Kolkata,Laptop,273.0,22134,6042582,2025-08-13
Jaipur,T-Shirt,45.0,87683,3945735,2025-08-06
Patna,Headphones,461.0,46386,21383946,2025-08-15
Kolkata,Watch,383.0,48103,18423449,2025-09-21
Hyderabad,Mouse,70.0,50164,3511480,2025-03-28
Lucknow,Laptop,167.0,19170,3201390,2025-10-03
Jaipur,Printer,398.0,88289,35139022,2025-12-15
Pune,Monitor,337.0,73087,24630319,2025-04-24
Mumbai,Keyboard,28.0,72507,2030196,2025-03-23
Ahmedabad,Smartphone,331.0,61942,20502802,2025-03-03
Ahmedabad,Speaker,111.0,26494,2940834,2025-08-26
Bhopal,T-Shirt,112.0,74488,8342656,2025-11-19
Delhi,Printer,475.0,4336,2059600,2025-06-06
Delhi,Headphones,296.0,74801,22141096,2025-10-07
Bhopal,Keyboard,452.0,22938,10367976,2025-02-24
Pune,Jeans,168.0,86646,14556528,2025-10-03
Surat,Watch,121.0,73000,8833000,2025-09-05
Chennai,Monitor,86.0,43111,3707546,2025-11-12
Bhopal,Shoes,405.0,76207,30863835,2025-09-07
Kolkata,Tablet,482.0,40878,19703196,2025-05-14
Mumbai,Mouse,372.0,84989,31615908,2025-08-24
Bhopal,Monitor,253.0,29187,7384311,2025-03-26
Pune,Watch,127.0,3063,389001,2025-10-11
Hyderabad,Printer,130.0,76208,9907040,2025-08-20
Bhopal,T-Shirt,60.0,24153,1449180,2025-08-20
Kochi,Printer,441.0,76818,33876738,2025-08-01
Delhi,Camera,90.0,58190,5237100,2025-02-06
Bengaluru,Backpack,127.0,87888,11161776,2025-10-15
Patna,Tablet,467.0,65734,30697778,2025-12-04
Chennai,Mouse,363.0,43344,15733872,2025-03-19
Jaipur,Monitor,266.0,32354,8606164,2025-03-05
Bengaluru,Jeans,346.0,99164,34310744,2025-02-05
Patna,Backpack,204.0,96078,19599912,2025-12-28
Bengaluru,Tablet,97.0,23210,2251370,2025-01-02
Hyderabad,Jeans,284.0,64587,18342708,2025-10-26
Surat,Monitor,239.0,68477,16366003,2025-09-17
Kochi,Camera,225.0,46285,10414125,2025-11-07
Bhopal,T-Shirt,370.0,92899,34372630,2025-06-22
Jaipur,Backpack,95.0,31537,2996015,2025-11-18
Pune,Monitor,32.0,98883,3164256,2025-01-07
Bengaluru,Watch,155.0,31470,4877850,2025-07-21
Mumbai,Printer,294.0,75715,22260210,2025-06-04
Ahmedabad,Smartphone,178.0,21865,3891970,2025-04-28
Bhopal,Camera,461.0,12764,5884204,2025-01-25
Delhi,Speaker,296.0,22451,6645496,2025-12-19
Bhopal,Backpack,340.0,3649,1240660,2025-02-10
Chennai,Mouse,142.0,86188,12238696,2025-12-17
Chennai,Laptop,314.0,26233,8237162,2025-01-19
Pune,Mouse,43.0,28079,1207397,2025-11-19
Ahmedabad,Smartphone,312.0,15595,4865640,2025-03-13
Bengaluru,Speaker,78.0,96412,7520136,2025-03-04
Chennai,Headphones,61.0,90518,5521598,2025-12-15
Pune,Mouse,386.0,87031,33593966,2025-03-02
Mumbai,Camera,395.0,98282,38821390,2025-11-03
Mumbai,Smartphone,196.0,53282,10443272,2025-02-05
Mysuru,Headphones,22.0,16354,359788,2025-10-24
Bengaluru,Mouse,70.0,95264,6668480,2025-06-22
Bhopal,Monitor,271.0,57861,15680331,2025-04-07
Mysuru,Camera,383.0,96140,36821620,2025-04-02
Hyderabad,Camera,99.0,57050,5647950,2025-07-11
Chennai,Tablet,7.0,87051,609357,2025-03-15
Surat,Monitor,341.0,40013,13644433,2025-09-04
Delhi,Jeans,402.0,37468,15062136,2025-03-04
Mumbai,Watch,12.0,73688,884256,2025-11-13
Surat,Tablet,72.0,44691,3217752,2025-01-19
Surat,Backpack,69.0,20177,1392213,2025-10-10
Pune,Headphones,9.0,78016,702144,2025-04-23
Kochi,Backpack,496.0,46371,23000016,2025-12-13
Kochi,Jeans,34.0,97770,3324180,2025-12-21
Bengaluru,Jeans,477.0,28630,13656510,2025-12-22
Lucknow,Camera,177.0,17303,3062631,2025-12-19
Ahmedabad,Printer,9.0,13236,119124,2025-04-15
Mumbai,Headphones,142.0,25502,3621284,2025-07-12
Jaipur,Backpack,277.0,48562,13451674,2025-07-10
Patna,Monitor,67.0,28288,1895296,2025-01-09
Mumbai,Monitor,381.0,20969,7989189,2025-01-05
Ahmedabad,Monitor,28.0,55872,1564416,2025-02-12
Lucknow,Headphones,246.0,30752,7564992,2025-09-16
Hyderabad,Laptop,86.0,79020,6795720,2025-10-02
Ahmedabad,T-Shirt,370.0,11690,4325300,2025-07-14
Kochi,Camera,12.0,54546,654552,2025-04-05
Delhi,Printer,145.0,70105,10165225,2025-11-04
Kolkata,Backpack,134.0,21287,2852458,2025-11-21
Surat,Laptop,114.0,92407,10534398,2025-12-28
Hyderabad,Laptop,128.0,8187,1047936,2025-02-01
Lucknow,Backpack,465.0,53654,24949110,2025-08-19
Mysuru,Jeans,328.0,59675,19573400,2025-06-14
Mysuru,Jeans,158.0,82145,12978910,2025-02-12
Ahmedabad,Camera,347.0,46117,16002599,2025-06-10
Pune,Printer,89.0,32756,2915284,2025-05-16
Kochi,Smartphone,71.0,33412,2372252,2025-08-14
Bengaluru,Smartphone,23.0,73237,1684451,2025-01-25
Mumbai,Jeans,402.0,67894,27293388,2025-02-02
Chennai,Laptop,413.0,97058,40084954,2025-07-18
Chennai,Smartphone,231.0,52750,12185250,2025-05-25
Mumbai,Mouse,83.0,56049,4652067,2025-09-02
Jaipur,Laptop,265.0,13270,3516550,2025-12-22
Kolkata,Mouse,55.0,19915,1095325,2025-10-01
Kochi,T-Shirt,56.0,45420,2543520,2025-12-02
Ahmedabad,Smartphone,101.0,67132,6780332,2025-01-14
Ahmedabad,Smartphone,127.0,7562,960374,2025-08-23
Chennai,Backpack,41.0,6765,277365,2025-05-12
Jaipur,Watch,252.0,39852,10042704,2025-04-26
Pune,Headphones,59.0,92783,5474197,2025-04-01
Bengaluru,Camera,223.0,24319,5423137,2025-06-18
Kochi,Tablet,347.0,47074,16334678,2025-08-14
Bhopal,Keyboard,306.0,33760,10330560,2025-08-01
Chennai,Smartphone,288.0,1216,350208,2025-06-07
Surat,Jeans,447.0,26762,11962614,2025-10-13
Delhi,Printer,415.0,58103,24112745,2025-05-27
Pune,Monitor,202.0,57753,11666106,2025-03-03
Kolkata,Camera,33.0,69262,2285646,2025-04-27
Delhi,T-Shirt,438.0,62759,27488442,2025-01-02
Bengaluru,Watch,207.0,54869,11357883,2025-07-04
Hyderabad,Backpack,321.0,77742,24955182,2025-01-25
Mumbai,Jeans,60.0,7129,427740,2025-08-19
Ahmedabad,Speaker,240.0,16795,4030800,2025-05-02
Bengaluru,T-Shirt,336.0,34931,11736816,2025-10-08
Jaipur,Jeans,483.0,72856,35189448,2025-02-27
Bhopal,Camera,388.0,92241,35789508,2025-12-21
Bhopal,Watch,294.0,896,263424,2025-06-08
Surat,T-Shirt,34.0,42006,1428204,2025-03-02
Hyderabad,Camera,312.0,66276,20678112,2025-01-26
Lucknow,Watch,332.0,78872,26185504,2025-08-13
Patna,Camera,271.0,65095,17640745,2025-11-08
Surat,Smartphone,102.0,61218,6244236,2025-10-15
Surat,Smartphone,417.0,54839,22867863,2025-07-20
Jaipur,T-Shirt,150.0,13876,2081400,2025-07-13
Mumbai,Headphones,111.0,64064,7111104,2025-05-02
Ahmedabad,Mouse,293.0,35387,10368391,2025-04-08
Kochi,Headphones,391.0,42747,16714077,2025-07-06
Chennai,T-Shirt,353.0,68052,24022356,2025-11-19
Lucknow,Watch,299.0,75009,22427691,2025-02-20
Ahmedabad,Jeans,8.0,9281,74248,2025-12-27
Mysuru,Watch,85.0,56964,4841940,2025-11-05
Bengaluru,Shoes,240.0,7182,1723680,2025-09-15
Kochi,Monitor,277.0,22982,6366014,2025-02-03
Pune,Laptop,431.0,21256,9161336,2025-11-22
Surat,Laptop,323.0,87065,28121995,2025-11-09
Mumbai,Printer,477.0,72032,34359264,2025-02-08
Kolkata,Speaker,360.0,98925,35613000,2025-10-19
Jaipur,Camera,259.0,77139,19979001,2025-08-05
Mysuru,Smartphone,43.0,58755,2526465,2025-01-24
Kochi,Tablet,258.0,82545,21296610,2025-10-10
Mysuru,Speaker,261.0,4502,1175022,2025-02-18
Mysuru,Keyboard,458.0,34583,15839014,2025-05-18
Delhi,Headphones,389.0,16260,6325140,2025-08-12
Jaipur,Tablet,378.0,31057,11739546,2025-10-15
Jaipur,Backpack,225.0,2011,452475,2025-09-06
Bengaluru,Jeans,14.0,34513,483182,2025-09-02
Pune,Mouse,164.0,62533,10255412,2025-11-03
Kochi,Printer,93.0,25261,2349273,2025-07-19
Mumbai,Watch,305.0,53352,16272360,2025-02-25
Surat,Speaker,44.0,21187,932228,2025-09-16
Surat,Printer,303.0,35943,10890729,2025-03-20
Surat,Keyboard,287.0,66650,19128550,2025-03-15
Bhopal,Jeans,201.0,76337,15343737,2025-11-28
Ahmedabad,Speaker,326.0,7056,2300256,2025-05-02
Lucknow,Backpack,118.0,94004,11092472,2025-02-09
Mysuru,Jeans,46.0,76649,3525854,2025-07-04
Kolkata,Keyboard,23.0,65296,1501808,2025-09-21
Chennai,Headphones,250.0,37739,9434750,2025-11-26
Bhopal,Tablet,286.0,29877,8544822,2025-06-24
Pune,Backpack,55.0,60824,3345320,2025-10-26
Kochi,Jeans,338.0,88321,29852498,2025-11-13
Delhi,Watch,328.0,6420,2105760,2025-10-14
Bhopal,Speaker,145.0,80430,11662350,2025-07-13
Jaipur,Shoes,369.0,35211,12992859,2025-10-14
Bengaluru,Watch,232.0,67569,15676008,2025-05-05
Mumbai,Mouse,6.0,20547,123282,2025-09-11
Mumbai,Keyboard,73.0,21446,1565558,2025-06-19
Patna,Shoes,423.0,83116,35158068,2025-07-09
Jaipur,Tablet,65.0,544,35360,2025-09-19
Patna,Jeans,114.0,35354,4030356,2025-09-13
Jaipur,T-Shirt,257.0,30378,7807146,2025-10-02
Mysuru,Keyboard,71.0,34386,2441406,2025-07-16
Delhi,Jeans,270.0,58849,15889230,2025-10-19
Mumbai,Keyboard,12.0,82189,986268,2025-02-03
Hyderabad,Smartphone,110.0,15304,1683440,2025-10-25
Bhopal,Shoes,184.0,87162,16037808,2025-10-21
Kochi,Headphones,421.0,27313,11498773,2025-12-14
Mumbai,Shoes,110.0,62773,6905030,2025-12-14
Mysuru,Laptop,175.0,24955,4367125,2025-04-02
Mysuru,Watch,165.0,73414,12113310,2025-09-04
Pune,Backpack,400.0,92293,36917200,2025-01-06
Kolkata,Monitor,490.0,36992,18126080,2025-05-16
Delhi,Watch,64.0,81277,5201728,2025-02-14
Kolkata,Speaker,17.0,25829,439093,2025-12-10
Hyderabad,Laptop,404.0,74846,30237784,2025-07-13
Kochi,Smartphone,241.0,99538,23988658,2025-12-16
Mysuru,Monitor,477.0,98479,46974483,2025-02-25
Jaipur,Headphones,359.0,34407,12352113,2025-10-18
Lucknow,Jeans,280.0,83139,23278920,2025-01-18
Jaipur,Monitor,374.0,873,326502,2025-07-15
Kochi,Tablet,75.0,13200,990000,2025-05-03
Ahmedabad,Watch,212.0,68260,14471120,2025-02-26
Chennai,Printer,168.0,82098,13792464,2025-03-13
Surat,Keyboard,485.0,35237,17089945,2025-09-14
Lucknow,Speaker,276.0,81424,22473024,2025-04-23
Lucknow,Keyboard,357.0,81573,29121561,2025-09-15
Hyderabad,Monitor,260.0,50459,13119340,2025-10-10
Bhopal,Monitor,444.0,12335,5476740,2025-06-11
Lucknow,Watch,161.0,86995,14006195,2025-01-04
Mumbai,Camera,70.0,95183,6662810,2025-10-22
Delhi,Laptop,433.0,90605,39231965,2025-08-12
Chennai,T-Shirt,476.0,50502,24038952,2025-12-02
Kolkata,Smartphone,37.0,62691,2319567,2025-02-14
Surat,T-Shirt,32.0,30262,968384,2025-10-18
Patna,Jeans,285.0,52258,14893530,2025-04-14
Kolkata,Shoes,211.0,93476,19723436,2025-11-05
Mumbai,Tablet,297.0,34566,10266102,2025-06-12
Lucknow,Laptop,195.0,64136,12506520,2025-01-02
Bengaluru,Camera,336.0,85870,28852320,2025-10-10
Patna,Headphones,153.0,70014,10712142,2025-10-09
Delhi,Laptop,151.0,49827,7523877,2025-07-22
Kochi,Watch,403.0,97566,39319098,2025-09-20
Pune,Keyboard,255.0,54299,13846245,2025-01-11
Patna,Keyboard,135.0,21711,2930985,2025-01-27
Patna,Monitor,160.0,41754,6680640,2025-07-28
Kolkata,Mouse,388.0,58577,22727876,2025-06-18
Mysuru,Laptop,293.0,59563,17451959,2025-05-25
Kolkata,Shoes,99.0,66877,6620823,2025-10-01
Pune,Headphones,125.0,48934,6116750,2025-05-26
Pune,Monitor,196.0,17645,3458420,2025-11-06
Patna,Keyboard,173.0,92328,15972744,2025-05-02
Mumbai,Keyboard,324.0,44278,14346072,2025-10-20
Kolkata,Shoes,474.0,7538,3573012,2025-01-23
Mysuru,Speaker,218.0,21506,4688308,2025-03-04
Delhi,Headphones,151.0,24229,3658579,2025-08-14
Mysuru,Mouse,356.0,86567,30817852,2025-08-10
Pune,Headphones,392.0,41919,16432248,2025-10-03
Pune,Laptop,54.0,10863,586602,2025-03-09
Bhopal,Smartphone,48.0,49325,2367600,2025-09-27
Hyderabad,Tablet,409.0,68273,27923657,2025-11-13
Bengaluru,Laptop,390.0,70866,27637740,2025-01-04
Ahmedabad,Camera,265.0,52415,13889975,2025-08-23
Ahmedabad,Tablet,66.0,26174,1727484,2025-02-06
Lucknow,Camera,452.0,47471,21456892,2025-08-26
Mysuru,Laptop,477.0,36308,17318916,2025-08-05
Bhopal,Keyboard,406.0,34987,14204722,2025-03-21
Patna,Keyboard,39.0,19803,772317,2025-12-04
Mysuru,Headphones,28.0,27224,762272,2025-09-09
Chennai,T-Shirt,389.0,63247,24603083,2025-06-08
Pune,Backpack,357.0,77667,27727119,2025-12-13
Kochi,Jeans,273.0,6803,1857219,2025-08-18
Kolkata,Printer,326.0,22625,7375750,2025-06-09
Jaipur,Headphones,159.0,17266,2745294,2025-02-22
Jaipur,T-Shirt,385.0,30982,11928070,2025-09-11
Mysuru,Watch,186.0,99121,18436506,2025-05-02
Bengaluru,Speaker,484.0,56760,27471840,2025-05-10
Surat,Backpack,147.0,85986,12639942,2025-08-11
Bhopal,Headphones,446.0,26296,11728016,2025-02-04
Delhi,Shoes,79.0,93944,7421576,2025-08-10
Patna,Tablet,315.0,97031,30564765,2025-12-16
Surat,Camera,376.0,11623,4370248,2025-08-15
Mysuru,Jeans,204.0,27537,5617548,2025-04-22
Hyderabad,Speaker,329.0,89434,29423786,2025-12-06
Ahmedabad,Headphones,16.0,25617,409872,2025-09-18
Pune,Speaker,87.0,10038,873306,2025-08-12
Bhopal,Laptop,336.0,71659,24077424,2025-01-26
Kochi,Smartphone,311.0,51228,15931908,2025-04-27
Bengaluru,Watch,169.0,94184,15917096,2025-11-07
Bengaluru,Keyboard,312.0,30586,9542832,2025-06-24
Jaipur,Tablet,425.0,19482,8279850,2025-05-20
Mysuru,Shoes,170.0,30583,5199110,2025-05-01
Bengaluru,Printer,472.0,92251,43542472,2025-11-24
Mumbai,Tablet,36.0,94236,3392496,2025-07-15
Ahmedabad,Tablet,147.0,67895,9980565,2025-02-27
Pune,Backpack,89.0,37049,3297361,2025-05-09
Mysuru,Speaker,490.0,47615,23331350,2025-05-09
Pune,Laptop,423.0,70195,29692485,2025-04-27
Jaipur,Monitor,186.0,90734,16876524,2025-02-16
Lucknow,Camera,112.0,59526,6666912,2025-12-26
Jaipur,Smartphone,8.0,84620,676960,2025-11-21
Patna,Monitor,410.0,95661,39221010,2025-11-11
Chennai,Speaker,306.0,16665,5099490,2025-03-18
Ahmedabad,Tablet,263.0,87147,22919661,2025-05-28
Jaipur,T-Shirt,198.0,82039,16243722,2025-10-19
Pune,Camera,271.0,67935,18410385,2025-03-25
Bhopal,Camera,32.0,40617,1299744,2025-06-16
Lucknow,T-Shirt,69.0,63328,4369632,2025-02-09
Kochi,Mouse,349.0,18526,6465574,2025-05-13
Chennai,Laptop,415.0,12236,5077940,2025-12-20
Jaipur,T-Shirt,494.0,50482,24938108,2025-12-09
Delhi,Watch,68.0,27203,1849804,2025-09-21
Chennai,Camera,231.0,21829,5042499,2025-09-08
Chennai,Camera,406.0,14027,5694962,2025-03-04
Surat,Speaker,282.0,66031,18620742,2025-01-13
Mysuru,Printer,81.0,74762,6055722,2025-04-06
Jaipur,Printer,264.0,6971,1840344,2025-12-19
Jaipur,Monitor,109.0,22491,2451519,2025-03-04
Bengaluru,Printer,60.0,2453,147180,2025-03-08
Delhi,Monitor,2.0,2633,5266,2025-02-23
Jaipur,Keyboard,237.0,57381,13599297,2025-07-04
Bengaluru,Monitor,16.0,67074,1073184,2025-11-20
Surat,Printer,286.0,89201,25511486,2025-08-23
Pune,Smartphone,6.0,72293,433758,2025-02-27
Hyderabad,Shoes,191.0,50794,9701654,2025-02-10
Bengaluru,Monitor,371.0,31332,11624172,2025-09-10
Mysuru,Backpack,333.0,32477,10814841,2025-11-03
Lucknow,Tablet,387.0,6708,2595996,2025-08-09
Pune,Jeans,385.0,72633,27963705,2025-11-05
Chennai,Backpack,159.0,54064,8596176,2025-10-11
Kochi,Speaker,405.0,13300,5386500,2025-01-01
Chennai,T-Shirt,396.0,2715,1075140,2025-08-27
Patna,Keyboard,469.0,24404,11445476,2025-01-12
Kochi,Printer,143.0,43678,6245954,2025-12-19
Pune,Mouse,428.0,10269,4395132,2025-06-01
Mysuru,T-Shirt,24.0,57635,1383240,2025-07-22
Pune,Keyboard,138.0,12562,1733556,2025-02-01
Mysuru,Speaker,202.0,49123,9922846,2025-05-28
Mumbai,T-Shirt,47.0,92785,4360895,2025-04-10
Bengaluru,Jeans,229.0,71495,16372355,2025-06-04
Pune,Camera,419.0,78026,32692894,2025-05-25
Lucknow,Mouse,22.0,69023,1518506,2025-10-01
Kolkata,Jeans,288.0,26012,7491456,2025-07-14
Jaipur,Shoes,151.0,73108,11039308,2025-03-13
Jaipur,T-Shirt,291.0,74503,21680373,2025-10-13
Delhi,Keyboard,311.0,60676,18870236,2025-01-17
Chennai,Tablet,222.0,73642,16348524,2025-09-17
Mysuru,Speaker,290.0,16007,4642030,2025-08-17
Surat,Speaker,329.0,64108,21091532,2025-10-03
Kolkata,Laptop,190.0,78010,14821900,2025-07-06
Kolkata,Mouse,433.0,10662,4616646,2025-10-15
Mysuru,Keyboard,12.0,91360,1096320,2025-10-08
Delhi,Laptop,483.0,11900,5747700,2025-03-14
Mysuru,T-Shirt,392.0,47490,18616080,2025-08-28
Surat,Tablet,296.0,73778,21838288,2025-03-13
Bengaluru,Watch,41.0,73021,2993861,2025-01-25
Mysuru,Camera,189.0,18745,3542805,2025-02-26
Ahmedabad,Backpack,172.0,67411,11594692,2025-06-04
Ahmedabad,Mouse,234.0,38614,9035676,2025-12-03
Surat,T-Shirt,71.0,64499,4579429,2025-05-13
Lucknow,Headphones,402.0,10281,4132962,2025-02-18
Surat,Jeans,428.0,85038,36396264,2025-09-05
Hyderabad,Smartphone,312.0,93924,29304288,2025-10-13
Delhi,Keyboard,137.0,23703,3247311,2025-03-05
Lucknow,Mouse,172.0,67638,11633736,2025-10-03
Ahmedabad,Laptop,416.0,93185,38764960,2025-05-24
Bhopal,Backpack,137.0,17787,2436819,2025-02-27
Jaipur,Backpack,349.0,38989,13607161,2025-06-16
Kochi,Printer,24.0,42306,1015344,2025-07-25
Jaipur,Headphones,2.0,76256,152512,2025-03-05
Kochi,Printer,188.0,65635,12339380,2025-01-23
Lucknow,Laptop,481.0,96748,46535788,2025-01-03
Surat,Keyboard,113.0,92791,10485383,2025-06-14
Hyderabad,Laptop,236.0,23002,5428472,2025-04-27
Delhi,Watch,434.0,62104,26953136,2025-03-17
Delhi,Monitor,287.0,80588,23128756,2025-06-24
Mysuru,Jeans,144.0,1162,167328,2025-01-03
Ahmedabad,Tablet,334.0,68226,22787484,2025-03-06
Bhopal,Watch,368.0,59826,22015968,2025-04-03
Delhi,Keyboard,38.0,51550,1958900,2025-09-26
Patna,Backpack,4.0,63607,254428,2025-02-02
Patna,Backpack,483.0,74222,35849226,2025-11-23
Patna,Laptop,47.0,15726,739122,2025-10-12
Bengaluru,Camera,92.0,61294,5639048,2025-02-27
Surat,Smartphone,162.0,24870,4028940,2025-07-03
Bhopal,Monitor,23.0,98000,2254000,2025-06-08
Kochi,Printer,407.0,58248,23706936,2025-01-27
Lucknow,Headphones,103.0,6247,643441,2025-01-15
Mumbai,Jeans,221.0,78310,17306510,2025-06-22
Bengaluru,Laptop,490.0,63921,31321290,2025-05-23
Kochi,Speaker,45.0,66583,2996235,2025-10-26
Hyderabad,Tablet,365.0,43390,15837350,2025-12-10
Chennai,Jeans,331.0,18961,6276091,2025-10-17
Ahmedabad,Keyboard,304.0,73288,22279552,2025-10-07
Kochi,Printer,212.0,45669,9681828,2025-03-20
Hyderabad,Watch,490.0,62394,30573060,2025-02-14
Kochi,T-Shirt,46.0,82342,3787732,2025-12-17
Mysuru,Headphones,243.0,27000,6561000,2025-05-26
Jaipur,Smartphone,110.0,95573,10513030,2025-02-02
Hyderabad,Backpack,24.0,20649,495576,2025-06-25
Jaipur,Speaker,313.0,53358,16701054,2025-04-22
Delhi,Smartphone,240.0,39398,9455520,2025-04-26
Patna,T-Shirt,185.0,57889,10709465,2025-05-17
Patna,Monitor,422.0,32213,13593886,2025-06-28
Mysuru,Headphones,216.0,69960,15111360,2025-01-13
Kochi,Watch,280.0,57571,16119880,2025-01-24
Pune,Mouse,100.0,77607,7760700,2025-09-08
Bhopal,Watch,457.0,39765,18172605,2025-09-17
Chennai,Tablet,156.0,23683,3694548,2025-06-26
Chennai,Keyboard,472.0,83156,39249632,2025-05-13
Mysuru,Headphones,277.0,6717,1860609,2025-06-11
Bengaluru,Mouse,418.0,58739,24552902,2025-05-23
Bengaluru,Keyboard,185.0,59349,10979565,2025-10-11
Kolkata,Smartphone,187.0,52544,9825728,2025-03-07
Lucknow,Headphones,374.0,1775,663850,2025-10-02
Jaipur,Monitor,171.0,43039,7359669,2025-02-02
Ahmedabad,Speaker,359.0,41063,14741617,2025-12-01
Surat,Camera,53.0,31114,1649042,2025-02-03
Mumbai,Mouse,399.0,67020,26740980,2025-07-04
Lucknow,Speaker,10.0,19154,191540,2025-06-26
Hyderabad,T-Shirt,483.0,58851,28425033,2025-11-13
Bengaluru,Speaker,360.0,23719,8538840,2025-03-21
Bengaluru,Keyboard,368.0,81893,30136624,2025-06-08
Kolkata,Printer,471.0,35633,16783143,2025-12-03
Surat,Headphones,1.0,11338,11338,2025-11-05
Delhi,Mouse,462.0,41623,19229826,2025-10-12
Kochi,Laptop,6.0,21197,127182,2025-07-25
Patna,T-Shirt,471.0,7155,3370005,2025-02-11
Mumbai,Backpack,110.0,94802,10428220,2025-03-12
Patna,Speaker,352.0,90466,31844032,2025-10-09
Ahmedabad,Speaker,456.0,81454,37143024,2025-06-02
Ahmedabad,Watch,23.0,65028,1495644,2025-02-25
Ahmedabad,T-Shirt,98.0,17426,1707748,2025-08-20
Jaipur,Laptop,477.0,46881,22362237,2025-12-24
Lucknow,Speaker,188.0,84899,15961012,2025-01-08
Surat,Jeans,425.0,9119,3875575,2025-01-01
Pune,Watch,491.0,89306,43849246,2025-10-07
Hyderabad,Jeans,370.0,2099,776630,2025-04-23
Mysuru,Camera,61.0,893,54473,2025-05-12
Delhi,Laptop,450.0,28616,12877200,2025-07-02
Jaipur,Camera,358.0,37752,13515216,2025-02-03
Jaipur,Watch,321.0,80903,25969863,2025-02-08
Surat,Backpack,451.0,81158,36602258,2025-10-06
Jaipur,Backpack,178.0,98809,17588002,2025-04-12
Surat,Camera,175.0,19703,3448025,2025-01-12
Pune,Smartphone,18.0,8275,148950,2025-07-16
Lucknow,Camera,7.0,84926,594482,2025-01-13
Lucknow,Keyboard,483.0,72261,34902063,2025-01-03
Jaipur,Keyboard,368.0,58071,21370128,2025-08-09
Bengaluru,Jeans,357.0,32171,11485047,2025-08-17
Hyderabad,T-Shirt,349.0,16924,5906476,2025-12-07
Surat,Shoes,292.0,38376,11205792,2025-05-19
Bhopal,Backpack,442.0,29994,13257348,2025-01-01
Pune,Mouse,235.0,49911,11729085,2025-03-11
Kolkata,Laptop,112.0,21560,2414720,2025-11-12
Kochi,Laptop,38.0,65148,2475624,2025-04-13
Kolkata,Watch,67.0,51770,3468590,2025-03-10
Mumbai,Mouse,276.0,33893,9354468,2025-03-19
Bengaluru,Speaker,96.0,87203,8371488,2025-10-23
Patna,Headphones,113.0,29509,3334517,2025-05-11
Kochi,Smartphone,36.0,2496,89856,2025-12-26
Bengaluru,Camera,21.0,84799,1780779,2025-07-27
Surat,Laptop,183.0,32518,5950794,2025-01-21
Patna,Tablet,285.0,54764,15607740,2025-09-09
Chennai,Laptop,78.0,15789,1231542,2025-02-13
Pune,Mouse,113.0,18336,2071968,2025-10-01
Hyderabad,Monitor,348.0,44345,15432060,2025-08-11
Patna,Monitor,289.0,73439,21223871,2025-09-15
Kolkata,Printer,290.0,24888,7217520,2025-02-06
Lucknow,T-Shirt,304.0,56008,17026432,2025-05-06
Pune,Laptop,119.0,31992,3807048,2025-07-22
Patna,Monitor,92.0,1610,148120,2025-12-05
Ahmedabad,Backpack,182.0,68744,12511408,2025-03-03
Hyderabad,Mouse,238.0,3732,888216,2025-12-20
Delhi,Laptop,465.0,58816,27349440,2025-02-03
Patna,Backpack,432.0,21747,9394704,2025-04-23
Patna,Tablet,4.0,24215,96860,2025-04-14
Bhopal,Headphones,51.0,85308,4350708,2025-10-24
Surat,Headphones,35.0,46712,1634920,2025-09-26
Mumbai,Tablet,294.0,64572,18984168,2025-12-01
Surat,Backpack,290.0,12881,3735490,2025-07-04
Patna,Smartphone,258.0,57716,14890728,2025-04-18
Kolkata,Backpack,282.0,72668,20492376,2025-02-24
Lucknow,Monitor,161.0,75076,12087236,2025-12-15
Bhopal,Mouse,86.0,92771,7978306,2025-12-04
Pune,Tablet,265.0,6327,1676655,2025-12-02
Patna,Jeans,174.0,31476,5476824,2025-08-18
Patna,Jeans,359.0,79650,28594350,2025-04-03
Jaipur,Keyboard,312.0,20760,6477120,2025-09-19
Ahmedabad,Monitor,89.0,67224,5982936,2025-05-11
Mysuru,Watch,444.0,7501,3330444,2025-11-04
Jaipur,Headphones,87.0,95184,8281008,2025-08-06
Bengaluru,Laptop,91.0,72746,6619886,2025-04-20
Hyderabad,Tablet,66.0,82455,5442030,2025-04-05
Surat,Headphones,31.0,33525,1039275,2025-02-09
Hyderabad,Mouse,143.0,86330,12345190,2025-04-24
Delhi,Monitor,384.0,69299,26610816,2025-12-04
Mumbai,Keyboard,499.0,47673,23788827,2025-10-20
Bhopal,Shoes,359.0,1837,659483,2025-11-05
Bhopal,Speaker,377.0,2209,832793,2025-03-02
Surat,Shoes,26.0,36806,956956,2025-12-23
Delhi,Shoes,437.0,17696,7733152,2025-03-23
Ahmedabad,Mouse,184.0,17171,3159464,2025-12-04
Chennai,Backpack,368.0,25923,9539664,2025-01-25
Patna,Headphones,258.0,12760,3292080,2025-07-11
Mysuru,Laptop,209.0,33722,7047898,2025-07-07
Bengaluru,Speaker,423.0,8028,3395844,2025-06-23
Patna,Camera,119.0,58167,6921873,2025-08-15
Kolkata,Keyboard,463.0,77119,35706097,2025-02-20
Jaipur,Shoes,68.0,9811,667148,2025-11-01
Surat,Headphones,307.0,12251,3761057,2025-07-22
Mysuru,Printer,352.0,97794,34423488,2025-02-16
Hyderabad,Keyboard,443.0,80207,35531701,2025-01-28
Delhi,Camera,384.0,70084,26912256,2025-04-04
Patna,Laptop,135.0,32998,4454730,2025-12-18
Kochi,Watch,35.0,81776,2862160,2025-07-13
Delhi,Headphones,291.0,11137,3240867,2025-04-04
Pune,Mouse,8.0,66178,529424,2025-01-12
Pune,Tablet,454.0,48809,22159286,2025-07-27
Mysuru,Keyboard,236.0,99215,23414740,2025-01-13
Chennai,T-Shirt,202.0,20550,4151100,2025-02-19
Jaipur,Jeans,202.0,47954,9686708,2025-06-02
Bhopal,Tablet,96.0,33198,3187008,2025-05-25
Hyderabad,Speaker,329.0,89434,29423786,2025-12-06
Patna,Speaker,359.0,12222,4387698,2025-02-14
Bengaluru,Headphones,379.0,70504,26721016,2025-10-03
Mysuru,Laptop,479.0,61193,29311447,2025-10-28
Delhi,Smartphone,339.0,3879,1314981,2025-03-01
Hyderabad,Backpack,326.0,60135,19604010,2025-08-05
Delhi,T-Shirt,221.0,33531,7410351,2025-08-03
Kolkata,Speaker,152.0,3584,544768,2025-09-09
Ahmedabad,Speaker,446.0,70828,31589288,2025-03-24
Bengaluru,Headphones,99.0,55315,5476185,2025-09-23
Patna,Backpack,432.0,21747,9394704,2025-04-23
Kolkata,Keyboard,181.0,39116,7079996,2025-05-06
Mumbai,Headphones,99.0,4131,408969,2025-04-26
Mysuru,Speaker,261.0,4502,1175022,2025-02-18
Hyderabad,Monitor,315.0,14292,4501980,2025-04-08
Pune,Camera,471.0,11079,5218209,2025-05-08
Lucknow,Smartphone,215.0,86663,18632545,2025-10-19
Delhi,Backpack,385.0,52912,20371120,2025-09-24
Delhi,Laptop,465.0,58816,27349440,2025-02-03
Patna,Camera,488.0,94147,45943736,2025-06-17
Bengaluru,Smartphone,199.0,87056,17324144,2025-05-22
Bhopal,Printer,66.0,48939,3229974,2025-10-16
Bhopal,Shoes,249.0,24199,6025551,2025-09-28
Jaipur,Smartphone,194.0,5826,1130244,2025-07-09
Kochi,Speaker,352.0,30309,10668768,2025-07-08
Hyderabad,Laptop,473.0,15612,7384476,2025-09-22
Hyderabad,Smartphone,102.0,95604,9751608,2025-10-16
Kolkata,Laptop,470.0,63470,29830900,2025-11-23
Chennai,T-Shirt,450.0,45634,20535300,2025-05-05
Ahmedabad,Headphones,296.0,83390,24683440,2025-05-21
Bhopal,Headphones,275.0,27207,7481925,2025-02-21
Jaipur,Monitor,92.0,62963,5792596,2025-06-12
Surat,Headphones,212.0,73348,15549776,2025-12-23
Kolkata,Keyboard,218.0,28585,6231530,2025-09-08
Mysuru,Monitor,379.0,20449,7750171,2025-11-11
Lucknow,Speaker,447.0,19662,8788914,2025-12-24
Patna,Printer,258.0,87705,22627890,2025-09-05
Pune,Monitor,32.0,98883,3164256,2025-01-07
Ahmedabad,Backpack,263.0,82371,21663573,2025-06-12
Jaipur,Camera,173.0,56350,9748550,2025-08-15
Lucknow,Camera,208.0,9851,2049008,2025-02-06
Jaipur,Jeans,10.0,50634,506340,2025-12-12
Kochi,Headphones,23.0,56562,1300926,2025-08-28
Ahmedabad,Keyboard,89.0,80578,7171442,2025-08-09
Surat,Mouse,115.0,14684,1688660,2025-06-28
Delhi,Camera,359.0,79378,28496702,2025-02-25
Bengaluru,Smartphone,31.0,77528,2403368,2025-02-05
Bengaluru,Laptop,490.0,63921,31321290,2025-05-23
Lucknow,Camera,32.0,57514,1840448,2025-11-05
Surat,T-Shirt,132.0,39139,5166348,2025-06-01
Delhi,Jeans,55.0,16212,891660,2025-02-22
Lucknow,Printer,427.0,51845,22137815,2025-01-11
Delhi,Mouse,389.0,74274,28892586,2025-08-27
Pune,Camera,201.0,77439,15565239,2025-02-12
Jaipur,Backpack,178.0,98809,17588002,2025-04-12
Patna,Shoes,423.0,83116,35158068,2025-07-09
Bengaluru,Printer,188.0,61589,11578732,2025-11-12
Hyderabad,Headphones,113.0,34840,3936920,2025-12-06
Surat,Backpack,393.0,37781,14847933,2025-06-02
Chennai,Monitor,313.0,60136,18822568,2025-03-13
Kochi,Camera,12.0,54546,654552,2025-04-05
Mumbai,Speaker,26.0,85217,2215642,2025-04-04
Surat,Shoes,224.0,82558,18492992,2025-09-07
Jaipur,Smartphone,157.0,28032,4401024,2025-12-24
Surat,Laptop,358.0,87751,31414858,2025-11-05
Surat,Shoes,291.0,33573,9769743,2025-04-17
Mysuru,Mouse,337.0,57743,19459391,2025-03-03
Jaipur,T-Shirt,302.0,37108,11206616,2025-02-08
Pune,Mouse,238.0,27241,6483358,2025-06-20
Mysuru,Printer,460.0,44624,20527040,2025-10-20
Patna,Shoes,1.0,1353,1353,2025-11-28
Hyderabad,Mouse,411.0,57170,23496870,2025-12-26
Pune,Speaker,464.0,5350,2482400,2025-04-06
Kochi,Watch,370.0,97846,36203020,2025-06-12
Mumbai,Backpack,334.0,89075,29751050,2025-01-15
Lucknow,Shoes,457.0,78064,35675248,2025-03-19
Jaipur,Keyboard,301.0,97790,29434790,2025-12-05
Hyderabad,Monitor,332.0,55175,18318100,2025-08-04
Kolkata,Laptop,325.0,36325,11805625,2025-08-16
Mumbai,Laptop,46.0,46888,2156848,2025-09-03
Hyderabad,Mouse,175.0,6829,1195075,2025-10-17
Mumbai,Headphones,430.0,29732,12784760,2025-05-25
Bhopal,Tablet,100.0,63242,6324200,2025-11-12
Pune,Speaker,156.0,12895,2011620,2025-08-11
Patna,Printer,213.0,45048,9595224,2025-09-09
Pune,Smartphone,114.0,53758,6128412,2025-09-09
Jaipur,Tablet,280.0,84865,23762200,2025-02-26
Patna,Speaker,201.0,78860,15850860,2025-06-18
Mumbai,Printer,98.0,3580,350840,2025-01-01
Bhopal,Speaker,60.0,79619,4777140,2025-08-17
Delhi,T-Shirt,438.0,62759,27488442,2025-01-02
Chennai,Keyboard,395.0,91980,36332100,2025-07-07
Delhi,Headphones,176.0,21516,3786816,2025-09-27
Mumbai,Backpack,363.0,72785,26420955,2025-11-10
Jaipur,Watch,175.0,95495,16711625,2025-06-26
Chennai,Laptop,436.0,28242,12313512,2025-10-10
Chennai,Backpack,159.0,54064,8596176,2025-10-11
Chennai,T-Shirt,384.0,28008,10755072,2025-08-08
Mumbai,Watch,169.0,90667,15322723,2025-10-26
Ahmedabad,Jeans,321.0,86919,27900999,2025-04-09
Bhopal,Shoes,32.0,94157,3013024,2025-05-09
Kochi,Mouse,300.0,32301,9690300,2025-04-10
Delhi,Camera,127.0,81995,10413365,2025-11-09
Jaipur,Shoes,456.0,54109,24673704,2025-01-18
Bengaluru,T-Shirt,336.0,34931,11736816,2025-10-08
Ahmedabad,Mouse,246.0,28565,7026990,2025-02-06
Pune,Monitor,444.0,27563,12237972,2025-03-28
Hyderabad,T-Shirt,335.0,97845,32778075,2025-02-27
Bengaluru,Monitor,450.0,31210,14044500,2025-09-04
Ahmedabad,Keyboard,304.0,73288,22279552,2025-10-07
Mumbai,Monitor,207.0,99105,20514735,2025-01-10
Kolkata,Printer,345.0,41981,14483445,2025-12-06
Lucknow,T-Shirt,301.0,31863,9590763,2025-04-02
Patna,Jeans,92.0,24255,2231460,2025-01-21
Delhi,Jeans,290.0,95991,27837390,2025-08-11
Lucknow,Mouse,37.0,44177,1634549,2025-03-23
Delhi,Headphones,212.0,79474,16848488,2025-12-24
Mysuru,Shoes,293.0,68802,20158986,2025-03-22
Chennai,Laptop,61.0,3643,222223,2025-08-21
Hyderabad,Printer,304.0,16678,5070112,2025-01-16
Pune,Speaker,97.0,910,88270,2025-11-27
Ahmedabad,Watch,50.0,29195,1459750,2025-02-25
Jaipur,Camera,145.0,13676,1983020,2025-04-10
Jaipur,Laptop,499.0,12888,6431112,2025-07-09
Jaipur,Laptop,383.0,41604,15934332,2025-01-02
Delhi,Watch,64.0,81277,5201728,2025-02-14
Hyderabad,Camera,210.0,38966,8182860,2025-10-27
Hyderabad,Monitor,450.0,73945,33275250,2025-06-12
Mysuru,Smartphone,124.0,37568,4658432,2025-05-26
Delhi,Jeans,106.0,27624,2928144,2025-01-19
Bhopal,Keyboard,185.0,27541,5095085,2025-12-03
Patna,Monitor,348.0,40417,14065116,2025-07-23
Pune,Smartphone,401.0,55168,22122368,2025-05-23
Patna,Monitor,422.0,32213,13593886,2025-06-28
Hyderabad,Printer,275.0,56017,15404675,2025-10-12
Hyderabad,Headphones,102.0,46280,4720560,2025-07-16
Kolkata,Speaker,420.0,6480,2721600,2025-05-15
Lucknow,Laptop,195.0,64136,12506520,2025-01-02
Kochi,Laptop,442.0,94613,41818946,2025-08-20
Bengaluru,Tablet,425.0,44285,18821125,2025-08-21
Chennai,Mouse,492.0,87694,43145448,2025-05-04
Mumbai,Backpack,283.0,4612,1305196,2025-03-28
Bengaluru,Headphones,15.0,62200,933000,2025-11-02
Lucknow,Jeans,495.0,28591,14152545,2025-04-21
Mumbai,Watch,395.0,61242,24190590,2025-03-16
Bhopal,Watch,284.0,17183,4879972,2025-04-14
Patna,Shoes,214.0,64791,13865274,2025-01-10
Mumbai,Monitor,112.0,54383,6090896,2025-05-25
Ahmedabad,Speaker,397.0,19981,7932457,2025-06-13
Chennai,Backpack,-50.0,INVALID,ERROR,2025-13-45
Bhopal,Camera,-8.0,INVALID,ERROR,2025-13-45
Hyderabad,Headphones,-25.0,INVALID,ERROR,2025-13-45
Mumbai,Monitor,-19.0,INVALID,ERROR,2025-13-45
Bengaluru,Speaker,-17.0,INVALID,ERROR,2025-13-45
Surat,Tablet,-38.0,INVALID,ERROR,2025-13-45
Chennai,Shoes,-11.0,INVALID,ERROR,2025-13-45
Pune,Printer,-8.0,INVALID,ERROR,2025-13-45
Hyderabad,Jeans,-21.0,INVALID,ERROR,2025-13-45
Mysuru,Watch,-14.0,INVALID,ERROR,2025-13-45
Bhopal,Jeans,-4.0,INVALID,ERROR,2025-13-45
Ahmedabad,Camera,-27.0,INVALID,ERROR,2025-13-45
Chennai,Speaker,-50.0,INVALID,ERROR,2025-13-45
Ahmedabad,Shoes,-7.0,INVALID,ERROR,2025-13-45
Mysuru,Speaker,-2.0,INVALID,ERROR,2025-13-45
Bengaluru,Tablet,-42.0,INVALID,ERROR,2025-13-45
Surat,T-Shirt,-8.0,INVALID,ERROR,2025-13-45
Ahmedabad,Tablet,-23.0,INVALID,ERROR,2025-13-45
Mysuru,Headphones,-10.0,INVALID,ERROR,2025-13-45
Mysuru,Smartphone,-6.0,INVALID,ERROR,2025-13-45
Kolkata,T-Shirt,-36.0,INVALID,ERROR,2025-13-45
Ahmedabad,Smartphone,-36.0,INVALID,ERROR,2025-13-45
Hyderabad,Backpack,-11.0,INVALID,ERROR,2025-13-45
Chennai,Backpack,-43.0,INVALID,ERROR,2025-13-45
Hyderabad,T-Shirt,-12.0,INVALID,ERROR,2025-13-45
Pune,Monitor,-33.0,INVALID,ERROR,2025-13-45
Patna,Mouse,-17.0,INVALID,ERROR,2025-13-45
Hyderabad,Printer,-44.0,INVALID,ERROR,2025-13-45
Surat,Monitor,-44.0,INVALID,ERROR,2025-13-45
Ahmedabad,Laptop,-8.0,INVALID,ERROR,2025-13-45
Ahmedabad,Shoes,-42.0,INVALID,ERROR,2025-13-45
Delhi,Printer,-42.0,INVALID,ERROR,2025-13-45
Mysuru,Printer,-44.0,INVALID,ERROR,2025-13-45
Bengaluru,T-Shirt,-34.0,INVALID,ERROR,2025-13-45
Pune,Jeans,-22.0,INVALID,ERROR,2025-13-45
Mysuru,T-Shirt,-10.0,INVALID,ERROR,2025-13-45
Chennai,Monitor,-29.0,INVALID,ERROR,2025-13-45
Ahmedabad,Mouse,-9.0,INVALID,ERROR,2025-13-45
Lucknow,Keyboard,-26.0,INVALID,ERROR,2025-13-45
Surat,Backpack,-27.0,INVALID,ERROR,2025-13-45
Chennai,Shoes,-30.0,INVALID,ERROR,2025-13-45
Bengaluru,Smartphone,-18.0,INVALID,ERROR,2025-13-45
Mysuru,Laptop,-42.0,INVALID,ERROR,2025-13-45
Kochi,Laptop,-49.0,INVALID,ERROR,2025-13-45
Surat,T-Shirt,-23.0,INVALID,ERROR,2025-13-45
Kochi,Headphones,-29.0,INVALID,ERROR,2025-13-45
Mysuru,Tablet,-5.0,INVALID,ERROR,2025-13-45
Bengaluru,Monitor,-24.0,INVALID,ERROR,2025-13-45
Kolkata,Speaker,-34.0,INVALID,ERROR,2025-13-45
Surat,Laptop,-3.0,INVALID,ERROR,2025-13-45
Bengaluru,Monitor,-10.0,INVALID,ERROR,2025-13-45
Ahmedabad,Printer,-44.0,INVALID,ERROR,2025-13-45
Delhi,T-Shirt,-9.0,INVALID,ERROR,2025-13-45
Mumbai,Watch,-12.0,INVALID,ERROR,2025-13-45
Kolkata,Mouse,-43.0,INVALID,ERROR,2025-13-45
Kochi,Shoes,-8.0,INVALID,ERROR,2025-13-45
Pune,Laptop,-39.0,INVALID,ERROR,2025-13-45
Hyderabad,Shoes,-37.0,INVALID,ERROR,2025-13-45
Bhopal,Jeans,-8.0,INVALID,ERROR,2025-13-45
Patna,Monitor,-14.0,INVALID,ERROR,2025-13-45
Patna,Keyboard,-34.0,INVALID,ERROR,2025-13-45
Patna,Speaker,-45.0,INVALID,ERROR,2025-13-45
Mumbai,Mouse,-11.0,INVALID,ERROR,2025-13-45
Mysuru,Laptop,-13.0,INVALID,ERROR,2025-13-45
Mumbai,Shoes,-25.0,INVALID,ERROR,2025-13-45
Lucknow,Backpack,-23.0,INVALID,ERROR,2025-13-45
Bhopal,Headphones,-34.0,INVALID,ERROR,2025-13-45
Patna,Keyboard,-12.0,INVALID,ERROR,2025-13-45
Mysuru,T-Shirt,-2.0,INVALID,ERROR,2025-13-45
Lucknow,Speaker,-12.0,INVALID,ERROR,2025-13-45
Lucknow,T-Shirt,-41.0,INVALID,ERROR,2025-13-45
Kochi,Mouse,-16.0,INVALID,ERROR,2025-13-45
Kolkata,Headphones,-47.0,INVALID,ERROR,2025-13-45
Kolkata,Camera,-23.0,INVALID,ERROR,2025-13-45
Kochi,Monitor,-43.0,INVALID,ERROR,2025-13-45
Surat,Shoes,-16.0,INVALID,ERROR,2025-13-45
Delhi,Headphones,-10.0,INVALID,ERROR,2025-13-45
Surat,T-Shirt,-50.0,INVALID,ERROR,2025-13-45
Kochi,Mouse,-15.0,INVALID,ERROR,2025-13-45
Bhopal,Camera,-13.0,INVALID,ERROR,2025-13-45
Mysuru,Tablet,78.0,2955,1746,2025/99/99
Kolkata,Printer,61.0,3738,410919,2025/99/99
Chennai,Headphones,30.0,7034,224777,32-01-2025
Jaipur,Backpack,5.0,7792,209192,32-01-2025
Mysuru,Laptop,71.0,7622,24887,Not_A_Date
Delhi,Keyboard,78.0,8256,414092,32-01-2025
Patna,Tablet,21.0,3375,200823,32-01-2025
Mumbai,Laptop,63.0,2142,82773,2025/99/99
Mumbai,Backpack,83.0,9170,117528,Not_A_Date
Surat,Tablet,81.0,3096,371192,32-01-2025
Kochi,Mouse,86.0,7222,484940,Not_A_Date
Patna,Watch,69.0,4331,409604,2025/99/99
Ahmedabad,Shoes,42.0,7351,396182,2025/99/99
Delhi,Headphones,27.0,3650,363205,32-01-2025
Delhi,Headphones,92.0,8428,9853,Not_A_Date
Mumbai,Jeans,78.0,4884,134041,32-01-2025
Kolkata,Tablet,86.0,9374,81888,Not_A_Date
Kochi,Speaker,88.0,3116,94657,Not_A_Date
Kolkata,Keyboard,8.0,6277,96965,Not_A_Date
Kolkata,Shoes,48.0,907,472973,2025/99/99
Chennai,Printer,82.0,7944,454243,32-01-2025
Mumbai,Printer,83.0,1979,279697,32-01-2025
Hyderabad,Keyboard,88.0,8157,145587,32-01-2025
Kochi,Shoes,1.0,8055,351749,2025/99/99
Chennai,Printer,72.0,5095,405839,32-01-2025
Surat,Tablet,42.0,2532,8105,Not_A_Date
Mumbai,Shoes,100.0,6413,92496,2025/99/99
Surat,Laptop,66.0,4799,349111,2025/99/99
Chennai,Camera,93.0,7858,345379,2025/99/99
Pune,Smartphone,41.0,4635,415582,2025/99/99
Bengaluru,Backpack,41.0,4219,299150,32-01-2025
Patna,Headphones,81.0,1202,194088,32-01-2025
Pune,T-Shirt,35.0,1279,41628,Not_A_Date
Patna,Monitor,87.0,5706,173987,2025/99/99
Hyderabad,Laptop,73.0,1596,303111,Not_A_Date
Pune,Camera,28.0,9781,169317,2025/99/99
Jaipur,Mouse,46.0,3128,32561,2025/99/99
Patna,Laptop,18.0,397,133970,32-01-2025
Pune,Headphones,86.0,344,38287,Not_A_Date
Kochi,Speaker,64.0,1674,72279,Not_A_Date
Surat,Smartphone,20.0,5137,39425,32-01-2025
Lucknow,Shoes,97.0,7145,475971,Not_A_Date
Pune,Mouse,69.0,9382,340353,2025/99/99
Pune,Laptop,73.0,8672,249809,32-01-2025
Mumbai,Headphones,55.0,8137,469292,2025/99/99
Chennai,Smartphone,78.0,3137,70128,2025/99/99
Surat,Keyboard,87.0,563,242372,2025/99/99
Bhopal,Camera,68.0,8861,326917,2025/99/99
Surat,Tablet,54.0,5873,125377,Not_A_Date
Mysuru,Shoes,81.0,9466,472916,Not_A_Date
Bhopal,Watch,26.0,1988,316945,32-01-2025
Surat,Jeans,49.0,5487,162882,32-01-2025
Bengaluru,Tablet,87.0,9573,334936,2025/99/99
Delhi,Shoes,16.0,2471,24949,32-01-2025
Mumbai,Camera,9.0,5866,442536,32-01-2025
Patna,Backpack,63.0,6295,143757,2025/99/99
Lucknow,Speaker,59.0,4754,252625,32-01-2025
Bhopal,Laptop,1.0,2398,221654,Not_A_Date
Ahmedabad,Keyboard,40.0,5165,286608,Not_A_Date
Patna,Keyboard,64.0,6668,157103,Not_A_Date
Ahmedabad,Camera,58.0,5171,464897,32-01-2025
Pune,Printer,26.0,6418,467892,2025/99/99
Pune,T-Shirt,5.0,4309,450787,2025/99/99
Bengaluru,Laptop,53.0,4102,186075,2025/99/99
Bhopal,Shoes,61.0,3363,20731,Not_A_Date
Bhopal,Keyboard,35.0,9357,224674,Not_A_Date
Delhi,Mouse,57.0,1395,58624,Not_A_Date
Lucknow,Speaker,46.0,2350,299482,Not_A_Date
Pune,Shoes,42.0,3473,26976,Not_A_Date
Kolkata,Camera,60.0,230,94976,2025/99/99
,Backpack,,,,
,Smartphone,,,,
,Headphones,,,,
,Tablet,,,,
,Headphones,,,,
,Mouse,,,,
,Keyboard,,,,
,Speaker,,,,
,Shoes,,,,
,Keyboard,,,,
,Watch,,,,
,Shoes,,,,
,Smartphone,,,,
,Printer,,,,
,Backpack,,,,
,Camera,,,,
,Watch,,,,
,Monitor,,,,
,Tablet,,,,
,Camera,,,,
,Printer,,,,
,Tablet,,,,
,Printer,,,,
,Camera,,,,
,Jeans,,,,
,Backpack,,,,
,Camera,,,,
,Keyboard,,,,
,Backpack,,,,
,Monitor,,,,
,Watch,,,,
,Keyboard,,,,
,Speaker,,,,
,Keyboard,,,,
,Shoes,,,,
,Watch,,,,
,Backpack,,,,
,Jeans,,,,
,Watch,,,,
,Printer,,,,
,Monitor,,,,
,Monitor,,,,
,Watch,,,,
,T-Shirt,,,,
,Shoes,,,,
,Watch,,,,
,T-Shirt,,,,
,Watch,,,,
,Jeans,,,,
,Smartphone,,,,
,Jeans,,,,
,Monitor,,,,
,Watch,,,,
,Camera,,,,
,Smartphone,,,,
,Keyboard,,,,
,Camera,,,,
,Monitor,,,,
,Camera,,,,
,Camera,,,,
